ISO-10303-21;
HEADER;
FILE_DESCRIPTION(('FreeCAD Model'),'2;1');
FILE_NAME('Open CASCADE Shape Model','2026-07-28T12:24:25',('Author'),(
    ''),'Open CASCADE STEP processor 7.8','FreeCAD','Unknown');
FILE_SCHEMA(('AUTOMOTIVE_DESIGN { 1 0 10303 214 1 1 1 1 }'));
ENDSEC;
DATA;
#1 = APPLICATION_PROTOCOL_DEFINITION('international standard',
  'automotive_design',2000,#2);
#2 = APPLICATION_CONTEXT(
  'core data for automotive mechanical design processes');
#3 = SHAPE_DEFINITION_REPRESENTATION(#4,#10);
#4 = PRODUCT_DEFINITION_SHAPE('','',#5);
#5 = PRODUCT_DEFINITION('design','',#6,#9);
#6 = PRODUCT_DEFINITION_FORMATION('','',#7);
#7 = PRODUCT('HDA1_P2_Master','HDA1_P2_Master','',(#8));
#8 = PRODUCT_CONTEXT('',#2,'mechanical');
#9 = PRODUCT_DEFINITION_CONTEXT('part definition',#2,'design');
#10 = SHAPE_REPRESENTATION('',(#11,#15,#19,#23,#27,#31,#35,#39,#43,#47,
    #51,#55,#59,#63),#67);
#11 = AXIS2_PLACEMENT_3D('',#12,#13,#14);
#12 = CARTESIAN_POINT('',(0.,0.,0.));
#13 = DIRECTION('',(0.,0.,1.));
#14 = DIRECTION('',(1.,0.,-0.));
#15 = AXIS2_PLACEMENT_3D('',#16,#17,#18);
#16 = CARTESIAN_POINT('',(0.,0.,0.));
#17 = DIRECTION('',(0.,0.,1.));
#18 = DIRECTION('',(1.,0.,0.));
#19 = AXIS2_PLACEMENT_3D('',#20,#21,#22);
#20 = CARTESIAN_POINT('',(0.,0.,0.));
#21 = DIRECTION('',(0.,0.,1.));
#22 = DIRECTION('',(1.,0.,0.));
#23 = AXIS2_PLACEMENT_3D('',#24,#25,#26);
#24 = CARTESIAN_POINT('',(0.,0.,0.));
#25 = DIRECTION('',(0.,0.,1.));
#26 = DIRECTION('',(1.,0.,0.));
#27 = AXIS2_PLACEMENT_3D('',#28,#29,#30);
#28 = CARTESIAN_POINT('',(0.,0.,0.));
#29 = DIRECTION('',(0.,0.,1.));
#30 = DIRECTION('',(1.,0.,0.));
#31 = AXIS2_PLACEMENT_3D('',#32,#33,#34);
#32 = CARTESIAN_POINT('',(0.,0.,0.));
#33 = DIRECTION('',(0.,0.,1.));
#34 = DIRECTION('',(1.,0.,0.));
#35 = AXIS2_PLACEMENT_3D('',#36,#37,#38);
#36 = CARTESIAN_POINT('',(0.,0.,0.));
#37 = DIRECTION('',(0.,0.,1.));
#38 = DIRECTION('',(1.,0.,0.));
#39 = AXIS2_PLACEMENT_3D('',#40,#41,#42);
#40 = CARTESIAN_POINT('',(0.,0.,0.));
#41 = DIRECTION('',(0.,0.,1.));
#42 = DIRECTION('',(1.,0.,0.));
#43 = AXIS2_PLACEMENT_3D('',#44,#45,#46);
#44 = CARTESIAN_POINT('',(0.,0.,0.));
#45 = DIRECTION('',(0.,0.,1.));
#46 = DIRECTION('',(1.,0.,0.));
#47 = AXIS2_PLACEMENT_3D('',#48,#49,#50);
#48 = CARTESIAN_POINT('',(0.,0.,0.));
#49 = DIRECTION('',(0.,0.,1.));
#50 = DIRECTION('',(1.,0.,0.));
#51 = AXIS2_PLACEMENT_3D('',#52,#53,#54);
#52 = CARTESIAN_POINT('',(0.,0.,0.));
#53 = DIRECTION('',(0.,0.,1.));
#54 = DIRECTION('',(1.,0.,0.));
#55 = AXIS2_PLACEMENT_3D('',#56,#57,#58);
#56 = CARTESIAN_POINT('',(0.,0.,0.));
#57 = DIRECTION('',(0.,0.,1.));
#58 = DIRECTION('',(1.,0.,0.));
#59 = AXIS2_PLACEMENT_3D('',#60,#61,#62);
#60 = CARTESIAN_POINT('',(0.,0.,0.));
#61 = DIRECTION('',(0.,0.,1.));
#62 = DIRECTION('',(1.,0.,0.));
#63 = AXIS2_PLACEMENT_3D('',#64,#65,#66);
#64 = CARTESIAN_POINT('',(0.,0.,0.));
#65 = DIRECTION('',(0.,0.,1.));
#66 = DIRECTION('',(1.,0.,0.));
#67 = ( GEOMETRIC_REPRESENTATION_CONTEXT(3) 
GLOBAL_UNCERTAINTY_ASSIGNED_CONTEXT((#71)) GLOBAL_UNIT_ASSIGNED_CONTEXT(
(#68,#69,#70)) REPRESENTATION_CONTEXT('Context #1',
  '3D Context with UNIT and UNCERTAINTY') );
#68 = ( LENGTH_UNIT() NAMED_UNIT(*) SI_UNIT(.MILLI.,.METRE.) );
#69 = ( NAMED_UNIT(*) PLANE_ANGLE_UNIT() SI_UNIT($,.RADIAN.) );
#70 = ( NAMED_UNIT(*) SI_UNIT($,.STERADIAN.) SOLID_ANGLE_UNIT() );
#71 = UNCERTAINTY_MEASURE_WITH_UNIT(LENGTH_MEASURE(5.E-06),#68,
  'distance_accuracy_value','confusion accuracy');
#72 = PRODUCT_RELATED_PRODUCT_CATEGORY('part',$,(#7));
#73 = SHAPE_DEFINITION_REPRESENTATION(#74,#80);
#74 = PRODUCT_DEFINITION_SHAPE('','',#75);
#75 = PRODUCT_DEFINITION('design','',#76,#79);
#76 = PRODUCT_DEFINITION_FORMATION('','',#77);
#77 = PRODUCT('02 — Нижнее закрытие камеры',
  '02 — Нижнее закрытие камеры','',(#78));
#78 = PRODUCT_CONTEXT('',#2,'mechanical');
#79 = PRODUCT_DEFINITION_CONTEXT('part definition',#2,'design');
#80 = ADVANCED_BREP_SHAPE_REPRESENTATION('',(#11,#81),#134);
#81 = MANIFOLD_SOLID_BREP('',#82);
#82 = CLOSED_SHELL('',(#83,#116,#125));
#83 = ADVANCED_FACE('',(#84),#111,.T.);
#84 = FACE_BOUND('',#85,.T.);
#85 = EDGE_LOOP('',(#86,#95,#103,#110));
#86 = ORIENTED_EDGE('',*,*,#87,.F.);
#87 = EDGE_CURVE('',#88,#88,#90,.T.);
#88 = VERTEX_POINT('',#89);
#89 = CARTESIAN_POINT('',(107.5,-2.632990618167E-14,3.));
#90 = CIRCLE('',#91,107.5);
#91 = AXIS2_PLACEMENT_3D('',#92,#93,#94);
#92 = CARTESIAN_POINT('',(0.,0.,3.));
#93 = DIRECTION('',(0.,0.,1.));
#94 = DIRECTION('',(1.,0.,-0.));
#95 = ORIENTED_EDGE('',*,*,#96,.F.);
#96 = EDGE_CURVE('',#97,#88,#99,.T.);
#97 = VERTEX_POINT('',#98);
#98 = CARTESIAN_POINT('',(107.5,-2.632990618167E-14,0.));
#99 = LINE('',#100,#101);
#100 = CARTESIAN_POINT('',(107.5,-2.632990618167E-14,0.));
#101 = VECTOR('',#102,1.);
#102 = DIRECTION('',(0.,0.,1.));
#103 = ORIENTED_EDGE('',*,*,#104,.T.);
#104 = EDGE_CURVE('',#97,#97,#105,.T.);
#105 = CIRCLE('',#106,107.5);
#106 = AXIS2_PLACEMENT_3D('',#107,#108,#109);
#107 = CARTESIAN_POINT('',(0.,0.,0.));
#108 = DIRECTION('',(0.,0.,1.));
#109 = DIRECTION('',(1.,0.,-0.));
#110 = ORIENTED_EDGE('',*,*,#96,.T.);
#111 = CYLINDRICAL_SURFACE('',#112,107.5);
#112 = AXIS2_PLACEMENT_3D('',#113,#114,#115);
#113 = CARTESIAN_POINT('',(0.,0.,0.));
#114 = DIRECTION('',(0.,0.,1.));
#115 = DIRECTION('',(1.,0.,-0.));
#116 = ADVANCED_FACE('',(#117),#120,.T.);
#117 = FACE_BOUND('',#118,.T.);
#118 = EDGE_LOOP('',(#119));
#119 = ORIENTED_EDGE('',*,*,#87,.T.);
#120 = PLANE('',#121);
#121 = AXIS2_PLACEMENT_3D('',#122,#123,#124);
#122 = CARTESIAN_POINT('',(0.,0.,3.));
#123 = DIRECTION('',(0.,0.,1.));
#124 = DIRECTION('',(1.,0.,-0.));
#125 = ADVANCED_FACE('',(#126),#129,.F.);
#126 = FACE_BOUND('',#127,.T.);
#127 = EDGE_LOOP('',(#128));
#128 = ORIENTED_EDGE('',*,*,#104,.F.);
#129 = PLANE('',#130);
#130 = AXIS2_PLACEMENT_3D('',#131,#132,#133);
#131 = CARTESIAN_POINT('',(0.,0.,0.));
#132 = DIRECTION('',(0.,0.,1.));
#133 = DIRECTION('',(1.,0.,-0.));
#134 = ( GEOMETRIC_REPRESENTATION_CONTEXT(3) 
GLOBAL_UNCERTAINTY_ASSIGNED_CONTEXT((#138)) GLOBAL_UNIT_ASSIGNED_CONTEXT
((#135,#136,#137)) REPRESENTATION_CONTEXT('Context #1',
  '3D Context with UNIT and UNCERTAINTY') );
#135 = ( LENGTH_UNIT() NAMED_UNIT(*) SI_UNIT(.MILLI.,.METRE.) );
#136 = ( NAMED_UNIT(*) PLANE_ANGLE_UNIT() SI_UNIT($,.RADIAN.) );
#137 = ( NAMED_UNIT(*) SI_UNIT($,.STERADIAN.) SOLID_ANGLE_UNIT() );
#138 = UNCERTAINTY_MEASURE_WITH_UNIT(LENGTH_MEASURE(1.E-07),#135,
  'distance_accuracy_value','confusion accuracy');
#139 = CONTEXT_DEPENDENT_SHAPE_REPRESENTATION(#140,#142);
#140 = ( REPRESENTATION_RELATIONSHIP('','',#80,#10) 
REPRESENTATION_RELATIONSHIP_WITH_TRANSFORMATION(#141) 
SHAPE_REPRESENTATION_RELATIONSHIP() );
#141 = ITEM_DEFINED_TRANSFORMATION('','',#11,#15);
#142 = PRODUCT_DEFINITION_SHAPE('Placement','Placement of an item',#143
  );
#143 = NEXT_ASSEMBLY_USAGE_OCCURRENCE('1',
  '02 — Нижнее закрытие камеры','',#5,#75,$);
#144 = PRODUCT_RELATED_PRODUCT_CATEGORY('part',$,(#77));
#145 = SHAPE_DEFINITION_REPRESENTATION(#146,#152);
#146 = PRODUCT_DEFINITION_SHAPE('','',#147);
#147 = PRODUCT_DEFINITION('design','',#148,#151);
#148 = PRODUCT_DEFINITION_FORMATION('','',#149);
#149 = PRODUCT(
  '03 — Съёмная форма Ø150 × 95, цельное дно',
  '03 — Съёмная форма Ø150 × 95, цельное дно',
  '',(#150));
#150 = PRODUCT_CONTEXT('',#2,'mechanical');
#151 = PRODUCT_DEFINITION_CONTEXT('part definition',#2,'design');
#152 = ADVANCED_BREP_SHAPE_REPRESENTATION('',(#11,#153),#251);
#153 = MANIFOLD_SOLID_BREP('',#154);
#154 = CLOSED_SHELL('',(#155,#188,#208,#217,#242));
#155 = ADVANCED_FACE('',(#156),#183,.T.);
#156 = FACE_BOUND('',#157,.T.);
#157 = EDGE_LOOP('',(#158,#167,#175,#182));
#158 = ORIENTED_EDGE('',*,*,#159,.F.);
#159 = EDGE_CURVE('',#160,#160,#162,.T.);
#160 = VERTEX_POINT('',#161);
#161 = CARTESIAN_POINT('',(77.,-1.885956070687E-14,100.));
#162 = CIRCLE('',#163,77.);
#163 = AXIS2_PLACEMENT_3D('',#164,#165,#166);
#164 = CARTESIAN_POINT('',(0.,0.,100.));
#165 = DIRECTION('',(0.,0.,1.));
#166 = DIRECTION('',(1.,0.,-0.));
#167 = ORIENTED_EDGE('',*,*,#168,.F.);
#168 = EDGE_CURVE('',#169,#160,#171,.T.);
#169 = VERTEX_POINT('',#170);
#170 = CARTESIAN_POINT('',(77.,-1.885956070687E-14,5.));
#171 = LINE('',#172,#173);
#172 = CARTESIAN_POINT('',(77.,-1.885956070687E-14,5.));
#173 = VECTOR('',#174,1.);
#174 = DIRECTION('',(0.,0.,1.));
#175 = ORIENTED_EDGE('',*,*,#176,.T.);
#176 = EDGE_CURVE('',#169,#169,#177,.T.);
#177 = CIRCLE('',#178,77.);
#178 = AXIS2_PLACEMENT_3D('',#179,#180,#181);
#179 = CARTESIAN_POINT('',(0.,0.,5.));
#180 = DIRECTION('',(0.,0.,1.));
#181 = DIRECTION('',(1.,0.,-0.));
#182 = ORIENTED_EDGE('',*,*,#168,.T.);
#183 = CYLINDRICAL_SURFACE('',#184,77.);
#184 = AXIS2_PLACEMENT_3D('',#185,#186,#187);
#185 = CARTESIAN_POINT('',(0.,0.,5.));
#186 = DIRECTION('',(0.,0.,1.));
#187 = DIRECTION('',(1.,0.,-0.));
#188 = ADVANCED_FACE('',(#189,#192),#203,.T.);
#189 = FACE_BOUND('',#190,.T.);
#190 = EDGE_LOOP('',(#191));
#191 = ORIENTED_EDGE('',*,*,#159,.T.);
#192 = FACE_BOUND('',#193,.T.);
#193 = EDGE_LOOP('',(#194));
#194 = ORIENTED_EDGE('',*,*,#195,.F.);
#195 = EDGE_CURVE('',#196,#196,#198,.T.);
#196 = VERTEX_POINT('',#197);
#197 = CARTESIAN_POINT('',(75.,-1.836970198721E-14,100.));
#198 = CIRCLE('',#199,75.);
#199 = AXIS2_PLACEMENT_3D('',#200,#201,#202);
#200 = CARTESIAN_POINT('',(0.,0.,100.));
#201 = DIRECTION('',(0.,0.,1.));
#202 = DIRECTION('',(1.,0.,-0.));
#203 = PLANE('',#204);
#204 = AXIS2_PLACEMENT_3D('',#205,#206,#207);
#205 = CARTESIAN_POINT('',(0.,0.,100.));
#206 = DIRECTION('',(0.,0.,1.));
#207 = DIRECTION('',(1.,0.,-0.));
#208 = ADVANCED_FACE('',(#209),#212,.F.);
#209 = FACE_BOUND('',#210,.T.);
#210 = EDGE_LOOP('',(#211));
#211 = ORIENTED_EDGE('',*,*,#176,.F.);
#212 = PLANE('',#213);
#213 = AXIS2_PLACEMENT_3D('',#214,#215,#216);
#214 = CARTESIAN_POINT('',(0.,0.,5.));
#215 = DIRECTION('',(0.,0.,1.));
#216 = DIRECTION('',(1.,0.,-0.));
#217 = ADVANCED_FACE('',(#218),#237,.F.);
#218 = FACE_BOUND('',#219,.F.);
#219 = EDGE_LOOP('',(#220,#221,#229,#236));
#220 = ORIENTED_EDGE('',*,*,#195,.F.);
#221 = ORIENTED_EDGE('',*,*,#222,.F.);
#222 = EDGE_CURVE('',#223,#196,#225,.T.);
#223 = VERTEX_POINT('',#224);
#224 = CARTESIAN_POINT('',(75.,-1.836970198721E-14,8.));
#225 = LINE('',#226,#227);
#226 = CARTESIAN_POINT('',(75.,-1.836970198721E-14,8.));
#227 = VECTOR('',#228,1.);
#228 = DIRECTION('',(0.,0.,1.));
#229 = ORIENTED_EDGE('',*,*,#230,.T.);
#230 = EDGE_CURVE('',#223,#223,#231,.T.);
#231 = CIRCLE('',#232,75.);
#232 = AXIS2_PLACEMENT_3D('',#233,#234,#235);
#233 = CARTESIAN_POINT('',(0.,0.,8.));
#234 = DIRECTION('',(0.,0.,1.));
#235 = DIRECTION('',(1.,0.,-0.));
#236 = ORIENTED_EDGE('',*,*,#222,.T.);
#237 = CYLINDRICAL_SURFACE('',#238,75.);
#238 = AXIS2_PLACEMENT_3D('',#239,#240,#241);
#239 = CARTESIAN_POINT('',(0.,0.,8.));
#240 = DIRECTION('',(0.,0.,1.));
#241 = DIRECTION('',(1.,0.,-0.));
#242 = ADVANCED_FACE('',(#243),#246,.T.);
#243 = FACE_BOUND('',#244,.F.);
#244 = EDGE_LOOP('',(#245));
#245 = ORIENTED_EDGE('',*,*,#230,.F.);
#246 = PLANE('',#247);
#247 = AXIS2_PLACEMENT_3D('',#248,#249,#250);
#248 = CARTESIAN_POINT('',(0.,0.,8.));
#249 = DIRECTION('',(0.,0.,1.));
#250 = DIRECTION('',(1.,0.,-0.));
#251 = ( GEOMETRIC_REPRESENTATION_CONTEXT(3) 
GLOBAL_UNCERTAINTY_ASSIGNED_CONTEXT((#255)) GLOBAL_UNIT_ASSIGNED_CONTEXT
((#252,#253,#254)) REPRESENTATION_CONTEXT('Context #1',
  '3D Context with UNIT and UNCERTAINTY') );
#252 = ( LENGTH_UNIT() NAMED_UNIT(*) SI_UNIT(.MILLI.,.METRE.) );
#253 = ( NAMED_UNIT(*) PLANE_ANGLE_UNIT() SI_UNIT($,.RADIAN.) );
#254 = ( NAMED_UNIT(*) SI_UNIT($,.STERADIAN.) SOLID_ANGLE_UNIT() );
#255 = UNCERTAINTY_MEASURE_WITH_UNIT(LENGTH_MEASURE(1.E-07),#252,
  'distance_accuracy_value','confusion accuracy');
#256 = CONTEXT_DEPENDENT_SHAPE_REPRESENTATION(#257,#259);
#257 = ( REPRESENTATION_RELATIONSHIP('','',#152,#10) 
REPRESENTATION_RELATIONSHIP_WITH_TRANSFORMATION(#258) 
SHAPE_REPRESENTATION_RELATIONSHIP() );
#258 = ITEM_DEFINED_TRANSFORMATION('','',#11,#19);
#259 = PRODUCT_DEFINITION_SHAPE('Placement','Placement of an item',#260
  );
#260 = NEXT_ASSEMBLY_USAGE_OCCURRENCE('2',
  '03 — Съёмная форма Ø150 × 95, цельное дно',
  '',#5,#147,$);
#261 = PRODUCT_RELATED_PRODUCT_CATEGORY('part',$,(#149));
#262 = SHAPE_DEFINITION_REPRESENTATION(#263,#269);
#263 = PRODUCT_DEFINITION_SHAPE('','',#264);
#264 = PRODUCT_DEFINITION('design','',#265,#268);
#265 = PRODUCT_DEFINITION_FORMATION('','',#266);
#266 = PRODUCT(
'04 — Крышка с верхней приводной 
головкой',
'04 — Крышка с верхней приводной 
головкой','',(#267));
#267 = PRODUCT_CONTEXT('',#2,'mechanical');
#268 = PRODUCT_DEFINITION_CONTEXT('part definition',#2,'design');
#269 = ADVANCED_BREP_SHAPE_REPRESENTATION('',(#11,#270),#362);
#270 = MANIFOLD_SOLID_BREP('',#271);
#271 = CLOSED_SHELL('',(#272,#305,#325,#345));
#272 = ADVANCED_FACE('',(#273),#300,.T.);
#273 = FACE_BOUND('',#274,.T.);
#274 = EDGE_LOOP('',(#275,#284,#292,#299));
#275 = ORIENTED_EDGE('',*,*,#276,.F.);
#276 = EDGE_CURVE('',#277,#277,#279,.T.);
#277 = VERTEX_POINT('',#278);
#278 = CARTESIAN_POINT('',(107.5,-2.632990618167E-14,152.));
#279 = CIRCLE('',#280,107.5);
#280 = AXIS2_PLACEMENT_3D('',#281,#282,#283);
#281 = CARTESIAN_POINT('',(0.,0.,152.));
#282 = DIRECTION('',(0.,0.,1.));
#283 = DIRECTION('',(1.,0.,-0.));
#284 = ORIENTED_EDGE('',*,*,#285,.F.);
#285 = EDGE_CURVE('',#286,#277,#288,.T.);
#286 = VERTEX_POINT('',#287);
#287 = CARTESIAN_POINT('',(107.5,-2.632990618167E-14,142.));
#288 = LINE('',#289,#290);
#289 = CARTESIAN_POINT('',(107.5,-2.632990618167E-14,142.));
#290 = VECTOR('',#291,1.);
#291 = DIRECTION('',(0.,0.,1.));
#292 = ORIENTED_EDGE('',*,*,#293,.T.);
#293 = EDGE_CURVE('',#286,#286,#294,.T.);
#294 = CIRCLE('',#295,107.5);
#295 = AXIS2_PLACEMENT_3D('',#296,#297,#298);
#296 = CARTESIAN_POINT('',(0.,0.,142.));
#297 = DIRECTION('',(0.,0.,1.));
#298 = DIRECTION('',(1.,0.,-0.));
#299 = ORIENTED_EDGE('',*,*,#285,.T.);
#300 = CYLINDRICAL_SURFACE('',#301,107.5);
#301 = AXIS2_PLACEMENT_3D('',#302,#303,#304);
#302 = CARTESIAN_POINT('',(0.,0.,142.));
#303 = DIRECTION('',(0.,0.,1.));
#304 = DIRECTION('',(1.,0.,-0.));
#305 = ADVANCED_FACE('',(#306,#309),#320,.T.);
#306 = FACE_BOUND('',#307,.T.);
#307 = EDGE_LOOP('',(#308));
#308 = ORIENTED_EDGE('',*,*,#276,.T.);
#309 = FACE_BOUND('',#310,.T.);
#310 = EDGE_LOOP('',(#311));
#311 = ORIENTED_EDGE('',*,*,#312,.F.);
#312 = EDGE_CURVE('',#313,#313,#315,.T.);
#313 = VERTEX_POINT('',#314);
#314 = CARTESIAN_POINT('',(28.,-6.858022075225E-15,152.));
#315 = CIRCLE('',#316,28.);
#316 = AXIS2_PLACEMENT_3D('',#317,#318,#319);
#317 = CARTESIAN_POINT('',(0.,0.,152.));
#318 = DIRECTION('',(0.,0.,1.));
#319 = DIRECTION('',(1.,0.,-0.));
#320 = PLANE('',#321);
#321 = AXIS2_PLACEMENT_3D('',#322,#323,#324);
#322 = CARTESIAN_POINT('',(0.,0.,152.));
#323 = DIRECTION('',(0.,0.,1.));
#324 = DIRECTION('',(1.,0.,-0.));
#325 = ADVANCED_FACE('',(#326,#329),#340,.F.);
#326 = FACE_BOUND('',#327,.F.);
#327 = EDGE_LOOP('',(#328));
#328 = ORIENTED_EDGE('',*,*,#293,.T.);
#329 = FACE_BOUND('',#330,.F.);
#330 = EDGE_LOOP('',(#331));
#331 = ORIENTED_EDGE('',*,*,#332,.F.);
#332 = EDGE_CURVE('',#333,#333,#335,.T.);
#333 = VERTEX_POINT('',#334);
#334 = CARTESIAN_POINT('',(28.,-6.858022075225E-15,142.));
#335 = CIRCLE('',#336,28.);
#336 = AXIS2_PLACEMENT_3D('',#337,#338,#339);
#337 = CARTESIAN_POINT('',(0.,0.,142.));
#338 = DIRECTION('',(0.,0.,1.));
#339 = DIRECTION('',(1.,0.,-0.));
#340 = PLANE('',#341);
#341 = AXIS2_PLACEMENT_3D('',#342,#343,#344);
#342 = CARTESIAN_POINT('',(0.,0.,142.));
#343 = DIRECTION('',(0.,0.,1.));
#344 = DIRECTION('',(1.,0.,-0.));
#345 = ADVANCED_FACE('',(#346),#357,.F.);
#346 = FACE_BOUND('',#347,.F.);
#347 = EDGE_LOOP('',(#348,#349,#355,#356));
#348 = ORIENTED_EDGE('',*,*,#312,.F.);
#349 = ORIENTED_EDGE('',*,*,#350,.F.);
#350 = EDGE_CURVE('',#333,#313,#351,.T.);
#351 = LINE('',#352,#353);
#352 = CARTESIAN_POINT('',(28.,-6.858022075225E-15,142.));
#353 = VECTOR('',#354,1.);
#354 = DIRECTION('',(0.,0.,1.));
#355 = ORIENTED_EDGE('',*,*,#332,.T.);
#356 = ORIENTED_EDGE('',*,*,#350,.T.);
#357 = CYLINDRICAL_SURFACE('',#358,28.);
#358 = AXIS2_PLACEMENT_3D('',#359,#360,#361);
#359 = CARTESIAN_POINT('',(0.,0.,142.));
#360 = DIRECTION('',(0.,0.,1.));
#361 = DIRECTION('',(1.,0.,-0.));
#362 = ( GEOMETRIC_REPRESENTATION_CONTEXT(3) 
GLOBAL_UNCERTAINTY_ASSIGNED_CONTEXT((#366)) GLOBAL_UNIT_ASSIGNED_CONTEXT
((#363,#364,#365)) REPRESENTATION_CONTEXT('Context #1',
  '3D Context with UNIT and UNCERTAINTY') );
#363 = ( LENGTH_UNIT() NAMED_UNIT(*) SI_UNIT(.MILLI.,.METRE.) );
#364 = ( NAMED_UNIT(*) PLANE_ANGLE_UNIT() SI_UNIT($,.RADIAN.) );
#365 = ( NAMED_UNIT(*) SI_UNIT($,.STERADIAN.) SOLID_ANGLE_UNIT() );
#366 = UNCERTAINTY_MEASURE_WITH_UNIT(LENGTH_MEASURE(1.E-07),#363,
  'distance_accuracy_value','confusion accuracy');
#367 = CONTEXT_DEPENDENT_SHAPE_REPRESENTATION(#368,#370);
#368 = ( REPRESENTATION_RELATIONSHIP('','',#269,#10) 
REPRESENTATION_RELATIONSHIP_WITH_TRANSFORMATION(#369) 
SHAPE_REPRESENTATION_RELATIONSHIP() );
#369 = ITEM_DEFINED_TRANSFORMATION('','',#11,#23);
#370 = PRODUCT_DEFINITION_SHAPE('Placement','Placement of an item',#371
  );
#371 = NEXT_ASSEMBLY_USAGE_OCCURRENCE('3',
'04 — Крышка с верхней приводной 
головкой','',#5,#264,$);
#372 = PRODUCT_RELATED_PRODUCT_CATEGORY('part',$,(#266));
#373 = SHAPE_DEFINITION_REPRESENTATION(#374,#380);
#374 = PRODUCT_DEFINITION_SHAPE('','',#375);
#375 = PRODUCT_DEFINITION('design','',#376,#379);
#376 = PRODUCT_DEFINITION_FORMATION('','',#377);
#377 = PRODUCT(
'05 — 8-позиционный кольцевой замок 
крышки',
'05 — 8-позиционный кольцевой замок 
крышки','',(#378));
#378 = PRODUCT_CONTEXT('',#2,'mechanical');
#379 = PRODUCT_DEFINITION_CONTEXT('part definition',#2,'design');
#380 = SHAPE_REPRESENTATION('',(#11,#381,#531,#681,#831,#981,#1131,#1281
    ,#1431),#1581);
#381 = MANIFOLD_SOLID_BREP('',#382);
#382 = CLOSED_SHELL('',(#383,#423,#463,#485,#507,#519));
#383 = ADVANCED_FACE('',(#384),#418,.F.);
#384 = FACE_BOUND('',#385,.F.);
#385 = EDGE_LOOP('',(#386,#396,#404,#412));
#386 = ORIENTED_EDGE('',*,*,#387,.F.);
#387 = EDGE_CURVE('',#388,#390,#392,.T.);
#388 = VERTEX_POINT('',#389);
#389 = CARTESIAN_POINT('',(102.5,-6.,144.));
#390 = VERTEX_POINT('',#391);
#391 = CARTESIAN_POINT('',(102.5,-6.,153.));
#392 = LINE('',#393,#394);
#393 = CARTESIAN_POINT('',(102.5,-6.,144.));
#394 = VECTOR('',#395,1.);
#395 = DIRECTION('',(0.,0.,1.));
#396 = ORIENTED_EDGE('',*,*,#397,.T.);
#397 = EDGE_CURVE('',#388,#398,#400,.T.);
#398 = VERTEX_POINT('',#399);
#399 = CARTESIAN_POINT('',(102.5,6.,144.));
#400 = LINE('',#401,#402);
#401 = CARTESIAN_POINT('',(102.5,-6.,144.));
#402 = VECTOR('',#403,1.);
#403 = DIRECTION('',(0.,1.,0.));
#404 = ORIENTED_EDGE('',*,*,#405,.T.);
#405 = EDGE_CURVE('',#398,#406,#408,.T.);
#406 = VERTEX_POINT('',#407);
#407 = CARTESIAN_POINT('',(102.5,6.,153.));
#408 = LINE('',#409,#410);
#409 = CARTESIAN_POINT('',(102.5,6.,144.));
#410 = VECTOR('',#411,1.);
#411 = DIRECTION('',(0.,0.,1.));
#412 = ORIENTED_EDGE('',*,*,#413,.F.);
#413 = EDGE_CURVE('',#390,#406,#414,.T.);
#414 = LINE('',#415,#416);
#415 = CARTESIAN_POINT('',(102.5,-6.,153.));
#416 = VECTOR('',#417,1.);
#417 = DIRECTION('',(0.,1.,0.));
#418 = PLANE('',#419);
#419 = AXIS2_PLACEMENT_3D('',#420,#421,#422);
#420 = CARTESIAN_POINT('',(102.5,-6.,144.));
#421 = DIRECTION('',(1.,0.,0.));
#422 = DIRECTION('',(0.,0.,1.));
#423 = ADVANCED_FACE('',(#424),#458,.T.);
#424 = FACE_BOUND('',#425,.T.);
#425 = EDGE_LOOP('',(#426,#436,#444,#452));
#426 = ORIENTED_EDGE('',*,*,#427,.F.);
#427 = EDGE_CURVE('',#428,#430,#432,.T.);
#428 = VERTEX_POINT('',#429);
#429 = CARTESIAN_POINT('',(118.5,-6.,144.));
#430 = VERTEX_POINT('',#431);
#431 = CARTESIAN_POINT('',(118.5,-6.,153.));
#432 = LINE('',#433,#434);
#433 = CARTESIAN_POINT('',(118.5,-6.,144.));
#434 = VECTOR('',#435,1.);
#435 = DIRECTION('',(0.,0.,1.));
#436 = ORIENTED_EDGE('',*,*,#437,.T.);
#437 = EDGE_CURVE('',#428,#438,#440,.T.);
#438 = VERTEX_POINT('',#439);
#439 = CARTESIAN_POINT('',(118.5,6.,144.));
#440 = LINE('',#441,#442);
#441 = CARTESIAN_POINT('',(118.5,-6.,144.));
#442 = VECTOR('',#443,1.);
#443 = DIRECTION('',(0.,1.,0.));
#444 = ORIENTED_EDGE('',*,*,#445,.T.);
#445 = EDGE_CURVE('',#438,#446,#448,.T.);
#446 = VERTEX_POINT('',#447);
#447 = CARTESIAN_POINT('',(118.5,6.,153.));
#448 = LINE('',#449,#450);
#449 = CARTESIAN_POINT('',(118.5,6.,144.));
#450 = VECTOR('',#451,1.);
#451 = DIRECTION('',(0.,0.,1.));
#452 = ORIENTED_EDGE('',*,*,#453,.F.);
#453 = EDGE_CURVE('',#430,#446,#454,.T.);
#454 = LINE('',#455,#456);
#455 = CARTESIAN_POINT('',(118.5,-6.,153.));
#456 = VECTOR('',#457,1.);
#457 = DIRECTION('',(0.,1.,0.));
#458 = PLANE('',#459);
#459 = AXIS2_PLACEMENT_3D('',#460,#461,#462);
#460 = CARTESIAN_POINT('',(118.5,-6.,144.));
#461 = DIRECTION('',(1.,0.,0.));
#462 = DIRECTION('',(0.,0.,1.));
#463 = ADVANCED_FACE('',(#464),#480,.F.);
#464 = FACE_BOUND('',#465,.F.);
#465 = EDGE_LOOP('',(#466,#472,#473,#479));
#466 = ORIENTED_EDGE('',*,*,#467,.F.);
#467 = EDGE_CURVE('',#388,#428,#468,.T.);
#468 = LINE('',#469,#470);
#469 = CARTESIAN_POINT('',(102.5,-6.,144.));
#470 = VECTOR('',#471,1.);
#471 = DIRECTION('',(1.,0.,0.));
#472 = ORIENTED_EDGE('',*,*,#387,.T.);
#473 = ORIENTED_EDGE('',*,*,#474,.T.);
#474 = EDGE_CURVE('',#390,#430,#475,.T.);
#475 = LINE('',#476,#477);
#476 = CARTESIAN_POINT('',(102.5,-6.,153.));
#477 = VECTOR('',#478,1.);
#478 = DIRECTION('',(1.,0.,0.));
#479 = ORIENTED_EDGE('',*,*,#427,.F.);
#480 = PLANE('',#481);
#481 = AXIS2_PLACEMENT_3D('',#482,#483,#484);
#482 = CARTESIAN_POINT('',(102.5,-6.,144.));
#483 = DIRECTION('',(0.,1.,0.));
#484 = DIRECTION('',(0.,0.,1.));
#485 = ADVANCED_FACE('',(#486),#502,.T.);
#486 = FACE_BOUND('',#487,.T.);
#487 = EDGE_LOOP('',(#488,#494,#495,#501));
#488 = ORIENTED_EDGE('',*,*,#489,.F.);
#489 = EDGE_CURVE('',#398,#438,#490,.T.);
#490 = LINE('',#491,#492);
#491 = CARTESIAN_POINT('',(102.5,6.,144.));
#492 = VECTOR('',#493,1.);
#493 = DIRECTION('',(1.,0.,0.));
#494 = ORIENTED_EDGE('',*,*,#405,.T.);
#495 = ORIENTED_EDGE('',*,*,#496,.T.);
#496 = EDGE_CURVE('',#406,#446,#497,.T.);
#497 = LINE('',#498,#499);
#498 = CARTESIAN_POINT('',(102.5,6.,153.));
#499 = VECTOR('',#500,1.);
#500 = DIRECTION('',(1.,0.,0.));
#501 = ORIENTED_EDGE('',*,*,#445,.F.);
#502 = PLANE('',#503);
#503 = AXIS2_PLACEMENT_3D('',#504,#505,#506);
#504 = CARTESIAN_POINT('',(102.5,6.,144.));
#505 = DIRECTION('',(0.,1.,0.));
#506 = DIRECTION('',(0.,0.,1.));
#507 = ADVANCED_FACE('',(#508),#514,.F.);
#508 = FACE_BOUND('',#509,.F.);
#509 = EDGE_LOOP('',(#510,#511,#512,#513));
#510 = ORIENTED_EDGE('',*,*,#397,.F.);
#511 = ORIENTED_EDGE('',*,*,#467,.T.);
#512 = ORIENTED_EDGE('',*,*,#437,.T.);
#513 = ORIENTED_EDGE('',*,*,#489,.F.);
#514 = PLANE('',#515);
#515 = AXIS2_PLACEMENT_3D('',#516,#517,#518);
#516 = CARTESIAN_POINT('',(102.5,-6.,144.));
#517 = DIRECTION('',(0.,0.,1.));
#518 = DIRECTION('',(1.,0.,0.));
#519 = ADVANCED_FACE('',(#520),#526,.T.);
#520 = FACE_BOUND('',#521,.T.);
#521 = EDGE_LOOP('',(#522,#523,#524,#525));
#522 = ORIENTED_EDGE('',*,*,#413,.F.);
#523 = ORIENTED_EDGE('',*,*,#474,.T.);
#524 = ORIENTED_EDGE('',*,*,#453,.T.);
#525 = ORIENTED_EDGE('',*,*,#496,.F.);
#526 = PLANE('',#527);
#527 = AXIS2_PLACEMENT_3D('',#528,#529,#530);
#528 = CARTESIAN_POINT('',(102.5,-6.,153.));
#529 = DIRECTION('',(0.,0.,1.));
#530 = DIRECTION('',(1.,0.,0.));
#531 = MANIFOLD_SOLID_BREP('',#532);
#532 = CLOSED_SHELL('',(#533,#573,#613,#635,#657,#669));
#533 = ADVANCED_FACE('',(#534),#568,.F.);
#534 = FACE_BOUND('',#535,.F.);
#535 = EDGE_LOOP('',(#536,#546,#554,#562));
#536 = ORIENTED_EDGE('',*,*,#537,.F.);
#537 = EDGE_CURVE('',#538,#540,#542,.T.);
#538 = VERTEX_POINT('',#539);
#539 = CARTESIAN_POINT('',(76.72108575874,68.235804384502,144.));
#540 = VERTEX_POINT('',#541);
#541 = CARTESIAN_POINT('',(76.72108575874,68.235804384502,153.));
#542 = LINE('',#543,#544);
#543 = CARTESIAN_POINT('',(76.72108575874,68.235804384502,144.));
#544 = VECTOR('',#545,1.);
#545 = DIRECTION('',(0.,0.,1.));
#546 = ORIENTED_EDGE('',*,*,#547,.T.);
#547 = EDGE_CURVE('',#538,#548,#550,.T.);
#548 = VERTEX_POINT('',#549);
#549 = CARTESIAN_POINT('',(68.235804384502,76.72108575874,144.));
#550 = LINE('',#551,#552);
#551 = CARTESIAN_POINT('',(76.72108575874,68.235804384502,144.));
#552 = VECTOR('',#553,1.);
#553 = DIRECTION('',(-0.707106781187,0.707106781187,0.));
#554 = ORIENTED_EDGE('',*,*,#555,.T.);
#555 = EDGE_CURVE('',#548,#556,#558,.T.);
#556 = VERTEX_POINT('',#557);
#557 = CARTESIAN_POINT('',(68.235804384502,76.72108575874,153.));
#558 = LINE('',#559,#560);
#559 = CARTESIAN_POINT('',(68.235804384502,76.72108575874,144.));
#560 = VECTOR('',#561,1.);
#561 = DIRECTION('',(0.,0.,1.));
#562 = ORIENTED_EDGE('',*,*,#563,.F.);
#563 = EDGE_CURVE('',#540,#556,#564,.T.);
#564 = LINE('',#565,#566);
#565 = CARTESIAN_POINT('',(76.72108575874,68.235804384502,153.));
#566 = VECTOR('',#567,1.);
#567 = DIRECTION('',(-0.707106781187,0.707106781187,0.));
#568 = PLANE('',#569);
#569 = AXIS2_PLACEMENT_3D('',#570,#571,#572);
#570 = CARTESIAN_POINT('',(76.72108575874,68.235804384502,144.));
#571 = DIRECTION('',(0.707106781187,0.707106781187,0.));
#572 = DIRECTION('',(0.,0.,1.));
#573 = ADVANCED_FACE('',(#574),#608,.T.);
#574 = FACE_BOUND('',#575,.T.);
#575 = EDGE_LOOP('',(#576,#586,#594,#602));
#576 = ORIENTED_EDGE('',*,*,#577,.F.);
#577 = EDGE_CURVE('',#578,#580,#582,.T.);
#578 = VERTEX_POINT('',#579);
#579 = CARTESIAN_POINT('',(88.034794257725,79.549512883487,144.));
#580 = VERTEX_POINT('',#581);
#581 = CARTESIAN_POINT('',(88.034794257725,79.549512883487,153.));
#582 = LINE('',#583,#584);
#583 = CARTESIAN_POINT('',(88.034794257725,79.549512883487,144.));
#584 = VECTOR('',#585,1.);
#585 = DIRECTION('',(0.,0.,1.));
#586 = ORIENTED_EDGE('',*,*,#587,.T.);
#587 = EDGE_CURVE('',#578,#588,#590,.T.);
#588 = VERTEX_POINT('',#589);
#589 = CARTESIAN_POINT('',(79.549512883487,88.034794257725,144.));
#590 = LINE('',#591,#592);
#591 = CARTESIAN_POINT('',(88.034794257725,79.549512883487,144.));
#592 = VECTOR('',#593,1.);
#593 = DIRECTION('',(-0.707106781187,0.707106781187,0.));
#594 = ORIENTED_EDGE('',*,*,#595,.T.);
#595 = EDGE_CURVE('',#588,#596,#598,.T.);
#596 = VERTEX_POINT('',#597);
#597 = CARTESIAN_POINT('',(79.549512883487,88.034794257725,153.));
#598 = LINE('',#599,#600);
#599 = CARTESIAN_POINT('',(79.549512883487,88.034794257725,144.));
#600 = VECTOR('',#601,1.);
#601 = DIRECTION('',(0.,0.,1.));
#602 = ORIENTED_EDGE('',*,*,#603,.F.);
#603 = EDGE_CURVE('',#580,#596,#604,.T.);
#604 = LINE('',#605,#606);
#605 = CARTESIAN_POINT('',(88.034794257725,79.549512883487,153.));
#606 = VECTOR('',#607,1.);
#607 = DIRECTION('',(-0.707106781187,0.707106781187,0.));
#608 = PLANE('',#609);
#609 = AXIS2_PLACEMENT_3D('',#610,#611,#612);
#610 = CARTESIAN_POINT('',(88.034794257725,79.549512883487,144.));
#611 = DIRECTION('',(0.707106781187,0.707106781187,0.));
#612 = DIRECTION('',(0.,0.,1.));
#613 = ADVANCED_FACE('',(#614),#630,.F.);
#614 = FACE_BOUND('',#615,.F.);
#615 = EDGE_LOOP('',(#616,#622,#623,#629));
#616 = ORIENTED_EDGE('',*,*,#617,.F.);
#617 = EDGE_CURVE('',#538,#578,#618,.T.);
#618 = LINE('',#619,#620);
#619 = CARTESIAN_POINT('',(76.72108575874,68.235804384502,144.));
#620 = VECTOR('',#621,1.);
#621 = DIRECTION('',(0.707106781187,0.707106781187,0.));
#622 = ORIENTED_EDGE('',*,*,#537,.T.);
#623 = ORIENTED_EDGE('',*,*,#624,.T.);
#624 = EDGE_CURVE('',#540,#580,#625,.T.);
#625 = LINE('',#626,#627);
#626 = CARTESIAN_POINT('',(76.72108575874,68.235804384502,153.));
#627 = VECTOR('',#628,1.);
#628 = DIRECTION('',(0.707106781187,0.707106781187,0.));
#629 = ORIENTED_EDGE('',*,*,#577,.F.);
#630 = PLANE('',#631);
#631 = AXIS2_PLACEMENT_3D('',#632,#633,#634);
#632 = CARTESIAN_POINT('',(76.72108575874,68.235804384502,144.));
#633 = DIRECTION('',(-0.707106781187,0.707106781187,0.));
#634 = DIRECTION('',(0.,0.,1.));
#635 = ADVANCED_FACE('',(#636),#652,.T.);
#636 = FACE_BOUND('',#637,.T.);
#637 = EDGE_LOOP('',(#638,#644,#645,#651));
#638 = ORIENTED_EDGE('',*,*,#639,.F.);
#639 = EDGE_CURVE('',#548,#588,#640,.T.);
#640 = LINE('',#641,#642);
#641 = CARTESIAN_POINT('',(68.235804384502,76.72108575874,144.));
#642 = VECTOR('',#643,1.);
#643 = DIRECTION('',(0.707106781187,0.707106781187,0.));
#644 = ORIENTED_EDGE('',*,*,#555,.T.);
#645 = ORIENTED_EDGE('',*,*,#646,.T.);
#646 = EDGE_CURVE('',#556,#596,#647,.T.);
#647 = LINE('',#648,#649);
#648 = CARTESIAN_POINT('',(68.235804384502,76.72108575874,153.));
#649 = VECTOR('',#650,1.);
#650 = DIRECTION('',(0.707106781187,0.707106781187,0.));
#651 = ORIENTED_EDGE('',*,*,#595,.F.);
#652 = PLANE('',#653);
#653 = AXIS2_PLACEMENT_3D('',#654,#655,#656);
#654 = CARTESIAN_POINT('',(68.235804384502,76.72108575874,144.));
#655 = DIRECTION('',(-0.707106781187,0.707106781187,0.));
#656 = DIRECTION('',(0.,0.,1.));
#657 = ADVANCED_FACE('',(#658),#664,.F.);
#658 = FACE_BOUND('',#659,.F.);
#659 = EDGE_LOOP('',(#660,#661,#662,#663));
#660 = ORIENTED_EDGE('',*,*,#547,.F.);
#661 = ORIENTED_EDGE('',*,*,#617,.T.);
#662 = ORIENTED_EDGE('',*,*,#587,.T.);
#663 = ORIENTED_EDGE('',*,*,#639,.F.);
#664 = PLANE('',#665);
#665 = AXIS2_PLACEMENT_3D('',#666,#667,#668);
#666 = CARTESIAN_POINT('',(76.72108575874,68.235804384502,144.));
#667 = DIRECTION('',(0.,0.,1.));
#668 = DIRECTION('',(0.707106781187,0.707106781187,0.));
#669 = ADVANCED_FACE('',(#670),#676,.T.);
#670 = FACE_BOUND('',#671,.T.);
#671 = EDGE_LOOP('',(#672,#673,#674,#675));
#672 = ORIENTED_EDGE('',*,*,#563,.F.);
#673 = ORIENTED_EDGE('',*,*,#624,.T.);
#674 = ORIENTED_EDGE('',*,*,#603,.T.);
#675 = ORIENTED_EDGE('',*,*,#646,.F.);
#676 = PLANE('',#677);
#677 = AXIS2_PLACEMENT_3D('',#678,#679,#680);
#678 = CARTESIAN_POINT('',(76.72108575874,68.235804384502,153.));
#679 = DIRECTION('',(0.,0.,1.));
#680 = DIRECTION('',(0.707106781187,0.707106781187,0.));
#681 = MANIFOLD_SOLID_BREP('',#682);
#682 = CLOSED_SHELL('',(#683,#723,#763,#785,#807,#819));
#683 = ADVANCED_FACE('',(#684),#718,.F.);
#684 = FACE_BOUND('',#685,.F.);
#685 = EDGE_LOOP('',(#686,#696,#704,#712));
#686 = ORIENTED_EDGE('',*,*,#687,.F.);
#687 = EDGE_CURVE('',#688,#690,#692,.T.);
#688 = VERTEX_POINT('',#689);
#689 = CARTESIAN_POINT('',(6.,102.5,144.));
#690 = VERTEX_POINT('',#691);
#691 = CARTESIAN_POINT('',(6.,102.5,153.));
#692 = LINE('',#693,#694);
#693 = CARTESIAN_POINT('',(6.,102.5,144.));
#694 = VECTOR('',#695,1.);
#695 = DIRECTION('',(0.,0.,1.));
#696 = ORIENTED_EDGE('',*,*,#697,.T.);
#697 = EDGE_CURVE('',#688,#698,#700,.T.);
#698 = VERTEX_POINT('',#699);
#699 = CARTESIAN_POINT('',(-6.,102.5,144.));
#700 = LINE('',#701,#702);
#701 = CARTESIAN_POINT('',(6.,102.5,144.));
#702 = VECTOR('',#703,1.);
#703 = DIRECTION('',(-1.,1.110223024625E-16,0.));
#704 = ORIENTED_EDGE('',*,*,#705,.T.);
#705 = EDGE_CURVE('',#698,#706,#708,.T.);
#706 = VERTEX_POINT('',#707);
#707 = CARTESIAN_POINT('',(-6.,102.5,153.));
#708 = LINE('',#709,#710);
#709 = CARTESIAN_POINT('',(-6.,102.5,144.));
#710 = VECTOR('',#711,1.);
#711 = DIRECTION('',(0.,0.,1.));
#712 = ORIENTED_EDGE('',*,*,#713,.F.);
#713 = EDGE_CURVE('',#690,#706,#714,.T.);
#714 = LINE('',#715,#716);
#715 = CARTESIAN_POINT('',(6.,102.5,153.));
#716 = VECTOR('',#717,1.);
#717 = DIRECTION('',(-1.,1.110223024625E-16,0.));
#718 = PLANE('',#719);
#719 = AXIS2_PLACEMENT_3D('',#720,#721,#722);
#720 = CARTESIAN_POINT('',(6.,102.5,144.));
#721 = DIRECTION('',(1.110223024625E-16,1.,0.));
#722 = DIRECTION('',(0.,0.,1.));
#723 = ADVANCED_FACE('',(#724),#758,.T.);
#724 = FACE_BOUND('',#725,.T.);
#725 = EDGE_LOOP('',(#726,#736,#744,#752));
#726 = ORIENTED_EDGE('',*,*,#727,.F.);
#727 = EDGE_CURVE('',#728,#730,#732,.T.);
#728 = VERTEX_POINT('',#729);
#729 = CARTESIAN_POINT('',(6.,118.5,144.));
#730 = VERTEX_POINT('',#731);
#731 = CARTESIAN_POINT('',(6.,118.5,153.));
#732 = LINE('',#733,#734);
#733 = CARTESIAN_POINT('',(6.,118.5,144.));
#734 = VECTOR('',#735,1.);
#735 = DIRECTION('',(0.,0.,1.));
#736 = ORIENTED_EDGE('',*,*,#737,.T.);
#737 = EDGE_CURVE('',#728,#738,#740,.T.);
#738 = VERTEX_POINT('',#739);
#739 = CARTESIAN_POINT('',(-6.,118.5,144.));
#740 = LINE('',#741,#742);
#741 = CARTESIAN_POINT('',(6.,118.5,144.));
#742 = VECTOR('',#743,1.);
#743 = DIRECTION('',(-1.,1.110223024625E-16,0.));
#744 = ORIENTED_EDGE('',*,*,#745,.T.);
#745 = EDGE_CURVE('',#738,#746,#748,.T.);
#746 = VERTEX_POINT('',#747);
#747 = CARTESIAN_POINT('',(-6.,118.5,153.));
#748 = LINE('',#749,#750);
#749 = CARTESIAN_POINT('',(-6.,118.5,144.));
#750 = VECTOR('',#751,1.);
#751 = DIRECTION('',(0.,0.,1.));
#752 = ORIENTED_EDGE('',*,*,#753,.F.);
#753 = EDGE_CURVE('',#730,#746,#754,.T.);
#754 = LINE('',#755,#756);
#755 = CARTESIAN_POINT('',(6.,118.5,153.));
#756 = VECTOR('',#757,1.);
#757 = DIRECTION('',(-1.,1.110223024625E-16,0.));
#758 = PLANE('',#759);
#759 = AXIS2_PLACEMENT_3D('',#760,#761,#762);
#760 = CARTESIAN_POINT('',(6.,118.5,144.));
#761 = DIRECTION('',(1.110223024625E-16,1.,0.));
#762 = DIRECTION('',(0.,0.,1.));
#763 = ADVANCED_FACE('',(#764),#780,.F.);
#764 = FACE_BOUND('',#765,.F.);
#765 = EDGE_LOOP('',(#766,#772,#773,#779));
#766 = ORIENTED_EDGE('',*,*,#767,.F.);
#767 = EDGE_CURVE('',#688,#728,#768,.T.);
#768 = LINE('',#769,#770);
#769 = CARTESIAN_POINT('',(6.,102.5,144.));
#770 = VECTOR('',#771,1.);
#771 = DIRECTION('',(1.110223024625E-16,1.,0.));
#772 = ORIENTED_EDGE('',*,*,#687,.T.);
#773 = ORIENTED_EDGE('',*,*,#774,.T.);
#774 = EDGE_CURVE('',#690,#730,#775,.T.);
#775 = LINE('',#776,#777);
#776 = CARTESIAN_POINT('',(6.,102.5,153.));
#777 = VECTOR('',#778,1.);
#778 = DIRECTION('',(1.110223024625E-16,1.,0.));
#779 = ORIENTED_EDGE('',*,*,#727,.F.);
#780 = PLANE('',#781);
#781 = AXIS2_PLACEMENT_3D('',#782,#783,#784);
#782 = CARTESIAN_POINT('',(6.,102.5,144.));
#783 = DIRECTION('',(-1.,1.110223024625E-16,0.));
#784 = DIRECTION('',(0.,0.,1.));
#785 = ADVANCED_FACE('',(#786),#802,.T.);
#786 = FACE_BOUND('',#787,.T.);
#787 = EDGE_LOOP('',(#788,#794,#795,#801));
#788 = ORIENTED_EDGE('',*,*,#789,.F.);
#789 = EDGE_CURVE('',#698,#738,#790,.T.);
#790 = LINE('',#791,#792);
#791 = CARTESIAN_POINT('',(-6.,102.5,144.));
#792 = VECTOR('',#793,1.);
#793 = DIRECTION('',(1.110223024625E-16,1.,0.));
#794 = ORIENTED_EDGE('',*,*,#705,.T.);
#795 = ORIENTED_EDGE('',*,*,#796,.T.);
#796 = EDGE_CURVE('',#706,#746,#797,.T.);
#797 = LINE('',#798,#799);
#798 = CARTESIAN_POINT('',(-6.,102.5,153.));
#799 = VECTOR('',#800,1.);
#800 = DIRECTION('',(1.110223024625E-16,1.,0.));
#801 = ORIENTED_EDGE('',*,*,#745,.F.);
#802 = PLANE('',#803);
#803 = AXIS2_PLACEMENT_3D('',#804,#805,#806);
#804 = CARTESIAN_POINT('',(-6.,102.5,144.));
#805 = DIRECTION('',(-1.,1.110223024625E-16,0.));
#806 = DIRECTION('',(0.,0.,1.));
#807 = ADVANCED_FACE('',(#808),#814,.F.);
#808 = FACE_BOUND('',#809,.F.);
#809 = EDGE_LOOP('',(#810,#811,#812,#813));
#810 = ORIENTED_EDGE('',*,*,#697,.F.);
#811 = ORIENTED_EDGE('',*,*,#767,.T.);
#812 = ORIENTED_EDGE('',*,*,#737,.T.);
#813 = ORIENTED_EDGE('',*,*,#789,.F.);
#814 = PLANE('',#815);
#815 = AXIS2_PLACEMENT_3D('',#816,#817,#818);
#816 = CARTESIAN_POINT('',(6.,102.5,144.));
#817 = DIRECTION('',(0.,0.,1.));
#818 = DIRECTION('',(1.110223024625E-16,1.,0.));
#819 = ADVANCED_FACE('',(#820),#826,.T.);
#820 = FACE_BOUND('',#821,.T.);
#821 = EDGE_LOOP('',(#822,#823,#824,#825));
#822 = ORIENTED_EDGE('',*,*,#713,.F.);
#823 = ORIENTED_EDGE('',*,*,#774,.T.);
#824 = ORIENTED_EDGE('',*,*,#753,.T.);
#825 = ORIENTED_EDGE('',*,*,#796,.F.);
#826 = PLANE('',#827);
#827 = AXIS2_PLACEMENT_3D('',#828,#829,#830);
#828 = CARTESIAN_POINT('',(6.,102.5,153.));
#829 = DIRECTION('',(0.,0.,1.));
#830 = DIRECTION('',(1.110223024625E-16,1.,0.));
#831 = MANIFOLD_SOLID_BREP('',#832);
#832 = CLOSED_SHELL('',(#833,#873,#913,#935,#957,#969));
#833 = ADVANCED_FACE('',(#834),#868,.F.);
#834 = FACE_BOUND('',#835,.F.);
#835 = EDGE_LOOP('',(#836,#846,#854,#862));
#836 = ORIENTED_EDGE('',*,*,#837,.F.);
#837 = EDGE_CURVE('',#838,#840,#842,.T.);
#838 = VERTEX_POINT('',#839);
#839 = CARTESIAN_POINT('',(-68.2358043845,76.72108575874,144.));
#840 = VERTEX_POINT('',#841);
#841 = CARTESIAN_POINT('',(-68.2358043845,76.72108575874,153.));
#842 = LINE('',#843,#844);
#843 = CARTESIAN_POINT('',(-68.2358043845,76.72108575874,144.));
#844 = VECTOR('',#845,1.);
#845 = DIRECTION('',(0.,0.,1.));
#846 = ORIENTED_EDGE('',*,*,#847,.T.);
#847 = EDGE_CURVE('',#838,#848,#850,.T.);
#848 = VERTEX_POINT('',#849);
#849 = CARTESIAN_POINT('',(-76.72108575874,68.235804384502,144.));
#850 = LINE('',#851,#852);
#851 = CARTESIAN_POINT('',(-68.2358043845,76.72108575874,144.));
#852 = VECTOR('',#853,1.);
#853 = DIRECTION('',(-0.707106781187,-0.707106781187,0.));
#854 = ORIENTED_EDGE('',*,*,#855,.T.);
#855 = EDGE_CURVE('',#848,#856,#858,.T.);
#856 = VERTEX_POINT('',#857);
#857 = CARTESIAN_POINT('',(-76.72108575874,68.235804384502,153.));
#858 = LINE('',#859,#860);
#859 = CARTESIAN_POINT('',(-76.72108575874,68.235804384502,144.));
#860 = VECTOR('',#861,1.);
#861 = DIRECTION('',(0.,0.,1.));
#862 = ORIENTED_EDGE('',*,*,#863,.F.);
#863 = EDGE_CURVE('',#840,#856,#864,.T.);
#864 = LINE('',#865,#866);
#865 = CARTESIAN_POINT('',(-68.2358043845,76.72108575874,153.));
#866 = VECTOR('',#867,1.);
#867 = DIRECTION('',(-0.707106781187,-0.707106781187,0.));
#868 = PLANE('',#869);
#869 = AXIS2_PLACEMENT_3D('',#870,#871,#872);
#870 = CARTESIAN_POINT('',(-68.2358043845,76.72108575874,144.));
#871 = DIRECTION('',(-0.707106781187,0.707106781187,0.));
#872 = DIRECTION('',(0.,0.,1.));
#873 = ADVANCED_FACE('',(#874),#908,.T.);
#874 = FACE_BOUND('',#875,.T.);
#875 = EDGE_LOOP('',(#876,#886,#894,#902));
#876 = ORIENTED_EDGE('',*,*,#877,.F.);
#877 = EDGE_CURVE('',#878,#880,#882,.T.);
#878 = VERTEX_POINT('',#879);
#879 = CARTESIAN_POINT('',(-79.54951288348,88.034794257725,144.));
#880 = VERTEX_POINT('',#881);
#881 = CARTESIAN_POINT('',(-79.54951288348,88.034794257725,153.));
#882 = LINE('',#883,#884);
#883 = CARTESIAN_POINT('',(-79.54951288348,88.034794257725,144.));
#884 = VECTOR('',#885,1.);
#885 = DIRECTION('',(0.,0.,1.));
#886 = ORIENTED_EDGE('',*,*,#887,.T.);
#887 = EDGE_CURVE('',#878,#888,#890,.T.);
#888 = VERTEX_POINT('',#889);
#889 = CARTESIAN_POINT('',(-88.03479425772,79.549512883487,144.));
#890 = LINE('',#891,#892);
#891 = CARTESIAN_POINT('',(-79.54951288348,88.034794257725,144.));
#892 = VECTOR('',#893,1.);
#893 = DIRECTION('',(-0.707106781187,-0.707106781187,0.));
#894 = ORIENTED_EDGE('',*,*,#895,.T.);
#895 = EDGE_CURVE('',#888,#896,#898,.T.);
#896 = VERTEX_POINT('',#897);
#897 = CARTESIAN_POINT('',(-88.03479425772,79.549512883487,153.));
#898 = LINE('',#899,#900);
#899 = CARTESIAN_POINT('',(-88.03479425772,79.549512883487,144.));
#900 = VECTOR('',#901,1.);
#901 = DIRECTION('',(0.,0.,1.));
#902 = ORIENTED_EDGE('',*,*,#903,.F.);
#903 = EDGE_CURVE('',#880,#896,#904,.T.);
#904 = LINE('',#905,#906);
#905 = CARTESIAN_POINT('',(-79.54951288348,88.034794257725,153.));
#906 = VECTOR('',#907,1.);
#907 = DIRECTION('',(-0.707106781187,-0.707106781187,0.));
#908 = PLANE('',#909);
#909 = AXIS2_PLACEMENT_3D('',#910,#911,#912);
#910 = CARTESIAN_POINT('',(-79.54951288348,88.034794257725,144.));
#911 = DIRECTION('',(-0.707106781187,0.707106781187,0.));
#912 = DIRECTION('',(0.,0.,1.));
#913 = ADVANCED_FACE('',(#914),#930,.F.);
#914 = FACE_BOUND('',#915,.F.);
#915 = EDGE_LOOP('',(#916,#922,#923,#929));
#916 = ORIENTED_EDGE('',*,*,#917,.F.);
#917 = EDGE_CURVE('',#838,#878,#918,.T.);
#918 = LINE('',#919,#920);
#919 = CARTESIAN_POINT('',(-68.2358043845,76.72108575874,144.));
#920 = VECTOR('',#921,1.);
#921 = DIRECTION('',(-0.707106781187,0.707106781187,0.));
#922 = ORIENTED_EDGE('',*,*,#837,.T.);
#923 = ORIENTED_EDGE('',*,*,#924,.T.);
#924 = EDGE_CURVE('',#840,#880,#925,.T.);
#925 = LINE('',#926,#927);
#926 = CARTESIAN_POINT('',(-68.2358043845,76.72108575874,153.));
#927 = VECTOR('',#928,1.);
#928 = DIRECTION('',(-0.707106781187,0.707106781187,0.));
#929 = ORIENTED_EDGE('',*,*,#877,.F.);
#930 = PLANE('',#931);
#931 = AXIS2_PLACEMENT_3D('',#932,#933,#934);
#932 = CARTESIAN_POINT('',(-68.2358043845,76.72108575874,144.));
#933 = DIRECTION('',(-0.707106781187,-0.707106781187,0.));
#934 = DIRECTION('',(0.,0.,1.));
#935 = ADVANCED_FACE('',(#936),#952,.T.);
#936 = FACE_BOUND('',#937,.T.);
#937 = EDGE_LOOP('',(#938,#944,#945,#951));
#938 = ORIENTED_EDGE('',*,*,#939,.F.);
#939 = EDGE_CURVE('',#848,#888,#940,.T.);
#940 = LINE('',#941,#942);
#941 = CARTESIAN_POINT('',(-76.72108575874,68.235804384502,144.));
#942 = VECTOR('',#943,1.);
#943 = DIRECTION('',(-0.707106781187,0.707106781187,0.));
#944 = ORIENTED_EDGE('',*,*,#855,.T.);
#945 = ORIENTED_EDGE('',*,*,#946,.T.);
#946 = EDGE_CURVE('',#856,#896,#947,.T.);
#947 = LINE('',#948,#949);
#948 = CARTESIAN_POINT('',(-76.72108575874,68.235804384502,153.));
#949 = VECTOR('',#950,1.);
#950 = DIRECTION('',(-0.707106781187,0.707106781187,0.));
#951 = ORIENTED_EDGE('',*,*,#895,.F.);
#952 = PLANE('',#953);
#953 = AXIS2_PLACEMENT_3D('',#954,#955,#956);
#954 = CARTESIAN_POINT('',(-76.72108575874,68.235804384502,144.));
#955 = DIRECTION('',(-0.707106781187,-0.707106781187,0.));
#956 = DIRECTION('',(0.,0.,1.));
#957 = ADVANCED_FACE('',(#958),#964,.F.);
#958 = FACE_BOUND('',#959,.F.);
#959 = EDGE_LOOP('',(#960,#961,#962,#963));
#960 = ORIENTED_EDGE('',*,*,#847,.F.);
#961 = ORIENTED_EDGE('',*,*,#917,.T.);
#962 = ORIENTED_EDGE('',*,*,#887,.T.);
#963 = ORIENTED_EDGE('',*,*,#939,.F.);
#964 = PLANE('',#965);
#965 = AXIS2_PLACEMENT_3D('',#966,#967,#968);
#966 = CARTESIAN_POINT('',(-68.2358043845,76.72108575874,144.));
#967 = DIRECTION('',(0.,0.,1.));
#968 = DIRECTION('',(-0.707106781187,0.707106781187,0.));
#969 = ADVANCED_FACE('',(#970),#976,.T.);
#970 = FACE_BOUND('',#971,.T.);
#971 = EDGE_LOOP('',(#972,#973,#974,#975));
#972 = ORIENTED_EDGE('',*,*,#863,.F.);
#973 = ORIENTED_EDGE('',*,*,#924,.T.);
#974 = ORIENTED_EDGE('',*,*,#903,.T.);
#975 = ORIENTED_EDGE('',*,*,#946,.F.);
#976 = PLANE('',#977);
#977 = AXIS2_PLACEMENT_3D('',#978,#979,#980);
#978 = CARTESIAN_POINT('',(-68.2358043845,76.72108575874,153.));
#979 = DIRECTION('',(0.,0.,1.));
#980 = DIRECTION('',(-0.707106781187,0.707106781187,0.));
#981 = MANIFOLD_SOLID_BREP('',#982);
#982 = CLOSED_SHELL('',(#983,#1023,#1063,#1085,#1107,#1119));
#983 = ADVANCED_FACE('',(#984),#1018,.F.);
#984 = FACE_BOUND('',#985,.F.);
#985 = EDGE_LOOP('',(#986,#996,#1004,#1012));
#986 = ORIENTED_EDGE('',*,*,#987,.F.);
#987 = EDGE_CURVE('',#988,#990,#992,.T.);
#988 = VERTEX_POINT('',#989);
#989 = CARTESIAN_POINT('',(-102.5,6.,144.));
#990 = VERTEX_POINT('',#991);
#991 = CARTESIAN_POINT('',(-102.5,6.,153.));
#992 = LINE('',#993,#994);
#993 = CARTESIAN_POINT('',(-102.5,6.,144.));
#994 = VECTOR('',#995,1.);
#995 = DIRECTION('',(0.,0.,1.));
#996 = ORIENTED_EDGE('',*,*,#997,.T.);
#997 = EDGE_CURVE('',#988,#998,#1000,.T.);
#998 = VERTEX_POINT('',#999);
#999 = CARTESIAN_POINT('',(-102.5,-6.,144.));
#1000 = LINE('',#1001,#1002);
#1001 = CARTESIAN_POINT('',(-102.5,6.,144.));
#1002 = VECTOR('',#1003,1.);
#1003 = DIRECTION('',(-1.224646799147E-16,-1.,0.));
#1004 = ORIENTED_EDGE('',*,*,#1005,.T.);
#1005 = EDGE_CURVE('',#998,#1006,#1008,.T.);
#1006 = VERTEX_POINT('',#1007);
#1007 = CARTESIAN_POINT('',(-102.5,-6.,153.));
#1008 = LINE('',#1009,#1010);
#1009 = CARTESIAN_POINT('',(-102.5,-6.,144.));
#1010 = VECTOR('',#1011,1.);
#1011 = DIRECTION('',(0.,0.,1.));
#1012 = ORIENTED_EDGE('',*,*,#1013,.F.);
#1013 = EDGE_CURVE('',#990,#1006,#1014,.T.);
#1014 = LINE('',#1015,#1016);
#1015 = CARTESIAN_POINT('',(-102.5,6.,153.));
#1016 = VECTOR('',#1017,1.);
#1017 = DIRECTION('',(-1.224646799147E-16,-1.,0.));
#1018 = PLANE('',#1019);
#1019 = AXIS2_PLACEMENT_3D('',#1020,#1021,#1022);
#1020 = CARTESIAN_POINT('',(-102.5,6.,144.));
#1021 = DIRECTION('',(-1.,1.224646799147E-16,0.));
#1022 = DIRECTION('',(0.,0.,1.));
#1023 = ADVANCED_FACE('',(#1024),#1058,.T.);
#1024 = FACE_BOUND('',#1025,.T.);
#1025 = EDGE_LOOP('',(#1026,#1036,#1044,#1052));
#1026 = ORIENTED_EDGE('',*,*,#1027,.F.);
#1027 = EDGE_CURVE('',#1028,#1030,#1032,.T.);
#1028 = VERTEX_POINT('',#1029);
#1029 = CARTESIAN_POINT('',(-118.5,6.,144.));
#1030 = VERTEX_POINT('',#1031);
#1031 = CARTESIAN_POINT('',(-118.5,6.,153.));
#1032 = LINE('',#1033,#1034);
#1033 = CARTESIAN_POINT('',(-118.5,6.,144.));
#1034 = VECTOR('',#1035,1.);
#1035 = DIRECTION('',(0.,0.,1.));
#1036 = ORIENTED_EDGE('',*,*,#1037,.T.);
#1037 = EDGE_CURVE('',#1028,#1038,#1040,.T.);
#1038 = VERTEX_POINT('',#1039);
#1039 = CARTESIAN_POINT('',(-118.5,-6.,144.));
#1040 = LINE('',#1041,#1042);
#1041 = CARTESIAN_POINT('',(-118.5,6.,144.));
#1042 = VECTOR('',#1043,1.);
#1043 = DIRECTION('',(-1.224646799147E-16,-1.,0.));
#1044 = ORIENTED_EDGE('',*,*,#1045,.T.);
#1045 = EDGE_CURVE('',#1038,#1046,#1048,.T.);
#1046 = VERTEX_POINT('',#1047);
#1047 = CARTESIAN_POINT('',(-118.5,-6.,153.));
#1048 = LINE('',#1049,#1050);
#1049 = CARTESIAN_POINT('',(-118.5,-6.,144.));
#1050 = VECTOR('',#1051,1.);
#1051 = DIRECTION('',(0.,0.,1.));
#1052 = ORIENTED_EDGE('',*,*,#1053,.F.);
#1053 = EDGE_CURVE('',#1030,#1046,#1054,.T.);
#1054 = LINE('',#1055,#1056);
#1055 = CARTESIAN_POINT('',(-118.5,6.,153.));
#1056 = VECTOR('',#1057,1.);
#1057 = DIRECTION('',(-1.224646799147E-16,-1.,0.));
#1058 = PLANE('',#1059);
#1059 = AXIS2_PLACEMENT_3D('',#1060,#1061,#1062);
#1060 = CARTESIAN_POINT('',(-118.5,6.,144.));
#1061 = DIRECTION('',(-1.,1.224646799147E-16,0.));
#1062 = DIRECTION('',(0.,0.,1.));
#1063 = ADVANCED_FACE('',(#1064),#1080,.F.);
#1064 = FACE_BOUND('',#1065,.F.);
#1065 = EDGE_LOOP('',(#1066,#1072,#1073,#1079));
#1066 = ORIENTED_EDGE('',*,*,#1067,.F.);
#1067 = EDGE_CURVE('',#988,#1028,#1068,.T.);
#1068 = LINE('',#1069,#1070);
#1069 = CARTESIAN_POINT('',(-102.5,6.,144.));
#1070 = VECTOR('',#1071,1.);
#1071 = DIRECTION('',(-1.,1.224646799147E-16,0.));
#1072 = ORIENTED_EDGE('',*,*,#987,.T.);
#1073 = ORIENTED_EDGE('',*,*,#1074,.T.);
#1074 = EDGE_CURVE('',#990,#1030,#1075,.T.);
#1075 = LINE('',#1076,#1077);
#1076 = CARTESIAN_POINT('',(-102.5,6.,153.));
#1077 = VECTOR('',#1078,1.);
#1078 = DIRECTION('',(-1.,1.224646799147E-16,0.));
#1079 = ORIENTED_EDGE('',*,*,#1027,.F.);
#1080 = PLANE('',#1081);
#1081 = AXIS2_PLACEMENT_3D('',#1082,#1083,#1084);
#1082 = CARTESIAN_POINT('',(-102.5,6.,144.));
#1083 = DIRECTION('',(-1.224646799147E-16,-1.,0.));
#1084 = DIRECTION('',(0.,0.,1.));
#1085 = ADVANCED_FACE('',(#1086),#1102,.T.);
#1086 = FACE_BOUND('',#1087,.T.);
#1087 = EDGE_LOOP('',(#1088,#1094,#1095,#1101));
#1088 = ORIENTED_EDGE('',*,*,#1089,.F.);
#1089 = EDGE_CURVE('',#998,#1038,#1090,.T.);
#1090 = LINE('',#1091,#1092);
#1091 = CARTESIAN_POINT('',(-102.5,-6.,144.));
#1092 = VECTOR('',#1093,1.);
#1093 = DIRECTION('',(-1.,1.224646799147E-16,0.));
#1094 = ORIENTED_EDGE('',*,*,#1005,.T.);
#1095 = ORIENTED_EDGE('',*,*,#1096,.T.);
#1096 = EDGE_CURVE('',#1006,#1046,#1097,.T.);
#1097 = LINE('',#1098,#1099);
#1098 = CARTESIAN_POINT('',(-102.5,-6.,153.));
#1099 = VECTOR('',#1100,1.);
#1100 = DIRECTION('',(-1.,1.224646799147E-16,0.));
#1101 = ORIENTED_EDGE('',*,*,#1045,.F.);
#1102 = PLANE('',#1103);
#1103 = AXIS2_PLACEMENT_3D('',#1104,#1105,#1106);
#1104 = CARTESIAN_POINT('',(-102.5,-6.,144.));
#1105 = DIRECTION('',(-1.224646799147E-16,-1.,0.));
#1106 = DIRECTION('',(0.,0.,1.));
#1107 = ADVANCED_FACE('',(#1108),#1114,.F.);
#1108 = FACE_BOUND('',#1109,.F.);
#1109 = EDGE_LOOP('',(#1110,#1111,#1112,#1113));
#1110 = ORIENTED_EDGE('',*,*,#997,.F.);
#1111 = ORIENTED_EDGE('',*,*,#1067,.T.);
#1112 = ORIENTED_EDGE('',*,*,#1037,.T.);
#1113 = ORIENTED_EDGE('',*,*,#1089,.F.);
#1114 = PLANE('',#1115);
#1115 = AXIS2_PLACEMENT_3D('',#1116,#1117,#1118);
#1116 = CARTESIAN_POINT('',(-102.5,6.,144.));
#1117 = DIRECTION('',(0.,0.,1.));
#1118 = DIRECTION('',(-1.,1.224646799147E-16,0.));
#1119 = ADVANCED_FACE('',(#1120),#1126,.T.);
#1120 = FACE_BOUND('',#1121,.T.);
#1121 = EDGE_LOOP('',(#1122,#1123,#1124,#1125));
#1122 = ORIENTED_EDGE('',*,*,#1013,.F.);
#1123 = ORIENTED_EDGE('',*,*,#1074,.T.);
#1124 = ORIENTED_EDGE('',*,*,#1053,.T.);
#1125 = ORIENTED_EDGE('',*,*,#1096,.F.);
#1126 = PLANE('',#1127);
#1127 = AXIS2_PLACEMENT_3D('',#1128,#1129,#1130);
#1128 = CARTESIAN_POINT('',(-102.5,6.,153.));
#1129 = DIRECTION('',(0.,0.,1.));
#1130 = DIRECTION('',(-1.,1.224646799147E-16,0.));
#1131 = MANIFOLD_SOLID_BREP('',#1132);
#1132 = CLOSED_SHELL('',(#1133,#1173,#1213,#1235,#1257,#1269));
#1133 = ADVANCED_FACE('',(#1134),#1168,.F.);
#1134 = FACE_BOUND('',#1135,.F.);
#1135 = EDGE_LOOP('',(#1136,#1146,#1154,#1162));
#1136 = ORIENTED_EDGE('',*,*,#1137,.F.);
#1137 = EDGE_CURVE('',#1138,#1140,#1142,.T.);
#1138 = VERTEX_POINT('',#1139);
#1139 = CARTESIAN_POINT('',(-76.72108575874,-68.2358043845,144.));
#1140 = VERTEX_POINT('',#1141);
#1141 = CARTESIAN_POINT('',(-76.72108575874,-68.2358043845,153.));
#1142 = LINE('',#1143,#1144);
#1143 = CARTESIAN_POINT('',(-76.72108575874,-68.2358043845,144.));
#1144 = VECTOR('',#1145,1.);
#1145 = DIRECTION('',(0.,0.,1.));
#1146 = ORIENTED_EDGE('',*,*,#1147,.T.);
#1147 = EDGE_CURVE('',#1138,#1148,#1150,.T.);
#1148 = VERTEX_POINT('',#1149);
#1149 = CARTESIAN_POINT('',(-68.2358043845,-76.72108575874,144.));
#1150 = LINE('',#1151,#1152);
#1151 = CARTESIAN_POINT('',(-76.72108575874,-68.2358043845,144.));
#1152 = VECTOR('',#1153,1.);
#1153 = DIRECTION('',(0.707106781187,-0.707106781187,0.));
#1154 = ORIENTED_EDGE('',*,*,#1155,.T.);
#1155 = EDGE_CURVE('',#1148,#1156,#1158,.T.);
#1156 = VERTEX_POINT('',#1157);
#1157 = CARTESIAN_POINT('',(-68.2358043845,-76.72108575874,153.));
#1158 = LINE('',#1159,#1160);
#1159 = CARTESIAN_POINT('',(-68.2358043845,-76.72108575874,144.));
#1160 = VECTOR('',#1161,1.);
#1161 = DIRECTION('',(0.,0.,1.));
#1162 = ORIENTED_EDGE('',*,*,#1163,.F.);
#1163 = EDGE_CURVE('',#1140,#1156,#1164,.T.);
#1164 = LINE('',#1165,#1166);
#1165 = CARTESIAN_POINT('',(-76.72108575874,-68.2358043845,153.));
#1166 = VECTOR('',#1167,1.);
#1167 = DIRECTION('',(0.707106781187,-0.707106781187,0.));
#1168 = PLANE('',#1169);
#1169 = AXIS2_PLACEMENT_3D('',#1170,#1171,#1172);
#1170 = CARTESIAN_POINT('',(-76.72108575874,-68.2358043845,144.));
#1171 = DIRECTION('',(-0.707106781187,-0.707106781187,0.));
#1172 = DIRECTION('',(0.,0.,1.));
#1173 = ADVANCED_FACE('',(#1174),#1208,.T.);
#1174 = FACE_BOUND('',#1175,.T.);
#1175 = EDGE_LOOP('',(#1176,#1186,#1194,#1202));
#1176 = ORIENTED_EDGE('',*,*,#1177,.F.);
#1177 = EDGE_CURVE('',#1178,#1180,#1182,.T.);
#1178 = VERTEX_POINT('',#1179);
#1179 = CARTESIAN_POINT('',(-88.03479425772,-79.54951288348,144.));
#1180 = VERTEX_POINT('',#1181);
#1181 = CARTESIAN_POINT('',(-88.03479425772,-79.54951288348,153.));
#1182 = LINE('',#1183,#1184);
#1183 = CARTESIAN_POINT('',(-88.03479425772,-79.54951288348,144.));
#1184 = VECTOR('',#1185,1.);
#1185 = DIRECTION('',(0.,0.,1.));
#1186 = ORIENTED_EDGE('',*,*,#1187,.T.);
#1187 = EDGE_CURVE('',#1178,#1188,#1190,.T.);
#1188 = VERTEX_POINT('',#1189);
#1189 = CARTESIAN_POINT('',(-79.54951288348,-88.03479425772,144.));
#1190 = LINE('',#1191,#1192);
#1191 = CARTESIAN_POINT('',(-88.03479425772,-79.54951288348,144.));
#1192 = VECTOR('',#1193,1.);
#1193 = DIRECTION('',(0.707106781187,-0.707106781187,0.));
#1194 = ORIENTED_EDGE('',*,*,#1195,.T.);
#1195 = EDGE_CURVE('',#1188,#1196,#1198,.T.);
#1196 = VERTEX_POINT('',#1197);
#1197 = CARTESIAN_POINT('',(-79.54951288348,-88.03479425772,153.));
#1198 = LINE('',#1199,#1200);
#1199 = CARTESIAN_POINT('',(-79.54951288348,-88.03479425772,144.));
#1200 = VECTOR('',#1201,1.);
#1201 = DIRECTION('',(0.,0.,1.));
#1202 = ORIENTED_EDGE('',*,*,#1203,.F.);
#1203 = EDGE_CURVE('',#1180,#1196,#1204,.T.);
#1204 = LINE('',#1205,#1206);
#1205 = CARTESIAN_POINT('',(-88.03479425772,-79.54951288348,153.));
#1206 = VECTOR('',#1207,1.);
#1207 = DIRECTION('',(0.707106781187,-0.707106781187,0.));
#1208 = PLANE('',#1209);
#1209 = AXIS2_PLACEMENT_3D('',#1210,#1211,#1212);
#1210 = CARTESIAN_POINT('',(-88.03479425772,-79.54951288348,144.));
#1211 = DIRECTION('',(-0.707106781187,-0.707106781187,0.));
#1212 = DIRECTION('',(0.,0.,1.));
#1213 = ADVANCED_FACE('',(#1214),#1230,.F.);
#1214 = FACE_BOUND('',#1215,.F.);
#1215 = EDGE_LOOP('',(#1216,#1222,#1223,#1229));
#1216 = ORIENTED_EDGE('',*,*,#1217,.F.);
#1217 = EDGE_CURVE('',#1138,#1178,#1218,.T.);
#1218 = LINE('',#1219,#1220);
#1219 = CARTESIAN_POINT('',(-76.72108575874,-68.2358043845,144.));
#1220 = VECTOR('',#1221,1.);
#1221 = DIRECTION('',(-0.707106781187,-0.707106781187,0.));
#1222 = ORIENTED_EDGE('',*,*,#1137,.T.);
#1223 = ORIENTED_EDGE('',*,*,#1224,.T.);
#1224 = EDGE_CURVE('',#1140,#1180,#1225,.T.);
#1225 = LINE('',#1226,#1227);
#1226 = CARTESIAN_POINT('',(-76.72108575874,-68.2358043845,153.));
#1227 = VECTOR('',#1228,1.);
#1228 = DIRECTION('',(-0.707106781187,-0.707106781187,0.));
#1229 = ORIENTED_EDGE('',*,*,#1177,.F.);
#1230 = PLANE('',#1231);
#1231 = AXIS2_PLACEMENT_3D('',#1232,#1233,#1234);
#1232 = CARTESIAN_POINT('',(-76.72108575874,-68.2358043845,144.));
#1233 = DIRECTION('',(0.707106781187,-0.707106781187,0.));
#1234 = DIRECTION('',(0.,0.,1.));
#1235 = ADVANCED_FACE('',(#1236),#1252,.T.);
#1236 = FACE_BOUND('',#1237,.T.);
#1237 = EDGE_LOOP('',(#1238,#1244,#1245,#1251));
#1238 = ORIENTED_EDGE('',*,*,#1239,.F.);
#1239 = EDGE_CURVE('',#1148,#1188,#1240,.T.);
#1240 = LINE('',#1241,#1242);
#1241 = CARTESIAN_POINT('',(-68.2358043845,-76.72108575874,144.));
#1242 = VECTOR('',#1243,1.);
#1243 = DIRECTION('',(-0.707106781187,-0.707106781187,0.));
#1244 = ORIENTED_EDGE('',*,*,#1155,.T.);
#1245 = ORIENTED_EDGE('',*,*,#1246,.T.);
#1246 = EDGE_CURVE('',#1156,#1196,#1247,.T.);
#1247 = LINE('',#1248,#1249);
#1248 = CARTESIAN_POINT('',(-68.2358043845,-76.72108575874,153.));
#1249 = VECTOR('',#1250,1.);
#1250 = DIRECTION('',(-0.707106781187,-0.707106781187,0.));
#1251 = ORIENTED_EDGE('',*,*,#1195,.F.);
#1252 = PLANE('',#1253);
#1253 = AXIS2_PLACEMENT_3D('',#1254,#1255,#1256);
#1254 = CARTESIAN_POINT('',(-68.2358043845,-76.72108575874,144.));
#1255 = DIRECTION('',(0.707106781187,-0.707106781187,0.));
#1256 = DIRECTION('',(0.,0.,1.));
#1257 = ADVANCED_FACE('',(#1258),#1264,.F.);
#1258 = FACE_BOUND('',#1259,.F.);
#1259 = EDGE_LOOP('',(#1260,#1261,#1262,#1263));
#1260 = ORIENTED_EDGE('',*,*,#1147,.F.);
#1261 = ORIENTED_EDGE('',*,*,#1217,.T.);
#1262 = ORIENTED_EDGE('',*,*,#1187,.T.);
#1263 = ORIENTED_EDGE('',*,*,#1239,.F.);
#1264 = PLANE('',#1265);
#1265 = AXIS2_PLACEMENT_3D('',#1266,#1267,#1268);
#1266 = CARTESIAN_POINT('',(-76.72108575874,-68.2358043845,144.));
#1267 = DIRECTION('',(0.,0.,1.));
#1268 = DIRECTION('',(-0.707106781187,-0.707106781187,0.));
#1269 = ADVANCED_FACE('',(#1270),#1276,.T.);
#1270 = FACE_BOUND('',#1271,.T.);
#1271 = EDGE_LOOP('',(#1272,#1273,#1274,#1275));
#1272 = ORIENTED_EDGE('',*,*,#1163,.F.);
#1273 = ORIENTED_EDGE('',*,*,#1224,.T.);
#1274 = ORIENTED_EDGE('',*,*,#1203,.T.);
#1275 = ORIENTED_EDGE('',*,*,#1246,.F.);
#1276 = PLANE('',#1277);
#1277 = AXIS2_PLACEMENT_3D('',#1278,#1279,#1280);
#1278 = CARTESIAN_POINT('',(-76.72108575874,-68.2358043845,153.));
#1279 = DIRECTION('',(0.,0.,1.));
#1280 = DIRECTION('',(-0.707106781187,-0.707106781187,0.));
#1281 = MANIFOLD_SOLID_BREP('',#1282);
#1282 = CLOSED_SHELL('',(#1283,#1323,#1363,#1385,#1407,#1419));
#1283 = ADVANCED_FACE('',(#1284),#1318,.F.);
#1284 = FACE_BOUND('',#1285,.F.);
#1285 = EDGE_LOOP('',(#1286,#1296,#1304,#1312));
#1286 = ORIENTED_EDGE('',*,*,#1287,.F.);
#1287 = EDGE_CURVE('',#1288,#1290,#1292,.T.);
#1288 = VERTEX_POINT('',#1289);
#1289 = CARTESIAN_POINT('',(-6.,-102.5,144.));
#1290 = VERTEX_POINT('',#1291);
#1291 = CARTESIAN_POINT('',(-6.,-102.5,153.));
#1292 = LINE('',#1293,#1294);
#1293 = CARTESIAN_POINT('',(-6.,-102.5,144.));
#1294 = VECTOR('',#1295,1.);
#1295 = DIRECTION('',(0.,0.,1.));
#1296 = ORIENTED_EDGE('',*,*,#1297,.T.);
#1297 = EDGE_CURVE('',#1288,#1298,#1300,.T.);
#1298 = VERTEX_POINT('',#1299);
#1299 = CARTESIAN_POINT('',(6.,-102.5,144.));
#1300 = LINE('',#1301,#1302);
#1301 = CARTESIAN_POINT('',(-6.,-102.5,144.));
#1302 = VECTOR('',#1303,1.);
#1303 = DIRECTION('',(1.,-2.22044604925E-16,0.));
#1304 = ORIENTED_EDGE('',*,*,#1305,.T.);
#1305 = EDGE_CURVE('',#1298,#1306,#1308,.T.);
#1306 = VERTEX_POINT('',#1307);
#1307 = CARTESIAN_POINT('',(6.,-102.5,153.));
#1308 = LINE('',#1309,#1310);
#1309 = CARTESIAN_POINT('',(6.,-102.5,144.));
#1310 = VECTOR('',#1311,1.);
#1311 = DIRECTION('',(0.,0.,1.));
#1312 = ORIENTED_EDGE('',*,*,#1313,.F.);
#1313 = EDGE_CURVE('',#1290,#1306,#1314,.T.);
#1314 = LINE('',#1315,#1316);
#1315 = CARTESIAN_POINT('',(-6.,-102.5,153.));
#1316 = VECTOR('',#1317,1.);
#1317 = DIRECTION('',(1.,-2.22044604925E-16,0.));
#1318 = PLANE('',#1319);
#1319 = AXIS2_PLACEMENT_3D('',#1320,#1321,#1322);
#1320 = CARTESIAN_POINT('',(-6.,-102.5,144.));
#1321 = DIRECTION('',(-2.22044604925E-16,-1.,0.));
#1322 = DIRECTION('',(0.,0.,1.));
#1323 = ADVANCED_FACE('',(#1324),#1358,.T.);
#1324 = FACE_BOUND('',#1325,.T.);
#1325 = EDGE_LOOP('',(#1326,#1336,#1344,#1352));
#1326 = ORIENTED_EDGE('',*,*,#1327,.F.);
#1327 = EDGE_CURVE('',#1328,#1330,#1332,.T.);
#1328 = VERTEX_POINT('',#1329);
#1329 = CARTESIAN_POINT('',(-6.,-118.5,144.));
#1330 = VERTEX_POINT('',#1331);
#1331 = CARTESIAN_POINT('',(-6.,-118.5,153.));
#1332 = LINE('',#1333,#1334);
#1333 = CARTESIAN_POINT('',(-6.,-118.5,144.));
#1334 = VECTOR('',#1335,1.);
#1335 = DIRECTION('',(0.,0.,1.));
#1336 = ORIENTED_EDGE('',*,*,#1337,.T.);
#1337 = EDGE_CURVE('',#1328,#1338,#1340,.T.);
#1338 = VERTEX_POINT('',#1339);
#1339 = CARTESIAN_POINT('',(6.,-118.5,144.));
#1340 = LINE('',#1341,#1342);
#1341 = CARTESIAN_POINT('',(-6.,-118.5,144.));
#1342 = VECTOR('',#1343,1.);
#1343 = DIRECTION('',(1.,-2.22044604925E-16,0.));
#1344 = ORIENTED_EDGE('',*,*,#1345,.T.);
#1345 = EDGE_CURVE('',#1338,#1346,#1348,.T.);
#1346 = VERTEX_POINT('',#1347);
#1347 = CARTESIAN_POINT('',(6.,-118.5,153.));
#1348 = LINE('',#1349,#1350);
#1349 = CARTESIAN_POINT('',(6.,-118.5,144.));
#1350 = VECTOR('',#1351,1.);
#1351 = DIRECTION('',(0.,0.,1.));
#1352 = ORIENTED_EDGE('',*,*,#1353,.F.);
#1353 = EDGE_CURVE('',#1330,#1346,#1354,.T.);
#1354 = LINE('',#1355,#1356);
#1355 = CARTESIAN_POINT('',(-6.,-118.5,153.));
#1356 = VECTOR('',#1357,1.);
#1357 = DIRECTION('',(1.,-2.22044604925E-16,0.));
#1358 = PLANE('',#1359);
#1359 = AXIS2_PLACEMENT_3D('',#1360,#1361,#1362);
#1360 = CARTESIAN_POINT('',(-6.,-118.5,144.));
#1361 = DIRECTION('',(-2.22044604925E-16,-1.,0.));
#1362 = DIRECTION('',(0.,0.,1.));
#1363 = ADVANCED_FACE('',(#1364),#1380,.F.);
#1364 = FACE_BOUND('',#1365,.F.);
#1365 = EDGE_LOOP('',(#1366,#1372,#1373,#1379));
#1366 = ORIENTED_EDGE('',*,*,#1367,.F.);
#1367 = EDGE_CURVE('',#1288,#1328,#1368,.T.);
#1368 = LINE('',#1369,#1370);
#1369 = CARTESIAN_POINT('',(-6.,-102.5,144.));
#1370 = VECTOR('',#1371,1.);
#1371 = DIRECTION('',(-2.22044604925E-16,-1.,0.));
#1372 = ORIENTED_EDGE('',*,*,#1287,.T.);
#1373 = ORIENTED_EDGE('',*,*,#1374,.T.);
#1374 = EDGE_CURVE('',#1290,#1330,#1375,.T.);
#1375 = LINE('',#1376,#1377);
#1376 = CARTESIAN_POINT('',(-6.,-102.5,153.));
#1377 = VECTOR('',#1378,1.);
#1378 = DIRECTION('',(-2.22044604925E-16,-1.,0.));
#1379 = ORIENTED_EDGE('',*,*,#1327,.F.);
#1380 = PLANE('',#1381);
#1381 = AXIS2_PLACEMENT_3D('',#1382,#1383,#1384);
#1382 = CARTESIAN_POINT('',(-6.,-102.5,144.));
#1383 = DIRECTION('',(1.,-2.22044604925E-16,0.));
#1384 = DIRECTION('',(0.,0.,1.));
#1385 = ADVANCED_FACE('',(#1386),#1402,.T.);
#1386 = FACE_BOUND('',#1387,.T.);
#1387 = EDGE_LOOP('',(#1388,#1394,#1395,#1401));
#1388 = ORIENTED_EDGE('',*,*,#1389,.F.);
#1389 = EDGE_CURVE('',#1298,#1338,#1390,.T.);
#1390 = LINE('',#1391,#1392);
#1391 = CARTESIAN_POINT('',(6.,-102.5,144.));
#1392 = VECTOR('',#1393,1.);
#1393 = DIRECTION('',(-2.22044604925E-16,-1.,0.));
#1394 = ORIENTED_EDGE('',*,*,#1305,.T.);
#1395 = ORIENTED_EDGE('',*,*,#1396,.T.);
#1396 = EDGE_CURVE('',#1306,#1346,#1397,.T.);
#1397 = LINE('',#1398,#1399);
#1398 = CARTESIAN_POINT('',(6.,-102.5,153.));
#1399 = VECTOR('',#1400,1.);
#1400 = DIRECTION('',(-2.22044604925E-16,-1.,0.));
#1401 = ORIENTED_EDGE('',*,*,#1345,.F.);
#1402 = PLANE('',#1403);
#1403 = AXIS2_PLACEMENT_3D('',#1404,#1405,#1406);
#1404 = CARTESIAN_POINT('',(6.,-102.5,144.));
#1405 = DIRECTION('',(1.,-2.22044604925E-16,0.));
#1406 = DIRECTION('',(0.,0.,1.));
#1407 = ADVANCED_FACE('',(#1408),#1414,.F.);
#1408 = FACE_BOUND('',#1409,.F.);
#1409 = EDGE_LOOP('',(#1410,#1411,#1412,#1413));
#1410 = ORIENTED_EDGE('',*,*,#1297,.F.);
#1411 = ORIENTED_EDGE('',*,*,#1367,.T.);
#1412 = ORIENTED_EDGE('',*,*,#1337,.T.);
#1413 = ORIENTED_EDGE('',*,*,#1389,.F.);
#1414 = PLANE('',#1415);
#1415 = AXIS2_PLACEMENT_3D('',#1416,#1417,#1418);
#1416 = CARTESIAN_POINT('',(-6.,-102.5,144.));
#1417 = DIRECTION('',(0.,0.,1.));
#1418 = DIRECTION('',(-2.22044604925E-16,-1.,0.));
#1419 = ADVANCED_FACE('',(#1420),#1426,.T.);
#1420 = FACE_BOUND('',#1421,.T.);
#1421 = EDGE_LOOP('',(#1422,#1423,#1424,#1425));
#1422 = ORIENTED_EDGE('',*,*,#1313,.F.);
#1423 = ORIENTED_EDGE('',*,*,#1374,.T.);
#1424 = ORIENTED_EDGE('',*,*,#1353,.T.);
#1425 = ORIENTED_EDGE('',*,*,#1396,.F.);
#1426 = PLANE('',#1427);
#1427 = AXIS2_PLACEMENT_3D('',#1428,#1429,#1430);
#1428 = CARTESIAN_POINT('',(-6.,-102.5,153.));
#1429 = DIRECTION('',(0.,0.,1.));
#1430 = DIRECTION('',(-2.22044604925E-16,-1.,0.));
#1431 = MANIFOLD_SOLID_BREP('',#1432);
#1432 = CLOSED_SHELL('',(#1433,#1473,#1513,#1535,#1557,#1569));
#1433 = ADVANCED_FACE('',(#1434),#1468,.F.);
#1434 = FACE_BOUND('',#1435,.F.);
#1435 = EDGE_LOOP('',(#1436,#1446,#1454,#1462));
#1436 = ORIENTED_EDGE('',*,*,#1437,.F.);
#1437 = EDGE_CURVE('',#1438,#1440,#1442,.T.);
#1438 = VERTEX_POINT('',#1439);
#1439 = CARTESIAN_POINT('',(68.235804384502,-76.72108575874,144.));
#1440 = VERTEX_POINT('',#1441);
#1441 = CARTESIAN_POINT('',(68.235804384502,-76.72108575874,153.));
#1442 = LINE('',#1443,#1444);
#1443 = CARTESIAN_POINT('',(68.235804384502,-76.72108575874,144.));
#1444 = VECTOR('',#1445,1.);
#1445 = DIRECTION('',(0.,0.,1.));
#1446 = ORIENTED_EDGE('',*,*,#1447,.T.);
#1447 = EDGE_CURVE('',#1438,#1448,#1450,.T.);
#1448 = VERTEX_POINT('',#1449);
#1449 = CARTESIAN_POINT('',(76.72108575874,-68.2358043845,144.));
#1450 = LINE('',#1451,#1452);
#1451 = CARTESIAN_POINT('',(68.235804384502,-76.72108575874,144.));
#1452 = VECTOR('',#1453,1.);
#1453 = DIRECTION('',(0.707106781187,0.707106781187,0.));
#1454 = ORIENTED_EDGE('',*,*,#1455,.T.);
#1455 = EDGE_CURVE('',#1448,#1456,#1458,.T.);
#1456 = VERTEX_POINT('',#1457);
#1457 = CARTESIAN_POINT('',(76.72108575874,-68.2358043845,153.));
#1458 = LINE('',#1459,#1460);
#1459 = CARTESIAN_POINT('',(76.72108575874,-68.2358043845,144.));
#1460 = VECTOR('',#1461,1.);
#1461 = DIRECTION('',(0.,0.,1.));
#1462 = ORIENTED_EDGE('',*,*,#1463,.F.);
#1463 = EDGE_CURVE('',#1440,#1456,#1464,.T.);
#1464 = LINE('',#1465,#1466);
#1465 = CARTESIAN_POINT('',(68.235804384502,-76.72108575874,153.));
#1466 = VECTOR('',#1467,1.);
#1467 = DIRECTION('',(0.707106781187,0.707106781187,0.));
#1468 = PLANE('',#1469);
#1469 = AXIS2_PLACEMENT_3D('',#1470,#1471,#1472);
#1470 = CARTESIAN_POINT('',(68.235804384502,-76.72108575874,144.));
#1471 = DIRECTION('',(0.707106781187,-0.707106781187,0.));
#1472 = DIRECTION('',(0.,0.,1.));
#1473 = ADVANCED_FACE('',(#1474),#1508,.T.);
#1474 = FACE_BOUND('',#1475,.T.);
#1475 = EDGE_LOOP('',(#1476,#1486,#1494,#1502));
#1476 = ORIENTED_EDGE('',*,*,#1477,.F.);
#1477 = EDGE_CURVE('',#1478,#1480,#1482,.T.);
#1478 = VERTEX_POINT('',#1479);
#1479 = CARTESIAN_POINT('',(79.549512883487,-88.03479425772,144.));
#1480 = VERTEX_POINT('',#1481);
#1481 = CARTESIAN_POINT('',(79.549512883487,-88.03479425772,153.));
#1482 = LINE('',#1483,#1484);
#1483 = CARTESIAN_POINT('',(79.549512883487,-88.03479425772,144.));
#1484 = VECTOR('',#1485,1.);
#1485 = DIRECTION('',(0.,0.,1.));
#1486 = ORIENTED_EDGE('',*,*,#1487,.T.);
#1487 = EDGE_CURVE('',#1478,#1488,#1490,.T.);
#1488 = VERTEX_POINT('',#1489);
#1489 = CARTESIAN_POINT('',(88.034794257725,-79.54951288348,144.));
#1490 = LINE('',#1491,#1492);
#1491 = CARTESIAN_POINT('',(79.549512883487,-88.03479425772,144.));
#1492 = VECTOR('',#1493,1.);
#1493 = DIRECTION('',(0.707106781187,0.707106781187,0.));
#1494 = ORIENTED_EDGE('',*,*,#1495,.T.);
#1495 = EDGE_CURVE('',#1488,#1496,#1498,.T.);
#1496 = VERTEX_POINT('',#1497);
#1497 = CARTESIAN_POINT('',(88.034794257725,-79.54951288348,153.));
#1498 = LINE('',#1499,#1500);
#1499 = CARTESIAN_POINT('',(88.034794257725,-79.54951288348,144.));
#1500 = VECTOR('',#1501,1.);
#1501 = DIRECTION('',(0.,0.,1.));
#1502 = ORIENTED_EDGE('',*,*,#1503,.F.);
#1503 = EDGE_CURVE('',#1480,#1496,#1504,.T.);
#1504 = LINE('',#1505,#1506);
#1505 = CARTESIAN_POINT('',(79.549512883487,-88.03479425772,153.));
#1506 = VECTOR('',#1507,1.);
#1507 = DIRECTION('',(0.707106781187,0.707106781187,0.));
#1508 = PLANE('',#1509);
#1509 = AXIS2_PLACEMENT_3D('',#1510,#1511,#1512);
#1510 = CARTESIAN_POINT('',(79.549512883487,-88.03479425772,144.));
#1511 = DIRECTION('',(0.707106781187,-0.707106781187,0.));
#1512 = DIRECTION('',(0.,0.,1.));
#1513 = ADVANCED_FACE('',(#1514),#1530,.F.);
#1514 = FACE_BOUND('',#1515,.F.);
#1515 = EDGE_LOOP('',(#1516,#1522,#1523,#1529));
#1516 = ORIENTED_EDGE('',*,*,#1517,.F.);
#1517 = EDGE_CURVE('',#1438,#1478,#1518,.T.);
#1518 = LINE('',#1519,#1520);
#1519 = CARTESIAN_POINT('',(68.235804384502,-76.72108575874,144.));
#1520 = VECTOR('',#1521,1.);
#1521 = DIRECTION('',(0.707106781187,-0.707106781187,0.));
#1522 = ORIENTED_EDGE('',*,*,#1437,.T.);
#1523 = ORIENTED_EDGE('',*,*,#1524,.T.);
#1524 = EDGE_CURVE('',#1440,#1480,#1525,.T.);
#1525 = LINE('',#1526,#1527);
#1526 = CARTESIAN_POINT('',(68.235804384502,-76.72108575874,153.));
#1527 = VECTOR('',#1528,1.);
#1528 = DIRECTION('',(0.707106781187,-0.707106781187,0.));
#1529 = ORIENTED_EDGE('',*,*,#1477,.F.);
#1530 = PLANE('',#1531);
#1531 = AXIS2_PLACEMENT_3D('',#1532,#1533,#1534);
#1532 = CARTESIAN_POINT('',(68.235804384502,-76.72108575874,144.));
#1533 = DIRECTION('',(0.707106781187,0.707106781187,0.));
#1534 = DIRECTION('',(0.,0.,1.));
#1535 = ADVANCED_FACE('',(#1536),#1552,.T.);
#1536 = FACE_BOUND('',#1537,.T.);
#1537 = EDGE_LOOP('',(#1538,#1544,#1545,#1551));
#1538 = ORIENTED_EDGE('',*,*,#1539,.F.);
#1539 = EDGE_CURVE('',#1448,#1488,#1540,.T.);
#1540 = LINE('',#1541,#1542);
#1541 = CARTESIAN_POINT('',(76.72108575874,-68.2358043845,144.));
#1542 = VECTOR('',#1543,1.);
#1543 = DIRECTION('',(0.707106781187,-0.707106781187,0.));
#1544 = ORIENTED_EDGE('',*,*,#1455,.T.);
#1545 = ORIENTED_EDGE('',*,*,#1546,.T.);
#1546 = EDGE_CURVE('',#1456,#1496,#1547,.T.);
#1547 = LINE('',#1548,#1549);
#1548 = CARTESIAN_POINT('',(76.72108575874,-68.2358043845,153.));
#1549 = VECTOR('',#1550,1.);
#1550 = DIRECTION('',(0.707106781187,-0.707106781187,0.));
#1551 = ORIENTED_EDGE('',*,*,#1495,.F.);
#1552 = PLANE('',#1553);
#1553 = AXIS2_PLACEMENT_3D('',#1554,#1555,#1556);
#1554 = CARTESIAN_POINT('',(76.72108575874,-68.2358043845,144.));
#1555 = DIRECTION('',(0.707106781187,0.707106781187,0.));
#1556 = DIRECTION('',(0.,0.,1.));
#1557 = ADVANCED_FACE('',(#1558),#1564,.F.);
#1558 = FACE_BOUND('',#1559,.F.);
#1559 = EDGE_LOOP('',(#1560,#1561,#1562,#1563));
#1560 = ORIENTED_EDGE('',*,*,#1447,.F.);
#1561 = ORIENTED_EDGE('',*,*,#1517,.T.);
#1562 = ORIENTED_EDGE('',*,*,#1487,.T.);
#1563 = ORIENTED_EDGE('',*,*,#1539,.F.);
#1564 = PLANE('',#1565);
#1565 = AXIS2_PLACEMENT_3D('',#1566,#1567,#1568);
#1566 = CARTESIAN_POINT('',(68.235804384502,-76.72108575874,144.));
#1567 = DIRECTION('',(0.,0.,1.));
#1568 = DIRECTION('',(0.707106781187,-0.707106781187,0.));
#1569 = ADVANCED_FACE('',(#1570),#1576,.T.);
#1570 = FACE_BOUND('',#1571,.T.);
#1571 = EDGE_LOOP('',(#1572,#1573,#1574,#1575));
#1572 = ORIENTED_EDGE('',*,*,#1463,.F.);
#1573 = ORIENTED_EDGE('',*,*,#1524,.T.);
#1574 = ORIENTED_EDGE('',*,*,#1503,.T.);
#1575 = ORIENTED_EDGE('',*,*,#1546,.F.);
#1576 = PLANE('',#1577);
#1577 = AXIS2_PLACEMENT_3D('',#1578,#1579,#1580);
#1578 = CARTESIAN_POINT('',(68.235804384502,-76.72108575874,153.));
#1579 = DIRECTION('',(0.,0.,1.));
#1580 = DIRECTION('',(0.707106781187,-0.707106781187,0.));
#1581 = ( GEOMETRIC_REPRESENTATION_CONTEXT(3) 
GLOBAL_UNCERTAINTY_ASSIGNED_CONTEXT((#1585)) 
GLOBAL_UNIT_ASSIGNED_CONTEXT((#1582,#1583,#1584)) REPRESENTATION_CONTEXT
('Context #1','3D Context with UNIT and UNCERTAINTY') );
#1582 = ( LENGTH_UNIT() NAMED_UNIT(*) SI_UNIT(.MILLI.,.METRE.) );
#1583 = ( NAMED_UNIT(*) PLANE_ANGLE_UNIT() SI_UNIT($,.RADIAN.) );
#1584 = ( NAMED_UNIT(*) SI_UNIT($,.STERADIAN.) SOLID_ANGLE_UNIT() );
#1585 = UNCERTAINTY_MEASURE_WITH_UNIT(LENGTH_MEASURE(1.E-07),#1582,
  'distance_accuracy_value','confusion accuracy');
#1586 = CONTEXT_DEPENDENT_SHAPE_REPRESENTATION(#1587,#1589);
#1587 = ( REPRESENTATION_RELATIONSHIP('','',#380,#10) 
REPRESENTATION_RELATIONSHIP_WITH_TRANSFORMATION(#1588) 
SHAPE_REPRESENTATION_RELATIONSHIP() );
#1588 = ITEM_DEFINED_TRANSFORMATION('','',#11,#27);
#1589 = PRODUCT_DEFINITION_SHAPE('Placement','Placement of an item',
  #1590);
#1590 = NEXT_ASSEMBLY_USAGE_OCCURRENCE('4',
'05 — 8-позиционный кольцевой замок 
крышки','',#5,#375,$);
#1591 = PRODUCT_RELATED_PRODUCT_CATEGORY('part',$,(#377));
#1592 = SHAPE_DEFINITION_REPRESENTATION(#1593,#1599);
#1593 = PRODUCT_DEFINITION_SHAPE('','',#1594);
#1594 = PRODUCT_DEFINITION('design','',#1595,#1598);
#1595 = PRODUCT_DEFINITION_FORMATION('','',#1596);
#1596 = PRODUCT(
  '06 — Двухленточный рабочий орган A, 180°'
  ,
  '06 — Двухленточный рабочий орган A, 180°'
  ,'',(#1597));
#1597 = PRODUCT_CONTEXT('',#2,'mechanical');
#1598 = PRODUCT_DEFINITION_CONTEXT('part definition',#2,'design');
#1599 = SHAPE_REPRESENTATION('',(#11,#1600,#1918),#2236);
#1600 = MANIFOLD_SOLID_BREP('',#1601);
#1601 = CLOSED_SHELL('',(#1602,#1698,#1771,#1844,#1894,#1906));
#1602 = ADVANCED_FACE('',(#1603),#1663,.F.);
#1603 = FACE_BOUND('',#1604,.F.);
#1604 = EDGE_LOOP('',(#1605,#1629,#1636,#1658));
#1605 = ORIENTED_EDGE('',*,*,#1606,.F.);
#1606 = EDGE_CURVE('',#1607,#1609,#1611,.T.);
#1607 = VERTEX_POINT('',#1608);
#1608 = CARTESIAN_POINT('',(60.5,0.,14.));
#1609 = VERTEX_POINT('',#1610);
#1610 = CARTESIAN_POINT('',(41.713747952089,27.376629171029,
    77.899041208853));
#1611 = B_SPLINE_CURVE_WITH_KNOTS('',9,(#1612,#1613,#1614,#1615,#1616,
    #1617,#1618,#1619,#1620,#1621,#1622,#1623,#1624,#1625,#1626,#1627,
    #1628),.UNSPECIFIED.,.F.,.F.,(10,7,10),(0.,38.152772480691,
    76.305544961383),.UNSPECIFIED.);
#1612 = CARTESIAN_POINT('',(60.5,-7.105427357601E-15,14.));
#1613 = CARTESIAN_POINT('',(59.568204080564,22.969169990752,
    17.98927324236));
#1614 = CARTESIAN_POINT('',(48.844180908005,45.156042540383,
    21.908862654485));
#1615 = CARTESIAN_POINT('',(28.897098926689,61.796311310191,
    25.759955611631));
#1616 = CARTESIAN_POINT('',(2.989562584319,68.571715862773,
    29.545501043574));
#1617 = CARTESIAN_POINT('',(-23.27409122517,63.37848456072,
    33.267054127489));
#1618 = CARTESIAN_POINT('',(-43.93920780358,47.953300756063,
    36.929108743585));
#1619 = CARTESIAN_POINT('',(-55.53409728886,26.683377385039,
    40.534739648821));
#1620 = CARTESIAN_POINT('',(-59.29519581626,-17.83693406539,
    47.642354905712));
#1621 = CARTESIAN_POINT('',(-30.37797135852,-50.63033325323,
    54.561374452581));
#1622 = CARTESIAN_POINT('',(-9.294211024797,-60.17371435182,
    57.978297332387));
#1623 = CARTESIAN_POINT('',(14.695986046543,-59.88988920869,
    61.358782796908));
#1624 = CARTESIAN_POINT('',(36.358652404311,-49.1616619755,
    64.70549946923));
#1625 = CARTESIAN_POINT('',(50.884462025843,-30.65869934369,
    68.028908409191));
#1626 = CARTESIAN_POINT('',(56.053744593856,-8.950003843368,
    71.330043715417));
#1627 = CARTESIAN_POINT('',(52.260700607728,11.479366515679,
    74.618533672669));
#1628 = CARTESIAN_POINT('',(41.713747952089,27.376629171029,
    77.899041208853));
#1629 = ORIENTED_EDGE('',*,*,#1630,.T.);
#1630 = EDGE_CURVE('',#1607,#1631,#1633,.T.);
#1631 = VERTEX_POINT('',#1632);
#1632 = CARTESIAN_POINT('',(67.5,0.,14.));
#1633 = B_SPLINE_CURVE_WITH_KNOTS('',1,(#1634,#1635),.UNSPECIFIED.,.F.,
  .F.,(2,2),(0.,7.),.PIECEWISE_BEZIER_KNOTS.);
#1634 = CARTESIAN_POINT('',(60.5,-7.105427357601E-15,14.));
#1635 = CARTESIAN_POINT('',(67.5,0.,14.));
#1636 = ORIENTED_EDGE('',*,*,#1637,.T.);
#1637 = EDGE_CURVE('',#1631,#1638,#1640,.T.);
#1638 = VERTEX_POINT('',#1639);
#1639 = CARTESIAN_POINT('',(44.37874319577,27.657565808897,
    84.365792708382));
#1640 = B_SPLINE_CURVE_WITH_KNOTS('',9,(#1641,#1642,#1643,#1644,#1645,
    #1646,#1647,#1648,#1649,#1650,#1651,#1652,#1653,#1654,#1655,#1656,
    #1657),.UNSPECIFIED.,.F.,.F.,(10,7,10),(0.,38.152772480691,
    76.305544961383),.UNSPECIFIED.);
#1641 = CARTESIAN_POINT('',(67.5,0.,14.));
#1642 = CARTESIAN_POINT('',(66.568204080564,25.541006843289,
    18.45517120208));
#1643 = CARTESIAN_POINT('',(54.746276419712,50.29946561717,
    22.840487078711));
#1644 = CARTESIAN_POINT('',(32.60368608074,68.959092277788,
    27.154819209094));
#1645 = CARTESIAN_POINT('',(3.735650938809,76.649943195575,
    31.396339109339));
#1646 = CARTESIAN_POINT('',(-25.5832543218,70.955271554152,
    35.56599934674));
#1647 = CARTESIAN_POINT('',(-48.63327525422,53.828768054663,
    39.663039017998));
#1648 = CARTESIAN_POINT('',(-61.56014170106,30.231685699121,
    43.689072639523));
#1649 = CARTESIAN_POINT('',(-65.85390660234,-19.05599611307,
    51.601929561392));
#1650 = CARTESIAN_POINT('',(-34.1182074985,-55.21049380923,
    59.245285377298));
#1651 = CARTESIAN_POINT('',(-11.01550595653,-65.67500791373,
    63.001659179039));
#1652 = CARTESIAN_POINT('',(15.139840536418,-65.3110829333,
    66.696333739701));
#1653 = CARTESIAN_POINT('',(38.537279974534,-53.5901845556,
    70.330369230844));
#1654 = CARTESIAN_POINT('',(54.023235112967,-33.65877744238,
    73.91149010065));
#1655 = CARTESIAN_POINT('',(59.434220849254,-10.54493870669,
    77.439949804438));
#1656 = CARTESIAN_POINT('',(55.398385333496,11.001917277323,
    80.923433144437));
#1657 = CARTESIAN_POINT('',(44.37874319577,27.657565808897,
    84.365792708382));
#1658 = ORIENTED_EDGE('',*,*,#1659,.F.);
#1659 = EDGE_CURVE('',#1609,#1638,#1660,.T.);
#1660 = B_SPLINE_CURVE_WITH_KNOTS('',1,(#1661,#1662),.UNSPECIFIED.,.F.,
  .F.,(2,2),(0.,7.),.PIECEWISE_BEZIER_KNOTS.);
#1661 = CARTESIAN_POINT('',(41.713747952089,27.376629171029,
    77.899041208853));
#1662 = CARTESIAN_POINT('',(44.37874319577,27.657565808897,
    84.365792708382));
#1663 = B_SPLINE_SURFACE_WITH_KNOTS('',1,9,(
    (#1664,#1665,#1666,#1667,#1668,#1669,#1670,#1671,#1672,#1673,#1674
      ,#1675,#1676,#1677,#1678,#1679,#1680)
    ,(#1681,#1682,#1683,#1684,#1685,#1686,#1687,#1688,#1689,#1690,#1691
      ,#1692,#1693,#1694,#1695,#1696,#1697
    )),.UNSPECIFIED.,.F.,.F.,.F.,(2,2),(10,7,10),(0.,7.),(0.,
    38.152772480691,76.305544961383),.UNSPECIFIED.);
#1664 = CARTESIAN_POINT('',(60.5,-7.105427357601E-15,14.));
#1665 = CARTESIAN_POINT('',(59.568204080564,22.969169990752,
    17.98927324236));
#1666 = CARTESIAN_POINT('',(48.844180908005,45.156042540383,
    21.908862654485));
#1667 = CARTESIAN_POINT('',(28.897098926689,61.796311310191,
    25.759955611631));
#1668 = CARTESIAN_POINT('',(2.989562584319,68.571715862773,
    29.545501043574));
#1669 = CARTESIAN_POINT('',(-23.27409122517,63.37848456072,
    33.267054127489));
#1670 = CARTESIAN_POINT('',(-43.93920780358,47.953300756063,
    36.929108743585));
#1671 = CARTESIAN_POINT('',(-55.53409728886,26.683377385039,
    40.534739648821));
#1672 = CARTESIAN_POINT('',(-59.29519581626,-17.83693406539,
    47.642354905712));
#1673 = CARTESIAN_POINT('',(-30.37797135852,-50.63033325323,
    54.561374452581));
#1674 = CARTESIAN_POINT('',(-9.294211024797,-60.17371435182,
    57.978297332387));
#1675 = CARTESIAN_POINT('',(14.695986046543,-59.88988920869,
    61.358782796908));
#1676 = CARTESIAN_POINT('',(36.358652404311,-49.1616619755,
    64.70549946923));
#1677 = CARTESIAN_POINT('',(50.884462025843,-30.65869934369,
    68.028908409191));
#1678 = CARTESIAN_POINT('',(56.053744593856,-8.950003843368,
    71.330043715417));
#1679 = CARTESIAN_POINT('',(52.260700607728,11.479366515679,
    74.618533672669));
#1680 = CARTESIAN_POINT('',(41.713747952089,27.376629171029,
    77.899041208853));
#1681 = CARTESIAN_POINT('',(67.5,0.,14.));
#1682 = CARTESIAN_POINT('',(66.568204080564,25.541006843289,
    18.45517120208));
#1683 = CARTESIAN_POINT('',(54.746276419712,50.29946561717,
    22.840487078711));
#1684 = CARTESIAN_POINT('',(32.60368608074,68.959092277788,
    27.154819209094));
#1685 = CARTESIAN_POINT('',(3.735650938809,76.649943195575,
    31.396339109339));
#1686 = CARTESIAN_POINT('',(-25.5832543218,70.955271554152,
    35.56599934674));
#1687 = CARTESIAN_POINT('',(-48.63327525422,53.828768054663,
    39.663039017998));
#1688 = CARTESIAN_POINT('',(-61.56014170106,30.231685699121,
    43.689072639523));
#1689 = CARTESIAN_POINT('',(-65.85390660234,-19.05599611307,
    51.601929561392));
#1690 = CARTESIAN_POINT('',(-34.1182074985,-55.21049380923,
    59.245285377298));
#1691 = CARTESIAN_POINT('',(-11.01550595653,-65.67500791373,
    63.001659179039));
#1692 = CARTESIAN_POINT('',(15.139840536418,-65.3110829333,
    66.696333739701));
#1693 = CARTESIAN_POINT('',(38.537279974534,-53.5901845556,
    70.330369230844));
#1694 = CARTESIAN_POINT('',(54.023235112967,-33.65877744238,
    73.91149010065));
#1695 = CARTESIAN_POINT('',(59.434220849254,-10.54493870669,
    77.439949804438));
#1696 = CARTESIAN_POINT('',(55.398385333496,11.001917277323,
    80.923433144437));
#1697 = CARTESIAN_POINT('',(44.37874319577,27.657565808897,
    84.365792708382));
#1698 = ADVANCED_FACE('',(#1699),#1736,.F.);
#1699 = FACE_BOUND('',#1700,.F.);
#1700 = EDGE_LOOP('',(#1701,#1702,#1709,#1731));
#1701 = ORIENTED_EDGE('',*,*,#1637,.F.);
#1702 = ORIENTED_EDGE('',*,*,#1703,.T.);
#1703 = EDGE_CURVE('',#1631,#1704,#1706,.T.);
#1704 = VERTEX_POINT('',#1705);
#1705 = CARTESIAN_POINT('',(67.5,0.,22.));
#1706 = B_SPLINE_CURVE_WITH_KNOTS('',1,(#1707,#1708),.UNSPECIFIED.,.F.,
  .F.,(2,2),(0.,8.),.PIECEWISE_BEZIER_KNOTS.);
#1707 = CARTESIAN_POINT('',(67.5,0.,14.));
#1708 = CARTESIAN_POINT('',(67.5,7.105427357601E-15,22.));
#1709 = ORIENTED_EDGE('',*,*,#1710,.T.);
#1710 = EDGE_CURVE('',#1704,#1711,#1713,.T.);
#1711 = VERTEX_POINT('',#1712);
#1712 = CARTESIAN_POINT('',(37.581899072005,24.62416222946,
    87.298602399021));
#1713 = B_SPLINE_CURVE_WITH_KNOTS('',9,(#1714,#1715,#1716,#1717,#1718,
    #1719,#1720,#1721,#1722,#1723,#1724,#1725,#1726,#1727,#1728,#1729,
    #1730),.UNSPECIFIED.,.F.,.F.,(10,7,10),(0.,38.152772480691,
    76.305544961383),.UNSPECIFIED.);
#1714 = CARTESIAN_POINT('',(67.5,7.105427357601E-15,22.));
#1715 = CARTESIAN_POINT('',(66.035749269455,25.541005968609,
    26.45517120208));
#1716 = CARTESIAN_POINT('',(53.681563515089,49.852375240762,
    30.800618748511));
#1717 = CARTESIAN_POINT('',(31.331711140477,67.618044073483,
    35.035231062638));
#1718 = CARTESIAN_POINT('',(2.905104913801,74.214921117959,
    39.157499787947));
#1719 = CARTESIAN_POINT('',(-25.20335888568,67.724573386839,
    43.16909399017));
#1720 = CARTESIAN_POINT('',(-46.62261646758,50.617326268684,
    47.070319330832));
#1721 = CARTESIAN_POINT('',(-58.08396993315,27.929224553526,
    50.864130118732));
#1722 = CARTESIAN_POINT('',(-60.66089820589,-18.29538043612,
    58.243153694851));
#1723 = CARTESIAN_POINT('',(-30.36315566375,-50.57233975823,
    65.221791360437));
#1724 = CARTESIAN_POINT('',(-8.949441696975,-59.31364655281,
    68.614980087069));
#1725 = CARTESIAN_POINT('',(14.631129840796,-58.00668133388,
    71.918430527935));
#1726 = CARTESIAN_POINT('',(35.043548233987,-46.65035657932,
    75.134268224519));
#1727 = CARTESIAN_POINT('',(47.971507226876,-28.4783416882,
    78.275413484412));
#1728 = CARTESIAN_POINT('',(51.891421627768,-8.045152831594,
    81.342487635509));
#1729 = CARTESIAN_POINT('',(47.654615089207,10.565826332658,
    84.348122076309));
#1730 = CARTESIAN_POINT('',(37.581899072005,24.62416222946,
    87.298602399021));
#1731 = ORIENTED_EDGE('',*,*,#1732,.F.);
#1732 = EDGE_CURVE('',#1638,#1711,#1733,.T.);
#1733 = B_SPLINE_CURVE_WITH_KNOTS('',1,(#1734,#1735),.UNSPECIFIED.,.F.,
  .F.,(2,2),(0.,8.),.PIECEWISE_BEZIER_KNOTS.);
#1734 = CARTESIAN_POINT('',(44.37874319577,27.657565808897,
    84.365792708382));
#1735 = CARTESIAN_POINT('',(37.581899072005,24.62416222946,
    87.298602399021));
#1736 = B_SPLINE_SURFACE_WITH_KNOTS('',1,9,(
    (#1737,#1738,#1739,#1740,#1741,#1742,#1743,#1744,#1745,#1746,#1747
      ,#1748,#1749,#1750,#1751,#1752,#1753)
    ,(#1754,#1755,#1756,#1757,#1758,#1759,#1760,#1761,#1762,#1763,#1764
      ,#1765,#1766,#1767,#1768,#1769,#1770
    )),.UNSPECIFIED.,.F.,.F.,.F.,(2,2),(10,7,10),(0.,8.),(0.,
    38.152772480691,76.305544961383),.UNSPECIFIED.);
#1737 = CARTESIAN_POINT('',(67.5,0.,14.));
#1738 = CARTESIAN_POINT('',(66.568204080564,25.541006843289,
    18.455171202081));
#1739 = CARTESIAN_POINT('',(54.746276419712,50.29946561717,
    22.840487078711));
#1740 = CARTESIAN_POINT('',(32.60368608074,68.959092277789,
    27.154819209094));
#1741 = CARTESIAN_POINT('',(3.735650938809,76.649943195573,
    31.396339109339));
#1742 = CARTESIAN_POINT('',(-25.5832543218,70.955271554153,
    35.565999346739));
#1743 = CARTESIAN_POINT('',(-48.63327525422,53.828768054663,
    39.663039017999));
#1744 = CARTESIAN_POINT('',(-61.56014170106,30.231685699121,
    43.689072639523));
#1745 = CARTESIAN_POINT('',(-65.85390660234,-19.05599611307,
    51.601929561393));
#1746 = CARTESIAN_POINT('',(-34.1182074985,-55.21049380923,
    59.245285377297));
#1747 = CARTESIAN_POINT('',(-11.01550595653,-65.67500791373,
    63.001659179041));
#1748 = CARTESIAN_POINT('',(15.139840536419,-65.3110829333,
    66.696333739699));
#1749 = CARTESIAN_POINT('',(38.537279974533,-53.5901845556,
    70.330369230845));
#1750 = CARTESIAN_POINT('',(54.023235112968,-33.65877744238,
    73.91149010065));
#1751 = CARTESIAN_POINT('',(59.434220849254,-10.54493870669,
    77.439949804438));
#1752 = CARTESIAN_POINT('',(55.398385333496,11.001917277323,
    80.923433144437));
#1753 = CARTESIAN_POINT('',(44.37874319577,27.657565808897,
    84.365792708382));
#1754 = CARTESIAN_POINT('',(67.5,7.105427357601E-15,22.));
#1755 = CARTESIAN_POINT('',(66.035749269455,25.541005968609,
    26.45517120208));
#1756 = CARTESIAN_POINT('',(53.681563515089,49.852375240762,
    30.800618748511));
#1757 = CARTESIAN_POINT('',(31.331711140477,67.618044073483,
    35.035231062638));
#1758 = CARTESIAN_POINT('',(2.905104913801,74.214921117959,
    39.157499787947));
#1759 = CARTESIAN_POINT('',(-25.20335888568,67.724573386839,
    43.16909399017));
#1760 = CARTESIAN_POINT('',(-46.62261646758,50.617326268684,
    47.070319330832));
#1761 = CARTESIAN_POINT('',(-58.08396993315,27.929224553526,
    50.864130118732));
#1762 = CARTESIAN_POINT('',(-60.66089820589,-18.29538043612,
    58.243153694851));
#1763 = CARTESIAN_POINT('',(-30.36315566375,-50.57233975823,
    65.221791360437));
#1764 = CARTESIAN_POINT('',(-8.949441696975,-59.31364655281,
    68.614980087069));
#1765 = CARTESIAN_POINT('',(14.631129840796,-58.00668133388,
    71.918430527935));
#1766 = CARTESIAN_POINT('',(35.043548233987,-46.65035657932,
    75.134268224519));
#1767 = CARTESIAN_POINT('',(47.971507226876,-28.4783416882,
    78.275413484412));
#1768 = CARTESIAN_POINT('',(51.891421627768,-8.045152831594,
    81.342487635509));
#1769 = CARTESIAN_POINT('',(47.654615089207,10.565826332658,
    84.348122076309));
#1770 = CARTESIAN_POINT('',(37.581899072005,24.62416222946,
    87.298602399021));
#1771 = ADVANCED_FACE('',(#1772),#1809,.F.);
#1772 = FACE_BOUND('',#1773,.F.);
#1773 = EDGE_LOOP('',(#1774,#1775,#1782,#1804));
#1774 = ORIENTED_EDGE('',*,*,#1710,.F.);
#1775 = ORIENTED_EDGE('',*,*,#1776,.T.);
#1776 = EDGE_CURVE('',#1704,#1777,#1779,.T.);
#1777 = VERTEX_POINT('',#1778);
#1778 = CARTESIAN_POINT('',(60.5,1.42108547152E-14,22.));
#1779 = B_SPLINE_CURVE_WITH_KNOTS('',1,(#1780,#1781),.UNSPECIFIED.,.F.,
  .F.,(2,2),(0.,7.),.PIECEWISE_BEZIER_KNOTS.);
#1780 = CARTESIAN_POINT('',(67.5,0.,22.));
#1781 = CARTESIAN_POINT('',(60.5,7.105427357601E-15,22.));
#1782 = ORIENTED_EDGE('',*,*,#1783,.T.);
#1783 = EDGE_CURVE('',#1777,#1784,#1786,.T.);
#1784 = VERTEX_POINT('',#1785);
#1785 = CARTESIAN_POINT('',(34.916903828325,24.343225591592,
    80.831850899492));
#1786 = B_SPLINE_CURVE_WITH_KNOTS('',9,(#1787,#1788,#1789,#1790,#1791,
    #1792,#1793,#1794,#1795,#1796,#1797,#1798,#1799,#1800,#1801,#1802,
    #1803),.UNSPECIFIED.,.F.,.F.,(10,7,10),(0.,38.152772480691,
    76.305544961383),.UNSPECIFIED.);
#1787 = CARTESIAN_POINT('',(60.5,7.105427357601E-15,22.));
#1788 = CARTESIAN_POINT('',(59.035749269455,22.969169116072,
    25.98927324236));
#1789 = CARTESIAN_POINT('',(47.779468003383,44.708952163976,
    29.868994324285));
#1790 = CARTESIAN_POINT('',(27.625123986424,60.455263105885,
    33.640367465174));
#1791 = CARTESIAN_POINT('',(2.159016559313,66.136693785159,
    37.306661722184));
#1792 = CARTESIAN_POINT('',(-22.89419578905,60.147786393405,
    40.870148770918));
#1793 = CARTESIAN_POINT('',(-41.92854901694,44.741858970084,
    44.33638905642));
#1794 = CARTESIAN_POINT('',(-52.05792552095,24.380916239443,
    47.70979712803));
#1795 = CARTESIAN_POINT('',(-54.10218741981,-17.07631838844,
    54.283579039171));
#1796 = CARTESIAN_POINT('',(-26.62291952377,-45.99217920223,
    60.537880435721));
#1797 = CARTESIAN_POINT('',(-7.228146765238,-53.8123529909,
    63.591618240416));
#1798 = CARTESIAN_POINT('',(14.187275350924,-52.58548760927,
    66.580879585142));
#1799 = CARTESIAN_POINT('',(32.86492066376,-42.22183399922,
    69.509398462906));
#1800 = CARTESIAN_POINT('',(44.832734139755,-25.47826358951,
    72.392831792952));
#1801 = CARTESIAN_POINT('',(48.510945372369,-6.450217968273,
    75.232581546488));
#1802 = CARTESIAN_POINT('',(44.51693036344,11.043275571014,
    78.04322260454));
#1803 = CARTESIAN_POINT('',(34.916903828325,24.343225591592,
    80.831850899492));
#1804 = ORIENTED_EDGE('',*,*,#1805,.F.);
#1805 = EDGE_CURVE('',#1711,#1784,#1806,.T.);
#1806 = B_SPLINE_CURVE_WITH_KNOTS('',1,(#1807,#1808),.UNSPECIFIED.,.F.,
  .F.,(2,2),(0.,7.),.PIECEWISE_BEZIER_KNOTS.);
#1807 = CARTESIAN_POINT('',(37.581899072005,24.62416222946,
    87.298602399021));
#1808 = CARTESIAN_POINT('',(34.916903828325,24.343225591592,
    80.831850899492));
#1809 = B_SPLINE_SURFACE_WITH_KNOTS('',1,9,(
    (#1810,#1811,#1812,#1813,#1814,#1815,#1816,#1817,#1818,#1819,#1820
      ,#1821,#1822,#1823,#1824,#1825,#1826)
    ,(#1827,#1828,#1829,#1830,#1831,#1832,#1833,#1834,#1835,#1836,#1837
      ,#1838,#1839,#1840,#1841,#1842,#1843
    )),.UNSPECIFIED.,.F.,.F.,.F.,(2,2),(10,7,10),(0.,7.),(0.,
    38.152772480691,76.305544961383),.UNSPECIFIED.);
#1810 = CARTESIAN_POINT('',(67.5,0.,22.));
#1811 = CARTESIAN_POINT('',(66.035749269455,25.541005968609,
    26.45517120208));
#1812 = CARTESIAN_POINT('',(53.68156351509,49.852375240762,
    30.800618748511));
#1813 = CARTESIAN_POINT('',(31.331711140475,67.618044073482,
    35.035231062638));
#1814 = CARTESIAN_POINT('',(2.905104913804,74.214921117961,
    39.157499787946));
#1815 = CARTESIAN_POINT('',(-25.20335888568,67.724573386837,
    43.169093990171));
#1816 = CARTESIAN_POINT('',(-46.62261646758,50.617326268685,
    47.070319330832));
#1817 = CARTESIAN_POINT('',(-58.08396993315,27.929224553525,
    50.864130118732));
#1818 = CARTESIAN_POINT('',(-60.66089820589,-18.29538043612,
    58.243153694851));
#1819 = CARTESIAN_POINT('',(-30.36315566375,-50.57233975823,
    65.221791360437));
#1820 = CARTESIAN_POINT('',(-8.949441696976,-59.31364655281,
    68.614980087068));
#1821 = CARTESIAN_POINT('',(14.631129840799,-58.00668133388,
    71.918430527936));
#1822 = CARTESIAN_POINT('',(35.043548233984,-46.65035657932,
    75.134268224518));
#1823 = CARTESIAN_POINT('',(47.971507226878,-28.4783416882,
    78.275413484413));
#1824 = CARTESIAN_POINT('',(51.891421627767,-8.045152831593,
    81.342487635508));
#1825 = CARTESIAN_POINT('',(47.654615089207,10.565826332657,
    84.348122076309));
#1826 = CARTESIAN_POINT('',(37.581899072005,24.62416222946,
    87.298602399021));
#1827 = CARTESIAN_POINT('',(60.5,7.105427357601E-15,22.));
#1828 = CARTESIAN_POINT('',(59.035749269455,22.969169116072,
    25.98927324236));
#1829 = CARTESIAN_POINT('',(47.779468003383,44.708952163976,
    29.868994324285));
#1830 = CARTESIAN_POINT('',(27.625123986424,60.455263105885,
    33.640367465174));
#1831 = CARTESIAN_POINT('',(2.159016559313,66.136693785159,
    37.306661722184));
#1832 = CARTESIAN_POINT('',(-22.89419578905,60.147786393405,
    40.870148770918));
#1833 = CARTESIAN_POINT('',(-41.92854901694,44.741858970084,
    44.33638905642));
#1834 = CARTESIAN_POINT('',(-52.05792552095,24.380916239443,
    47.70979712803));
#1835 = CARTESIAN_POINT('',(-54.10218741981,-17.07631838844,
    54.283579039171));
#1836 = CARTESIAN_POINT('',(-26.62291952377,-45.99217920223,
    60.537880435721));
#1837 = CARTESIAN_POINT('',(-7.228146765238,-53.8123529909,
    63.591618240416));
#1838 = CARTESIAN_POINT('',(14.187275350924,-52.58548760927,
    66.580879585142));
#1839 = CARTESIAN_POINT('',(32.86492066376,-42.22183399922,
    69.509398462906));
#1840 = CARTESIAN_POINT('',(44.832734139755,-25.47826358951,
    72.392831792952));
#1841 = CARTESIAN_POINT('',(48.510945372369,-6.450217968273,
    75.232581546488));
#1842 = CARTESIAN_POINT('',(44.51693036344,11.043275571014,
    78.04322260454));
#1843 = CARTESIAN_POINT('',(34.916903828325,24.343225591592,
    80.831850899492));
#1844 = ADVANCED_FACE('',(#1845),#1859,.F.);
#1845 = FACE_BOUND('',#1846,.F.);
#1846 = EDGE_LOOP('',(#1847,#1848,#1853,#1854));
#1847 = ORIENTED_EDGE('',*,*,#1783,.F.);
#1848 = ORIENTED_EDGE('',*,*,#1849,.T.);
#1849 = EDGE_CURVE('',#1777,#1607,#1850,.T.);
#1850 = B_SPLINE_CURVE_WITH_KNOTS('',1,(#1851,#1852),.UNSPECIFIED.,.F.,
  .F.,(2,2),(0.,8.),.PIECEWISE_BEZIER_KNOTS.);
#1851 = CARTESIAN_POINT('',(60.5,1.42108547152E-14,22.));
#1852 = CARTESIAN_POINT('',(60.5,0.,14.));
#1853 = ORIENTED_EDGE('',*,*,#1606,.T.);
#1854 = ORIENTED_EDGE('',*,*,#1855,.F.);
#1855 = EDGE_CURVE('',#1784,#1609,#1856,.T.);
#1856 = B_SPLINE_CURVE_WITH_KNOTS('',1,(#1857,#1858),.UNSPECIFIED.,.F.,
  .F.,(2,2),(0.,8.),.PIECEWISE_BEZIER_KNOTS.);
#1857 = CARTESIAN_POINT('',(34.916903828325,24.343225591592,
    80.831850899492));
#1858 = CARTESIAN_POINT('',(41.713747952089,27.376629171029,
    77.899041208853));
#1859 = B_SPLINE_SURFACE_WITH_KNOTS('',1,9,(
    (#1860,#1861,#1862,#1863,#1864,#1865,#1866,#1867,#1868,#1869,#1870
      ,#1871,#1872,#1873,#1874,#1875,#1876)
    ,(#1877,#1878,#1879,#1880,#1881,#1882,#1883,#1884,#1885,#1886,#1887
      ,#1888,#1889,#1890,#1891,#1892,#1893
    )),.UNSPECIFIED.,.F.,.F.,.F.,(2,2),(10,7,10),(0.,8.),(0.,
    38.152772480691,76.305544961383),.UNSPECIFIED.);
#1860 = CARTESIAN_POINT('',(60.5,1.42108547152E-14,22.));
#1861 = CARTESIAN_POINT('',(59.035749269455,22.969169116072,
    25.98927324236));
#1862 = CARTESIAN_POINT('',(47.779468003383,44.708952163975,
    29.868994324285));
#1863 = CARTESIAN_POINT('',(27.625123986424,60.455263105886,
    33.640367465174));
#1864 = CARTESIAN_POINT('',(2.159016559312,66.136693785157,
    37.306661722184));
#1865 = CARTESIAN_POINT('',(-22.89419578905,60.147786393407,
    40.870148770918));
#1866 = CARTESIAN_POINT('',(-41.92854901694,44.741858970083,
    44.33638905642));
#1867 = CARTESIAN_POINT('',(-52.05792552095,24.380916239444,
    47.70979712803));
#1868 = CARTESIAN_POINT('',(-54.10218741981,-17.07631838844,
    54.283579039171));
#1869 = CARTESIAN_POINT('',(-26.62291952377,-45.99217920223,
    60.537880435721));
#1870 = CARTESIAN_POINT('',(-7.228146765238,-53.8123529909,
    63.591618240416));
#1871 = CARTESIAN_POINT('',(14.187275350924,-52.58548760927,
    66.580879585142));
#1872 = CARTESIAN_POINT('',(32.86492066376,-42.22183399923,
    69.509398462906));
#1873 = CARTESIAN_POINT('',(44.832734139756,-25.4782635895,
    72.392831792952));
#1874 = CARTESIAN_POINT('',(48.510945372368,-6.450217968274,
    75.232581546488));
#1875 = CARTESIAN_POINT('',(44.51693036344,11.043275571014,
    78.04322260454));
#1876 = CARTESIAN_POINT('',(34.916903828325,24.343225591592,
    80.831850899492));
#1877 = CARTESIAN_POINT('',(60.5,0.,14.));
#1878 = CARTESIAN_POINT('',(59.568204080564,22.969169990752,
    17.98927324236));
#1879 = CARTESIAN_POINT('',(48.844180908006,45.156042540383,
    21.908862654485));
#1880 = CARTESIAN_POINT('',(28.897098926688,61.796311310192,
    25.759955611633));
#1881 = CARTESIAN_POINT('',(2.98956258432,68.571715862771,
    29.545501043573));
#1882 = CARTESIAN_POINT('',(-23.27409122517,63.378484560722,
    33.26705412749));
#1883 = CARTESIAN_POINT('',(-43.93920780358,47.953300756062,
    36.929108743584));
#1884 = CARTESIAN_POINT('',(-55.53409728886,26.683377385039,
    40.534739648821));
#1885 = CARTESIAN_POINT('',(-59.29519581626,-17.83693406539,
    47.642354905712));
#1886 = CARTESIAN_POINT('',(-30.37797135852,-50.63033325323,
    54.561374452581));
#1887 = CARTESIAN_POINT('',(-9.294211024796,-60.17371435181,
    57.978297332388));
#1888 = CARTESIAN_POINT('',(14.695986046541,-59.88988920869,
    61.358782796906));
#1889 = CARTESIAN_POINT('',(36.358652404313,-49.1616619755,
    64.705499469233));
#1890 = CARTESIAN_POINT('',(50.884462025842,-30.65869934369,
    68.028908409189));
#1891 = CARTESIAN_POINT('',(56.053744593857,-8.950003843368,
    71.330043715418));
#1892 = CARTESIAN_POINT('',(52.260700607728,11.479366515679,
    74.618533672669));
#1893 = CARTESIAN_POINT('',(41.713747952089,27.376629171029,
    77.899041208853));
#1894 = ADVANCED_FACE('',(#1895),#1901,.T.);
#1895 = FACE_BOUND('',#1896,.T.);
#1896 = EDGE_LOOP('',(#1897,#1898,#1899,#1900));
#1897 = ORIENTED_EDGE('',*,*,#1630,.T.);
#1898 = ORIENTED_EDGE('',*,*,#1703,.T.);
#1899 = ORIENTED_EDGE('',*,*,#1776,.T.);
#1900 = ORIENTED_EDGE('',*,*,#1849,.T.);
#1901 = PLANE('',#1902);
#1902 = AXIS2_PLACEMENT_3D('',#1903,#1904,#1905);
#1903 = CARTESIAN_POINT('',(64.,2.84217094304E-15,18.));
#1904 = DIRECTION('',(-2.706829469562E-16,-1.,1.125025998287E-15));
#1905 = DIRECTION('',(0.,-1.125025998287E-15,-1.));
#1906 = ADVANCED_FACE('',(#1907),#1913,.F.);
#1907 = FACE_BOUND('',#1908,.F.);
#1908 = EDGE_LOOP('',(#1909,#1910,#1911,#1912));
#1909 = ORIENTED_EDGE('',*,*,#1659,.T.);
#1910 = ORIENTED_EDGE('',*,*,#1732,.T.);
#1911 = ORIENTED_EDGE('',*,*,#1805,.T.);
#1912 = ORIENTED_EDGE('',*,*,#1855,.T.);
#1913 = PLANE('',#1914);
#1914 = AXIS2_PLACEMENT_3D('',#1915,#1916,#1917);
#1915 = CARTESIAN_POINT('',(39.647823512047,26.000395700245,
    82.598821803937));
#1916 = DIRECTION('',(0.365003586428,-0.924454032243,-0.110259349556));
#1917 = DIRECTION('',(-0.930125144488,-0.36724272027,0.));
#1918 = MANIFOLD_SOLID_BREP('',#1919);
#1919 = CLOSED_SHELL('',(#1920,#2016,#2089,#2162,#2212,#2224));
#1920 = ADVANCED_FACE('',(#1921),#1981,.F.);
#1921 = FACE_BOUND('',#1922,.F.);
#1922 = EDGE_LOOP('',(#1923,#1947,#1954,#1976));
#1923 = ORIENTED_EDGE('',*,*,#1924,.F.);
#1924 = EDGE_CURVE('',#1925,#1927,#1929,.T.);
#1925 = VERTEX_POINT('',#1926);
#1926 = CARTESIAN_POINT('',(-60.5,7.409113134841E-15,14.));
#1927 = VERTEX_POINT('',#1928);
#1928 = CARTESIAN_POINT('',(-41.71374795208,-27.37662917102,
    77.899041208853));
#1929 = B_SPLINE_CURVE_WITH_KNOTS('',9,(#1930,#1931,#1932,#1933,#1934,
    #1935,#1936,#1937,#1938,#1939,#1940,#1941,#1942,#1943,#1944,#1945,
    #1946),.UNSPECIFIED.,.F.,.F.,(10,7,10),(0.,38.152772480691,
    76.305544961383),.UNSPECIFIED.);
#1930 = CARTESIAN_POINT('',(-60.5,1.451454049244E-14,14.));
#1931 = CARTESIAN_POINT('',(-59.56820408056,-22.96916999075,
    17.98927324236));
#1932 = CARTESIAN_POINT('',(-48.844180908,-45.15604254038,
    21.908862654485));
#1933 = CARTESIAN_POINT('',(-28.89709892668,-61.79631131019,
    25.759955611631));
#1934 = CARTESIAN_POINT('',(-2.989562584319,-68.57171586277,
    29.545501043574));
#1935 = CARTESIAN_POINT('',(23.274091225173,-63.37848456072,
    33.267054127489));
#1936 = CARTESIAN_POINT('',(43.939207803586,-47.95330075606,
    36.929108743585));
#1937 = CARTESIAN_POINT('',(55.534097288863,-26.68337738503,
    40.534739648821));
#1938 = CARTESIAN_POINT('',(59.295195816263,17.836934065391,
    47.642354905712));
#1939 = CARTESIAN_POINT('',(30.377971358524,50.630333253235,
    54.561374452581));
#1940 = CARTESIAN_POINT('',(9.294211024797,60.17371435182,
    57.978297332387));
#1941 = CARTESIAN_POINT('',(-14.69598604654,59.889889208696,
    61.358782796908));
#1942 = CARTESIAN_POINT('',(-36.35865240431,49.161661975504,
    64.70549946923));
#1943 = CARTESIAN_POINT('',(-50.88446202584,30.658699343695,
    68.028908409191));
#1944 = CARTESIAN_POINT('',(-56.05374459385,8.950003843369,
    71.330043715417));
#1945 = CARTESIAN_POINT('',(-52.26070060772,-11.47936651567,
    74.618533672669));
#1946 = CARTESIAN_POINT('',(-41.71374795208,-27.37662917102,
    77.899041208853));
#1947 = ORIENTED_EDGE('',*,*,#1948,.T.);
#1948 = EDGE_CURVE('',#1925,#1949,#1951,.T.);
#1949 = VERTEX_POINT('',#1950);
#1950 = CARTESIAN_POINT('',(-67.5,8.266365894245E-15,14.));
#1951 = B_SPLINE_CURVE_WITH_KNOTS('',1,(#1952,#1953),.UNSPECIFIED.,.F.,
  .F.,(2,2),(0.,7.),.PIECEWISE_BEZIER_KNOTS.);
#1952 = CARTESIAN_POINT('',(-60.5,1.451454049244E-14,14.));
#1953 = CARTESIAN_POINT('',(-67.5,8.266365894245E-15,14.));
#1954 = ORIENTED_EDGE('',*,*,#1955,.T.);
#1955 = EDGE_CURVE('',#1949,#1956,#1958,.T.);
#1956 = VERTEX_POINT('',#1957);
#1957 = CARTESIAN_POINT('',(-44.37874319577,-27.65756580889,
    84.365792708382));
#1958 = B_SPLINE_CURVE_WITH_KNOTS('',9,(#1959,#1960,#1961,#1962,#1963,
    #1964,#1965,#1966,#1967,#1968,#1969,#1970,#1971,#1972,#1973,#1974,
    #1975),.UNSPECIFIED.,.F.,.F.,(10,7,10),(0.,38.152772480691,
    76.305544961383),.UNSPECIFIED.);
#1959 = CARTESIAN_POINT('',(-67.5,8.266365894245E-15,14.));
#1960 = CARTESIAN_POINT('',(-66.56820408056,-25.54100684328,
    18.45517120208));
#1961 = CARTESIAN_POINT('',(-54.74627641971,-50.29946561717,
    22.840487078711));
#1962 = CARTESIAN_POINT('',(-32.60368608074,-68.95909227778,
    27.154819209094));
#1963 = CARTESIAN_POINT('',(-3.735650938809,-76.64994319557,
    31.396339109339));
#1964 = CARTESIAN_POINT('',(25.583254321807,-70.95527155415,
    35.56599934674));
#1965 = CARTESIAN_POINT('',(48.633275254227,-53.82876805466,
    39.663039017998));
#1966 = CARTESIAN_POINT('',(61.560141701061,-30.23168569912,
    43.689072639523));
#1967 = CARTESIAN_POINT('',(65.853906602342,19.055996113073,
    51.601929561392));
#1968 = CARTESIAN_POINT('',(34.118207498505,55.210493809234,
    59.245285377298));
#1969 = CARTESIAN_POINT('',(11.015505956536,65.675007913732,
    63.001659179039));
#1970 = CARTESIAN_POINT('',(-15.13984053641,65.311082933302,
    66.696333739701));
#1971 = CARTESIAN_POINT('',(-38.53727997453,53.590184555604,
    70.330369230844));
#1972 = CARTESIAN_POINT('',(-54.02323511296,33.658777442385,
    73.91149010065));
#1973 = CARTESIAN_POINT('',(-59.43422084925,10.54493870669,
    77.439949804438));
#1974 = CARTESIAN_POINT('',(-55.39838533349,-11.00191727732,
    80.923433144437));
#1975 = CARTESIAN_POINT('',(-44.37874319577,-27.65756580889,
    84.365792708382));
#1976 = ORIENTED_EDGE('',*,*,#1977,.F.);
#1977 = EDGE_CURVE('',#1927,#1956,#1978,.T.);
#1978 = B_SPLINE_CURVE_WITH_KNOTS('',1,(#1979,#1980),.UNSPECIFIED.,.F.,
  .F.,(2,2),(0.,7.),.PIECEWISE_BEZIER_KNOTS.);
#1979 = CARTESIAN_POINT('',(-41.71374795208,-27.37662917102,
    77.899041208853));
#1980 = CARTESIAN_POINT('',(-44.37874319577,-27.65756580889,
    84.365792708382));
#1981 = B_SPLINE_SURFACE_WITH_KNOTS('',1,9,(
    (#1982,#1983,#1984,#1985,#1986,#1987,#1988,#1989,#1990,#1991,#1992
      ,#1993,#1994,#1995,#1996,#1997,#1998)
    ,(#1999,#2000,#2001,#2002,#2003,#2004,#2005,#2006,#2007,#2008,#2009
      ,#2010,#2011,#2012,#2013,#2014,#2015
    )),.UNSPECIFIED.,.F.,.F.,.F.,(2,2),(10,7,10),(0.,7.),(0.,
    38.152772480691,76.305544961383),.UNSPECIFIED.);
#1982 = CARTESIAN_POINT('',(-60.5,1.451454049244E-14,14.));
#1983 = CARTESIAN_POINT('',(-59.56820408056,-22.96916999075,
    17.98927324236));
#1984 = CARTESIAN_POINT('',(-48.844180908,-45.15604254038,
    21.908862654485));
#1985 = CARTESIAN_POINT('',(-28.89709892668,-61.79631131019,
    25.759955611631));
#1986 = CARTESIAN_POINT('',(-2.989562584319,-68.57171586277,
    29.545501043574));
#1987 = CARTESIAN_POINT('',(23.274091225173,-63.37848456072,
    33.267054127489));
#1988 = CARTESIAN_POINT('',(43.939207803586,-47.95330075606,
    36.929108743585));
#1989 = CARTESIAN_POINT('',(55.534097288863,-26.68337738503,
    40.534739648821));
#1990 = CARTESIAN_POINT('',(59.295195816263,17.836934065391,
    47.642354905712));
#1991 = CARTESIAN_POINT('',(30.377971358524,50.630333253235,
    54.561374452581));
#1992 = CARTESIAN_POINT('',(9.294211024797,60.17371435182,
    57.978297332387));
#1993 = CARTESIAN_POINT('',(-14.69598604654,59.889889208696,
    61.358782796908));
#1994 = CARTESIAN_POINT('',(-36.35865240431,49.161661975504,
    64.70549946923));
#1995 = CARTESIAN_POINT('',(-50.88446202584,30.658699343695,
    68.028908409191));
#1996 = CARTESIAN_POINT('',(-56.05374459385,8.950003843369,
    71.330043715417));
#1997 = CARTESIAN_POINT('',(-52.26070060772,-11.47936651567,
    74.618533672669));
#1998 = CARTESIAN_POINT('',(-41.71374795208,-27.37662917102,
    77.899041208853));
#1999 = CARTESIAN_POINT('',(-67.5,8.266365894245E-15,14.));
#2000 = CARTESIAN_POINT('',(-66.56820408056,-25.54100684328,
    18.45517120208));
#2001 = CARTESIAN_POINT('',(-54.74627641971,-50.29946561717,
    22.840487078711));
#2002 = CARTESIAN_POINT('',(-32.60368608074,-68.95909227778,
    27.154819209094));
#2003 = CARTESIAN_POINT('',(-3.735650938809,-76.64994319557,
    31.396339109339));
#2004 = CARTESIAN_POINT('',(25.583254321807,-70.95527155415,
    35.56599934674));
#2005 = CARTESIAN_POINT('',(48.633275254227,-53.82876805466,
    39.663039017998));
#2006 = CARTESIAN_POINT('',(61.560141701061,-30.23168569912,
    43.689072639523));
#2007 = CARTESIAN_POINT('',(65.853906602342,19.055996113073,
    51.601929561392));
#2008 = CARTESIAN_POINT('',(34.118207498505,55.210493809234,
    59.245285377298));
#2009 = CARTESIAN_POINT('',(11.015505956536,65.675007913732,
    63.001659179039));
#2010 = CARTESIAN_POINT('',(-15.13984053641,65.311082933302,
    66.696333739701));
#2011 = CARTESIAN_POINT('',(-38.53727997453,53.590184555604,
    70.330369230844));
#2012 = CARTESIAN_POINT('',(-54.02323511296,33.658777442385,
    73.91149010065));
#2013 = CARTESIAN_POINT('',(-59.43422084925,10.54493870669,
    77.439949804438));
#2014 = CARTESIAN_POINT('',(-55.39838533349,-11.00191727732,
    80.923433144437));
#2015 = CARTESIAN_POINT('',(-44.37874319577,-27.65756580889,
    84.365792708382));
#2016 = ADVANCED_FACE('',(#2017),#2054,.F.);
#2017 = FACE_BOUND('',#2018,.F.);
#2018 = EDGE_LOOP('',(#2019,#2020,#2027,#2049));
#2019 = ORIENTED_EDGE('',*,*,#1955,.F.);
#2020 = ORIENTED_EDGE('',*,*,#2021,.T.);
#2021 = EDGE_CURVE('',#1949,#2022,#2024,.T.);
#2022 = VERTEX_POINT('',#2023);
#2023 = CARTESIAN_POINT('',(-67.5,8.266365894245E-15,22.));
#2024 = B_SPLINE_CURVE_WITH_KNOTS('',1,(#2025,#2026),.UNSPECIFIED.,.F.,
  .F.,(2,2),(0.,8.),.PIECEWISE_BEZIER_KNOTS.);
#2025 = CARTESIAN_POINT('',(-67.5,8.266365894245E-15,14.));
#2026 = CARTESIAN_POINT('',(-67.5,1.160938536644E-15,22.));
#2027 = ORIENTED_EDGE('',*,*,#2028,.T.);
#2028 = EDGE_CURVE('',#2022,#2029,#2031,.T.);
#2029 = VERTEX_POINT('',#2030);
#2030 = CARTESIAN_POINT('',(-37.581899072,-24.62416222946,
    87.298602399021));
#2031 = B_SPLINE_CURVE_WITH_KNOTS('',9,(#2032,#2033,#2034,#2035,#2036,
    #2037,#2038,#2039,#2040,#2041,#2042,#2043,#2044,#2045,#2046,#2047,
    #2048),.UNSPECIFIED.,.F.,.F.,(10,7,10),(0.,38.152772480691,
    76.305544961383),.UNSPECIFIED.);
#2032 = CARTESIAN_POINT('',(-67.5,1.160938536644E-15,22.));
#2033 = CARTESIAN_POINT('',(-66.03574926945,-25.5410059686,
    26.45517120208));
#2034 = CARTESIAN_POINT('',(-53.68156351508,-49.85237524076,
    30.800618748511));
#2035 = CARTESIAN_POINT('',(-31.33171114047,-67.61804407348,
    35.035231062638));
#2036 = CARTESIAN_POINT('',(-2.905104913801,-74.21492111795,
    39.157499787947));
#2037 = CARTESIAN_POINT('',(25.203358885685,-67.72457338683,
    43.16909399017));
#2038 = CARTESIAN_POINT('',(46.622616467588,-50.61732626868,
    47.070319330832));
#2039 = CARTESIAN_POINT('',(58.083969933151,-27.92922455352,
    50.864130118732));
#2040 = CARTESIAN_POINT('',(60.660898205891,18.295380436127,
    58.243153694851));
#2041 = CARTESIAN_POINT('',(30.363155663757,50.572339758232,
    65.221791360437));
#2042 = CARTESIAN_POINT('',(8.949441696975,59.313646552815,
    68.614980087069));
#2043 = CARTESIAN_POINT('',(-14.63112984079,58.006681333887,
    71.918430527935));
#2044 = CARTESIAN_POINT('',(-35.04354823398,46.650356579327,
    75.134268224519));
#2045 = CARTESIAN_POINT('',(-47.97150722687,28.478341688202,
    78.275413484412));
#2046 = CARTESIAN_POINT('',(-51.89142162776,8.045152831594,
    81.342487635509));
#2047 = CARTESIAN_POINT('',(-47.6546150892,-10.56582633265,
    84.348122076309));
#2048 = CARTESIAN_POINT('',(-37.581899072,-24.62416222946,
    87.298602399021));
#2049 = ORIENTED_EDGE('',*,*,#2050,.F.);
#2050 = EDGE_CURVE('',#1956,#2029,#2051,.T.);
#2051 = B_SPLINE_CURVE_WITH_KNOTS('',1,(#2052,#2053),.UNSPECIFIED.,.F.,
  .F.,(2,2),(0.,8.),.PIECEWISE_BEZIER_KNOTS.);
#2052 = CARTESIAN_POINT('',(-44.37874319577,-27.65756580889,
    84.365792708382));
#2053 = CARTESIAN_POINT('',(-37.581899072,-24.62416222946,
    87.298602399021));
#2054 = B_SPLINE_SURFACE_WITH_KNOTS('',1,9,(
    (#2055,#2056,#2057,#2058,#2059,#2060,#2061,#2062,#2063,#2064,#2065
      ,#2066,#2067,#2068,#2069,#2070,#2071)
    ,(#2072,#2073,#2074,#2075,#2076,#2077,#2078,#2079,#2080,#2081,#2082
      ,#2083,#2084,#2085,#2086,#2087,#2088
    )),.UNSPECIFIED.,.F.,.F.,.F.,(2,2),(10,7,10),(0.,8.),(0.,
    38.152772480691,76.305544961383),.UNSPECIFIED.);
#2055 = CARTESIAN_POINT('',(-67.5,8.266365894245E-15,14.));
#2056 = CARTESIAN_POINT('',(-66.56820408056,-25.54100684328,
    18.455171202081));
#2057 = CARTESIAN_POINT('',(-54.74627641971,-50.29946561717,
    22.840487078711));
#2058 = CARTESIAN_POINT('',(-32.60368608074,-68.95909227778,
    27.154819209094));
#2059 = CARTESIAN_POINT('',(-3.735650938809,-76.64994319557,
    31.396339109339));
#2060 = CARTESIAN_POINT('',(25.583254321807,-70.95527155415,
    35.565999346739));
#2061 = CARTESIAN_POINT('',(48.633275254227,-53.82876805466,
    39.663039017999));
#2062 = CARTESIAN_POINT('',(61.560141701061,-30.23168569912,
    43.689072639523));
#2063 = CARTESIAN_POINT('',(65.853906602342,19.055996113073,
    51.601929561393));
#2064 = CARTESIAN_POINT('',(34.118207498505,55.210493809234,
    59.245285377297));
#2065 = CARTESIAN_POINT('',(11.015505956536,65.675007913732,
    63.001659179041));
#2066 = CARTESIAN_POINT('',(-15.13984053641,65.311082933301,
    66.696333739699));
#2067 = CARTESIAN_POINT('',(-38.53727997453,53.590184555605,
    70.330369230845));
#2068 = CARTESIAN_POINT('',(-54.02323511296,33.658777442384,
    73.91149010065));
#2069 = CARTESIAN_POINT('',(-59.43422084925,10.54493870669,
    77.439949804438));
#2070 = CARTESIAN_POINT('',(-55.39838533349,-11.00191727732,
    80.923433144437));
#2071 = CARTESIAN_POINT('',(-44.37874319577,-27.65756580889,
    84.365792708382));
#2072 = CARTESIAN_POINT('',(-67.5,1.160938536644E-15,22.));
#2073 = CARTESIAN_POINT('',(-66.03574926945,-25.5410059686,
    26.45517120208));
#2074 = CARTESIAN_POINT('',(-53.68156351508,-49.85237524076,
    30.800618748511));
#2075 = CARTESIAN_POINT('',(-31.33171114047,-67.61804407348,
    35.035231062638));
#2076 = CARTESIAN_POINT('',(-2.905104913801,-74.21492111795,
    39.157499787947));
#2077 = CARTESIAN_POINT('',(25.203358885685,-67.72457338683,
    43.16909399017));
#2078 = CARTESIAN_POINT('',(46.622616467588,-50.61732626868,
    47.070319330832));
#2079 = CARTESIAN_POINT('',(58.083969933151,-27.92922455352,
    50.864130118732));
#2080 = CARTESIAN_POINT('',(60.660898205891,18.295380436127,
    58.243153694851));
#2081 = CARTESIAN_POINT('',(30.363155663757,50.572339758232,
    65.221791360437));
#2082 = CARTESIAN_POINT('',(8.949441696975,59.313646552815,
    68.614980087069));
#2083 = CARTESIAN_POINT('',(-14.63112984079,58.006681333887,
    71.918430527935));
#2084 = CARTESIAN_POINT('',(-35.04354823398,46.650356579327,
    75.134268224519));
#2085 = CARTESIAN_POINT('',(-47.97150722687,28.478341688202,
    78.275413484412));
#2086 = CARTESIAN_POINT('',(-51.89142162776,8.045152831594,
    81.342487635509));
#2087 = CARTESIAN_POINT('',(-47.6546150892,-10.56582633265,
    84.348122076309));
#2088 = CARTESIAN_POINT('',(-37.581899072,-24.62416222946,
    87.298602399021));
#2089 = ADVANCED_FACE('',(#2090),#2127,.F.);
#2090 = FACE_BOUND('',#2091,.F.);
#2091 = EDGE_LOOP('',(#2092,#2093,#2100,#2122));
#2092 = ORIENTED_EDGE('',*,*,#2028,.F.);
#2093 = ORIENTED_EDGE('',*,*,#2094,.T.);
#2094 = EDGE_CURVE('',#2022,#2095,#2097,.T.);
#2095 = VERTEX_POINT('',#2096);
#2096 = CARTESIAN_POINT('',(-60.5,-6.801741580361E-15,22.));
#2097 = B_SPLINE_CURVE_WITH_KNOTS('',1,(#2098,#2099),.UNSPECIFIED.,.F.,
  .F.,(2,2),(0.,7.),.PIECEWISE_BEZIER_KNOTS.);
#2098 = CARTESIAN_POINT('',(-67.5,8.266365894245E-15,22.));
#2099 = CARTESIAN_POINT('',(-60.5,3.036857772405E-16,22.));
#2100 = ORIENTED_EDGE('',*,*,#2101,.T.);
#2101 = EDGE_CURVE('',#2095,#2102,#2104,.T.);
#2102 = VERTEX_POINT('',#2103);
#2103 = CARTESIAN_POINT('',(-34.91690382832,-24.34322559159,
    80.831850899492));
#2104 = B_SPLINE_CURVE_WITH_KNOTS('',9,(#2105,#2106,#2107,#2108,#2109,
    #2110,#2111,#2112,#2113,#2114,#2115,#2116,#2117,#2118,#2119,#2120,
    #2121),.UNSPECIFIED.,.F.,.F.,(10,7,10),(0.,38.152772480691,
    76.305544961383),.UNSPECIFIED.);
#2105 = CARTESIAN_POINT('',(-60.5,3.036857772405E-16,22.));
#2106 = CARTESIAN_POINT('',(-59.03574926945,-22.96916911607,
    25.98927324236));
#2107 = CARTESIAN_POINT('',(-47.77946800338,-44.70895216397,
    29.868994324285));
#2108 = CARTESIAN_POINT('',(-27.62512398642,-60.45526310588,
    33.640367465174));
#2109 = CARTESIAN_POINT('',(-2.159016559313,-66.13669378515,
    37.306661722184));
#2110 = CARTESIAN_POINT('',(22.894195789052,-60.1477863934,
    40.870148770918));
#2111 = CARTESIAN_POINT('',(41.928549016947,-44.74185897008,
    44.33638905642));
#2112 = CARTESIAN_POINT('',(52.057925520953,-24.38091623944,
    47.70979712803));
#2113 = CARTESIAN_POINT('',(54.102187419812,17.076318388445,
    54.283579039171));
#2114 = CARTESIAN_POINT('',(26.622919523776,45.992179202232,
    60.537880435721));
#2115 = CARTESIAN_POINT('',(7.228146765238,53.812352990904,
    63.591618240416));
#2116 = CARTESIAN_POINT('',(-14.18727535092,52.585487609279,
    66.580879585142));
#2117 = CARTESIAN_POINT('',(-32.86492066376,42.221833999228,
    69.509398462906));
#2118 = CARTESIAN_POINT('',(-44.83273413975,25.478263589511,
    72.392831792952));
#2119 = CARTESIAN_POINT('',(-48.51094537236,6.450217968273,
    75.232581546488));
#2120 = CARTESIAN_POINT('',(-44.51693036344,-11.04327557101,
    78.04322260454));
#2121 = CARTESIAN_POINT('',(-34.91690382832,-24.34322559159,
    80.831850899492));
#2122 = ORIENTED_EDGE('',*,*,#2123,.F.);
#2123 = EDGE_CURVE('',#2029,#2102,#2124,.T.);
#2124 = B_SPLINE_CURVE_WITH_KNOTS('',1,(#2125,#2126),.UNSPECIFIED.,.F.,
  .F.,(2,2),(0.,7.),.PIECEWISE_BEZIER_KNOTS.);
#2125 = CARTESIAN_POINT('',(-37.581899072,-24.62416222946,
    87.298602399021));
#2126 = CARTESIAN_POINT('',(-34.91690382832,-24.34322559159,
    80.831850899492));
#2127 = B_SPLINE_SURFACE_WITH_KNOTS('',1,9,(
    (#2128,#2129,#2130,#2131,#2132,#2133,#2134,#2135,#2136,#2137,#2138
      ,#2139,#2140,#2141,#2142,#2143,#2144)
    ,(#2145,#2146,#2147,#2148,#2149,#2150,#2151,#2152,#2153,#2154,#2155
      ,#2156,#2157,#2158,#2159,#2160,#2161
    )),.UNSPECIFIED.,.F.,.F.,.F.,(2,2),(10,7,10),(0.,7.),(0.,
    38.152772480691,76.305544961383),.UNSPECIFIED.);
#2128 = CARTESIAN_POINT('',(-67.5,8.266365894245E-15,22.));
#2129 = CARTESIAN_POINT('',(-66.03574926945,-25.5410059686,
    26.45517120208));
#2130 = CARTESIAN_POINT('',(-53.68156351509,-49.85237524076,
    30.800618748511));
#2131 = CARTESIAN_POINT('',(-31.33171114047,-67.61804407348,
    35.035231062638));
#2132 = CARTESIAN_POINT('',(-2.905104913804,-74.21492111796,
    39.157499787946));
#2133 = CARTESIAN_POINT('',(25.203358885687,-67.72457338683,
    43.169093990171));
#2134 = CARTESIAN_POINT('',(46.622616467587,-50.61732626868,
    47.070319330832));
#2135 = CARTESIAN_POINT('',(58.083969933151,-27.92922455352,
    50.864130118732));
#2136 = CARTESIAN_POINT('',(60.660898205891,18.295380436126,
    58.243153694851));
#2137 = CARTESIAN_POINT('',(30.363155663757,50.572339758232,
    65.221791360437));
#2138 = CARTESIAN_POINT('',(8.949441696976,59.313646552813,
    68.614980087068));
#2139 = CARTESIAN_POINT('',(-14.63112984079,58.006681333889,
    71.918430527936));
#2140 = CARTESIAN_POINT('',(-35.04354823398,46.650356579324,
    75.134268224518));
#2141 = CARTESIAN_POINT('',(-47.97150722687,28.478341688204,
    78.275413484413));
#2142 = CARTESIAN_POINT('',(-51.89142162776,8.045152831593,
    81.342487635508));
#2143 = CARTESIAN_POINT('',(-47.6546150892,-10.56582633265,
    84.348122076309));
#2144 = CARTESIAN_POINT('',(-37.581899072,-24.62416222946,
    87.298602399021));
#2145 = CARTESIAN_POINT('',(-60.5,3.036857772405E-16,22.));
#2146 = CARTESIAN_POINT('',(-59.03574926945,-22.96916911607,
    25.98927324236));
#2147 = CARTESIAN_POINT('',(-47.77946800338,-44.70895216397,
    29.868994324285));
#2148 = CARTESIAN_POINT('',(-27.62512398642,-60.45526310588,
    33.640367465174));
#2149 = CARTESIAN_POINT('',(-2.159016559313,-66.13669378515,
    37.306661722184));
#2150 = CARTESIAN_POINT('',(22.894195789052,-60.1477863934,
    40.870148770918));
#2151 = CARTESIAN_POINT('',(41.928549016947,-44.74185897008,
    44.33638905642));
#2152 = CARTESIAN_POINT('',(52.057925520953,-24.38091623944,
    47.70979712803));
#2153 = CARTESIAN_POINT('',(54.102187419812,17.076318388445,
    54.283579039171));
#2154 = CARTESIAN_POINT('',(26.622919523776,45.992179202232,
    60.537880435721));
#2155 = CARTESIAN_POINT('',(7.228146765238,53.812352990904,
    63.591618240416));
#2156 = CARTESIAN_POINT('',(-14.18727535092,52.585487609279,
    66.580879585142));
#2157 = CARTESIAN_POINT('',(-32.86492066376,42.221833999228,
    69.509398462906));
#2158 = CARTESIAN_POINT('',(-44.83273413975,25.478263589511,
    72.392831792952));
#2159 = CARTESIAN_POINT('',(-48.51094537236,6.450217968273,
    75.232581546488));
#2160 = CARTESIAN_POINT('',(-44.51693036344,-11.04327557101,
    78.04322260454));
#2161 = CARTESIAN_POINT('',(-34.91690382832,-24.34322559159,
    80.831850899492));
#2162 = ADVANCED_FACE('',(#2163),#2177,.F.);
#2163 = FACE_BOUND('',#2164,.F.);
#2164 = EDGE_LOOP('',(#2165,#2166,#2171,#2172));
#2165 = ORIENTED_EDGE('',*,*,#2101,.F.);
#2166 = ORIENTED_EDGE('',*,*,#2167,.T.);
#2167 = EDGE_CURVE('',#2095,#1925,#2168,.T.);
#2168 = B_SPLINE_CURVE_WITH_KNOTS('',1,(#2169,#2170),.UNSPECIFIED.,.F.,
  .F.,(2,2),(0.,8.),.PIECEWISE_BEZIER_KNOTS.);
#2169 = CARTESIAN_POINT('',(-60.5,-6.801741580361E-15,22.));
#2170 = CARTESIAN_POINT('',(-60.5,7.409113134841E-15,14.));
#2171 = ORIENTED_EDGE('',*,*,#1924,.T.);
#2172 = ORIENTED_EDGE('',*,*,#2173,.F.);
#2173 = EDGE_CURVE('',#2102,#1927,#2174,.T.);
#2174 = B_SPLINE_CURVE_WITH_KNOTS('',1,(#2175,#2176),.UNSPECIFIED.,.F.,
  .F.,(2,2),(0.,8.),.PIECEWISE_BEZIER_KNOTS.);
#2175 = CARTESIAN_POINT('',(-34.91690382832,-24.34322559159,
    80.831850899492));
#2176 = CARTESIAN_POINT('',(-41.71374795208,-27.37662917102,
    77.899041208853));
#2177 = B_SPLINE_SURFACE_WITH_KNOTS('',1,9,(
    (#2178,#2179,#2180,#2181,#2182,#2183,#2184,#2185,#2186,#2187,#2188
      ,#2189,#2190,#2191,#2192,#2193,#2194)
    ,(#2195,#2196,#2197,#2198,#2199,#2200,#2201,#2202,#2203,#2204,#2205
      ,#2206,#2207,#2208,#2209,#2210,#2211
    )),.UNSPECIFIED.,.F.,.F.,.F.,(2,2),(10,7,10),(0.,8.),(0.,
    38.152772480691,76.305544961383),.UNSPECIFIED.);
#2178 = CARTESIAN_POINT('',(-60.5,-6.801741580361E-15,22.));
#2179 = CARTESIAN_POINT('',(-59.03574926945,-22.96916911607,
    25.98927324236));
#2180 = CARTESIAN_POINT('',(-47.77946800338,-44.70895216397,
    29.868994324285));
#2181 = CARTESIAN_POINT('',(-27.62512398642,-60.45526310588,
    33.640367465174));
#2182 = CARTESIAN_POINT('',(-2.159016559312,-66.13669378515,
    37.306661722184));
#2183 = CARTESIAN_POINT('',(22.894195789052,-60.1477863934,
    40.870148770918));
#2184 = CARTESIAN_POINT('',(41.928549016947,-44.74185897008,
    44.33638905642));
#2185 = CARTESIAN_POINT('',(52.057925520952,-24.38091623944,
    47.70979712803));
#2186 = CARTESIAN_POINT('',(54.102187419812,17.076318388446,
    54.283579039171));
#2187 = CARTESIAN_POINT('',(26.622919523776,45.992179202232,
    60.537880435721));
#2188 = CARTESIAN_POINT('',(7.228146765238,53.812352990905,
    63.591618240416));
#2189 = CARTESIAN_POINT('',(-14.18727535092,52.585487609276,
    66.580879585142));
#2190 = CARTESIAN_POINT('',(-32.86492066376,42.221833999231,
    69.509398462906));
#2191 = CARTESIAN_POINT('',(-44.83273413975,25.478263589509,
    72.392831792952));
#2192 = CARTESIAN_POINT('',(-48.51094537236,6.450217968274,
    75.232581546488));
#2193 = CARTESIAN_POINT('',(-44.51693036344,-11.04327557101,
    78.04322260454));
#2194 = CARTESIAN_POINT('',(-34.91690382832,-24.34322559159,
    80.831850899492));
#2195 = CARTESIAN_POINT('',(-60.5,7.409113134841E-15,14.));
#2196 = CARTESIAN_POINT('',(-59.56820408056,-22.96916999075,
    17.98927324236));
#2197 = CARTESIAN_POINT('',(-48.844180908,-45.15604254038,
    21.908862654485));
#2198 = CARTESIAN_POINT('',(-28.89709892668,-61.79631131019,
    25.759955611633));
#2199 = CARTESIAN_POINT('',(-2.98956258432,-68.57171586277,
    29.545501043573));
#2200 = CARTESIAN_POINT('',(23.274091225174,-63.37848456072,
    33.26705412749));
#2201 = CARTESIAN_POINT('',(43.939207803585,-47.95330075606,
    36.929108743584));
#2202 = CARTESIAN_POINT('',(55.534097288864,-26.68337738503,
    40.534739648821));
#2203 = CARTESIAN_POINT('',(59.295195816263,17.836934065392,
    47.642354905712));
#2204 = CARTESIAN_POINT('',(30.377971358525,50.630333253235,
    54.561374452581));
#2205 = CARTESIAN_POINT('',(9.294211024796,60.173714351819,
    57.978297332388));
#2206 = CARTESIAN_POINT('',(-14.69598604654,59.889889208697,
    61.358782796906));
#2207 = CARTESIAN_POINT('',(-36.35865240431,49.161661975502,
    64.705499469233));
#2208 = CARTESIAN_POINT('',(-50.88446202584,30.658699343696,
    68.028908409189));
#2209 = CARTESIAN_POINT('',(-56.05374459385,8.950003843368,
    71.330043715418));
#2210 = CARTESIAN_POINT('',(-52.26070060772,-11.47936651567,
    74.618533672669));
#2211 = CARTESIAN_POINT('',(-41.71374795208,-27.37662917102,
    77.899041208853));
#2212 = ADVANCED_FACE('',(#2213),#2219,.T.);
#2213 = FACE_BOUND('',#2214,.T.);
#2214 = EDGE_LOOP('',(#2215,#2216,#2217,#2218));
#2215 = ORIENTED_EDGE('',*,*,#1948,.T.);
#2216 = ORIENTED_EDGE('',*,*,#2021,.T.);
#2217 = ORIENTED_EDGE('',*,*,#2094,.T.);
#2218 = ORIENTED_EDGE('',*,*,#2167,.T.);
#2219 = PLANE('',#2220);
#2220 = AXIS2_PLACEMENT_3D('',#2221,#2222,#2223);
#2221 = CARTESIAN_POINT('',(-64.,4.995568571503E-15,18.));
#2222 = DIRECTION('',(3.93147626871E-16,1.,1.125025998287E-15));
#2223 = DIRECTION('',(1.37775948776E-31,1.125025998287E-15,-1.));
#2224 = ADVANCED_FACE('',(#2225),#2231,.F.);
#2225 = FACE_BOUND('',#2226,.F.);
#2226 = EDGE_LOOP('',(#2227,#2228,#2229,#2230));
#2227 = ORIENTED_EDGE('',*,*,#1977,.T.);
#2228 = ORIENTED_EDGE('',*,*,#2050,.T.);
#2229 = ORIENTED_EDGE('',*,*,#2123,.T.);
#2230 = ORIENTED_EDGE('',*,*,#2173,.T.);
#2231 = PLANE('',#2232);
#2232 = AXIS2_PLACEMENT_3D('',#2233,#2234,#2235);
#2233 = CARTESIAN_POINT('',(-39.64782351204,-26.00039570024,
    82.598821803937));
#2234 = DIRECTION('',(-0.365003586428,0.924454032243,-0.110259349556));
#2235 = DIRECTION('',(0.930125144488,0.36724272027,0.));
#2236 = ( GEOMETRIC_REPRESENTATION_CONTEXT(3) 
GLOBAL_UNCERTAINTY_ASSIGNED_CONTEXT((#2240)) 
GLOBAL_UNIT_ASSIGNED_CONTEXT((#2237,#2238,#2239)) REPRESENTATION_CONTEXT
('Context #1','3D Context with UNIT and UNCERTAINTY') );
#2237 = ( LENGTH_UNIT() NAMED_UNIT(*) SI_UNIT(.MILLI.,.METRE.) );
#2238 = ( NAMED_UNIT(*) PLANE_ANGLE_UNIT() SI_UNIT($,.RADIAN.) );
#2239 = ( NAMED_UNIT(*) SI_UNIT($,.STERADIAN.) SOLID_ANGLE_UNIT() );
#2240 = UNCERTAINTY_MEASURE_WITH_UNIT(LENGTH_MEASURE(5.E-05),#2237,
  'distance_accuracy_value','confusion accuracy');
#2241 = CONTEXT_DEPENDENT_SHAPE_REPRESENTATION(#2242,#2244);
#2242 = ( REPRESENTATION_RELATIONSHIP('','',#1599,#10) 
REPRESENTATION_RELATIONSHIP_WITH_TRANSFORMATION(#2243) 
SHAPE_REPRESENTATION_RELATIONSHIP() );
#2243 = ITEM_DEFINED_TRANSFORMATION('','',#11,#31);
#2244 = PRODUCT_DEFINITION_SHAPE('Placement','Placement of an item',
  #2245);
#2245 = NEXT_ASSEMBLY_USAGE_OCCURRENCE('5',
  '06 — Двухленточный рабочий орган A, 180°'
  ,'',#5,#1594,$);
#2246 = PRODUCT_RELATED_PRODUCT_CATEGORY('part',$,(#1596));
#2247 = SHAPE_DEFINITION_REPRESENTATION(#2248,#2254);
#2248 = PRODUCT_DEFINITION_SHAPE('','',#2249);
#2249 = PRODUCT_DEFINITION('design','',#2250,#2253);
#2250 = PRODUCT_DEFINITION_FORMATION('','',#2251);
#2251 = PRODUCT(
  '07 — Мокрый вал Ø20, верхняя консоль',
  '07 — Мокрый вал Ø20, верхняя консоль','',(
    #2252));
#2252 = PRODUCT_CONTEXT('',#2,'mechanical');
#2253 = PRODUCT_DEFINITION_CONTEXT('part definition',#2,'design');
#2254 = ADVANCED_BREP_SHAPE_REPRESENTATION('',(#11,#2255),#2308);
#2255 = MANIFOLD_SOLID_BREP('',#2256);
#2256 = CLOSED_SHELL('',(#2257,#2290,#2299));
#2257 = ADVANCED_FACE('',(#2258),#2285,.T.);
#2258 = FACE_BOUND('',#2259,.T.);
#2259 = EDGE_LOOP('',(#2260,#2269,#2277,#2284));
#2260 = ORIENTED_EDGE('',*,*,#2261,.F.);
#2261 = EDGE_CURVE('',#2262,#2262,#2264,.T.);
#2262 = VERTEX_POINT('',#2263);
#2263 = CARTESIAN_POINT('',(10.,-2.449293598295E-15,186.));
#2264 = CIRCLE('',#2265,10.);
#2265 = AXIS2_PLACEMENT_3D('',#2266,#2267,#2268);
#2266 = CARTESIAN_POINT('',(0.,0.,186.));
#2267 = DIRECTION('',(0.,0.,1.));
#2268 = DIRECTION('',(1.,0.,-0.));
#2269 = ORIENTED_EDGE('',*,*,#2270,.F.);
#2270 = EDGE_CURVE('',#2271,#2262,#2273,.T.);
#2271 = VERTEX_POINT('',#2272);
#2272 = CARTESIAN_POINT('',(10.,-2.449293598295E-15,8.));
#2273 = LINE('',#2274,#2275);
#2274 = CARTESIAN_POINT('',(10.,-2.449293598295E-15,8.));
#2275 = VECTOR('',#2276,1.);
#2276 = DIRECTION('',(0.,0.,1.));
#2277 = ORIENTED_EDGE('',*,*,#2278,.T.);
#2278 = EDGE_CURVE('',#2271,#2271,#2279,.T.);
#2279 = CIRCLE('',#2280,10.);
#2280 = AXIS2_PLACEMENT_3D('',#2281,#2282,#2283);
#2281 = CARTESIAN_POINT('',(0.,0.,8.));
#2282 = DIRECTION('',(0.,0.,1.));
#2283 = DIRECTION('',(1.,0.,-0.));
#2284 = ORIENTED_EDGE('',*,*,#2270,.T.);
#2285 = CYLINDRICAL_SURFACE('',#2286,10.);
#2286 = AXIS2_PLACEMENT_3D('',#2287,#2288,#2289);
#2287 = CARTESIAN_POINT('',(0.,0.,8.));
#2288 = DIRECTION('',(0.,0.,1.));
#2289 = DIRECTION('',(1.,0.,-0.));
#2290 = ADVANCED_FACE('',(#2291),#2294,.T.);
#2291 = FACE_BOUND('',#2292,.T.);
#2292 = EDGE_LOOP('',(#2293));
#2293 = ORIENTED_EDGE('',*,*,#2261,.T.);
#2294 = PLANE('',#2295);
#2295 = AXIS2_PLACEMENT_3D('',#2296,#2297,#2298);
#2296 = CARTESIAN_POINT('',(0.,0.,186.));
#2297 = DIRECTION('',(0.,0.,1.));
#2298 = DIRECTION('',(1.,0.,-0.));
#2299 = ADVANCED_FACE('',(#2300),#2303,.F.);
#2300 = FACE_BOUND('',#2301,.T.);
#2301 = EDGE_LOOP('',(#2302));
#2302 = ORIENTED_EDGE('',*,*,#2278,.F.);
#2303 = PLANE('',#2304);
#2304 = AXIS2_PLACEMENT_3D('',#2305,#2306,#2307);
#2305 = CARTESIAN_POINT('',(0.,0.,8.));
#2306 = DIRECTION('',(0.,0.,1.));
#2307 = DIRECTION('',(1.,0.,-0.));
#2308 = ( GEOMETRIC_REPRESENTATION_CONTEXT(3) 
GLOBAL_UNCERTAINTY_ASSIGNED_CONTEXT((#2312)) 
GLOBAL_UNIT_ASSIGNED_CONTEXT((#2309,#2310,#2311)) REPRESENTATION_CONTEXT
('Context #1','3D Context with UNIT and UNCERTAINTY') );
#2309 = ( LENGTH_UNIT() NAMED_UNIT(*) SI_UNIT(.MILLI.,.METRE.) );
#2310 = ( NAMED_UNIT(*) PLANE_ANGLE_UNIT() SI_UNIT($,.RADIAN.) );
#2311 = ( NAMED_UNIT(*) SI_UNIT($,.STERADIAN.) SOLID_ANGLE_UNIT() );
#2312 = UNCERTAINTY_MEASURE_WITH_UNIT(LENGTH_MEASURE(1.E-07),#2309,
  'distance_accuracy_value','confusion accuracy');
#2313 = CONTEXT_DEPENDENT_SHAPE_REPRESENTATION(#2314,#2316);
#2314 = ( REPRESENTATION_RELATIONSHIP('','',#2254,#10) 
REPRESENTATION_RELATIONSHIP_WITH_TRANSFORMATION(#2315) 
SHAPE_REPRESENTATION_RELATIONSHIP() );
#2315 = ITEM_DEFINED_TRANSFORMATION('','',#11,#35);
#2316 = PRODUCT_DEFINITION_SHAPE('Placement','Placement of an item',
  #2317);
#2317 = NEXT_ASSEMBLY_USAGE_OCCURRENCE('6',
  '07 — Мокрый вал Ø20, верхняя консоль','',#5
  ,#2249,$);
#2318 = PRODUCT_RELATED_PRODUCT_CATEGORY('part',$,(#2251));
#2319 = SHAPE_DEFINITION_REPRESENTATION(#2320,#2326);
#2320 = PRODUCT_DEFINITION_SHAPE('','',#2321);
#2321 = PRODUCT_DEFINITION('design','',#2322,#2325);
#2322 = PRODUCT_DEFINITION_FORMATION('','',#2323);
#2323 = PRODUCT('08 — Ступица рабочего органа',
  '08 — Ступица рабочего органа','',(#2324));
#2324 = PRODUCT_CONTEXT('',#2,'mechanical');
#2325 = PRODUCT_DEFINITION_CONTEXT('part definition',#2,'design');
#2326 = ADVANCED_BREP_SHAPE_REPRESENTATION('',(#11,#2327),#2380);
#2327 = MANIFOLD_SOLID_BREP('',#2328);
#2328 = CLOSED_SHELL('',(#2329,#2362,#2371));
#2329 = ADVANCED_FACE('',(#2330),#2357,.T.);
#2330 = FACE_BOUND('',#2331,.T.);
#2331 = EDGE_LOOP('',(#2332,#2341,#2349,#2356));
#2332 = ORIENTED_EDGE('',*,*,#2333,.F.);
#2333 = EDGE_CURVE('',#2334,#2334,#2336,.T.);
#2334 = VERTEX_POINT('',#2335);
#2335 = CARTESIAN_POINT('',(18.,-4.40872847693E-15,98.));
#2336 = CIRCLE('',#2337,18.);
#2337 = AXIS2_PLACEMENT_3D('',#2338,#2339,#2340);
#2338 = CARTESIAN_POINT('',(0.,0.,98.));
#2339 = DIRECTION('',(0.,0.,1.));
#2340 = DIRECTION('',(1.,0.,-0.));
#2341 = ORIENTED_EDGE('',*,*,#2342,.F.);
#2342 = EDGE_CURVE('',#2343,#2334,#2345,.T.);
#2343 = VERTEX_POINT('',#2344);
#2344 = CARTESIAN_POINT('',(18.,-4.40872847693E-15,82.));
#2345 = LINE('',#2346,#2347);
#2346 = CARTESIAN_POINT('',(18.,-4.40872847693E-15,82.));
#2347 = VECTOR('',#2348,1.);
#2348 = DIRECTION('',(0.,0.,1.));
#2349 = ORIENTED_EDGE('',*,*,#2350,.T.);
#2350 = EDGE_CURVE('',#2343,#2343,#2351,.T.);
#2351 = CIRCLE('',#2352,18.);
#2352 = AXIS2_PLACEMENT_3D('',#2353,#2354,#2355);
#2353 = CARTESIAN_POINT('',(0.,0.,82.));
#2354 = DIRECTION('',(0.,0.,1.));
#2355 = DIRECTION('',(1.,0.,-0.));
#2356 = ORIENTED_EDGE('',*,*,#2342,.T.);
#2357 = CYLINDRICAL_SURFACE('',#2358,18.);
#2358 = AXIS2_PLACEMENT_3D('',#2359,#2360,#2361);
#2359 = CARTESIAN_POINT('',(0.,0.,82.));
#2360 = DIRECTION('',(0.,0.,1.));
#2361 = DIRECTION('',(1.,0.,-0.));
#2362 = ADVANCED_FACE('',(#2363),#2366,.T.);
#2363 = FACE_BOUND('',#2364,.T.);
#2364 = EDGE_LOOP('',(#2365));
#2365 = ORIENTED_EDGE('',*,*,#2333,.T.);
#2366 = PLANE('',#2367);
#2367 = AXIS2_PLACEMENT_3D('',#2368,#2369,#2370);
#2368 = CARTESIAN_POINT('',(0.,0.,98.));
#2369 = DIRECTION('',(0.,0.,1.));
#2370 = DIRECTION('',(1.,0.,-0.));
#2371 = ADVANCED_FACE('',(#2372),#2375,.F.);
#2372 = FACE_BOUND('',#2373,.T.);
#2373 = EDGE_LOOP('',(#2374));
#2374 = ORIENTED_EDGE('',*,*,#2350,.F.);
#2375 = PLANE('',#2376);
#2376 = AXIS2_PLACEMENT_3D('',#2377,#2378,#2379);
#2377 = CARTESIAN_POINT('',(0.,0.,82.));
#2378 = DIRECTION('',(0.,0.,1.));
#2379 = DIRECTION('',(1.,0.,-0.));
#2380 = ( GEOMETRIC_REPRESENTATION_CONTEXT(3) 
GLOBAL_UNCERTAINTY_ASSIGNED_CONTEXT((#2384)) 
GLOBAL_UNIT_ASSIGNED_CONTEXT((#2381,#2382,#2383)) REPRESENTATION_CONTEXT
('Context #1','3D Context with UNIT and UNCERTAINTY') );
#2381 = ( LENGTH_UNIT() NAMED_UNIT(*) SI_UNIT(.MILLI.,.METRE.) );
#2382 = ( NAMED_UNIT(*) PLANE_ANGLE_UNIT() SI_UNIT($,.RADIAN.) );
#2383 = ( NAMED_UNIT(*) SI_UNIT($,.STERADIAN.) SOLID_ANGLE_UNIT() );
#2384 = UNCERTAINTY_MEASURE_WITH_UNIT(LENGTH_MEASURE(1.E-07),#2381,
  'distance_accuracy_value','confusion accuracy');
#2385 = CONTEXT_DEPENDENT_SHAPE_REPRESENTATION(#2386,#2388);
#2386 = ( REPRESENTATION_RELATIONSHIP('','',#2326,#10) 
REPRESENTATION_RELATIONSHIP_WITH_TRANSFORMATION(#2387) 
SHAPE_REPRESENTATION_RELATIONSHIP() );
#2387 = ITEM_DEFINED_TRANSFORMATION('','',#11,#39);
#2388 = PRODUCT_DEFINITION_SHAPE('Placement','Placement of an item',
  #2389);
#2389 = NEXT_ASSEMBLY_USAGE_OCCURRENCE('7',
  '08 — Ступица рабочего органа','',#5,#2321,$);
#2390 = PRODUCT_RELATED_PRODUCT_CATEGORY('part',$,(#2323));
#2391 = SHAPE_DEFINITION_REPRESENTATION(#2392,#2398);
#2392 = PRODUCT_DEFINITION_SHAPE('','',#2393);
#2393 = PRODUCT_DEFINITION('design','',#2394,#2397);
#2394 = PRODUCT_DEFINITION_FORMATION('','',#2395);
#2395 = PRODUCT(
'09 — Двойная торцевая кассета с 
дренажной полостью',
'09 — Двойная торцевая кассета с 
дренажной полостью','',(#2396));
#2396 = PRODUCT_CONTEXT('',#2,'mechanical');
#2397 = PRODUCT_DEFINITION_CONTEXT('part definition',#2,'design');
#2398 = ADVANCED_BREP_SHAPE_REPRESENTATION('',(#11,#2399),#2491);
#2399 = MANIFOLD_SOLID_BREP('',#2400);
#2400 = CLOSED_SHELL('',(#2401,#2434,#2454,#2474));
#2401 = ADVANCED_FACE('',(#2402),#2429,.T.);
#2402 = FACE_BOUND('',#2403,.T.);
#2403 = EDGE_LOOP('',(#2404,#2413,#2421,#2428));
#2404 = ORIENTED_EDGE('',*,*,#2405,.F.);
#2405 = EDGE_CURVE('',#2406,#2406,#2408,.T.);
#2406 = VERTEX_POINT('',#2407);
#2407 = CARTESIAN_POINT('',(26.,-6.368163355566E-15,162.));
#2408 = CIRCLE('',#2409,26.);
#2409 = AXIS2_PLACEMENT_3D('',#2410,#2411,#2412);
#2410 = CARTESIAN_POINT('',(0.,0.,162.));
#2411 = DIRECTION('',(0.,0.,1.));
#2412 = DIRECTION('',(1.,0.,-0.));
#2413 = ORIENTED_EDGE('',*,*,#2414,.F.);
#2414 = EDGE_CURVE('',#2415,#2406,#2417,.T.);
#2415 = VERTEX_POINT('',#2416);
#2416 = CARTESIAN_POINT('',(26.,-6.368163355566E-15,150.));
#2417 = LINE('',#2418,#2419);
#2418 = CARTESIAN_POINT('',(26.,-6.368163355566E-15,150.));
#2419 = VECTOR('',#2420,1.);
#2420 = DIRECTION('',(0.,0.,1.));
#2421 = ORIENTED_EDGE('',*,*,#2422,.T.);
#2422 = EDGE_CURVE('',#2415,#2415,#2423,.T.);
#2423 = CIRCLE('',#2424,26.);
#2424 = AXIS2_PLACEMENT_3D('',#2425,#2426,#2427);
#2425 = CARTESIAN_POINT('',(0.,0.,150.));
#2426 = DIRECTION('',(0.,0.,1.));
#2427 = DIRECTION('',(1.,0.,-0.));
#2428 = ORIENTED_EDGE('',*,*,#2414,.T.);
#2429 = CYLINDRICAL_SURFACE('',#2430,26.);
#2430 = AXIS2_PLACEMENT_3D('',#2431,#2432,#2433);
#2431 = CARTESIAN_POINT('',(0.,0.,150.));
#2432 = DIRECTION('',(0.,0.,1.));
#2433 = DIRECTION('',(1.,0.,-0.));
#2434 = ADVANCED_FACE('',(#2435,#2438),#2449,.T.);
#2435 = FACE_BOUND('',#2436,.T.);
#2436 = EDGE_LOOP('',(#2437));
#2437 = ORIENTED_EDGE('',*,*,#2405,.T.);
#2438 = FACE_BOUND('',#2439,.T.);
#2439 = EDGE_LOOP('',(#2440));
#2440 = ORIENTED_EDGE('',*,*,#2441,.F.);
#2441 = EDGE_CURVE('',#2442,#2442,#2444,.T.);
#2442 = VERTEX_POINT('',#2443);
#2443 = CARTESIAN_POINT('',(10.5,-2.571758278209E-15,162.));
#2444 = CIRCLE('',#2445,10.5);
#2445 = AXIS2_PLACEMENT_3D('',#2446,#2447,#2448);
#2446 = CARTESIAN_POINT('',(0.,0.,162.));
#2447 = DIRECTION('',(0.,0.,1.));
#2448 = DIRECTION('',(1.,0.,-0.));
#2449 = PLANE('',#2450);
#2450 = AXIS2_PLACEMENT_3D('',#2451,#2452,#2453);
#2451 = CARTESIAN_POINT('',(0.,0.,162.));
#2452 = DIRECTION('',(0.,0.,1.));
#2453 = DIRECTION('',(1.,0.,-0.));
#2454 = ADVANCED_FACE('',(#2455,#2458),#2469,.F.);
#2455 = FACE_BOUND('',#2456,.F.);
#2456 = EDGE_LOOP('',(#2457));
#2457 = ORIENTED_EDGE('',*,*,#2422,.T.);
#2458 = FACE_BOUND('',#2459,.F.);
#2459 = EDGE_LOOP('',(#2460));
#2460 = ORIENTED_EDGE('',*,*,#2461,.F.);
#2461 = EDGE_CURVE('',#2462,#2462,#2464,.T.);
#2462 = VERTEX_POINT('',#2463);
#2463 = CARTESIAN_POINT('',(10.5,-2.571758278209E-15,150.));
#2464 = CIRCLE('',#2465,10.5);
#2465 = AXIS2_PLACEMENT_3D('',#2466,#2467,#2468);
#2466 = CARTESIAN_POINT('',(0.,0.,150.));
#2467 = DIRECTION('',(0.,0.,1.));
#2468 = DIRECTION('',(1.,0.,-0.));
#2469 = PLANE('',#2470);
#2470 = AXIS2_PLACEMENT_3D('',#2471,#2472,#2473);
#2471 = CARTESIAN_POINT('',(0.,0.,150.));
#2472 = DIRECTION('',(0.,0.,1.));
#2473 = DIRECTION('',(1.,0.,-0.));
#2474 = ADVANCED_FACE('',(#2475),#2486,.F.);
#2475 = FACE_BOUND('',#2476,.F.);
#2476 = EDGE_LOOP('',(#2477,#2478,#2484,#2485));
#2477 = ORIENTED_EDGE('',*,*,#2441,.F.);
#2478 = ORIENTED_EDGE('',*,*,#2479,.F.);
#2479 = EDGE_CURVE('',#2462,#2442,#2480,.T.);
#2480 = LINE('',#2481,#2482);
#2481 = CARTESIAN_POINT('',(10.5,-2.571758278209E-15,150.));
#2482 = VECTOR('',#2483,1.);
#2483 = DIRECTION('',(0.,0.,1.));
#2484 = ORIENTED_EDGE('',*,*,#2461,.T.);
#2485 = ORIENTED_EDGE('',*,*,#2479,.T.);
#2486 = CYLINDRICAL_SURFACE('',#2487,10.5);
#2487 = AXIS2_PLACEMENT_3D('',#2488,#2489,#2490);
#2488 = CARTESIAN_POINT('',(0.,0.,150.));
#2489 = DIRECTION('',(0.,0.,1.));
#2490 = DIRECTION('',(1.,0.,-0.));
#2491 = ( GEOMETRIC_REPRESENTATION_CONTEXT(3) 
GLOBAL_UNCERTAINTY_ASSIGNED_CONTEXT((#2495)) 
GLOBAL_UNIT_ASSIGNED_CONTEXT((#2492,#2493,#2494)) REPRESENTATION_CONTEXT
('Context #1','3D Context with UNIT and UNCERTAINTY') );
#2492 = ( LENGTH_UNIT() NAMED_UNIT(*) SI_UNIT(.MILLI.,.METRE.) );
#2493 = ( NAMED_UNIT(*) PLANE_ANGLE_UNIT() SI_UNIT($,.RADIAN.) );
#2494 = ( NAMED_UNIT(*) SI_UNIT($,.STERADIAN.) SOLID_ANGLE_UNIT() );
#2495 = UNCERTAINTY_MEASURE_WITH_UNIT(LENGTH_MEASURE(1.E-07),#2492,
  'distance_accuracy_value','confusion accuracy');
#2496 = CONTEXT_DEPENDENT_SHAPE_REPRESENTATION(#2497,#2499);
#2497 = ( REPRESENTATION_RELATIONSHIP('','',#2398,#10) 
REPRESENTATION_RELATIONSHIP_WITH_TRANSFORMATION(#2498) 
SHAPE_REPRESENTATION_RELATIONSHIP() );
#2498 = ITEM_DEFINED_TRANSFORMATION('','',#11,#43);
#2499 = PRODUCT_DEFINITION_SHAPE('Placement','Placement of an item',
  #2500);
#2500 = NEXT_ASSEMBLY_USAGE_OCCURRENCE('8',
'09 — Двойная торцевая кассета с 
дренажной полостью','',#5,#2393,$);
#2501 = PRODUCT_RELATED_PRODUCT_CATEGORY('part',$,(#2395));
#2502 = SHAPE_DEFINITION_REPRESENTATION(#2503,#2509);
#2503 = PRODUCT_DEFINITION_SHAPE('','',#2504);
#2504 = PRODUCT_DEFINITION('design','',#2505,#2508);
#2505 = PRODUCT_DEFINITION_FORMATION('','',#2506);
#2506 = PRODUCT(
  '10 — Два подшипника Ø20 в сухой головке'
  ,
  '10 — Два подшипника Ø20 в сухой головке'
  ,'',(#2507));
#2507 = PRODUCT_CONTEXT('',#2,'mechanical');
#2508 = PRODUCT_DEFINITION_CONTEXT('part definition',#2,'design');
#2509 = SHAPE_REPRESENTATION('',(#11,#2510,#2602),#2694);
#2510 = MANIFOLD_SOLID_BREP('',#2511);
#2511 = CLOSED_SHELL('',(#2512,#2545,#2565,#2585));
#2512 = ADVANCED_FACE('',(#2513),#2540,.T.);
#2513 = FACE_BOUND('',#2514,.T.);
#2514 = EDGE_LOOP('',(#2515,#2524,#2532,#2539));
#2515 = ORIENTED_EDGE('',*,*,#2516,.F.);
#2516 = EDGE_CURVE('',#2517,#2517,#2519,.T.);
#2517 = VERTEX_POINT('',#2518);
#2518 = CARTESIAN_POINT('',(24.,-5.878304635907E-15,174.));
#2519 = CIRCLE('',#2520,24.);
#2520 = AXIS2_PLACEMENT_3D('',#2521,#2522,#2523);
#2521 = CARTESIAN_POINT('',(0.,0.,174.));
#2522 = DIRECTION('',(0.,0.,1.));
#2523 = DIRECTION('',(1.,0.,-0.));
#2524 = ORIENTED_EDGE('',*,*,#2525,.F.);
#2525 = EDGE_CURVE('',#2526,#2517,#2528,.T.);
#2526 = VERTEX_POINT('',#2527);
#2527 = CARTESIAN_POINT('',(24.,-5.878304635907E-15,164.));
#2528 = LINE('',#2529,#2530);
#2529 = CARTESIAN_POINT('',(24.,-5.878304635907E-15,164.));
#2530 = VECTOR('',#2531,1.);
#2531 = DIRECTION('',(0.,0.,1.));
#2532 = ORIENTED_EDGE('',*,*,#2533,.T.);
#2533 = EDGE_CURVE('',#2526,#2526,#2534,.T.);
#2534 = CIRCLE('',#2535,24.);
#2535 = AXIS2_PLACEMENT_3D('',#2536,#2537,#2538);
#2536 = CARTESIAN_POINT('',(0.,0.,164.));
#2537 = DIRECTION('',(0.,0.,1.));
#2538 = DIRECTION('',(1.,0.,-0.));
#2539 = ORIENTED_EDGE('',*,*,#2525,.T.);
#2540 = CYLINDRICAL_SURFACE('',#2541,24.);
#2541 = AXIS2_PLACEMENT_3D('',#2542,#2543,#2544);
#2542 = CARTESIAN_POINT('',(0.,0.,164.));
#2543 = DIRECTION('',(0.,0.,1.));
#2544 = DIRECTION('',(1.,0.,-0.));
#2545 = ADVANCED_FACE('',(#2546,#2549),#2560,.T.);
#2546 = FACE_BOUND('',#2547,.T.);
#2547 = EDGE_LOOP('',(#2548));
#2548 = ORIENTED_EDGE('',*,*,#2516,.T.);
#2549 = FACE_BOUND('',#2550,.T.);
#2550 = EDGE_LOOP('',(#2551));
#2551 = ORIENTED_EDGE('',*,*,#2552,.F.);
#2552 = EDGE_CURVE('',#2553,#2553,#2555,.T.);
#2553 = VERTEX_POINT('',#2554);
#2554 = CARTESIAN_POINT('',(10.,-2.449293598295E-15,174.));
#2555 = CIRCLE('',#2556,10.);
#2556 = AXIS2_PLACEMENT_3D('',#2557,#2558,#2559);
#2557 = CARTESIAN_POINT('',(0.,0.,174.));
#2558 = DIRECTION('',(0.,0.,1.));
#2559 = DIRECTION('',(1.,0.,-0.));
#2560 = PLANE('',#2561);
#2561 = AXIS2_PLACEMENT_3D('',#2562,#2563,#2564);
#2562 = CARTESIAN_POINT('',(0.,0.,174.));
#2563 = DIRECTION('',(0.,0.,1.));
#2564 = DIRECTION('',(1.,0.,-0.));
#2565 = ADVANCED_FACE('',(#2566,#2569),#2580,.F.);
#2566 = FACE_BOUND('',#2567,.F.);
#2567 = EDGE_LOOP('',(#2568));
#2568 = ORIENTED_EDGE('',*,*,#2533,.T.);
#2569 = FACE_BOUND('',#2570,.F.);
#2570 = EDGE_LOOP('',(#2571));
#2571 = ORIENTED_EDGE('',*,*,#2572,.F.);
#2572 = EDGE_CURVE('',#2573,#2573,#2575,.T.);
#2573 = VERTEX_POINT('',#2574);
#2574 = CARTESIAN_POINT('',(10.,-2.449293598295E-15,164.));
#2575 = CIRCLE('',#2576,10.);
#2576 = AXIS2_PLACEMENT_3D('',#2577,#2578,#2579);
#2577 = CARTESIAN_POINT('',(0.,0.,164.));
#2578 = DIRECTION('',(0.,0.,1.));
#2579 = DIRECTION('',(1.,0.,-0.));
#2580 = PLANE('',#2581);
#2581 = AXIS2_PLACEMENT_3D('',#2582,#2583,#2584);
#2582 = CARTESIAN_POINT('',(0.,0.,164.));
#2583 = DIRECTION('',(0.,0.,1.));
#2584 = DIRECTION('',(1.,0.,-0.));
#2585 = ADVANCED_FACE('',(#2586),#2597,.F.);
#2586 = FACE_BOUND('',#2587,.F.);
#2587 = EDGE_LOOP('',(#2588,#2589,#2595,#2596));
#2588 = ORIENTED_EDGE('',*,*,#2552,.F.);
#2589 = ORIENTED_EDGE('',*,*,#2590,.F.);
#2590 = EDGE_CURVE('',#2573,#2553,#2591,.T.);
#2591 = LINE('',#2592,#2593);
#2592 = CARTESIAN_POINT('',(10.,-2.449293598295E-15,164.));
#2593 = VECTOR('',#2594,1.);
#2594 = DIRECTION('',(0.,0.,1.));
#2595 = ORIENTED_EDGE('',*,*,#2572,.T.);
#2596 = ORIENTED_EDGE('',*,*,#2590,.T.);
#2597 = CYLINDRICAL_SURFACE('',#2598,10.);
#2598 = AXIS2_PLACEMENT_3D('',#2599,#2600,#2601);
#2599 = CARTESIAN_POINT('',(0.,0.,164.));
#2600 = DIRECTION('',(0.,0.,1.));
#2601 = DIRECTION('',(1.,0.,-0.));
#2602 = MANIFOLD_SOLID_BREP('',#2603);
#2603 = CLOSED_SHELL('',(#2604,#2637,#2657,#2677));
#2604 = ADVANCED_FACE('',(#2605),#2632,.T.);
#2605 = FACE_BOUND('',#2606,.T.);
#2606 = EDGE_LOOP('',(#2607,#2616,#2624,#2631));
#2607 = ORIENTED_EDGE('',*,*,#2608,.F.);
#2608 = EDGE_CURVE('',#2609,#2609,#2611,.T.);
#2609 = VERTEX_POINT('',#2610);
#2610 = CARTESIAN_POINT('',(24.,-5.878304635907E-15,190.));
#2611 = CIRCLE('',#2612,24.);
#2612 = AXIS2_PLACEMENT_3D('',#2613,#2614,#2615);
#2613 = CARTESIAN_POINT('',(0.,0.,190.));
#2614 = DIRECTION('',(0.,0.,1.));
#2615 = DIRECTION('',(1.,0.,-0.));
#2616 = ORIENTED_EDGE('',*,*,#2617,.F.);
#2617 = EDGE_CURVE('',#2618,#2609,#2620,.T.);
#2618 = VERTEX_POINT('',#2619);
#2619 = CARTESIAN_POINT('',(24.,-5.878304635907E-15,180.));
#2620 = LINE('',#2621,#2622);
#2621 = CARTESIAN_POINT('',(24.,-5.878304635907E-15,180.));
#2622 = VECTOR('',#2623,1.);
#2623 = DIRECTION('',(0.,0.,1.));
#2624 = ORIENTED_EDGE('',*,*,#2625,.T.);
#2625 = EDGE_CURVE('',#2618,#2618,#2626,.T.);
#2626 = CIRCLE('',#2627,24.);
#2627 = AXIS2_PLACEMENT_3D('',#2628,#2629,#2630);
#2628 = CARTESIAN_POINT('',(0.,0.,180.));
#2629 = DIRECTION('',(0.,0.,1.));
#2630 = DIRECTION('',(1.,0.,-0.));
#2631 = ORIENTED_EDGE('',*,*,#2617,.T.);
#2632 = CYLINDRICAL_SURFACE('',#2633,24.);
#2633 = AXIS2_PLACEMENT_3D('',#2634,#2635,#2636);
#2634 = CARTESIAN_POINT('',(0.,0.,180.));
#2635 = DIRECTION('',(0.,0.,1.));
#2636 = DIRECTION('',(1.,0.,-0.));
#2637 = ADVANCED_FACE('',(#2638,#2641),#2652,.T.);
#2638 = FACE_BOUND('',#2639,.T.);
#2639 = EDGE_LOOP('',(#2640));
#2640 = ORIENTED_EDGE('',*,*,#2608,.T.);
#2641 = FACE_BOUND('',#2642,.T.);
#2642 = EDGE_LOOP('',(#2643));
#2643 = ORIENTED_EDGE('',*,*,#2644,.F.);
#2644 = EDGE_CURVE('',#2645,#2645,#2647,.T.);
#2645 = VERTEX_POINT('',#2646);
#2646 = CARTESIAN_POINT('',(10.,-2.449293598295E-15,190.));
#2647 = CIRCLE('',#2648,10.);
#2648 = AXIS2_PLACEMENT_3D('',#2649,#2650,#2651);
#2649 = CARTESIAN_POINT('',(0.,0.,190.));
#2650 = DIRECTION('',(0.,0.,1.));
#2651 = DIRECTION('',(1.,0.,-0.));
#2652 = PLANE('',#2653);
#2653 = AXIS2_PLACEMENT_3D('',#2654,#2655,#2656);
#2654 = CARTESIAN_POINT('',(0.,0.,190.));
#2655 = DIRECTION('',(0.,0.,1.));
#2656 = DIRECTION('',(1.,0.,-0.));
#2657 = ADVANCED_FACE('',(#2658,#2661),#2672,.F.);
#2658 = FACE_BOUND('',#2659,.F.);
#2659 = EDGE_LOOP('',(#2660));
#2660 = ORIENTED_EDGE('',*,*,#2625,.T.);
#2661 = FACE_BOUND('',#2662,.F.);
#2662 = EDGE_LOOP('',(#2663));
#2663 = ORIENTED_EDGE('',*,*,#2664,.F.);
#2664 = EDGE_CURVE('',#2665,#2665,#2667,.T.);
#2665 = VERTEX_POINT('',#2666);
#2666 = CARTESIAN_POINT('',(10.,-2.449293598295E-15,180.));
#2667 = CIRCLE('',#2668,10.);
#2668 = AXIS2_PLACEMENT_3D('',#2669,#2670,#2671);
#2669 = CARTESIAN_POINT('',(0.,0.,180.));
#2670 = DIRECTION('',(0.,0.,1.));
#2671 = DIRECTION('',(1.,0.,-0.));
#2672 = PLANE('',#2673);
#2673 = AXIS2_PLACEMENT_3D('',#2674,#2675,#2676);
#2674 = CARTESIAN_POINT('',(0.,0.,180.));
#2675 = DIRECTION('',(0.,0.,1.));
#2676 = DIRECTION('',(1.,0.,-0.));
#2677 = ADVANCED_FACE('',(#2678),#2689,.F.);
#2678 = FACE_BOUND('',#2679,.F.);
#2679 = EDGE_LOOP('',(#2680,#2681,#2687,#2688));
#2680 = ORIENTED_EDGE('',*,*,#2644,.F.);
#2681 = ORIENTED_EDGE('',*,*,#2682,.F.);
#2682 = EDGE_CURVE('',#2665,#2645,#2683,.T.);
#2683 = LINE('',#2684,#2685);
#2684 = CARTESIAN_POINT('',(10.,-2.449293598295E-15,180.));
#2685 = VECTOR('',#2686,1.);
#2686 = DIRECTION('',(0.,0.,1.));
#2687 = ORIENTED_EDGE('',*,*,#2664,.T.);
#2688 = ORIENTED_EDGE('',*,*,#2682,.T.);
#2689 = CYLINDRICAL_SURFACE('',#2690,10.);
#2690 = AXIS2_PLACEMENT_3D('',#2691,#2692,#2693);
#2691 = CARTESIAN_POINT('',(0.,0.,180.));
#2692 = DIRECTION('',(0.,0.,1.));
#2693 = DIRECTION('',(1.,0.,-0.));
#2694 = ( GEOMETRIC_REPRESENTATION_CONTEXT(3) 
GLOBAL_UNCERTAINTY_ASSIGNED_CONTEXT((#2698)) 
GLOBAL_UNIT_ASSIGNED_CONTEXT((#2695,#2696,#2697)) REPRESENTATION_CONTEXT
('Context #1','3D Context with UNIT and UNCERTAINTY') );
#2695 = ( LENGTH_UNIT() NAMED_UNIT(*) SI_UNIT(.MILLI.,.METRE.) );
#2696 = ( NAMED_UNIT(*) PLANE_ANGLE_UNIT() SI_UNIT($,.RADIAN.) );
#2697 = ( NAMED_UNIT(*) SI_UNIT($,.STERADIAN.) SOLID_ANGLE_UNIT() );
#2698 = UNCERTAINTY_MEASURE_WITH_UNIT(LENGTH_MEASURE(1.E-07),#2695,
  'distance_accuracy_value','confusion accuracy');
#2699 = CONTEXT_DEPENDENT_SHAPE_REPRESENTATION(#2700,#2702);
#2700 = ( REPRESENTATION_RELATIONSHIP('','',#2509,#10) 
REPRESENTATION_RELATIONSHIP_WITH_TRANSFORMATION(#2701) 
SHAPE_REPRESENTATION_RELATIONSHIP() );
#2701 = ITEM_DEFINED_TRANSFORMATION('','',#11,#47);
#2702 = PRODUCT_DEFINITION_SHAPE('Placement','Placement of an item',
  #2703);
#2703 = NEXT_ASSEMBLY_USAGE_OCCURRENCE('9',
  '10 — Два подшипника Ø20 в сухой головке'
  ,'',#5,#2504,$);
#2704 = PRODUCT_RELATED_PRODUCT_CATEGORY('part',$,(#2506));
#2705 = SHAPE_DEFINITION_REPRESENTATION(#2706,#2712);
#2706 = PRODUCT_DEFINITION_SHAPE('','',#2707);
#2707 = PRODUCT_DEFINITION('design','',#2708,#2711);
#2708 = PRODUCT_DEFINITION_FORMATION('','',#2709);
#2709 = PRODUCT(
  '11 — Привод BLDC 600 Вт класса + редуктор',
  '11 — Привод BLDC 600 Вт класса + редуктор',''
  ,(#2710));
#2710 = PRODUCT_CONTEXT('',#2,'mechanical');
#2711 = PRODUCT_DEFINITION_CONTEXT('part definition',#2,'design');
#2712 = ADVANCED_BREP_SHAPE_REPRESENTATION('',(#11,#2713),#2766);
#2713 = MANIFOLD_SOLID_BREP('',#2714);
#2714 = CLOSED_SHELL('',(#2715,#2748,#2757));
#2715 = ADVANCED_FACE('',(#2716),#2743,.T.);
#2716 = FACE_BOUND('',#2717,.T.);
#2717 = EDGE_LOOP('',(#2718,#2727,#2735,#2742));
#2718 = ORIENTED_EDGE('',*,*,#2719,.F.);
#2719 = EDGE_CURVE('',#2720,#2720,#2722,.T.);
#2720 = VERTEX_POINT('',#2721);
#2721 = CARTESIAN_POINT('',(38.,-9.30731567352E-15,242.));
#2722 = CIRCLE('',#2723,38.);
#2723 = AXIS2_PLACEMENT_3D('',#2724,#2725,#2726);
#2724 = CARTESIAN_POINT('',(0.,0.,242.));
#2725 = DIRECTION('',(0.,0.,1.));
#2726 = DIRECTION('',(1.,0.,-0.));
#2727 = ORIENTED_EDGE('',*,*,#2728,.F.);
#2728 = EDGE_CURVE('',#2729,#2720,#2731,.T.);
#2729 = VERTEX_POINT('',#2730);
#2730 = CARTESIAN_POINT('',(38.,-9.30731567352E-15,194.));
#2731 = LINE('',#2732,#2733);
#2732 = CARTESIAN_POINT('',(38.,-9.30731567352E-15,194.));
#2733 = VECTOR('',#2734,1.);
#2734 = DIRECTION('',(0.,0.,1.));
#2735 = ORIENTED_EDGE('',*,*,#2736,.T.);
#2736 = EDGE_CURVE('',#2729,#2729,#2737,.T.);
#2737 = CIRCLE('',#2738,38.);
#2738 = AXIS2_PLACEMENT_3D('',#2739,#2740,#2741);
#2739 = CARTESIAN_POINT('',(0.,0.,194.));
#2740 = DIRECTION('',(0.,0.,1.));
#2741 = DIRECTION('',(1.,0.,-0.));
#2742 = ORIENTED_EDGE('',*,*,#2728,.T.);
#2743 = CYLINDRICAL_SURFACE('',#2744,38.);
#2744 = AXIS2_PLACEMENT_3D('',#2745,#2746,#2747);
#2745 = CARTESIAN_POINT('',(0.,0.,194.));
#2746 = DIRECTION('',(0.,0.,1.));
#2747 = DIRECTION('',(1.,0.,-0.));
#2748 = ADVANCED_FACE('',(#2749),#2752,.T.);
#2749 = FACE_BOUND('',#2750,.T.);
#2750 = EDGE_LOOP('',(#2751));
#2751 = ORIENTED_EDGE('',*,*,#2719,.T.);
#2752 = PLANE('',#2753);
#2753 = AXIS2_PLACEMENT_3D('',#2754,#2755,#2756);
#2754 = CARTESIAN_POINT('',(0.,0.,242.));
#2755 = DIRECTION('',(0.,0.,1.));
#2756 = DIRECTION('',(1.,0.,-0.));
#2757 = ADVANCED_FACE('',(#2758),#2761,.F.);
#2758 = FACE_BOUND('',#2759,.T.);
#2759 = EDGE_LOOP('',(#2760));
#2760 = ORIENTED_EDGE('',*,*,#2736,.F.);
#2761 = PLANE('',#2762);
#2762 = AXIS2_PLACEMENT_3D('',#2763,#2764,#2765);
#2763 = CARTESIAN_POINT('',(0.,0.,194.));
#2764 = DIRECTION('',(0.,0.,1.));
#2765 = DIRECTION('',(1.,0.,-0.));
#2766 = ( GEOMETRIC_REPRESENTATION_CONTEXT(3) 
GLOBAL_UNCERTAINTY_ASSIGNED_CONTEXT((#2770)) 
GLOBAL_UNIT_ASSIGNED_CONTEXT((#2767,#2768,#2769)) REPRESENTATION_CONTEXT
('Context #1','3D Context with UNIT and UNCERTAINTY') );
#2767 = ( LENGTH_UNIT() NAMED_UNIT(*) SI_UNIT(.MILLI.,.METRE.) );
#2768 = ( NAMED_UNIT(*) PLANE_ANGLE_UNIT() SI_UNIT($,.RADIAN.) );
#2769 = ( NAMED_UNIT(*) SI_UNIT($,.STERADIAN.) SOLID_ANGLE_UNIT() );
#2770 = UNCERTAINTY_MEASURE_WITH_UNIT(LENGTH_MEASURE(1.E-07),#2767,
  'distance_accuracy_value','confusion accuracy');
#2771 = CONTEXT_DEPENDENT_SHAPE_REPRESENTATION(#2772,#2774);
#2772 = ( REPRESENTATION_RELATIONSHIP('','',#2712,#10) 
REPRESENTATION_RELATIONSHIP_WITH_TRANSFORMATION(#2773) 
SHAPE_REPRESENTATION_RELATIONSHIP() );
#2773 = ITEM_DEFINED_TRANSFORMATION('','',#11,#51);
#2774 = PRODUCT_DEFINITION_SHAPE('Placement','Placement of an item',
  #2775);
#2775 = NEXT_ASSEMBLY_USAGE_OCCURRENCE('10',
  '11 — Привод BLDC 600 Вт класса + редуктор',''
  ,#5,#2707,$);
#2776 = PRODUCT_RELATED_PRODUCT_CATEGORY('part',$,(#2709));
#2777 = SHAPE_DEFINITION_REPRESENTATION(#2778,#2784);
#2778 = PRODUCT_DEFINITION_SHAPE('','',#2779);
#2779 = PRODUCT_DEFINITION('design','',#2780,#2783);
#2780 = PRODUCT_DEFINITION_FORMATION('','',#2781);
#2781 = PRODUCT('12 — Патрубок подачи воздуха',
  '12 — Патрубок подачи воздуха','',(#2782));
#2782 = PRODUCT_CONTEXT('',#2,'mechanical');
#2783 = PRODUCT_DEFINITION_CONTEXT('part definition',#2,'design');
#2784 = ADVANCED_BREP_SHAPE_REPRESENTATION('',(#11,#2785),#2883);
#2785 = MANIFOLD_SOLID_BREP('',#2786);
#2786 = CLOSED_SHELL('',(#2787,#2820,#2840,#2849,#2874));
#2787 = ADVANCED_FACE('',(#2788),#2815,.T.);
#2788 = FACE_BOUND('',#2789,.T.);
#2789 = EDGE_LOOP('',(#2790,#2799,#2807,#2814));
#2790 = ORIENTED_EDGE('',*,*,#2791,.F.);
#2791 = EDGE_CURVE('',#2792,#2792,#2794,.T.);
#2792 = VERTEX_POINT('',#2793);
#2793 = CARTESIAN_POINT('',(132.5,1.959434878636E-15,126.));
#2794 = CIRCLE('',#2795,8.);
#2795 = AXIS2_PLACEMENT_3D('',#2796,#2797,#2798);
#2796 = CARTESIAN_POINT('',(132.5,0.,118.));
#2797 = DIRECTION('',(1.,0.,0.));
#2798 = DIRECTION('',(-0.,0.,1.));
#2799 = ORIENTED_EDGE('',*,*,#2800,.F.);
#2800 = EDGE_CURVE('',#2801,#2792,#2803,.T.);
#2801 = VERTEX_POINT('',#2802);
#2802 = CARTESIAN_POINT('',(105.5,1.959434878636E-15,126.));
#2803 = LINE('',#2804,#2805);
#2804 = CARTESIAN_POINT('',(105.5,1.959434878636E-15,126.));
#2805 = VECTOR('',#2806,1.);
#2806 = DIRECTION('',(1.,0.,0.));
#2807 = ORIENTED_EDGE('',*,*,#2808,.T.);
#2808 = EDGE_CURVE('',#2801,#2801,#2809,.T.);
#2809 = CIRCLE('',#2810,8.);
#2810 = AXIS2_PLACEMENT_3D('',#2811,#2812,#2813);
#2811 = CARTESIAN_POINT('',(105.5,0.,118.));
#2812 = DIRECTION('',(1.,0.,0.));
#2813 = DIRECTION('',(-0.,0.,1.));
#2814 = ORIENTED_EDGE('',*,*,#2800,.T.);
#2815 = CYLINDRICAL_SURFACE('',#2816,8.);
#2816 = AXIS2_PLACEMENT_3D('',#2817,#2818,#2819);
#2817 = CARTESIAN_POINT('',(105.5,0.,118.));
#2818 = DIRECTION('',(1.,0.,0.));
#2819 = DIRECTION('',(-0.,0.,1.));
#2820 = ADVANCED_FACE('',(#2821,#2832),#2835,.F.);
#2821 = FACE_BOUND('',#2822,.F.);
#2822 = EDGE_LOOP('',(#2823));
#2823 = ORIENTED_EDGE('',*,*,#2824,.T.);
#2824 = EDGE_CURVE('',#2825,#2825,#2827,.T.);
#2825 = VERTEX_POINT('',#2826);
#2826 = CARTESIAN_POINT('',(132.5,3.184081677783E-15,131.));
#2827 = CIRCLE('',#2828,13.);
#2828 = AXIS2_PLACEMENT_3D('',#2829,#2830,#2831);
#2829 = CARTESIAN_POINT('',(132.5,0.,118.));
#2830 = DIRECTION('',(1.,0.,0.));
#2831 = DIRECTION('',(-0.,0.,1.));
#2832 = FACE_BOUND('',#2833,.F.);
#2833 = EDGE_LOOP('',(#2834));
#2834 = ORIENTED_EDGE('',*,*,#2791,.F.);
#2835 = PLANE('',#2836);
#2836 = AXIS2_PLACEMENT_3D('',#2837,#2838,#2839);
#2837 = CARTESIAN_POINT('',(132.5,0.,118.));
#2838 = DIRECTION('',(1.,0.,0.));
#2839 = DIRECTION('',(-0.,0.,1.));
#2840 = ADVANCED_FACE('',(#2841),#2844,.F.);
#2841 = FACE_BOUND('',#2842,.T.);
#2842 = EDGE_LOOP('',(#2843));
#2843 = ORIENTED_EDGE('',*,*,#2808,.F.);
#2844 = PLANE('',#2845);
#2845 = AXIS2_PLACEMENT_3D('',#2846,#2847,#2848);
#2846 = CARTESIAN_POINT('',(105.5,0.,118.));
#2847 = DIRECTION('',(1.,0.,0.));
#2848 = DIRECTION('',(-0.,0.,1.));
#2849 = ADVANCED_FACE('',(#2850),#2869,.T.);
#2850 = FACE_BOUND('',#2851,.T.);
#2851 = EDGE_LOOP('',(#2852,#2861,#2867,#2868));
#2852 = ORIENTED_EDGE('',*,*,#2853,.F.);
#2853 = EDGE_CURVE('',#2854,#2854,#2856,.T.);
#2854 = VERTEX_POINT('',#2855);
#2855 = CARTESIAN_POINT('',(139.5,3.184081677783E-15,131.));
#2856 = CIRCLE('',#2857,13.);
#2857 = AXIS2_PLACEMENT_3D('',#2858,#2859,#2860);
#2858 = CARTESIAN_POINT('',(139.5,0.,118.));
#2859 = DIRECTION('',(1.,0.,0.));
#2860 = DIRECTION('',(-0.,0.,1.));
#2861 = ORIENTED_EDGE('',*,*,#2862,.F.);
#2862 = EDGE_CURVE('',#2825,#2854,#2863,.T.);
#2863 = LINE('',#2864,#2865);
#2864 = CARTESIAN_POINT('',(132.5,3.184081677783E-15,131.));
#2865 = VECTOR('',#2866,1.);
#2866 = DIRECTION('',(1.,0.,0.));
#2867 = ORIENTED_EDGE('',*,*,#2824,.T.);
#2868 = ORIENTED_EDGE('',*,*,#2862,.T.);
#2869 = CYLINDRICAL_SURFACE('',#2870,13.);
#2870 = AXIS2_PLACEMENT_3D('',#2871,#2872,#2873);
#2871 = CARTESIAN_POINT('',(132.5,0.,118.));
#2872 = DIRECTION('',(1.,0.,0.));
#2873 = DIRECTION('',(-0.,0.,1.));
#2874 = ADVANCED_FACE('',(#2875),#2878,.T.);
#2875 = FACE_BOUND('',#2876,.T.);
#2876 = EDGE_LOOP('',(#2877));
#2877 = ORIENTED_EDGE('',*,*,#2853,.T.);
#2878 = PLANE('',#2879);
#2879 = AXIS2_PLACEMENT_3D('',#2880,#2881,#2882);
#2880 = CARTESIAN_POINT('',(139.5,0.,118.));
#2881 = DIRECTION('',(1.,0.,0.));
#2882 = DIRECTION('',(-0.,0.,1.));
#2883 = ( GEOMETRIC_REPRESENTATION_CONTEXT(3) 
GLOBAL_UNCERTAINTY_ASSIGNED_CONTEXT((#2887)) 
GLOBAL_UNIT_ASSIGNED_CONTEXT((#2884,#2885,#2886)) REPRESENTATION_CONTEXT
('Context #1','3D Context with UNIT and UNCERTAINTY') );
#2884 = ( LENGTH_UNIT() NAMED_UNIT(*) SI_UNIT(.MILLI.,.METRE.) );
#2885 = ( NAMED_UNIT(*) PLANE_ANGLE_UNIT() SI_UNIT($,.RADIAN.) );
#2886 = ( NAMED_UNIT(*) SI_UNIT($,.STERADIAN.) SOLID_ANGLE_UNIT() );
#2887 = UNCERTAINTY_MEASURE_WITH_UNIT(LENGTH_MEASURE(1.E-07),#2884,
  'distance_accuracy_value','confusion accuracy');
#2888 = CONTEXT_DEPENDENT_SHAPE_REPRESENTATION(#2889,#2891);
#2889 = ( REPRESENTATION_RELATIONSHIP('','',#2784,#10) 
REPRESENTATION_RELATIONSHIP_WITH_TRANSFORMATION(#2890) 
SHAPE_REPRESENTATION_RELATIONSHIP() );
#2890 = ITEM_DEFINED_TRANSFORMATION('','',#11,#55);
#2891 = PRODUCT_DEFINITION_SHAPE('Placement','Placement of an item',
  #2892);
#2892 = NEXT_ASSEMBLY_USAGE_OCCURRENCE('11',
  '12 — Патрубок подачи воздуха','',#5,#2779,$);
#2893 = PRODUCT_RELATED_PRODUCT_CATEGORY('part',$,(#2781));
#2894 = SHAPE_DEFINITION_REPRESENTATION(#2895,#2901);
#2895 = PRODUCT_DEFINITION_SHAPE('','',#2896);
#2896 = PRODUCT_DEFINITION('design','',#2897,#2900);
#2897 = PRODUCT_DEFINITION_FORMATION('','',#2898);
#2898 = PRODUCT(
'13 — Независимый механический 
предохранительный клапан',
'13 — Независимый механический 
предохранительный клапан','',(#2899));
#2899 = PRODUCT_CONTEXT('',#2,'mechanical');
#2900 = PRODUCT_DEFINITION_CONTEXT('part definition',#2,'design');
#2901 = ADVANCED_BREP_SHAPE_REPRESENTATION('',(#11,#2902),#3146);
#2902 = MANIFOLD_SOLID_BREP('',#2903);
#2903 = CLOSED_SHELL('',(#2904,#2937,#2957,#2966,#3061,#3093,#3127,#3137
    ));
#2904 = ADVANCED_FACE('',(#2905),#2932,.T.);
#2905 = FACE_BOUND('',#2906,.T.);
#2906 = EDGE_LOOP('',(#2907,#2916,#2924,#2931));
#2907 = ORIENTED_EDGE('',*,*,#2908,.F.);
#2908 = EDGE_CURVE('',#2909,#2909,#2911,.T.);
#2909 = VERTEX_POINT('',#2910);
#2910 = CARTESIAN_POINT('',(130.5,-44.,124.));
#2911 = CIRCLE('',#2912,12.);
#2912 = AXIS2_PLACEMENT_3D('',#2913,#2914,#2915);
#2913 = CARTESIAN_POINT('',(130.5,-44.,112.));
#2914 = DIRECTION('',(1.,0.,0.));
#2915 = DIRECTION('',(-0.,0.,1.));
#2916 = ORIENTED_EDGE('',*,*,#2917,.F.);
#2917 = EDGE_CURVE('',#2918,#2909,#2920,.T.);
#2918 = VERTEX_POINT('',#2919);
#2919 = CARTESIAN_POINT('',(105.5,-44.,124.));
#2920 = LINE('',#2921,#2922);
#2921 = CARTESIAN_POINT('',(105.5,-44.,124.));
#2922 = VECTOR('',#2923,1.);
#2923 = DIRECTION('',(1.,0.,0.));
#2924 = ORIENTED_EDGE('',*,*,#2925,.T.);
#2925 = EDGE_CURVE('',#2918,#2918,#2926,.T.);
#2926 = CIRCLE('',#2927,12.);
#2927 = AXIS2_PLACEMENT_3D('',#2928,#2929,#2930);
#2928 = CARTESIAN_POINT('',(105.5,-44.,112.));
#2929 = DIRECTION('',(1.,0.,0.));
#2930 = DIRECTION('',(-0.,0.,1.));
#2931 = ORIENTED_EDGE('',*,*,#2917,.T.);
#2932 = CYLINDRICAL_SURFACE('',#2933,12.);
#2933 = AXIS2_PLACEMENT_3D('',#2934,#2935,#2936);
#2934 = CARTESIAN_POINT('',(105.5,-44.,112.));
#2935 = DIRECTION('',(1.,0.,0.));
#2936 = DIRECTION('',(-0.,0.,1.));
#2937 = ADVANCED_FACE('',(#2938,#2949),#2952,.F.);
#2938 = FACE_BOUND('',#2939,.F.);
#2939 = EDGE_LOOP('',(#2940));
#2940 = ORIENTED_EDGE('',*,*,#2941,.T.);
#2941 = EDGE_CURVE('',#2942,#2942,#2944,.T.);
#2942 = VERTEX_POINT('',#2943);
#2943 = CARTESIAN_POINT('',(130.5,-44.,129.));
#2944 = CIRCLE('',#2945,17.);
#2945 = AXIS2_PLACEMENT_3D('',#2946,#2947,#2948);
#2946 = CARTESIAN_POINT('',(130.5,-44.,112.));
#2947 = DIRECTION('',(1.,0.,0.));
#2948 = DIRECTION('',(-0.,0.,1.));
#2949 = FACE_BOUND('',#2950,.F.);
#2950 = EDGE_LOOP('',(#2951));
#2951 = ORIENTED_EDGE('',*,*,#2908,.F.);
#2952 = PLANE('',#2953);
#2953 = AXIS2_PLACEMENT_3D('',#2954,#2955,#2956);
#2954 = CARTESIAN_POINT('',(130.5,-44.,112.));
#2955 = DIRECTION('',(1.,0.,0.));
#2956 = DIRECTION('',(-0.,0.,1.));
#2957 = ADVANCED_FACE('',(#2958),#2961,.F.);
#2958 = FACE_BOUND('',#2959,.T.);
#2959 = EDGE_LOOP('',(#2960));
#2960 = ORIENTED_EDGE('',*,*,#2925,.F.);
#2961 = PLANE('',#2962);
#2962 = AXIS2_PLACEMENT_3D('',#2963,#2964,#2965);
#2963 = CARTESIAN_POINT('',(105.5,-44.,112.));
#2964 = DIRECTION('',(1.,0.,0.));
#2965 = DIRECTION('',(-0.,0.,1.));
#2966 = ADVANCED_FACE('',(#2967),#3056,.T.);
#2967 = FACE_BOUND('',#2968,.T.);
#2968 = EDGE_LOOP('',(#2969,#2980,#3041,#3048,#3054,#3055));
#2969 = ORIENTED_EDGE('',*,*,#2970,.F.);
#2970 = EDGE_CURVE('',#2971,#2973,#2975,.T.);
#2971 = VERTEX_POINT('',#2972);
#2972 = CARTESIAN_POINT('',(139.5,-59.90597372058,106.));
#2973 = VERTEX_POINT('',#2974);
#2974 = CARTESIAN_POINT('',(139.5,-44.,129.));
#2975 = CIRCLE('',#2976,17.);
#2976 = AXIS2_PLACEMENT_3D('',#2977,#2978,#2979);
#2977 = CARTESIAN_POINT('',(139.5,-44.,112.));
#2978 = DIRECTION('',(1.,0.,0.));
#2979 = DIRECTION('',(-0.,0.,1.));
#2980 = ORIENTED_EDGE('',*,*,#2981,.F.);
#2981 = EDGE_CURVE('',#2982,#2971,#2984,.T.);
#2982 = VERTEX_POINT('',#2983);
#2983 = CARTESIAN_POINT('',(139.5,-59.90597372058,118.));
#2984 = B_SPLINE_CURVE_WITH_KNOTS('',7,(#2985,#2986,#2987,#2988,#2989,
    #2990,#2991,#2992,#2993,#2994,#2995,#2996,#2997,#2998,#2999,#3000,
    #3001,#3002,#3003,#3004,#3005,#3006,#3007,#3008,#3009,#3010,#3011,
    #3012,#3013,#3014,#3015,#3016,#3017,#3018,#3019,#3020,#3021,#3022,
    #3023,#3024,#3025,#3026,#3027,#3028,#3029,#3030,#3031,#3032,#3033,
    #3034,#3035,#3036,#3037,#3038,#3039,#3040),.UNSPECIFIED.,.F.,.F.,(8,
    6,6,6,6,6,6,6,6,8),(0.,0.243634646125,0.300380314803,0.367512230318,
    0.443887705164,0.552870075762,0.631951638849,0.700004820148,
    0.754913825444,1.),.UNSPECIFIED.);
#2985 = CARTESIAN_POINT('',(139.5000006,-59.90597372058,118.));
#2986 = CARTESIAN_POINT('',(138.92720021714,-59.90597369898,
    118.00000005728));
#2987 = CARTESIAN_POINT('',(138.35557543241,-59.9300391536,
    117.93620278241));
#2988 = CARTESIAN_POINT('',(137.78962363317,-59.9779916363,
    117.8090800595));
#2989 = CARTESIAN_POINT('',(137.23398960495,-60.04829372189,
    117.61783122851));
#2990 = CARTESIAN_POINT('',(136.6942580702,-60.13799135795,
    117.36070552297));
#2991 = CARTESIAN_POINT('',(136.17752079362,-60.24246276204,
    117.03513731822));
#2992 = CARTESIAN_POINT('',(135.58119157881,-60.3812409727,
    116.54578678763));
#2993 = CARTESIAN_POINT('',(135.47027735792,-60.40790926357,
    116.44942835643));
#2994 = CARTESIAN_POINT('',(135.3612198989,-60.43494839548,
    116.3491014309));
#2995 = CARTESIAN_POINT('',(135.25415066834,-60.46227066369,
    116.24475145001));
#2996 = CARTESIAN_POINT('',(135.14921580041,-60.48978086449,
    116.13632389585));
#2997 = CARTESIAN_POINT('',(135.04657609383,-60.51737602337,
    116.02376428435));
#2998 = CARTESIAN_POINT('',(134.82790382283,-60.57756023753,
    115.76890380488));
#2999 = CARTESIAN_POINT('',(134.71283484156,-60.61014531936,
    115.62490278905));
#3000 = CARTESIAN_POINT('',(134.60152130646,-60.64250921378,
    115.47495196461));
#3001 = CARTESIAN_POINT('',(134.49431393956,-60.67444297689,
    115.31900243296));
#3002 = CARTESIAN_POINT('',(134.39159330908,-60.70572107568,
    115.15701991846));
#3003 = CARTESIAN_POINT('',(134.29377019493,-60.73610258783,
    114.98898514595));
#3004 = CARTESIAN_POINT('',(134.09606732972,-60.79858694088,
    114.61683228068));
#3005 = CARTESIAN_POINT('',(133.9976289148,-60.83039211933,
    114.41068548082));
#3006 = CARTESIAN_POINT('',(133.90687795982,-60.86029423403,
    114.19683907831));
#3007 = CARTESIAN_POINT('',(133.82466159862,-60.88784217967,
    113.97573821971));
#3008 = CARTESIAN_POINT('',(133.75177072344,-60.91260113349,
    113.74788763302));
#3009 = CARTESIAN_POINT('',(133.68894385995,-60.93416624007,
    113.51385132214));
#3010 = CARTESIAN_POINT('',(133.56256683505,-60.97787536516,
    112.93236144229));
#3011 = CARTESIAN_POINT('',(133.51017508367,-60.99633019848,
    112.57922003221));
#3012 = CARTESIAN_POINT('',(133.48220075,-61.00631748462,112.21903931607
    ));
#3013 = CARTESIAN_POINT('',(133.47990752611,-61.00713679224,
    111.85626522152));
#3014 = CARTESIAN_POINT('',(133.5033651484,-60.99874914274,
    111.49542698113));
#3015 = CARTESIAN_POINT('',(133.55145022766,-60.98178111762,
    111.14098554508));
#3016 = CARTESIAN_POINT('',(133.67284937474,-60.93969868602,
    110.54770522971));
#3017 = CARTESIAN_POINT('',(133.73558874446,-60.91810826454,
    110.30399393858));
#3018 = CARTESIAN_POINT('',(133.80926816984,-60.8930136325,
    110.06677033184));
#3019 = CARTESIAN_POINT('',(133.89307604838,-60.8648596845,
    109.83668895607));
#3020 = CARTESIAN_POINT('',(133.98613500907,-60.8341292061,
    109.61433594791));
#3021 = CARTESIAN_POINT('',(134.08749721199,-60.80132626664,
    109.40022853849));
#3022 = CARTESIAN_POINT('',(134.28963126705,-60.73738558656,
    109.01804674602));
#3023 = CARTESIAN_POINT('',(134.38862746061,-60.70661753946,
    108.84750145258));
#3024 = CARTESIAN_POINT('',(134.49266744941,-60.67492168269,
    108.68317538702));
#3025 = CARTESIAN_POINT('',(134.60132272552,-60.64254929296,
    108.52504897766));
#3026 = CARTESIAN_POINT('',(134.71419665723,-60.6097354226,
    108.37308678011));
#3027 = CARTESIAN_POINT('',(134.830924094,-60.57669761042,
    108.22723788578));
#3028 = CARTESIAN_POINT('',(135.04819268753,-60.51695755272,
    107.97463683729));
#3029 = CARTESIAN_POINT('',(135.14752199186,-60.49025963989,
    107.86575530264));
#3030 = CARTESIAN_POINT('',(135.2490002411,-60.46364124162,
    107.76074243134));
#3031 = CARTESIAN_POINT('',(135.35248168949,-60.43719569096,
    107.65954886554));
#3032 = CARTESIAN_POINT('',(135.4578334861,-60.41100949677,
    107.56212518216));
#3033 = CARTESIAN_POINT('',(135.56493567209,-60.3851625739,
    107.46842189028));
#3034 = CARTESIAN_POINT('',(136.1590664059,-60.2462034455,
    106.97652981621));
#3035 = CARTESIAN_POINT('',(136.67820506842,-60.14066615658,
    106.64696523022));
#3036 = CARTESIAN_POINT('',(137.22077038197,-60.04997128088,
    106.38673376551));
#3037 = CARTESIAN_POINT('',(137.77951793981,-59.97885146863,
    106.19319935289));
#3038 = CARTESIAN_POINT('',(138.3487583028,-59.93032788952,
    106.06456265809));
#3039 = CARTESIAN_POINT('',(138.92377417547,-59.90597372058,106.));
#3040 = CARTESIAN_POINT('',(139.5,-59.90597372058,106.));
#3041 = ORIENTED_EDGE('',*,*,#3042,.F.);
#3042 = EDGE_CURVE('',#2973,#2982,#3043,.T.);
#3043 = CIRCLE('',#3044,17.);
#3044 = AXIS2_PLACEMENT_3D('',#3045,#3046,#3047);
#3045 = CARTESIAN_POINT('',(139.5,-44.,112.));
#3046 = DIRECTION('',(1.,0.,0.));
#3047 = DIRECTION('',(-0.,0.,1.));
#3048 = ORIENTED_EDGE('',*,*,#3049,.F.);
#3049 = EDGE_CURVE('',#2942,#2973,#3050,.T.);
#3050 = LINE('',#3051,#3052);
#3051 = CARTESIAN_POINT('',(130.5,-44.,129.));
#3052 = VECTOR('',#3053,1.);
#3053 = DIRECTION('',(1.,0.,0.));
#3054 = ORIENTED_EDGE('',*,*,#2941,.T.);
#3055 = ORIENTED_EDGE('',*,*,#3049,.T.);
#3056 = CYLINDRICAL_SURFACE('',#3057,17.);
#3057 = AXIS2_PLACEMENT_3D('',#3058,#3059,#3060);
#3058 = CARTESIAN_POINT('',(130.5,-44.,112.));
#3059 = DIRECTION('',(1.,0.,0.));
#3060 = DIRECTION('',(-0.,0.,1.));
#3061 = ADVANCED_FACE('',(#3062),#3088,.T.);
#3062 = FACE_BOUND('',#3063,.T.);
#3063 = EDGE_LOOP('',(#3064,#3072,#3073,#3074,#3082));
#3064 = ORIENTED_EDGE('',*,*,#3065,.T.);
#3065 = EDGE_CURVE('',#3066,#2971,#3068,.T.);
#3066 = VERTEX_POINT('',#3067);
#3067 = CARTESIAN_POINT('',(139.5,-44.,106.));
#3068 = LINE('',#3069,#3070);
#3069 = CARTESIAN_POINT('',(139.5,-44.,106.));
#3070 = VECTOR('',#3071,1.);
#3071 = DIRECTION('',(0.,-1.,0.));
#3072 = ORIENTED_EDGE('',*,*,#2970,.T.);
#3073 = ORIENTED_EDGE('',*,*,#3042,.T.);
#3074 = ORIENTED_EDGE('',*,*,#3075,.F.);
#3075 = EDGE_CURVE('',#3076,#2982,#3078,.T.);
#3076 = VERTEX_POINT('',#3077);
#3077 = CARTESIAN_POINT('',(139.5,-44.,118.));
#3078 = LINE('',#3079,#3080);
#3079 = CARTESIAN_POINT('',(139.5,-44.,118.));
#3080 = VECTOR('',#3081,1.);
#3081 = DIRECTION('',(0.,-1.,0.));
#3082 = ORIENTED_EDGE('',*,*,#3083,.T.);
#3083 = EDGE_CURVE('',#3076,#3066,#3084,.T.);
#3084 = LINE('',#3085,#3086);
#3085 = CARTESIAN_POINT('',(139.5,-44.,112.));
#3086 = VECTOR('',#3087,1.);
#3087 = DIRECTION('',(0.,0.,-1.));
#3088 = PLANE('',#3089);
#3089 = AXIS2_PLACEMENT_3D('',#3090,#3091,#3092);
#3090 = CARTESIAN_POINT('',(139.5,-44.,112.));
#3091 = DIRECTION('',(1.,0.,0.));
#3092 = DIRECTION('',(-0.,0.,1.));
#3093 = ADVANCED_FACE('',(#3094),#3122,.T.);
#3094 = FACE_BOUND('',#3095,.T.);
#3095 = EDGE_LOOP('',(#3096,#3104,#3111,#3112,#3113,#3120,#3121));
#3096 = ORIENTED_EDGE('',*,*,#3097,.T.);
#3097 = EDGE_CURVE('',#2971,#3098,#3100,.T.);
#3098 = VERTEX_POINT('',#3099);
#3099 = CARTESIAN_POINT('',(139.5,-64.,106.));
#3100 = LINE('',#3101,#3102);
#3101 = CARTESIAN_POINT('',(139.5,-44.,106.));
#3102 = VECTOR('',#3103,1.);
#3103 = DIRECTION('',(0.,-1.,0.));
#3104 = ORIENTED_EDGE('',*,*,#3105,.F.);
#3105 = EDGE_CURVE('',#3098,#3098,#3106,.T.);
#3106 = CIRCLE('',#3107,6.);
#3107 = AXIS2_PLACEMENT_3D('',#3108,#3109,#3110);
#3108 = CARTESIAN_POINT('',(139.5,-64.,112.));
#3109 = DIRECTION('',(0.,-1.,0.));
#3110 = DIRECTION('',(0.,-0.,-1.));
#3111 = ORIENTED_EDGE('',*,*,#3097,.F.);
#3112 = ORIENTED_EDGE('',*,*,#3065,.F.);
#3113 = ORIENTED_EDGE('',*,*,#3114,.T.);
#3114 = EDGE_CURVE('',#3066,#3076,#3115,.T.);
#3115 = CIRCLE('',#3116,6.);
#3116 = AXIS2_PLACEMENT_3D('',#3117,#3118,#3119);
#3117 = CARTESIAN_POINT('',(139.5,-44.,112.));
#3118 = DIRECTION('',(0.,-1.,0.));
#3119 = DIRECTION('',(0.,-0.,-1.));
#3120 = ORIENTED_EDGE('',*,*,#3075,.T.);
#3121 = ORIENTED_EDGE('',*,*,#2981,.T.);
#3122 = CYLINDRICAL_SURFACE('',#3123,6.);
#3123 = AXIS2_PLACEMENT_3D('',#3124,#3125,#3126);
#3124 = CARTESIAN_POINT('',(139.5,-44.,112.));
#3125 = DIRECTION('',(0.,-1.,0.));
#3126 = DIRECTION('',(0.,-0.,-1.));
#3127 = ADVANCED_FACE('',(#3128),#3132,.F.);
#3128 = FACE_BOUND('',#3129,.F.);
#3129 = EDGE_LOOP('',(#3130,#3131));
#3130 = ORIENTED_EDGE('',*,*,#3083,.T.);
#3131 = ORIENTED_EDGE('',*,*,#3114,.T.);
#3132 = PLANE('',#3133);
#3133 = AXIS2_PLACEMENT_3D('',#3134,#3135,#3136);
#3134 = CARTESIAN_POINT('',(139.5,-44.,112.));
#3135 = DIRECTION('',(0.,-1.,0.));
#3136 = DIRECTION('',(0.,-0.,-1.));
#3137 = ADVANCED_FACE('',(#3138),#3141,.T.);
#3138 = FACE_BOUND('',#3139,.T.);
#3139 = EDGE_LOOP('',(#3140));
#3140 = ORIENTED_EDGE('',*,*,#3105,.T.);
#3141 = PLANE('',#3142);
#3142 = AXIS2_PLACEMENT_3D('',#3143,#3144,#3145);
#3143 = CARTESIAN_POINT('',(139.5,-64.,112.));
#3144 = DIRECTION('',(0.,-1.,0.));
#3145 = DIRECTION('',(0.,-0.,-1.));
#3146 = ( GEOMETRIC_REPRESENTATION_CONTEXT(3) 
GLOBAL_UNCERTAINTY_ASSIGNED_CONTEXT((#3150)) 
GLOBAL_UNIT_ASSIGNED_CONTEXT((#3147,#3148,#3149)) REPRESENTATION_CONTEXT
('Context #1','3D Context with UNIT and UNCERTAINTY') );
#3147 = ( LENGTH_UNIT() NAMED_UNIT(*) SI_UNIT(.MILLI.,.METRE.) );
#3148 = ( NAMED_UNIT(*) PLANE_ANGLE_UNIT() SI_UNIT($,.RADIAN.) );
#3149 = ( NAMED_UNIT(*) SI_UNIT($,.STERADIAN.) SOLID_ANGLE_UNIT() );
#3150 = UNCERTAINTY_MEASURE_WITH_UNIT(LENGTH_MEASURE(1.E-07),#3147,
  'distance_accuracy_value','confusion accuracy');
#3151 = CONTEXT_DEPENDENT_SHAPE_REPRESENTATION(#3152,#3154);
#3152 = ( REPRESENTATION_RELATIONSHIP('','',#2901,#10) 
REPRESENTATION_RELATIONSHIP_WITH_TRANSFORMATION(#3153) 
SHAPE_REPRESENTATION_RELATIONSHIP() );
#3153 = ITEM_DEFINED_TRANSFORMATION('','',#11,#59);
#3154 = PRODUCT_DEFINITION_SHAPE('Placement','Placement of an item',
  #3155);
#3155 = NEXT_ASSEMBLY_USAGE_OCCURRENCE('12',
'13 — Независимый механический 
предохранительный клапан','',#5,#2896,$);
#3156 = PRODUCT_RELATED_PRODUCT_CATEGORY('part',$,(#2898));
#3157 = SHAPE_DEFINITION_REPRESENTATION(#3158,#3164);
#3158 = PRODUCT_DEFINITION_SHAPE('','',#3159);
#3159 = PRODUCT_DEFINITION('design','',#3160,#3163);
#3160 = PRODUCT_DEFINITION_FORMATION('','',#3161);
#3161 = PRODUCT(
'14 — Управляемый выпуск / сменный 
ограничитель',
'14 — Управляемый выпуск / сменный 
ограничитель','',(#3162));
#3162 = PRODUCT_CONTEXT('',#2,'mechanical');
#3163 = PRODUCT_DEFINITION_CONTEXT('part definition',#2,'design');
#3164 = ADVANCED_BREP_SHAPE_REPRESENTATION('',(#11,#3165),#3263);
#3165 = MANIFOLD_SOLID_BREP('',#3166);
#3166 = CLOSED_SHELL('',(#3167,#3200,#3220,#3229,#3254));
#3167 = ADVANCED_FACE('',(#3168),#3195,.T.);
#3168 = FACE_BOUND('',#3169,.T.);
#3169 = EDGE_LOOP('',(#3170,#3179,#3187,#3194));
#3170 = ORIENTED_EDGE('',*,*,#3171,.F.);
#3171 = EDGE_CURVE('',#3172,#3172,#3174,.T.);
#3172 = VERTEX_POINT('',#3173);
#3173 = CARTESIAN_POINT('',(134.5,38.,115.));
#3174 = CIRCLE('',#3175,7.);
#3175 = AXIS2_PLACEMENT_3D('',#3176,#3177,#3178);
#3176 = CARTESIAN_POINT('',(134.5,38.,108.));
#3177 = DIRECTION('',(1.,0.,0.));
#3178 = DIRECTION('',(-0.,0.,1.));
#3179 = ORIENTED_EDGE('',*,*,#3180,.F.);
#3180 = EDGE_CURVE('',#3181,#3172,#3183,.T.);
#3181 = VERTEX_POINT('',#3182);
#3182 = CARTESIAN_POINT('',(105.5,38.,115.));
#3183 = LINE('',#3184,#3185);
#3184 = CARTESIAN_POINT('',(105.5,38.,115.));
#3185 = VECTOR('',#3186,1.);
#3186 = DIRECTION('',(1.,0.,0.));
#3187 = ORIENTED_EDGE('',*,*,#3188,.T.);
#3188 = EDGE_CURVE('',#3181,#3181,#3189,.T.);
#3189 = CIRCLE('',#3190,7.);
#3190 = AXIS2_PLACEMENT_3D('',#3191,#3192,#3193);
#3191 = CARTESIAN_POINT('',(105.5,38.,108.));
#3192 = DIRECTION('',(1.,0.,0.));
#3193 = DIRECTION('',(-0.,0.,1.));
#3194 = ORIENTED_EDGE('',*,*,#3180,.T.);
#3195 = CYLINDRICAL_SURFACE('',#3196,7.);
#3196 = AXIS2_PLACEMENT_3D('',#3197,#3198,#3199);
#3197 = CARTESIAN_POINT('',(105.5,38.,108.));
#3198 = DIRECTION('',(1.,0.,0.));
#3199 = DIRECTION('',(-0.,0.,1.));
#3200 = ADVANCED_FACE('',(#3201,#3212),#3215,.F.);
#3201 = FACE_BOUND('',#3202,.F.);
#3202 = EDGE_LOOP('',(#3203));
#3203 = ORIENTED_EDGE('',*,*,#3204,.T.);
#3204 = EDGE_CURVE('',#3205,#3205,#3207,.T.);
#3205 = VERTEX_POINT('',#3206);
#3206 = CARTESIAN_POINT('',(134.5,38.,122.));
#3207 = CIRCLE('',#3208,14.);
#3208 = AXIS2_PLACEMENT_3D('',#3209,#3210,#3211);
#3209 = CARTESIAN_POINT('',(134.5,38.,108.));
#3210 = DIRECTION('',(1.,0.,0.));
#3211 = DIRECTION('',(-0.,0.,1.));
#3212 = FACE_BOUND('',#3213,.F.);
#3213 = EDGE_LOOP('',(#3214));
#3214 = ORIENTED_EDGE('',*,*,#3171,.F.);
#3215 = PLANE('',#3216);
#3216 = AXIS2_PLACEMENT_3D('',#3217,#3218,#3219);
#3217 = CARTESIAN_POINT('',(134.5,38.,108.));
#3218 = DIRECTION('',(1.,0.,0.));
#3219 = DIRECTION('',(-0.,0.,1.));
#3220 = ADVANCED_FACE('',(#3221),#3224,.F.);
#3221 = FACE_BOUND('',#3222,.T.);
#3222 = EDGE_LOOP('',(#3223));
#3223 = ORIENTED_EDGE('',*,*,#3188,.F.);
#3224 = PLANE('',#3225);
#3225 = AXIS2_PLACEMENT_3D('',#3226,#3227,#3228);
#3226 = CARTESIAN_POINT('',(105.5,38.,108.));
#3227 = DIRECTION('',(1.,0.,0.));
#3228 = DIRECTION('',(-0.,0.,1.));
#3229 = ADVANCED_FACE('',(#3230),#3249,.T.);
#3230 = FACE_BOUND('',#3231,.T.);
#3231 = EDGE_LOOP('',(#3232,#3241,#3247,#3248));
#3232 = ORIENTED_EDGE('',*,*,#3233,.F.);
#3233 = EDGE_CURVE('',#3234,#3234,#3236,.T.);
#3234 = VERTEX_POINT('',#3235);
#3235 = CARTESIAN_POINT('',(142.5,38.,122.));
#3236 = CIRCLE('',#3237,14.);
#3237 = AXIS2_PLACEMENT_3D('',#3238,#3239,#3240);
#3238 = CARTESIAN_POINT('',(142.5,38.,108.));
#3239 = DIRECTION('',(1.,0.,0.));
#3240 = DIRECTION('',(-0.,0.,1.));
#3241 = ORIENTED_EDGE('',*,*,#3242,.F.);
#3242 = EDGE_CURVE('',#3205,#3234,#3243,.T.);
#3243 = LINE('',#3244,#3245);
#3244 = CARTESIAN_POINT('',(134.5,38.,122.));
#3245 = VECTOR('',#3246,1.);
#3246 = DIRECTION('',(1.,0.,0.));
#3247 = ORIENTED_EDGE('',*,*,#3204,.T.);
#3248 = ORIENTED_EDGE('',*,*,#3242,.T.);
#3249 = CYLINDRICAL_SURFACE('',#3250,14.);
#3250 = AXIS2_PLACEMENT_3D('',#3251,#3252,#3253);
#3251 = CARTESIAN_POINT('',(134.5,38.,108.));
#3252 = DIRECTION('',(1.,0.,0.));
#3253 = DIRECTION('',(-0.,0.,1.));
#3254 = ADVANCED_FACE('',(#3255),#3258,.T.);
#3255 = FACE_BOUND('',#3256,.T.);
#3256 = EDGE_LOOP('',(#3257));
#3257 = ORIENTED_EDGE('',*,*,#3233,.T.);
#3258 = PLANE('',#3259);
#3259 = AXIS2_PLACEMENT_3D('',#3260,#3261,#3262);
#3260 = CARTESIAN_POINT('',(142.5,38.,108.));
#3261 = DIRECTION('',(1.,0.,0.));
#3262 = DIRECTION('',(-0.,0.,1.));
#3263 = ( GEOMETRIC_REPRESENTATION_CONTEXT(3) 
GLOBAL_UNCERTAINTY_ASSIGNED_CONTEXT((#3267)) 
GLOBAL_UNIT_ASSIGNED_CONTEXT((#3264,#3265,#3266)) REPRESENTATION_CONTEXT
('Context #1','3D Context with UNIT and UNCERTAINTY') );
#3264 = ( LENGTH_UNIT() NAMED_UNIT(*) SI_UNIT(.MILLI.,.METRE.) );
#3265 = ( NAMED_UNIT(*) PLANE_ANGLE_UNIT() SI_UNIT($,.RADIAN.) );
#3266 = ( NAMED_UNIT(*) SI_UNIT($,.STERADIAN.) SOLID_ANGLE_UNIT() );
#3267 = UNCERTAINTY_MEASURE_WITH_UNIT(LENGTH_MEASURE(1.E-07),#3264,
  'distance_accuracy_value','confusion accuracy');
#3268 = CONTEXT_DEPENDENT_SHAPE_REPRESENTATION(#3269,#3271);
#3269 = ( REPRESENTATION_RELATIONSHIP('','',#3164,#10) 
REPRESENTATION_RELATIONSHIP_WITH_TRANSFORMATION(#3270) 
SHAPE_REPRESENTATION_RELATIONSHIP() );
#3270 = ITEM_DEFINED_TRANSFORMATION('','',#11,#63);
#3271 = PRODUCT_DEFINITION_SHAPE('Placement','Placement of an item',
  #3272);
#3272 = NEXT_ASSEMBLY_USAGE_OCCURRENCE('13',
'14 — Управляемый выпуск / сменный 
ограничитель','',#5,#3159,$);
#3273 = PRODUCT_RELATED_PRODUCT_CATEGORY('part',$,(#3161));
ENDSEC;
END-ISO-10303-21;
