solid OpenSCAD_Model
  facet normal 0.675594 0.737274 -0
    outer loop
      vertex 14.8492 14.8492 183
      vertex 13.4985 16.0869 195
      vertex 14.8492 14.8492 195
    endloop
  endfacet
  facet normal 0.675594 0.737274 0
    outer loop
      vertex 13.4985 16.0869 195
      vertex 14.8492 14.8492 183
      vertex 13.4985 16.0869 183
    endloop
  endfacet
  facet normal -0.382646 0.923895 0
    outer loop
      vertex -7.18242 19.7335 183
      vertex -8.87498 19.0325 195
      vertex -7.18242 19.7335 195
    endloop
  endfacet
  facet normal -0.382646 0.923895 0
    outer loop
      vertex -8.87498 19.0325 195
      vertex -7.18242 19.7335 183
      vertex -8.87498 19.0325 183
    endloop
  endfacet
  facet normal -0.886996 0.461778 0
    outer loop
      vertex -19.0325 8.87498 183
      vertex -18.1865 10.5 195
      vertex -18.1865 10.5 183
    endloop
  endfacet
  facet normal -0.886996 0.461778 0
    outer loop
      vertex -18.1865 10.5 195
      vertex -19.0325 8.87498 183
      vertex -19.0325 8.87498 195
    endloop
  endfacet
  facet normal 0.991447 -0.130512 0
    outer loop
      vertex 20.681 -3.64661 195
      vertex 20.9201 -1.83027 183
      vertex 20.9201 -1.83027 195
    endloop
  endfacet
  facet normal 0.991447 -0.130512 0
    outer loop
      vertex 20.9201 -1.83027 183
      vertex 20.681 -3.64661 195
      vertex 20.681 -3.64661 183
    endloop
  endfacet
  facet normal 0.923895 0.382646 0
    outer loop
      vertex 19.7335 7.18242 195
      vertex 19.0325 8.87498 183
      vertex 19.0325 8.87498 195
    endloop
  endfacet
  facet normal 0.923895 0.382646 0
    outer loop
      vertex 19.0325 8.87498 183
      vertex 19.7335 7.18242 195
      vertex 19.7335 7.18242 183
    endloop
  endfacet
  facet normal 0.886996 0.461778 0
    outer loop
      vertex 19.0325 8.87498 195
      vertex 18.1865 10.5 183
      vertex 18.1865 10.5 195
    endloop
  endfacet
  facet normal 0.886996 0.461778 0
    outer loop
      vertex 18.1865 10.5 183
      vertex 19.0325 8.87498 195
      vertex 19.0325 8.87498 183
    endloop
  endfacet
  facet normal 0.461778 0.886996 -0
    outer loop
      vertex 10.5 18.1865 183
      vertex 8.87498 19.0325 195
      vertex 10.5 18.1865 195
    endloop
  endfacet
  facet normal 0.461778 0.886996 0
    outer loop
      vertex 8.87498 19.0325 195
      vertex 10.5 18.1865 183
      vertex 8.87498 19.0325 183
    endloop
  endfacet
  facet normal 0.216481 0.976287 -0
    outer loop
      vertex 5.4352 20.2844 183
      vertex 3.64661 20.681 195
      vertex 5.4352 20.2844 195
    endloop
  endfacet
  facet normal 0.216481 0.976287 0
    outer loop
      vertex 3.64661 20.681 195
      vertex 5.4352 20.2844 183
      vertex 3.64661 20.681 183
    endloop
  endfacet
  facet normal -0.976287 0.216481 0
    outer loop
      vertex -20.681 3.64661 183
      vertex -20.2844 5.4352 195
      vertex -20.2844 5.4352 183
    endloop
  endfacet
  facet normal -0.976287 0.216481 0
    outer loop
      vertex -20.2844 5.4352 195
      vertex -20.681 3.64661 183
      vertex -20.681 3.64661 195
    endloop
  endfacet
  facet normal -0.737274 0.675594 0
    outer loop
      vertex -16.0869 13.4985 183
      vertex -14.8492 14.8492 195
      vertex -14.8492 14.8492 183
    endloop
  endfacet
  facet normal -0.737274 0.675594 0
    outer loop
      vertex -14.8492 14.8492 195
      vertex -16.0869 13.4985 183
      vertex -16.0869 13.4985 195
    endloop
  endfacet
  facet normal -0.216481 0.976287 0
    outer loop
      vertex -3.64661 20.681 183
      vertex -5.4352 20.2844 195
      vertex -3.64661 20.681 195
    endloop
  endfacet
  facet normal -0.216481 0.976287 0
    outer loop
      vertex -5.4352 20.2844 195
      vertex -3.64661 20.681 183
      vertex -5.4352 20.2844 183
    endloop
  endfacet
  facet normal 0.923895 -0.382646 0
    outer loop
      vertex 19.0325 -8.87498 195
      vertex 19.7335 -7.18242 183
      vertex 19.7335 -7.18242 195
    endloop
  endfacet
  facet normal 0.923895 -0.382646 0
    outer loop
      vertex 19.7335 -7.18242 183
      vertex 19.0325 -8.87498 195
      vertex 19.0325 -8.87498 183
    endloop
  endfacet
  facet normal -0.216481 -0.976287 0
    outer loop
      vertex -5.4352 -20.2844 183
      vertex -3.64661 -20.681 195
      vertex -5.4352 -20.2844 195
    endloop
  endfacet
  facet normal -0.216481 -0.976287 -0
    outer loop
      vertex -3.64661 -20.681 195
      vertex -5.4352 -20.2844 183
      vertex -3.64661 -20.681 183
    endloop
  endfacet
  facet normal -0.675594 -0.737274 0
    outer loop
      vertex -14.8492 -14.8492 183
      vertex -13.4985 -16.0869 195
      vertex -14.8492 -14.8492 195
    endloop
  endfacet
  facet normal -0.675594 -0.737274 -0
    outer loop
      vertex -13.4985 -16.0869 195
      vertex -14.8492 -14.8492 183
      vertex -13.4985 -16.0869 183
    endloop
  endfacet
  facet normal 0.991447 0.130512 0
    outer loop
      vertex 20.9201 1.83027 195
      vertex 20.681 3.64661 183
      vertex 20.681 3.64661 195
    endloop
  endfacet
  facet normal 0.991447 0.130512 0
    outer loop
      vertex 20.681 3.64661 183
      vertex 20.9201 1.83027 195
      vertex 20.9201 1.83027 183
    endloop
  endfacet
  facet normal 0.976287 0.216481 0
    outer loop
      vertex 20.681 3.64661 195
      vertex 20.2844 5.4352 183
      vertex 20.2844 5.4352 195
    endloop
  endfacet
  facet normal 0.976287 0.216481 0
    outer loop
      vertex 20.2844 5.4352 183
      vertex 20.681 3.64661 195
      vertex 20.681 3.64661 183
    endloop
  endfacet
  facet normal 0.953716 0.300708 0
    outer loop
      vertex 20.2844 5.4352 195
      vertex 19.7335 7.18242 183
      vertex 19.7335 7.18242 195
    endloop
  endfacet
  facet normal 0.953716 0.300708 0
    outer loop
      vertex 19.7335 7.18242 183
      vertex 20.2844 5.4352 195
      vertex 20.2844 5.4352 183
    endloop
  endfacet
  facet normal 0.793336 0.608784 0
    outer loop
      vertex 17.2022 12.0451 195
      vertex 16.0869 13.4985 183
      vertex 16.0869 13.4985 195
    endloop
  endfacet
  facet normal 0.793336 0.608784 0
    outer loop
      vertex 16.0869 13.4985 183
      vertex 17.2022 12.0451 195
      vertex 17.2022 12.0451 183
    endloop
  endfacet
  facet normal 0.843401 0.537285 0
    outer loop
      vertex 18.1865 10.5 195
      vertex 17.2022 12.0451 183
      vertex 17.2022 12.0451 195
    endloop
  endfacet
  facet normal 0.843401 0.537285 0
    outer loop
      vertex 17.2022 12.0451 183
      vertex 18.1865 10.5 195
      vertex 18.1865 10.5 183
    endloop
  endfacet
  facet normal 0.737274 0.675594 0
    outer loop
      vertex 16.0869 13.4985 195
      vertex 14.8492 14.8492 183
      vertex 14.8492 14.8492 195
    endloop
  endfacet
  facet normal 0.737274 0.675594 0
    outer loop
      vertex 14.8492 14.8492 183
      vertex 16.0869 13.4985 195
      vertex 16.0869 13.4985 183
    endloop
  endfacet
  facet normal 0.608784 0.793336 -0
    outer loop
      vertex 13.4985 16.0869 183
      vertex 12.0451 17.2022 195
      vertex 13.4985 16.0869 195
    endloop
  endfacet
  facet normal 0.608784 0.793336 0
    outer loop
      vertex 12.0451 17.2022 195
      vertex 13.4985 16.0869 183
      vertex 12.0451 17.2022 183
    endloop
  endfacet
  facet normal 0.0436132 0.999048 -0
    outer loop
      vertex 1.83027 20.9201 183
      vertex 0 21 195
      vertex 1.83027 20.9201 195
    endloop
  endfacet
  facet normal 0.0436132 0.999048 0
    outer loop
      vertex 0 21 195
      vertex 1.83027 20.9201 183
      vertex 0 21 183
    endloop
  endfacet
  facet normal 0.537285 0.843401 -0
    outer loop
      vertex 12.0451 17.2022 183
      vertex 10.5 18.1865 195
      vertex 12.0451 17.2022 195
    endloop
  endfacet
  facet normal 0.537285 0.843401 0
    outer loop
      vertex 10.5 18.1865 195
      vertex 12.0451 17.2022 183
      vertex 10.5 18.1865 183
    endloop
  endfacet
  facet normal 0.382646 0.923895 -0
    outer loop
      vertex 8.87498 19.0325 183
      vertex 7.18242 19.7335 195
      vertex 8.87498 19.0325 195
    endloop
  endfacet
  facet normal 0.382646 0.923895 0
    outer loop
      vertex 7.18242 19.7335 195
      vertex 8.87498 19.0325 183
      vertex 7.18242 19.7335 183
    endloop
  endfacet
  facet normal 0.300708 0.953716 -0
    outer loop
      vertex 7.18242 19.7335 183
      vertex 5.4352 20.2844 195
      vertex 7.18242 19.7335 195
    endloop
  endfacet
  facet normal 0.300708 0.953716 0
    outer loop
      vertex 5.4352 20.2844 195
      vertex 7.18242 19.7335 183
      vertex 5.4352 20.2844 183
    endloop
  endfacet
  facet normal -0.999048 0.0436132 0
    outer loop
      vertex -21 0 183
      vertex -20.9201 1.83027 195
      vertex -20.9201 1.83027 183
    endloop
  endfacet
  facet normal -0.999048 0.0436132 0
    outer loop
      vertex -20.9201 1.83027 195
      vertex -21 0 183
      vertex -21 0 195
    endloop
  endfacet
  facet normal -0.923895 0.382646 0
    outer loop
      vertex -19.7335 7.18242 183
      vertex -19.0325 8.87498 195
      vertex -19.0325 8.87498 183
    endloop
  endfacet
  facet normal -0.923895 0.382646 0
    outer loop
      vertex -19.0325 8.87498 195
      vertex -19.7335 7.18242 183
      vertex -19.7335 7.18242 195
    endloop
  endfacet
  facet normal -0.953716 0.300708 0
    outer loop
      vertex -20.2844 5.4352 183
      vertex -19.7335 7.18242 195
      vertex -19.7335 7.18242 183
    endloop
  endfacet
  facet normal -0.953716 0.300708 0
    outer loop
      vertex -19.7335 7.18242 195
      vertex -20.2844 5.4352 183
      vertex -20.2844 5.4352 195
    endloop
  endfacet
  facet normal -0.843401 0.537285 0
    outer loop
      vertex -18.1865 10.5 183
      vertex -17.2022 12.0451 195
      vertex -17.2022 12.0451 183
    endloop
  endfacet
  facet normal -0.843401 0.537285 0
    outer loop
      vertex -17.2022 12.0451 195
      vertex -18.1865 10.5 183
      vertex -18.1865 10.5 195
    endloop
  endfacet
  facet normal -0.793336 0.608784 0
    outer loop
      vertex -17.2022 12.0451 183
      vertex -16.0869 13.4985 195
      vertex -16.0869 13.4985 183
    endloop
  endfacet
  facet normal -0.793336 0.608784 0
    outer loop
      vertex -16.0869 13.4985 195
      vertex -17.2022 12.0451 183
      vertex -17.2022 12.0451 195
    endloop
  endfacet
  facet normal -0.130512 0.991447 0
    outer loop
      vertex -1.83027 20.9201 183
      vertex -3.64661 20.681 195
      vertex -1.83027 20.9201 195
    endloop
  endfacet
  facet normal -0.130512 0.991447 0
    outer loop
      vertex -3.64661 20.681 195
      vertex -1.83027 20.9201 183
      vertex -3.64661 20.681 183
    endloop
  endfacet
  facet normal -0.300708 0.953716 0
    outer loop
      vertex -5.4352 20.2844 183
      vertex -7.18242 19.7335 195
      vertex -5.4352 20.2844 195
    endloop
  endfacet
  facet normal -0.300708 0.953716 0
    outer loop
      vertex -7.18242 19.7335 195
      vertex -5.4352 20.2844 183
      vertex -7.18242 19.7335 183
    endloop
  endfacet
  facet normal -0.537285 0.843401 0
    outer loop
      vertex -10.5 18.1865 183
      vertex -12.0451 17.2022 195
      vertex -10.5 18.1865 195
    endloop
  endfacet
  facet normal -0.537285 0.843401 0
    outer loop
      vertex -12.0451 17.2022 195
      vertex -10.5 18.1865 183
      vertex -12.0451 17.2022 183
    endloop
  endfacet
  facet normal -0.608784 0.793336 0
    outer loop
      vertex -12.0451 17.2022 183
      vertex -13.4985 16.0869 195
      vertex -12.0451 17.2022 195
    endloop
  endfacet
  facet normal -0.608784 0.793336 0
    outer loop
      vertex -13.4985 16.0869 195
      vertex -12.0451 17.2022 183
      vertex -13.4985 16.0869 183
    endloop
  endfacet
  facet normal -0.461778 0.886996 0
    outer loop
      vertex -8.87498 19.0325 183
      vertex -10.5 18.1865 195
      vertex -8.87498 19.0325 195
    endloop
  endfacet
  facet normal -0.461778 0.886996 0
    outer loop
      vertex -10.5 18.1865 195
      vertex -8.87498 19.0325 183
      vertex -10.5 18.1865 183
    endloop
  endfacet
  facet normal -0.675594 0.737274 0
    outer loop
      vertex -13.4985 16.0869 183
      vertex -14.8492 14.8492 195
      vertex -13.4985 16.0869 195
    endloop
  endfacet
  facet normal -0.675594 0.737274 0
    outer loop
      vertex -14.8492 14.8492 195
      vertex -13.4985 16.0869 183
      vertex -14.8492 14.8492 183
    endloop
  endfacet
  facet normal 0.999048 0.0436132 0
    outer loop
      vertex 21 0 195
      vertex 20.9201 1.83027 183
      vertex 20.9201 1.83027 195
    endloop
  endfacet
  facet normal 0.999048 0.0436132 0
    outer loop
      vertex 20.9201 1.83027 183
      vertex 21 0 195
      vertex 21 0 183
    endloop
  endfacet
  facet normal 0.953716 -0.300708 0
    outer loop
      vertex 19.7335 -7.18242 195
      vertex 20.2844 -5.4352 183
      vertex 20.2844 -5.4352 195
    endloop
  endfacet
  facet normal 0.953716 -0.300708 0
    outer loop
      vertex 20.2844 -5.4352 183
      vertex 19.7335 -7.18242 195
      vertex 19.7335 -7.18242 183
    endloop
  endfacet
  facet normal 0.737274 -0.675594 0
    outer loop
      vertex 14.8492 -14.8492 195
      vertex 16.0869 -13.4985 183
      vertex 16.0869 -13.4985 195
    endloop
  endfacet
  facet normal 0.737274 -0.675594 0
    outer loop
      vertex 16.0869 -13.4985 183
      vertex 14.8492 -14.8492 195
      vertex 14.8492 -14.8492 183
    endloop
  endfacet
  facet normal 0.300708 -0.953716 0
    outer loop
      vertex 5.4352 -20.2844 183
      vertex 7.18242 -19.7335 195
      vertex 5.4352 -20.2844 195
    endloop
  endfacet
  facet normal 0.300708 -0.953716 0
    outer loop
      vertex 7.18242 -19.7335 195
      vertex 5.4352 -20.2844 183
      vertex 7.18242 -19.7335 183
    endloop
  endfacet
  facet normal 0.675594 -0.737274 0
    outer loop
      vertex 13.4985 -16.0869 183
      vertex 14.8492 -14.8492 195
      vertex 13.4985 -16.0869 195
    endloop
  endfacet
  facet normal 0.675594 -0.737274 0
    outer loop
      vertex 14.8492 -14.8492 195
      vertex 13.4985 -16.0869 183
      vertex 14.8492 -14.8492 183
    endloop
  endfacet
  facet normal 0.608784 -0.793336 0
    outer loop
      vertex 12.0451 -17.2022 183
      vertex 13.4985 -16.0869 195
      vertex 12.0451 -17.2022 195
    endloop
  endfacet
  facet normal 0.608784 -0.793336 0
    outer loop
      vertex 13.4985 -16.0869 195
      vertex 12.0451 -17.2022 183
      vertex 13.4985 -16.0869 183
    endloop
  endfacet
  facet normal 0.461778 -0.886996 0
    outer loop
      vertex 8.87498 -19.0325 183
      vertex 10.5 -18.1865 195
      vertex 8.87498 -19.0325 195
    endloop
  endfacet
  facet normal 0.461778 -0.886996 0
    outer loop
      vertex 10.5 -18.1865 195
      vertex 8.87498 -19.0325 183
      vertex 10.5 -18.1865 183
    endloop
  endfacet
  facet normal -0.382646 -0.923895 0
    outer loop
      vertex -8.87498 -19.0325 183
      vertex -7.18242 -19.7335 195
      vertex -8.87498 -19.0325 195
    endloop
  endfacet
  facet normal -0.382646 -0.923895 -0
    outer loop
      vertex -7.18242 -19.7335 195
      vertex -8.87498 -19.0325 183
      vertex -7.18242 -19.7335 183
    endloop
  endfacet
  facet normal -0.537285 -0.843401 0
    outer loop
      vertex -12.0451 -17.2022 183
      vertex -10.5 -18.1865 195
      vertex -12.0451 -17.2022 195
    endloop
  endfacet
  facet normal -0.537285 -0.843401 -0
    outer loop
      vertex -10.5 -18.1865 195
      vertex -12.0451 -17.2022 183
      vertex -10.5 -18.1865 183
    endloop
  endfacet
  facet normal -0.953716 -0.300708 0
    outer loop
      vertex -19.7335 -7.18242 183
      vertex -20.2844 -5.4352 195
      vertex -20.2844 -5.4352 183
    endloop
  endfacet
  facet normal -0.953716 -0.300708 0
    outer loop
      vertex -20.2844 -5.4352 195
      vertex -19.7335 -7.18242 183
      vertex -19.7335 -7.18242 195
    endloop
  endfacet
  facet normal 0 0 -1
    outer loop
      vertex 11.5 0 183
      vertex 21 0 183
      vertex 20.9201 -1.83027 183
    endloop
  endfacet
  facet normal 0 0 -1
    outer loop
      vertex 11.4562 -1.00229 183
      vertex 20.9201 -1.83027 183
      vertex 20.681 -3.64661 183
    endloop
  endfacet
  facet normal 0 0 -1
    outer loop
      vertex 21 0 183
      vertex 11.5 0 183
      vertex 20.9201 1.83027 183
    endloop
  endfacet
  facet normal 0 0 -1
    outer loop
      vertex 11.3253 -1.99695 183
      vertex 20.681 -3.64661 183
      vertex 20.2844 -5.4352 183
    endloop
  endfacet
  facet normal 0 0 -1
    outer loop
      vertex 11.4562 1.00229 183
      vertex 20.9201 1.83027 183
      vertex 11.5 0 183
    endloop
  endfacet
  facet normal 0 0 -1
    outer loop
      vertex 11.1081 -2.97642 183
      vertex 20.2844 -5.4352 183
      vertex 19.7335 -7.18242 183
    endloop
  endfacet
  facet normal -0 0 -1
    outer loop
      vertex 20.9201 1.83027 183
      vertex 11.4562 1.00229 183
      vertex 20.681 3.64661 183
    endloop
  endfacet
  facet normal 0 0 -1
    outer loop
      vertex 10.8065 -3.93323 183
      vertex 19.7335 -7.18242 183
      vertex 19.0325 -8.87498 183
    endloop
  endfacet
  facet normal 0 0 -1
    outer loop
      vertex 11.3253 1.99695 183
      vertex 20.681 3.64661 183
      vertex 11.4562 1.00229 183
    endloop
  endfacet
  facet normal 0 0 -1
    outer loop
      vertex 10.4225 -4.86011 183
      vertex 19.0325 -8.87498 183
      vertex 18.1865 -10.5 183
    endloop
  endfacet
  facet normal -0 0 -1
    outer loop
      vertex 20.681 3.64661 183
      vertex 11.3253 1.99695 183
      vertex 20.2844 5.4352 183
    endloop
  endfacet
  facet normal 0 0 -1
    outer loop
      vertex 9.95929 -5.75 183
      vertex 18.1865 -10.5 183
      vertex 17.2022 -12.0451 183
    endloop
  endfacet
  facet normal 0 0 -1
    outer loop
      vertex 11.1081 2.97642 183
      vertex 20.2844 5.4352 183
      vertex 11.3253 1.99695 183
    endloop
  endfacet
  facet normal 0 0 -1
    outer loop
      vertex 9.42025 -6.59613 183
      vertex 17.2022 -12.0451 183
      vertex 16.0869 -13.4985 183
    endloop
  endfacet
  facet normal -0 0 -1
    outer loop
      vertex 20.2844 5.4352 183
      vertex 11.1081 2.97642 183
      vertex 19.7335 7.18242 183
    endloop
  endfacet
  facet normal 0 0 -1
    outer loop
      vertex 8.80951 -7.39206 183
      vertex 16.0869 -13.4985 183
      vertex 14.8492 -14.8492 183
    endloop
  endfacet
  facet normal 0 0 -1
    outer loop
      vertex 10.8065 3.93323 183
      vertex 19.7335 7.18242 183
      vertex 11.1081 2.97642 183
    endloop
  endfacet
  facet normal 0 0 -1
    outer loop
      vertex 8.13173 -8.13173 183
      vertex 14.8492 -14.8492 183
      vertex 13.4985 -16.0869 183
    endloop
  endfacet
  facet normal -0 0 -1
    outer loop
      vertex 19.7335 7.18242 183
      vertex 10.8065 3.93323 183
      vertex 19.0325 8.87498 183
    endloop
  endfacet
  facet normal 0 0 -1
    outer loop
      vertex 7.39206 -8.80951 183
      vertex 13.4985 -16.0869 183
      vertex 12.0451 -17.2022 183
    endloop
  endfacet
  facet normal 0 0 -1
    outer loop
      vertex 10.4225 4.86011 183
      vertex 19.0325 8.87498 183
      vertex 10.8065 3.93323 183
    endloop
  endfacet
  facet normal -0 0 -1
    outer loop
      vertex 19.0325 8.87498 183
      vertex 10.4225 4.86011 183
      vertex 18.1865 10.5 183
    endloop
  endfacet
  facet normal 0 0 -1
    outer loop
      vertex 20.9201 -1.83027 183
      vertex 11.4562 -1.00229 183
      vertex 11.5 0 183
    endloop
  endfacet
  facet normal 0 0 -1
    outer loop
      vertex 20.681 -3.64661 183
      vertex 11.3253 -1.99695 183
      vertex 11.4562 -1.00229 183
    endloop
  endfacet
  facet normal 0 0 -1
    outer loop
      vertex 20.2844 -5.4352 183
      vertex 11.1081 -2.97642 183
      vertex 11.3253 -1.99695 183
    endloop
  endfacet
  facet normal 0 0 -1
    outer loop
      vertex 19.7335 -7.18242 183
      vertex 10.8065 -3.93323 183
      vertex 11.1081 -2.97642 183
    endloop
  endfacet
  facet normal 0 0 -1
    outer loop
      vertex 6.59613 -9.42025 183
      vertex 12.0451 -17.2022 183
      vertex 10.5 -18.1865 183
    endloop
  endfacet
  facet normal 0 0 -1
    outer loop
      vertex 19.0325 -8.87498 183
      vertex 10.4225 -4.86011 183
      vertex 10.8065 -3.93323 183
    endloop
  endfacet
  facet normal 0 0 -1
    outer loop
      vertex 18.1865 -10.5 183
      vertex 9.95929 -5.75 183
      vertex 10.4225 -4.86011 183
    endloop
  endfacet
  facet normal 0 0 -1
    outer loop
      vertex 17.2022 -12.0451 183
      vertex 9.42025 -6.59613 183
      vertex 9.95929 -5.75 183
    endloop
  endfacet
  facet normal 0 0 -1
    outer loop
      vertex 5.75 -9.95929 183
      vertex 10.5 -18.1865 183
      vertex 8.87498 -19.0325 183
    endloop
  endfacet
  facet normal 0 0 -1
    outer loop
      vertex 16.0869 -13.4985 183
      vertex 8.80951 -7.39206 183
      vertex 9.42025 -6.59613 183
    endloop
  endfacet
  facet normal 0 0 -1
    outer loop
      vertex 14.8492 -14.8492 183
      vertex 8.13173 -8.13173 183
      vertex 8.80951 -7.39206 183
    endloop
  endfacet
  facet normal 0 0 -1
    outer loop
      vertex 13.4985 -16.0869 183
      vertex 7.39206 -8.80951 183
      vertex 8.13173 -8.13173 183
    endloop
  endfacet
  facet normal 0 0 -1
    outer loop
      vertex 4.86011 -10.4225 183
      vertex 8.87498 -19.0325 183
      vertex 7.18242 -19.7335 183
    endloop
  endfacet
  facet normal 0 0 -1
    outer loop
      vertex 12.0451 -17.2022 183
      vertex 6.59613 -9.42025 183
      vertex 7.39206 -8.80951 183
    endloop
  endfacet
  facet normal 0 0 -1
    outer loop
      vertex 10.5 -18.1865 183
      vertex 5.75 -9.95929 183
      vertex 6.59613 -9.42025 183
    endloop
  endfacet
  facet normal 0 0 -1
    outer loop
      vertex 3.93323 -10.8065 183
      vertex 7.18242 -19.7335 183
      vertex 5.4352 -20.2844 183
    endloop
  endfacet
  facet normal 0 0 -1
    outer loop
      vertex 8.87498 -19.0325 183
      vertex 4.86011 -10.4225 183
      vertex 5.75 -9.95929 183
    endloop
  endfacet
  facet normal 0 0 -1
    outer loop
      vertex 7.18242 -19.7335 183
      vertex 3.93323 -10.8065 183
      vertex 4.86011 -10.4225 183
    endloop
  endfacet
  facet normal 0 0 -1
    outer loop
      vertex 2.97642 -11.1081 183
      vertex 5.4352 -20.2844 183
      vertex 3.64661 -20.681 183
    endloop
  endfacet
  facet normal 0 0 -1
    outer loop
      vertex 5.4352 -20.2844 183
      vertex 2.97642 -11.1081 183
      vertex 3.93323 -10.8065 183
    endloop
  endfacet
  facet normal 0 0 -1
    outer loop
      vertex 3.64661 -20.681 183
      vertex 1.99695 -11.3253 183
      vertex 2.97642 -11.1081 183
    endloop
  endfacet
  facet normal 0 0 -1
    outer loop
      vertex 1.83027 -20.9201 183
      vertex 1.99695 -11.3253 183
      vertex 3.64661 -20.681 183
    endloop
  endfacet
  facet normal 0 0 -1
    outer loop
      vertex 1.83027 -20.9201 183
      vertex 1.00229 -11.4562 183
      vertex 1.99695 -11.3253 183
    endloop
  endfacet
  facet normal 0 0 -1
    outer loop
      vertex 0 -21 183
      vertex 1.00229 -11.4562 183
      vertex 1.83027 -20.9201 183
    endloop
  endfacet
  facet normal 0 0 -1
    outer loop
      vertex 0 -21 183
      vertex 0 -11.5 183
      vertex 1.00229 -11.4562 183
    endloop
  endfacet
  facet normal 0 0 -1
    outer loop
      vertex 0 -21 183
      vertex -1.00229 -11.4562 183
      vertex 0 -11.5 183
    endloop
  endfacet
  facet normal 0 0 -1
    outer loop
      vertex -1.83027 -20.9201 183
      vertex -1.00229 -11.4562 183
      vertex 0 -21 183
    endloop
  endfacet
  facet normal 0 0 -1
    outer loop
      vertex -1.83027 -20.9201 183
      vertex -1.99695 -11.3253 183
      vertex -1.00229 -11.4562 183
    endloop
  endfacet
  facet normal 0 0 -1
    outer loop
      vertex -3.64661 -20.681 183
      vertex -1.99695 -11.3253 183
      vertex -1.83027 -20.9201 183
    endloop
  endfacet
  facet normal -0 0 -1
    outer loop
      vertex -1.99695 -11.3253 183
      vertex -3.64661 -20.681 183
      vertex -2.97642 -11.1081 183
    endloop
  endfacet
  facet normal 0 0 -1
    outer loop
      vertex -5.4352 -20.2844 183
      vertex -2.97642 -11.1081 183
      vertex -3.64661 -20.681 183
    endloop
  endfacet
  facet normal -0 0 -1
    outer loop
      vertex -2.97642 -11.1081 183
      vertex -5.4352 -20.2844 183
      vertex -3.93323 -10.8065 183
    endloop
  endfacet
  facet normal 0 0 -1
    outer loop
      vertex -7.18242 -19.7335 183
      vertex -3.93323 -10.8065 183
      vertex -5.4352 -20.2844 183
    endloop
  endfacet
  facet normal -0 0 -1
    outer loop
      vertex -3.93323 -10.8065 183
      vertex -7.18242 -19.7335 183
      vertex -4.86011 -10.4225 183
    endloop
  endfacet
  facet normal 0 0 -1
    outer loop
      vertex -8.87498 -19.0325 183
      vertex -4.86011 -10.4225 183
      vertex -7.18242 -19.7335 183
    endloop
  endfacet
  facet normal -0 0 -1
    outer loop
      vertex -4.86011 -10.4225 183
      vertex -8.87498 -19.0325 183
      vertex -5.75 -9.95929 183
    endloop
  endfacet
  facet normal 0 0 -1
    outer loop
      vertex -10.5 -18.1865 183
      vertex -5.75 -9.95929 183
      vertex -8.87498 -19.0325 183
    endloop
  endfacet
  facet normal -0 0 -1
    outer loop
      vertex -5.75 -9.95929 183
      vertex -10.5 -18.1865 183
      vertex -6.59613 -9.42025 183
    endloop
  endfacet
  facet normal 0 0 -1
    outer loop
      vertex -12.0451 -17.2022 183
      vertex -6.59613 -9.42025 183
      vertex -10.5 -18.1865 183
    endloop
  endfacet
  facet normal -0 0 -1
    outer loop
      vertex -6.59613 -9.42025 183
      vertex -12.0451 -17.2022 183
      vertex -7.39206 -8.80951 183
    endloop
  endfacet
  facet normal 0 0 -1
    outer loop
      vertex -13.4985 -16.0869 183
      vertex -7.39206 -8.80951 183
      vertex -12.0451 -17.2022 183
    endloop
  endfacet
  facet normal -0 0 -1
    outer loop
      vertex -7.39206 -8.80951 183
      vertex -13.4985 -16.0869 183
      vertex -8.13173 -8.13173 183
    endloop
  endfacet
  facet normal 0 0 -1
    outer loop
      vertex -14.8492 -14.8492 183
      vertex -8.13173 -8.13173 183
      vertex -13.4985 -16.0869 183
    endloop
  endfacet
  facet normal -0 0 -1
    outer loop
      vertex -8.13173 -8.13173 183
      vertex -14.8492 -14.8492 183
      vertex -8.80951 -7.39206 183
    endloop
  endfacet
  facet normal 0 0 -1
    outer loop
      vertex -16.0869 -13.4985 183
      vertex -8.80951 -7.39206 183
      vertex -14.8492 -14.8492 183
    endloop
  endfacet
  facet normal -0 0 -1
    outer loop
      vertex -8.80951 -7.39206 183
      vertex -16.0869 -13.4985 183
      vertex -9.42025 -6.59613 183
    endloop
  endfacet
  facet normal 0 0 -1
    outer loop
      vertex -17.2022 -12.0451 183
      vertex -9.42025 -6.59613 183
      vertex -16.0869 -13.4985 183
    endloop
  endfacet
  facet normal -0 0 -1
    outer loop
      vertex -9.42025 -6.59613 183
      vertex -17.2022 -12.0451 183
      vertex -9.95929 -5.75 183
    endloop
  endfacet
  facet normal -0 0 -1
    outer loop
      vertex -9.95929 -5.75 183
      vertex -18.1865 -10.5 183
      vertex -10.4225 -4.86011 183
    endloop
  endfacet
  facet normal 0 0 -1
    outer loop
      vertex -18.1865 -10.5 183
      vertex -9.95929 -5.75 183
      vertex -17.2022 -12.0451 183
    endloop
  endfacet
  facet normal 0 0 -1
    outer loop
      vertex 9.95929 5.75 183
      vertex 18.1865 10.5 183
      vertex 10.4225 4.86011 183
    endloop
  endfacet
  facet normal -0 0 -1
    outer loop
      vertex 18.1865 10.5 183
      vertex 9.95929 5.75 183
      vertex 17.2022 12.0451 183
    endloop
  endfacet
  facet normal 0 0 -1
    outer loop
      vertex 9.42025 6.59613 183
      vertex 17.2022 12.0451 183
      vertex 9.95929 5.75 183
    endloop
  endfacet
  facet normal -0 0 -1
    outer loop
      vertex 17.2022 12.0451 183
      vertex 9.42025 6.59613 183
      vertex 16.0869 13.4985 183
    endloop
  endfacet
  facet normal 0 0 -1
    outer loop
      vertex 8.80951 7.39206 183
      vertex 16.0869 13.4985 183
      vertex 9.42025 6.59613 183
    endloop
  endfacet
  facet normal -0 0 -1
    outer loop
      vertex 16.0869 13.4985 183
      vertex 8.80951 7.39206 183
      vertex 14.8492 14.8492 183
    endloop
  endfacet
  facet normal 0 0 -1
    outer loop
      vertex 8.13173 8.13173 183
      vertex 14.8492 14.8492 183
      vertex 8.80951 7.39206 183
    endloop
  endfacet
  facet normal -0 0 -1
    outer loop
      vertex 14.8492 14.8492 183
      vertex 8.13173 8.13173 183
      vertex 13.4985 16.0869 183
    endloop
  endfacet
  facet normal 0 0 -1
    outer loop
      vertex 7.39206 8.80951 183
      vertex 13.4985 16.0869 183
      vertex 8.13173 8.13173 183
    endloop
  endfacet
  facet normal -0 0 -1
    outer loop
      vertex 13.4985 16.0869 183
      vertex 7.39206 8.80951 183
      vertex 12.0451 17.2022 183
    endloop
  endfacet
  facet normal 0 0 -1
    outer loop
      vertex 6.59613 9.42025 183
      vertex 12.0451 17.2022 183
      vertex 7.39206 8.80951 183
    endloop
  endfacet
  facet normal -0 0 -1
    outer loop
      vertex 12.0451 17.2022 183
      vertex 6.59613 9.42025 183
      vertex 10.5 18.1865 183
    endloop
  endfacet
  facet normal 0 0 -1
    outer loop
      vertex 5.75 9.95929 183
      vertex 10.5 18.1865 183
      vertex 6.59613 9.42025 183
    endloop
  endfacet
  facet normal -0 0 -1
    outer loop
      vertex 10.5 18.1865 183
      vertex 5.75 9.95929 183
      vertex 8.87498 19.0325 183
    endloop
  endfacet
  facet normal 0 0 -1
    outer loop
      vertex 4.86011 10.4225 183
      vertex 8.87498 19.0325 183
      vertex 5.75 9.95929 183
    endloop
  endfacet
  facet normal -0 0 -1
    outer loop
      vertex 8.87498 19.0325 183
      vertex 4.86011 10.4225 183
      vertex 7.18242 19.7335 183
    endloop
  endfacet
  facet normal 0 0 -1
    outer loop
      vertex 3.93323 10.8065 183
      vertex 7.18242 19.7335 183
      vertex 4.86011 10.4225 183
    endloop
  endfacet
  facet normal -0 0 -1
    outer loop
      vertex 7.18242 19.7335 183
      vertex 3.93323 10.8065 183
      vertex 5.4352 20.2844 183
    endloop
  endfacet
  facet normal 0 0 -1
    outer loop
      vertex 2.97642 11.1081 183
      vertex 5.4352 20.2844 183
      vertex 3.93323 10.8065 183
    endloop
  endfacet
  facet normal -0 0 -1
    outer loop
      vertex 5.4352 20.2844 183
      vertex 2.97642 11.1081 183
      vertex 3.64661 20.681 183
    endloop
  endfacet
  facet normal 0 0 -1
    outer loop
      vertex 1.99695 11.3253 183
      vertex 3.64661 20.681 183
      vertex 2.97642 11.1081 183
    endloop
  endfacet
  facet normal 0 0 -1
    outer loop
      vertex 1.99695 11.3253 183
      vertex 1.83027 20.9201 183
      vertex 3.64661 20.681 183
    endloop
  endfacet
  facet normal 0 0 -1
    outer loop
      vertex 1.00229 11.4562 183
      vertex 1.83027 20.9201 183
      vertex 1.99695 11.3253 183
    endloop
  endfacet
  facet normal 0 0 -1
    outer loop
      vertex 0 11.5 183
      vertex 1.83027 20.9201 183
      vertex 1.00229 11.4562 183
    endloop
  endfacet
  facet normal 0 0 -1
    outer loop
      vertex 0 11.5 183
      vertex 0 21 183
      vertex 1.83027 20.9201 183
    endloop
  endfacet
  facet normal 0 0 -1
    outer loop
      vertex -1.00229 11.4562 183
      vertex 0 21 183
      vertex 0 11.5 183
    endloop
  endfacet
  facet normal 0 0 -1
    outer loop
      vertex -1.00229 11.4562 183
      vertex -1.83027 20.9201 183
      vertex 0 21 183
    endloop
  endfacet
  facet normal 0 0 -1
    outer loop
      vertex -1.99695 11.3253 183
      vertex -1.83027 20.9201 183
      vertex -1.00229 11.4562 183
    endloop
  endfacet
  facet normal 0 0 -1
    outer loop
      vertex -3.64661 20.681 183
      vertex -1.99695 11.3253 183
      vertex -2.97642 11.1081 183
    endloop
  endfacet
  facet normal 0 0 -1
    outer loop
      vertex -1.99695 11.3253 183
      vertex -3.64661 20.681 183
      vertex -1.83027 20.9201 183
    endloop
  endfacet
  facet normal 0 0 -1
    outer loop
      vertex -5.4352 20.2844 183
      vertex -2.97642 11.1081 183
      vertex -3.93323 10.8065 183
    endloop
  endfacet
  facet normal 0 0 -1
    outer loop
      vertex -7.18242 19.7335 183
      vertex -3.93323 10.8065 183
      vertex -4.86011 10.4225 183
    endloop
  endfacet
  facet normal 0 0 -1
    outer loop
      vertex -2.97642 11.1081 183
      vertex -5.4352 20.2844 183
      vertex -3.64661 20.681 183
    endloop
  endfacet
  facet normal 0 0 -1
    outer loop
      vertex -8.87498 19.0325 183
      vertex -4.86011 10.4225 183
      vertex -5.75 9.95929 183
    endloop
  endfacet
  facet normal 0 0 -1
    outer loop
      vertex -10.5 18.1865 183
      vertex -5.75 9.95929 183
      vertex -6.59613 9.42025 183
    endloop
  endfacet
  facet normal 0 0 -1
    outer loop
      vertex -3.93323 10.8065 183
      vertex -7.18242 19.7335 183
      vertex -5.4352 20.2844 183
    endloop
  endfacet
  facet normal 0 0 -1
    outer loop
      vertex -12.0451 17.2022 183
      vertex -6.59613 9.42025 183
      vertex -7.39206 8.80951 183
    endloop
  endfacet
  facet normal 0 0 -1
    outer loop
      vertex -13.4985 16.0869 183
      vertex -7.39206 8.80951 183
      vertex -8.13173 8.13173 183
    endloop
  endfacet
  facet normal 0 0 -1
    outer loop
      vertex -14.8492 14.8492 183
      vertex -8.13173 8.13173 183
      vertex -8.80951 7.39206 183
    endloop
  endfacet
  facet normal 0 0 -1
    outer loop
      vertex -4.86011 10.4225 183
      vertex -8.87498 19.0325 183
      vertex -7.18242 19.7335 183
    endloop
  endfacet
  facet normal 0 0 -1
    outer loop
      vertex -16.0869 13.4985 183
      vertex -8.80951 7.39206 183
      vertex -9.42025 6.59613 183
    endloop
  endfacet
  facet normal 0 0 -1
    outer loop
      vertex -17.2022 12.0451 183
      vertex -9.42025 6.59613 183
      vertex -9.95929 5.75 183
    endloop
  endfacet
  facet normal 0 0 -1
    outer loop
      vertex -18.1865 10.5 183
      vertex -9.95929 5.75 183
      vertex -10.4225 4.86011 183
    endloop
  endfacet
  facet normal 0 0 -1
    outer loop
      vertex -5.75 9.95929 183
      vertex -10.5 18.1865 183
      vertex -8.87498 19.0325 183
    endloop
  endfacet
  facet normal 0 0 -1
    outer loop
      vertex -19.0325 8.87498 183
      vertex -10.4225 4.86011 183
      vertex -10.8065 3.93323 183
    endloop
  endfacet
  facet normal 0 0 -1
    outer loop
      vertex -19.7335 7.18242 183
      vertex -10.8065 3.93323 183
      vertex -11.1081 2.97642 183
    endloop
  endfacet
  facet normal 0 0 -1
    outer loop
      vertex -20.2844 5.4352 183
      vertex -11.1081 2.97642 183
      vertex -11.3253 1.99695 183
    endloop
  endfacet
  facet normal 0 0 -1
    outer loop
      vertex -20.681 3.64661 183
      vertex -11.3253 1.99695 183
      vertex -11.4562 1.00229 183
    endloop
  endfacet
  facet normal 0 0 -1
    outer loop
      vertex -6.59613 9.42025 183
      vertex -12.0451 17.2022 183
      vertex -10.5 18.1865 183
    endloop
  endfacet
  facet normal 0 0 -1
    outer loop
      vertex -20.9201 1.83027 183
      vertex -11.4562 1.00229 183
      vertex -11.5 0 183
    endloop
  endfacet
  facet normal 0 0 -1
    outer loop
      vertex -19.0325 -8.87498 183
      vertex -10.4225 -4.86011 183
      vertex -18.1865 -10.5 183
    endloop
  endfacet
  facet normal -0 0 -1
    outer loop
      vertex -10.4225 -4.86011 183
      vertex -19.0325 -8.87498 183
      vertex -10.8065 -3.93323 183
    endloop
  endfacet
  facet normal 0 0 -1
    outer loop
      vertex -7.39206 8.80951 183
      vertex -13.4985 16.0869 183
      vertex -12.0451 17.2022 183
    endloop
  endfacet
  facet normal 0 0 -1
    outer loop
      vertex -19.7335 -7.18242 183
      vertex -10.8065 -3.93323 183
      vertex -19.0325 -8.87498 183
    endloop
  endfacet
  facet normal 0 0 -1
    outer loop
      vertex -8.13173 8.13173 183
      vertex -14.8492 14.8492 183
      vertex -13.4985 16.0869 183
    endloop
  endfacet
  facet normal -0 0 -1
    outer loop
      vertex -10.8065 -3.93323 183
      vertex -19.7335 -7.18242 183
      vertex -11.1081 -2.97642 183
    endloop
  endfacet
  facet normal 0 0 -1
    outer loop
      vertex -8.80951 7.39206 183
      vertex -16.0869 13.4985 183
      vertex -14.8492 14.8492 183
    endloop
  endfacet
  facet normal 0 0 -1
    outer loop
      vertex -20.2844 -5.4352 183
      vertex -11.1081 -2.97642 183
      vertex -19.7335 -7.18242 183
    endloop
  endfacet
  facet normal 0 0 -1
    outer loop
      vertex -9.42025 6.59613 183
      vertex -17.2022 12.0451 183
      vertex -16.0869 13.4985 183
    endloop
  endfacet
  facet normal -0 0 -1
    outer loop
      vertex -11.1081 -2.97642 183
      vertex -20.2844 -5.4352 183
      vertex -11.3253 -1.99695 183
    endloop
  endfacet
  facet normal 0 0 -1
    outer loop
      vertex -9.95929 5.75 183
      vertex -18.1865 10.5 183
      vertex -17.2022 12.0451 183
    endloop
  endfacet
  facet normal 0 0 -1
    outer loop
      vertex -20.681 -3.64661 183
      vertex -11.3253 -1.99695 183
      vertex -20.2844 -5.4352 183
    endloop
  endfacet
  facet normal 0 0 -1
    outer loop
      vertex -10.4225 4.86011 183
      vertex -19.0325 8.87498 183
      vertex -18.1865 10.5 183
    endloop
  endfacet
  facet normal -0 0 -1
    outer loop
      vertex -11.3253 -1.99695 183
      vertex -20.681 -3.64661 183
      vertex -11.4562 -1.00229 183
    endloop
  endfacet
  facet normal 0 0 -1
    outer loop
      vertex -10.8065 3.93323 183
      vertex -19.7335 7.18242 183
      vertex -19.0325 8.87498 183
    endloop
  endfacet
  facet normal 0 0 -1
    outer loop
      vertex -20.9201 -1.83027 183
      vertex -11.4562 -1.00229 183
      vertex -20.681 -3.64661 183
    endloop
  endfacet
  facet normal 0 0 -1
    outer loop
      vertex -11.1081 2.97642 183
      vertex -20.2844 5.4352 183
      vertex -19.7335 7.18242 183
    endloop
  endfacet
  facet normal -0 0 -1
    outer loop
      vertex -11.4562 -1.00229 183
      vertex -20.9201 -1.83027 183
      vertex -11.5 0 183
    endloop
  endfacet
  facet normal 0 0 -1
    outer loop
      vertex -11.3253 1.99695 183
      vertex -20.681 3.64661 183
      vertex -20.2844 5.4352 183
    endloop
  endfacet
  facet normal 0 0 -1
    outer loop
      vertex -21 0 183
      vertex -11.5 0 183
      vertex -20.9201 -1.83027 183
    endloop
  endfacet
  facet normal 0 0 -1
    outer loop
      vertex -11.4562 1.00229 183
      vertex -20.9201 1.83027 183
      vertex -20.681 3.64661 183
    endloop
  endfacet
  facet normal 0 0 -1
    outer loop
      vertex -11.5 0 183
      vertex -21 0 183
      vertex -20.9201 1.83027 183
    endloop
  endfacet
  facet normal -0.793336 -0.608784 0
    outer loop
      vertex -16.0869 -13.4985 183
      vertex -17.2022 -12.0451 195
      vertex -17.2022 -12.0451 183
    endloop
  endfacet
  facet normal -0.793336 -0.608784 0
    outer loop
      vertex -17.2022 -12.0451 195
      vertex -16.0869 -13.4985 183
      vertex -16.0869 -13.4985 195
    endloop
  endfacet
  facet normal -0.886996 -0.461778 0
    outer loop
      vertex -18.1865 -10.5 183
      vertex -19.0325 -8.87498 195
      vertex -19.0325 -8.87498 183
    endloop
  endfacet
  facet normal -0.886996 -0.461778 0
    outer loop
      vertex -19.0325 -8.87498 195
      vertex -18.1865 -10.5 183
      vertex -18.1865 -10.5 195
    endloop
  endfacet
  facet normal -0.737274 -0.675594 0
    outer loop
      vertex -14.8492 -14.8492 183
      vertex -16.0869 -13.4985 195
      vertex -16.0869 -13.4985 183
    endloop
  endfacet
  facet normal -0.737274 -0.675594 0
    outer loop
      vertex -16.0869 -13.4985 195
      vertex -14.8492 -14.8492 183
      vertex -14.8492 -14.8492 195
    endloop
  endfacet
  facet normal 0.130512 0.991447 -0
    outer loop
      vertex 3.64661 20.681 183
      vertex 1.83027 20.9201 195
      vertex 3.64661 20.681 195
    endloop
  endfacet
  facet normal 0.130512 0.991447 0
    outer loop
      vertex 1.83027 20.9201 195
      vertex 3.64661 20.681 183
      vertex 1.83027 20.9201 183
    endloop
  endfacet
  facet normal -0.991447 0.130512 0
    outer loop
      vertex -20.9201 1.83027 183
      vertex -20.681 3.64661 195
      vertex -20.681 3.64661 183
    endloop
  endfacet
  facet normal -0.991447 0.130512 0
    outer loop
      vertex -20.681 3.64661 195
      vertex -20.9201 1.83027 183
      vertex -20.9201 1.83027 195
    endloop
  endfacet
  facet normal 0 0 1
    outer loop
      vertex 11.5 0 195
      vertex 21 0 195
      vertex 20.9201 1.83027 195
    endloop
  endfacet
  facet normal 0 0 1
    outer loop
      vertex 11.4562 1.00229 195
      vertex 20.9201 1.83027 195
      vertex 20.681 3.64661 195
    endloop
  endfacet
  facet normal 0 0 1
    outer loop
      vertex 21 0 195
      vertex 11.5 0 195
      vertex 20.9201 -1.83027 195
    endloop
  endfacet
  facet normal 0 0 1
    outer loop
      vertex 11.3253 1.99695 195
      vertex 20.681 3.64661 195
      vertex 20.2844 5.4352 195
    endloop
  endfacet
  facet normal -0 0 1
    outer loop
      vertex 11.4562 -1.00229 195
      vertex 20.9201 -1.83027 195
      vertex 11.5 0 195
    endloop
  endfacet
  facet normal 0 0 1
    outer loop
      vertex 11.1081 2.97642 195
      vertex 20.2844 5.4352 195
      vertex 19.7335 7.18242 195
    endloop
  endfacet
  facet normal 0 0 1
    outer loop
      vertex 20.9201 -1.83027 195
      vertex 11.4562 -1.00229 195
      vertex 20.681 -3.64661 195
    endloop
  endfacet
  facet normal 0 0 1
    outer loop
      vertex 10.8065 3.93323 195
      vertex 19.7335 7.18242 195
      vertex 19.0325 8.87498 195
    endloop
  endfacet
  facet normal -0 0 1
    outer loop
      vertex 11.3253 -1.99695 195
      vertex 20.681 -3.64661 195
      vertex 11.4562 -1.00229 195
    endloop
  endfacet
  facet normal 0 0 1
    outer loop
      vertex 10.4225 4.86011 195
      vertex 19.0325 8.87498 195
      vertex 18.1865 10.5 195
    endloop
  endfacet
  facet normal 0 0 1
    outer loop
      vertex 20.681 -3.64661 195
      vertex 11.3253 -1.99695 195
      vertex 20.2844 -5.4352 195
    endloop
  endfacet
  facet normal 0 0 1
    outer loop
      vertex 9.95929 5.75 195
      vertex 18.1865 10.5 195
      vertex 17.2022 12.0451 195
    endloop
  endfacet
  facet normal -0 0 1
    outer loop
      vertex 11.1081 -2.97642 195
      vertex 20.2844 -5.4352 195
      vertex 11.3253 -1.99695 195
    endloop
  endfacet
  facet normal 0 0 1
    outer loop
      vertex 9.42025 6.59613 195
      vertex 17.2022 12.0451 195
      vertex 16.0869 13.4985 195
    endloop
  endfacet
  facet normal 0 0 1
    outer loop
      vertex 20.2844 -5.4352 195
      vertex 11.1081 -2.97642 195
      vertex 19.7335 -7.18242 195
    endloop
  endfacet
  facet normal 0 0 1
    outer loop
      vertex 8.80951 7.39206 195
      vertex 16.0869 13.4985 195
      vertex 14.8492 14.8492 195
    endloop
  endfacet
  facet normal -0 0 1
    outer loop
      vertex 10.8065 -3.93323 195
      vertex 19.7335 -7.18242 195
      vertex 11.1081 -2.97642 195
    endloop
  endfacet
  facet normal 0 0 1
    outer loop
      vertex 8.13173 8.13173 195
      vertex 14.8492 14.8492 195
      vertex 13.4985 16.0869 195
    endloop
  endfacet
  facet normal 0 0 1
    outer loop
      vertex 19.7335 -7.18242 195
      vertex 10.8065 -3.93323 195
      vertex 19.0325 -8.87498 195
    endloop
  endfacet
  facet normal 0 0 1
    outer loop
      vertex 7.39206 8.80951 195
      vertex 13.4985 16.0869 195
      vertex 12.0451 17.2022 195
    endloop
  endfacet
  facet normal -0 0 1
    outer loop
      vertex 10.4225 -4.86011 195
      vertex 19.0325 -8.87498 195
      vertex 10.8065 -3.93323 195
    endloop
  endfacet
  facet normal 0 0 1
    outer loop
      vertex 19.0325 -8.87498 195
      vertex 10.4225 -4.86011 195
      vertex 18.1865 -10.5 195
    endloop
  endfacet
  facet normal 0 0 1
    outer loop
      vertex 20.9201 1.83027 195
      vertex 11.4562 1.00229 195
      vertex 11.5 0 195
    endloop
  endfacet
  facet normal 0 0 1
    outer loop
      vertex 20.681 3.64661 195
      vertex 11.3253 1.99695 195
      vertex 11.4562 1.00229 195
    endloop
  endfacet
  facet normal 0 0 1
    outer loop
      vertex 20.2844 5.4352 195
      vertex 11.1081 2.97642 195
      vertex 11.3253 1.99695 195
    endloop
  endfacet
  facet normal 0 0 1
    outer loop
      vertex 19.7335 7.18242 195
      vertex 10.8065 3.93323 195
      vertex 11.1081 2.97642 195
    endloop
  endfacet
  facet normal 0 0 1
    outer loop
      vertex 6.59613 9.42025 195
      vertex 12.0451 17.2022 195
      vertex 10.5 18.1865 195
    endloop
  endfacet
  facet normal 0 0 1
    outer loop
      vertex 19.0325 8.87498 195
      vertex 10.4225 4.86011 195
      vertex 10.8065 3.93323 195
    endloop
  endfacet
  facet normal 0 0 1
    outer loop
      vertex 18.1865 10.5 195
      vertex 9.95929 5.75 195
      vertex 10.4225 4.86011 195
    endloop
  endfacet
  facet normal 0 0 1
    outer loop
      vertex 17.2022 12.0451 195
      vertex 9.42025 6.59613 195
      vertex 9.95929 5.75 195
    endloop
  endfacet
  facet normal 0 0 1
    outer loop
      vertex 5.75 9.95929 195
      vertex 10.5 18.1865 195
      vertex 8.87498 19.0325 195
    endloop
  endfacet
  facet normal 0 0 1
    outer loop
      vertex 16.0869 13.4985 195
      vertex 8.80951 7.39206 195
      vertex 9.42025 6.59613 195
    endloop
  endfacet
  facet normal 0 0 1
    outer loop
      vertex 14.8492 14.8492 195
      vertex 8.13173 8.13173 195
      vertex 8.80951 7.39206 195
    endloop
  endfacet
  facet normal 0 0 1
    outer loop
      vertex 13.4985 16.0869 195
      vertex 7.39206 8.80951 195
      vertex 8.13173 8.13173 195
    endloop
  endfacet
  facet normal 0 0 1
    outer loop
      vertex 4.86011 10.4225 195
      vertex 8.87498 19.0325 195
      vertex 7.18242 19.7335 195
    endloop
  endfacet
  facet normal 0 0 1
    outer loop
      vertex 12.0451 17.2022 195
      vertex 6.59613 9.42025 195
      vertex 7.39206 8.80951 195
    endloop
  endfacet
  facet normal 0 0 1
    outer loop
      vertex 10.5 18.1865 195
      vertex 5.75 9.95929 195
      vertex 6.59613 9.42025 195
    endloop
  endfacet
  facet normal 0 0 1
    outer loop
      vertex 3.93323 10.8065 195
      vertex 7.18242 19.7335 195
      vertex 5.4352 20.2844 195
    endloop
  endfacet
  facet normal 0 0 1
    outer loop
      vertex 8.87498 19.0325 195
      vertex 4.86011 10.4225 195
      vertex 5.75 9.95929 195
    endloop
  endfacet
  facet normal 0 0 1
    outer loop
      vertex 7.18242 19.7335 195
      vertex 3.93323 10.8065 195
      vertex 4.86011 10.4225 195
    endloop
  endfacet
  facet normal 0 0 1
    outer loop
      vertex 2.97642 11.1081 195
      vertex 5.4352 20.2844 195
      vertex 3.64661 20.681 195
    endloop
  endfacet
  facet normal 0 0 1
    outer loop
      vertex 5.4352 20.2844 195
      vertex 2.97642 11.1081 195
      vertex 3.93323 10.8065 195
    endloop
  endfacet
  facet normal 0 0 1
    outer loop
      vertex 3.64661 20.681 195
      vertex 1.99695 11.3253 195
      vertex 2.97642 11.1081 195
    endloop
  endfacet
  facet normal 0 0 1
    outer loop
      vertex 1.83027 20.9201 195
      vertex 1.99695 11.3253 195
      vertex 3.64661 20.681 195
    endloop
  endfacet
  facet normal 0 0 1
    outer loop
      vertex 1.83027 20.9201 195
      vertex 1.00229 11.4562 195
      vertex 1.99695 11.3253 195
    endloop
  endfacet
  facet normal 0 0 1
    outer loop
      vertex 0 21 195
      vertex 1.00229 11.4562 195
      vertex 1.83027 20.9201 195
    endloop
  endfacet
  facet normal 0 0 1
    outer loop
      vertex 0 21 195
      vertex 0 11.5 195
      vertex 1.00229 11.4562 195
    endloop
  endfacet
  facet normal 0 0 1
    outer loop
      vertex 0 21 195
      vertex -1.00229 11.4562 195
      vertex 0 11.5 195
    endloop
  endfacet
  facet normal -0 0 1
    outer loop
      vertex -1.83027 20.9201 195
      vertex -1.00229 11.4562 195
      vertex 0 21 195
    endloop
  endfacet
  facet normal 0 0 1
    outer loop
      vertex -1.83027 20.9201 195
      vertex -1.99695 11.3253 195
      vertex -1.00229 11.4562 195
    endloop
  endfacet
  facet normal -0 0 1
    outer loop
      vertex -3.64661 20.681 195
      vertex -1.99695 11.3253 195
      vertex -1.83027 20.9201 195
    endloop
  endfacet
  facet normal 0 0 1
    outer loop
      vertex -1.99695 11.3253 195
      vertex -3.64661 20.681 195
      vertex -2.97642 11.1081 195
    endloop
  endfacet
  facet normal -0 0 1
    outer loop
      vertex -5.4352 20.2844 195
      vertex -2.97642 11.1081 195
      vertex -3.64661 20.681 195
    endloop
  endfacet
  facet normal 0 0 1
    outer loop
      vertex -2.97642 11.1081 195
      vertex -5.4352 20.2844 195
      vertex -3.93323 10.8065 195
    endloop
  endfacet
  facet normal -0 0 1
    outer loop
      vertex -7.18242 19.7335 195
      vertex -3.93323 10.8065 195
      vertex -5.4352 20.2844 195
    endloop
  endfacet
  facet normal 0 0 1
    outer loop
      vertex -3.93323 10.8065 195
      vertex -7.18242 19.7335 195
      vertex -4.86011 10.4225 195
    endloop
  endfacet
  facet normal -0 0 1
    outer loop
      vertex -8.87498 19.0325 195
      vertex -4.86011 10.4225 195
      vertex -7.18242 19.7335 195
    endloop
  endfacet
  facet normal 0 0 1
    outer loop
      vertex -4.86011 10.4225 195
      vertex -8.87498 19.0325 195
      vertex -5.75 9.95929 195
    endloop
  endfacet
  facet normal -0 0 1
    outer loop
      vertex -10.5 18.1865 195
      vertex -5.75 9.95929 195
      vertex -8.87498 19.0325 195
    endloop
  endfacet
  facet normal 0 0 1
    outer loop
      vertex -5.75 9.95929 195
      vertex -10.5 18.1865 195
      vertex -6.59613 9.42025 195
    endloop
  endfacet
  facet normal -0 0 1
    outer loop
      vertex -12.0451 17.2022 195
      vertex -6.59613 9.42025 195
      vertex -10.5 18.1865 195
    endloop
  endfacet
  facet normal 0 0 1
    outer loop
      vertex -6.59613 9.42025 195
      vertex -12.0451 17.2022 195
      vertex -7.39206 8.80951 195
    endloop
  endfacet
  facet normal -0 0 1
    outer loop
      vertex -13.4985 16.0869 195
      vertex -7.39206 8.80951 195
      vertex -12.0451 17.2022 195
    endloop
  endfacet
  facet normal 0 0 1
    outer loop
      vertex -7.39206 8.80951 195
      vertex -13.4985 16.0869 195
      vertex -8.13173 8.13173 195
    endloop
  endfacet
  facet normal -0 0 1
    outer loop
      vertex -14.8492 14.8492 195
      vertex -8.13173 8.13173 195
      vertex -13.4985 16.0869 195
    endloop
  endfacet
  facet normal 0 0 1
    outer loop
      vertex -8.13173 8.13173 195
      vertex -14.8492 14.8492 195
      vertex -8.80951 7.39206 195
    endloop
  endfacet
  facet normal -0 0 1
    outer loop
      vertex -16.0869 13.4985 195
      vertex -8.80951 7.39206 195
      vertex -14.8492 14.8492 195
    endloop
  endfacet
  facet normal 0 0 1
    outer loop
      vertex -8.80951 7.39206 195
      vertex -16.0869 13.4985 195
      vertex -9.42025 6.59613 195
    endloop
  endfacet
  facet normal -0 0 1
    outer loop
      vertex -17.2022 12.0451 195
      vertex -9.42025 6.59613 195
      vertex -16.0869 13.4985 195
    endloop
  endfacet
  facet normal 0 0 1
    outer loop
      vertex -9.42025 6.59613 195
      vertex -17.2022 12.0451 195
      vertex -9.95929 5.75 195
    endloop
  endfacet
  facet normal 0 0 1
    outer loop
      vertex -9.95929 5.75 195
      vertex -18.1865 10.5 195
      vertex -10.4225 4.86011 195
    endloop
  endfacet
  facet normal -0 0 1
    outer loop
      vertex -18.1865 10.5 195
      vertex -9.95929 5.75 195
      vertex -17.2022 12.0451 195
    endloop
  endfacet
  facet normal -0 0 1
    outer loop
      vertex 9.95929 -5.75 195
      vertex 18.1865 -10.5 195
      vertex 10.4225 -4.86011 195
    endloop
  endfacet
  facet normal 0 0 1
    outer loop
      vertex 18.1865 -10.5 195
      vertex 9.95929 -5.75 195
      vertex 17.2022 -12.0451 195
    endloop
  endfacet
  facet normal -0 0 1
    outer loop
      vertex 9.42025 -6.59613 195
      vertex 17.2022 -12.0451 195
      vertex 9.95929 -5.75 195
    endloop
  endfacet
  facet normal 0 0 1
    outer loop
      vertex 17.2022 -12.0451 195
      vertex 9.42025 -6.59613 195
      vertex 16.0869 -13.4985 195
    endloop
  endfacet
  facet normal -0 0 1
    outer loop
      vertex 8.80951 -7.39206 195
      vertex 16.0869 -13.4985 195
      vertex 9.42025 -6.59613 195
    endloop
  endfacet
  facet normal 0 0 1
    outer loop
      vertex 16.0869 -13.4985 195
      vertex 8.80951 -7.39206 195
      vertex 14.8492 -14.8492 195
    endloop
  endfacet
  facet normal -0 0 1
    outer loop
      vertex 8.13173 -8.13173 195
      vertex 14.8492 -14.8492 195
      vertex 8.80951 -7.39206 195
    endloop
  endfacet
  facet normal 0 0 1
    outer loop
      vertex 14.8492 -14.8492 195
      vertex 8.13173 -8.13173 195
      vertex 13.4985 -16.0869 195
    endloop
  endfacet
  facet normal -0 0 1
    outer loop
      vertex 7.39206 -8.80951 195
      vertex 13.4985 -16.0869 195
      vertex 8.13173 -8.13173 195
    endloop
  endfacet
  facet normal 0 0 1
    outer loop
      vertex 13.4985 -16.0869 195
      vertex 7.39206 -8.80951 195
      vertex 12.0451 -17.2022 195
    endloop
  endfacet
  facet normal -0 0 1
    outer loop
      vertex 6.59613 -9.42025 195
      vertex 12.0451 -17.2022 195
      vertex 7.39206 -8.80951 195
    endloop
  endfacet
  facet normal 0 0 1
    outer loop
      vertex 12.0451 -17.2022 195
      vertex 6.59613 -9.42025 195
      vertex 10.5 -18.1865 195
    endloop
  endfacet
  facet normal -0 0 1
    outer loop
      vertex 5.75 -9.95929 195
      vertex 10.5 -18.1865 195
      vertex 6.59613 -9.42025 195
    endloop
  endfacet
  facet normal 0 0 1
    outer loop
      vertex 10.5 -18.1865 195
      vertex 5.75 -9.95929 195
      vertex 8.87498 -19.0325 195
    endloop
  endfacet
  facet normal -0 0 1
    outer loop
      vertex 4.86011 -10.4225 195
      vertex 8.87498 -19.0325 195
      vertex 5.75 -9.95929 195
    endloop
  endfacet
  facet normal 0 0 1
    outer loop
      vertex 8.87498 -19.0325 195
      vertex 4.86011 -10.4225 195
      vertex 7.18242 -19.7335 195
    endloop
  endfacet
  facet normal -0 0 1
    outer loop
      vertex 3.93323 -10.8065 195
      vertex 7.18242 -19.7335 195
      vertex 4.86011 -10.4225 195
    endloop
  endfacet
  facet normal 0 0 1
    outer loop
      vertex 7.18242 -19.7335 195
      vertex 3.93323 -10.8065 195
      vertex 5.4352 -20.2844 195
    endloop
  endfacet
  facet normal -0 0 1
    outer loop
      vertex 2.97642 -11.1081 195
      vertex 5.4352 -20.2844 195
      vertex 3.93323 -10.8065 195
    endloop
  endfacet
  facet normal 0 0 1
    outer loop
      vertex 5.4352 -20.2844 195
      vertex 2.97642 -11.1081 195
      vertex 3.64661 -20.681 195
    endloop
  endfacet
  facet normal -0 0 1
    outer loop
      vertex 1.99695 -11.3253 195
      vertex 3.64661 -20.681 195
      vertex 2.97642 -11.1081 195
    endloop
  endfacet
  facet normal 0 0 1
    outer loop
      vertex 1.99695 -11.3253 195
      vertex 1.83027 -20.9201 195
      vertex 3.64661 -20.681 195
    endloop
  endfacet
  facet normal -0 0 1
    outer loop
      vertex 1.00229 -11.4562 195
      vertex 1.83027 -20.9201 195
      vertex 1.99695 -11.3253 195
    endloop
  endfacet
  facet normal -0 0 1
    outer loop
      vertex 0 -11.5 195
      vertex 1.83027 -20.9201 195
      vertex 1.00229 -11.4562 195
    endloop
  endfacet
  facet normal 0 0 1
    outer loop
      vertex 0 -11.5 195
      vertex 0 -21 195
      vertex 1.83027 -20.9201 195
    endloop
  endfacet
  facet normal 0 0 1
    outer loop
      vertex -1.00229 -11.4562 195
      vertex 0 -21 195
      vertex 0 -11.5 195
    endloop
  endfacet
  facet normal 0 0 1
    outer loop
      vertex -1.00229 -11.4562 195
      vertex -1.83027 -20.9201 195
      vertex 0 -21 195
    endloop
  endfacet
  facet normal 0 0 1
    outer loop
      vertex -1.99695 -11.3253 195
      vertex -1.83027 -20.9201 195
      vertex -1.00229 -11.4562 195
    endloop
  endfacet
  facet normal 0 0 1
    outer loop
      vertex -3.64661 -20.681 195
      vertex -1.99695 -11.3253 195
      vertex -2.97642 -11.1081 195
    endloop
  endfacet
  facet normal 0 0 1
    outer loop
      vertex -1.99695 -11.3253 195
      vertex -3.64661 -20.681 195
      vertex -1.83027 -20.9201 195
    endloop
  endfacet
  facet normal 0 0 1
    outer loop
      vertex -5.4352 -20.2844 195
      vertex -2.97642 -11.1081 195
      vertex -3.93323 -10.8065 195
    endloop
  endfacet
  facet normal 0 0 1
    outer loop
      vertex -7.18242 -19.7335 195
      vertex -3.93323 -10.8065 195
      vertex -4.86011 -10.4225 195
    endloop
  endfacet
  facet normal 0 0 1
    outer loop
      vertex -2.97642 -11.1081 195
      vertex -5.4352 -20.2844 195
      vertex -3.64661 -20.681 195
    endloop
  endfacet
  facet normal 0 0 1
    outer loop
      vertex -8.87498 -19.0325 195
      vertex -4.86011 -10.4225 195
      vertex -5.75 -9.95929 195
    endloop
  endfacet
  facet normal 0 0 1
    outer loop
      vertex -10.5 -18.1865 195
      vertex -5.75 -9.95929 195
      vertex -6.59613 -9.42025 195
    endloop
  endfacet
  facet normal 0 0 1
    outer loop
      vertex -3.93323 -10.8065 195
      vertex -7.18242 -19.7335 195
      vertex -5.4352 -20.2844 195
    endloop
  endfacet
  facet normal 0 0 1
    outer loop
      vertex -12.0451 -17.2022 195
      vertex -6.59613 -9.42025 195
      vertex -7.39206 -8.80951 195
    endloop
  endfacet
  facet normal 0 0 1
    outer loop
      vertex -13.4985 -16.0869 195
      vertex -7.39206 -8.80951 195
      vertex -8.13173 -8.13173 195
    endloop
  endfacet
  facet normal 0 0 1
    outer loop
      vertex -14.8492 -14.8492 195
      vertex -8.13173 -8.13173 195
      vertex -8.80951 -7.39206 195
    endloop
  endfacet
  facet normal 0 0 1
    outer loop
      vertex -4.86011 -10.4225 195
      vertex -8.87498 -19.0325 195
      vertex -7.18242 -19.7335 195
    endloop
  endfacet
  facet normal 0 0 1
    outer loop
      vertex -16.0869 -13.4985 195
      vertex -8.80951 -7.39206 195
      vertex -9.42025 -6.59613 195
    endloop
  endfacet
  facet normal 0 0 1
    outer loop
      vertex -17.2022 -12.0451 195
      vertex -9.42025 -6.59613 195
      vertex -9.95929 -5.75 195
    endloop
  endfacet
  facet normal 0 0 1
    outer loop
      vertex -18.1865 -10.5 195
      vertex -9.95929 -5.75 195
      vertex -10.4225 -4.86011 195
    endloop
  endfacet
  facet normal 0 0 1
    outer loop
      vertex -5.75 -9.95929 195
      vertex -10.5 -18.1865 195
      vertex -8.87498 -19.0325 195
    endloop
  endfacet
  facet normal 0 0 1
    outer loop
      vertex -19.0325 -8.87498 195
      vertex -10.4225 -4.86011 195
      vertex -10.8065 -3.93323 195
    endloop
  endfacet
  facet normal 0 0 1
    outer loop
      vertex -19.7335 -7.18242 195
      vertex -10.8065 -3.93323 195
      vertex -11.1081 -2.97642 195
    endloop
  endfacet
  facet normal 0 0 1
    outer loop
      vertex -20.2844 -5.4352 195
      vertex -11.1081 -2.97642 195
      vertex -11.3253 -1.99695 195
    endloop
  endfacet
  facet normal 0 0 1
    outer loop
      vertex -20.681 -3.64661 195
      vertex -11.3253 -1.99695 195
      vertex -11.4562 -1.00229 195
    endloop
  endfacet
  facet normal 0 0 1
    outer loop
      vertex -6.59613 -9.42025 195
      vertex -12.0451 -17.2022 195
      vertex -10.5 -18.1865 195
    endloop
  endfacet
  facet normal 0 0 1
    outer loop
      vertex -20.9201 -1.83027 195
      vertex -11.4562 -1.00229 195
      vertex -11.5 0 195
    endloop
  endfacet
  facet normal -0 0 1
    outer loop
      vertex -19.0325 8.87498 195
      vertex -10.4225 4.86011 195
      vertex -18.1865 10.5 195
    endloop
  endfacet
  facet normal 0 0 1
    outer loop
      vertex -10.4225 4.86011 195
      vertex -19.0325 8.87498 195
      vertex -10.8065 3.93323 195
    endloop
  endfacet
  facet normal 0 0 1
    outer loop
      vertex -7.39206 -8.80951 195
      vertex -13.4985 -16.0869 195
      vertex -12.0451 -17.2022 195
    endloop
  endfacet
  facet normal -0 0 1
    outer loop
      vertex -19.7335 7.18242 195
      vertex -10.8065 3.93323 195
      vertex -19.0325 8.87498 195
    endloop
  endfacet
  facet normal 0 0 1
    outer loop
      vertex -8.13173 -8.13173 195
      vertex -14.8492 -14.8492 195
      vertex -13.4985 -16.0869 195
    endloop
  endfacet
  facet normal 0 0 1
    outer loop
      vertex -10.8065 3.93323 195
      vertex -19.7335 7.18242 195
      vertex -11.1081 2.97642 195
    endloop
  endfacet
  facet normal 0 0 1
    outer loop
      vertex -8.80951 -7.39206 195
      vertex -16.0869 -13.4985 195
      vertex -14.8492 -14.8492 195
    endloop
  endfacet
  facet normal -0 0 1
    outer loop
      vertex -20.2844 5.4352 195
      vertex -11.1081 2.97642 195
      vertex -19.7335 7.18242 195
    endloop
  endfacet
  facet normal 0 0 1
    outer loop
      vertex -9.42025 -6.59613 195
      vertex -17.2022 -12.0451 195
      vertex -16.0869 -13.4985 195
    endloop
  endfacet
  facet normal 0 0 1
    outer loop
      vertex -11.1081 2.97642 195
      vertex -20.2844 5.4352 195
      vertex -11.3253 1.99695 195
    endloop
  endfacet
  facet normal 0 0 1
    outer loop
      vertex -9.95929 -5.75 195
      vertex -18.1865 -10.5 195
      vertex -17.2022 -12.0451 195
    endloop
  endfacet
  facet normal -0 0 1
    outer loop
      vertex -20.681 3.64661 195
      vertex -11.3253 1.99695 195
      vertex -20.2844 5.4352 195
    endloop
  endfacet
  facet normal 0 0 1
    outer loop
      vertex -10.4225 -4.86011 195
      vertex -19.0325 -8.87498 195
      vertex -18.1865 -10.5 195
    endloop
  endfacet
  facet normal 0 0 1
    outer loop
      vertex -11.3253 1.99695 195
      vertex -20.681 3.64661 195
      vertex -11.4562 1.00229 195
    endloop
  endfacet
  facet normal 0 0 1
    outer loop
      vertex -10.8065 -3.93323 195
      vertex -19.7335 -7.18242 195
      vertex -19.0325 -8.87498 195
    endloop
  endfacet
  facet normal -0 0 1
    outer loop
      vertex -20.9201 1.83027 195
      vertex -11.4562 1.00229 195
      vertex -20.681 3.64661 195
    endloop
  endfacet
  facet normal 0 0 1
    outer loop
      vertex -11.1081 -2.97642 195
      vertex -20.2844 -5.4352 195
      vertex -19.7335 -7.18242 195
    endloop
  endfacet
  facet normal 0 0 1
    outer loop
      vertex -11.4562 1.00229 195
      vertex -20.9201 1.83027 195
      vertex -11.5 0 195
    endloop
  endfacet
  facet normal 0 0 1
    outer loop
      vertex -11.3253 -1.99695 195
      vertex -20.681 -3.64661 195
      vertex -20.2844 -5.4352 195
    endloop
  endfacet
  facet normal 0 0 1
    outer loop
      vertex -21 0 195
      vertex -11.5 0 195
      vertex -20.9201 1.83027 195
    endloop
  endfacet
  facet normal 0 0 1
    outer loop
      vertex -11.4562 -1.00229 195
      vertex -20.9201 -1.83027 195
      vertex -20.681 -3.64661 195
    endloop
  endfacet
  facet normal 0 0 1
    outer loop
      vertex -11.5 0 195
      vertex -21 0 195
      vertex -20.9201 -1.83027 195
    endloop
  endfacet
  facet normal -0.0436132 0.999048 0
    outer loop
      vertex 0 21 183
      vertex -1.83027 20.9201 195
      vertex 0 21 195
    endloop
  endfacet
  facet normal -0.0436132 0.999048 0
    outer loop
      vertex -1.83027 20.9201 195
      vertex 0 21 183
      vertex -1.83027 20.9201 183
    endloop
  endfacet
  facet normal 0.999048 -0.0436132 0
    outer loop
      vertex 20.9201 -1.83027 195
      vertex 21 0 183
      vertex 21 0 195
    endloop
  endfacet
  facet normal 0.999048 -0.0436132 0
    outer loop
      vertex 21 0 183
      vertex 20.9201 -1.83027 195
      vertex 20.9201 -1.83027 183
    endloop
  endfacet
  facet normal 0.0436132 -0.999048 0
    outer loop
      vertex 0 -21 183
      vertex 1.83027 -20.9201 195
      vertex 0 -21 195
    endloop
  endfacet
  facet normal 0.0436132 -0.999048 0
    outer loop
      vertex 1.83027 -20.9201 195
      vertex 0 -21 183
      vertex 1.83027 -20.9201 183
    endloop
  endfacet
  facet normal 0.976287 -0.216481 0
    outer loop
      vertex 20.2844 -5.4352 195
      vertex 20.681 -3.64661 183
      vertex 20.681 -3.64661 195
    endloop
  endfacet
  facet normal 0.976287 -0.216481 0
    outer loop
      vertex 20.681 -3.64661 183
      vertex 20.2844 -5.4352 195
      vertex 20.2844 -5.4352 183
    endloop
  endfacet
  facet normal 0.843401 -0.537285 0
    outer loop
      vertex 17.2022 -12.0451 195
      vertex 18.1865 -10.5 183
      vertex 18.1865 -10.5 195
    endloop
  endfacet
  facet normal 0.843401 -0.537285 0
    outer loop
      vertex 18.1865 -10.5 183
      vertex 17.2022 -12.0451 195
      vertex 17.2022 -12.0451 183
    endloop
  endfacet
  facet normal 0.216481 -0.976287 0
    outer loop
      vertex 3.64661 -20.681 183
      vertex 5.4352 -20.2844 195
      vertex 3.64661 -20.681 195
    endloop
  endfacet
  facet normal 0.216481 -0.976287 0
    outer loop
      vertex 5.4352 -20.2844 195
      vertex 3.64661 -20.681 183
      vertex 5.4352 -20.2844 183
    endloop
  endfacet
  facet normal 0.382646 -0.923895 0
    outer loop
      vertex 7.18242 -19.7335 183
      vertex 8.87498 -19.0325 195
      vertex 7.18242 -19.7335 195
    endloop
  endfacet
  facet normal 0.382646 -0.923895 0
    outer loop
      vertex 8.87498 -19.0325 195
      vertex 7.18242 -19.7335 183
      vertex 8.87498 -19.0325 183
    endloop
  endfacet
  facet normal 0.537285 -0.843401 0
    outer loop
      vertex 10.5 -18.1865 183
      vertex 12.0451 -17.2022 195
      vertex 10.5 -18.1865 195
    endloop
  endfacet
  facet normal 0.537285 -0.843401 0
    outer loop
      vertex 12.0451 -17.2022 195
      vertex 10.5 -18.1865 183
      vertex 12.0451 -17.2022 183
    endloop
  endfacet
  facet normal -0.130512 -0.991447 0
    outer loop
      vertex -3.64661 -20.681 183
      vertex -1.83027 -20.9201 195
      vertex -3.64661 -20.681 195
    endloop
  endfacet
  facet normal -0.130512 -0.991447 -0
    outer loop
      vertex -1.83027 -20.9201 195
      vertex -3.64661 -20.681 183
      vertex -1.83027 -20.9201 183
    endloop
  endfacet
  facet normal -0.300708 -0.953716 0
    outer loop
      vertex -7.18242 -19.7335 183
      vertex -5.4352 -20.2844 195
      vertex -7.18242 -19.7335 195
    endloop
  endfacet
  facet normal -0.300708 -0.953716 -0
    outer loop
      vertex -5.4352 -20.2844 195
      vertex -7.18242 -19.7335 183
      vertex -5.4352 -20.2844 183
    endloop
  endfacet
  facet normal -0.461778 -0.886996 0
    outer loop
      vertex -10.5 -18.1865 183
      vertex -8.87498 -19.0325 195
      vertex -10.5 -18.1865 195
    endloop
  endfacet
  facet normal -0.461778 -0.886996 -0
    outer loop
      vertex -8.87498 -19.0325 195
      vertex -10.5 -18.1865 183
      vertex -8.87498 -19.0325 183
    endloop
  endfacet
  facet normal -0.608784 -0.793336 0
    outer loop
      vertex -13.4985 -16.0869 183
      vertex -12.0451 -17.2022 195
      vertex -13.4985 -16.0869 195
    endloop
  endfacet
  facet normal -0.608784 -0.793336 -0
    outer loop
      vertex -12.0451 -17.2022 195
      vertex -13.4985 -16.0869 183
      vertex -12.0451 -17.2022 183
    endloop
  endfacet
  facet normal -0.923895 -0.382646 0
    outer loop
      vertex -19.0325 -8.87498 183
      vertex -19.7335 -7.18242 195
      vertex -19.7335 -7.18242 183
    endloop
  endfacet
  facet normal -0.923895 -0.382646 0
    outer loop
      vertex -19.7335 -7.18242 195
      vertex -19.0325 -8.87498 183
      vertex -19.0325 -8.87498 195
    endloop
  endfacet
  facet normal -0.976287 -0.216481 0
    outer loop
      vertex -20.2844 -5.4352 183
      vertex -20.681 -3.64661 195
      vertex -20.681 -3.64661 183
    endloop
  endfacet
  facet normal -0.976287 -0.216481 0
    outer loop
      vertex -20.681 -3.64661 195
      vertex -20.2844 -5.4352 183
      vertex -20.2844 -5.4352 195
    endloop
  endfacet
  facet normal -0.999048 -0.0436132 0
    outer loop
      vertex -20.9201 -1.83027 183
      vertex -21 0 195
      vertex -21 0 183
    endloop
  endfacet
  facet normal -0.999048 -0.0436132 0
    outer loop
      vertex -21 0 195
      vertex -20.9201 -1.83027 183
      vertex -20.9201 -1.83027 195
    endloop
  endfacet
  facet normal -0.843401 -0.537285 0
    outer loop
      vertex -17.2022 -12.0451 183
      vertex -18.1865 -10.5 195
      vertex -18.1865 -10.5 183
    endloop
  endfacet
  facet normal -0.843401 -0.537285 0
    outer loop
      vertex -18.1865 -10.5 195
      vertex -17.2022 -12.0451 183
      vertex -17.2022 -12.0451 195
    endloop
  endfacet
  facet normal 0.886996 -0.461778 0
    outer loop
      vertex 18.1865 -10.5 195
      vertex 19.0325 -8.87498 183
      vertex 19.0325 -8.87498 195
    endloop
  endfacet
  facet normal 0.886996 -0.461778 0
    outer loop
      vertex 19.0325 -8.87498 183
      vertex 18.1865 -10.5 195
      vertex 18.1865 -10.5 183
    endloop
  endfacet
  facet normal 0.130512 -0.991447 0
    outer loop
      vertex 1.83027 -20.9201 183
      vertex 3.64661 -20.681 195
      vertex 1.83027 -20.9201 195
    endloop
  endfacet
  facet normal 0.130512 -0.991447 0
    outer loop
      vertex 3.64661 -20.681 195
      vertex 1.83027 -20.9201 183
      vertex 3.64661 -20.681 183
    endloop
  endfacet
  facet normal -0.0436132 -0.999048 0
    outer loop
      vertex -1.83027 -20.9201 183
      vertex 0 -21 195
      vertex -1.83027 -20.9201 195
    endloop
  endfacet
  facet normal -0.0436132 -0.999048 -0
    outer loop
      vertex 0 -21 195
      vertex -1.83027 -20.9201 183
      vertex 0 -21 183
    endloop
  endfacet
  facet normal -0.991447 -0.130512 0
    outer loop
      vertex -20.681 -3.64661 183
      vertex -20.9201 -1.83027 195
      vertex -20.9201 -1.83027 183
    endloop
  endfacet
  facet normal -0.991447 -0.130512 0
    outer loop
      vertex -20.9201 -1.83027 195
      vertex -20.681 -3.64661 183
      vertex -20.681 -3.64661 195
    endloop
  endfacet
  facet normal 0.793336 -0.608784 0
    outer loop
      vertex 16.0869 -13.4985 195
      vertex 17.2022 -12.0451 183
      vertex 17.2022 -12.0451 195
    endloop
  endfacet
  facet normal 0.793336 -0.608784 0
    outer loop
      vertex 17.2022 -12.0451 183
      vertex 16.0869 -13.4985 195
      vertex 16.0869 -13.4985 183
    endloop
  endfacet
  facet normal -0.608762 -0.793353 0
    outer loop
      vertex 6.59613 9.42025 183
      vertex 7.39206 8.80951 195
      vertex 6.59613 9.42025 195
    endloop
  endfacet
  facet normal -0.608762 -0.793353 -0
    outer loop
      vertex 7.39206 8.80951 195
      vertex 6.59613 9.42025 183
      vertex 7.39206 8.80951 183
    endloop
  endfacet
  facet normal -0.999047 0.0436583 0
    outer loop
      vertex 11.4562 -1.00229 183
      vertex 11.5 0 195
      vertex 11.5 0 183
    endloop
  endfacet
  facet normal -0.999047 0.0436583 0
    outer loop
      vertex 11.5 0 195
      vertex 11.4562 -1.00229 183
      vertex 11.4562 -1.00229 195
    endloop
  endfacet
  facet normal 0.382746 -0.923854 0
    outer loop
      vertex -4.86011 10.4225 183
      vertex -3.93323 10.8065 195
      vertex -4.86011 10.4225 195
    endloop
  endfacet
  facet normal 0.382746 -0.923854 0
    outer loop
      vertex -3.93323 10.8065 195
      vertex -4.86011 10.4225 183
      vertex -3.93323 10.8065 183
    endloop
  endfacet
  facet normal 0.887026 -0.461719 0
    outer loop
      vertex -10.4225 4.86011 195
      vertex -9.95929 5.75 183
      vertex -9.95929 5.75 195
    endloop
  endfacet
  facet normal 0.887026 -0.461719 0
    outer loop
      vertex -9.95929 5.75 183
      vertex -10.4225 4.86011 195
      vertex -10.4225 4.86011 183
    endloop
  endfacet
  facet normal 0.461719 0.887026 -0
    outer loop
      vertex -4.86011 -10.4225 183
      vertex -5.75 -9.95929 195
      vertex -4.86011 -10.4225 195
    endloop
  endfacet
  facet normal 0.461719 0.887026 0
    outer loop
      vertex -5.75 -9.95929 195
      vertex -4.86011 -10.4225 183
      vertex -5.75 -9.95929 183
    endloop
  endfacet
  facet normal -0.887026 -0.461719 0
    outer loop
      vertex 10.4225 4.86011 183
      vertex 9.95929 5.75 195
      vertex 9.95929 5.75 183
    endloop
  endfacet
  facet normal -0.887026 -0.461719 0
    outer loop
      vertex 9.95929 5.75 195
      vertex 10.4225 4.86011 183
      vertex 10.4225 4.86011 195
    endloop
  endfacet
  facet normal -0.843393 -0.537297 0
    outer loop
      vertex 9.95929 5.75 183
      vertex 9.42025 6.59613 195
      vertex 9.42025 6.59613 183
    endloop
  endfacet
  facet normal -0.843393 -0.537297 0
    outer loop
      vertex 9.42025 6.59613 195
      vertex 9.95929 5.75 183
      vertex 9.95929 5.75 195
    endloop
  endfacet
  facet normal -0.382746 -0.923854 0
    outer loop
      vertex 3.93323 10.8065 183
      vertex 4.86011 10.4225 195
      vertex 3.93323 10.8065 195
    endloop
  endfacet
  facet normal -0.382746 -0.923854 -0
    outer loop
      vertex 4.86011 10.4225 195
      vertex 3.93323 10.8065 183
      vertex 4.86011 10.4225 183
    endloop
  endfacet
  facet normal -0.130478 -0.991451 0
    outer loop
      vertex 1.00229 11.4562 183
      vertex 1.99695 11.3253 195
      vertex 1.00229 11.4562 195
    endloop
  endfacet
  facet normal -0.130478 -0.991451 -0
    outer loop
      vertex 1.99695 11.3253 195
      vertex 1.00229 11.4562 183
      vertex 1.99695 11.3253 183
    endloop
  endfacet
  facet normal 0.976284 -0.216494 0
    outer loop
      vertex -11.3253 1.99695 195
      vertex -11.1081 2.97642 183
      vertex -11.1081 2.97642 195
    endloop
  endfacet
  facet normal 0.976284 -0.216494 0
    outer loop
      vertex -11.1081 2.97642 183
      vertex -11.3253 1.99695 195
      vertex -11.3253 1.99695 183
    endloop
  endfacet
  facet normal 0.737279 -0.675589 0
    outer loop
      vertex -8.80951 7.39206 195
      vertex -8.13173 8.13173 183
      vertex -8.13173 8.13173 195
    endloop
  endfacet
  facet normal 0.737279 -0.675589 0
    outer loop
      vertex -8.13173 8.13173 183
      vertex -8.80951 7.39206 195
      vertex -8.80951 7.39206 183
    endloop
  endfacet
  facet normal 0.216494 -0.976284 0
    outer loop
      vertex -2.97642 11.1081 183
      vertex -1.99695 11.3253 195
      vertex -2.97642 11.1081 195
    endloop
  endfacet
  facet normal 0.216494 -0.976284 0
    outer loop
      vertex -1.99695 11.3253 195
      vertex -2.97642 11.1081 183
      vertex -1.99695 11.3253 183
    endloop
  endfacet
  facet normal -0.95374 0.300632 0
    outer loop
      vertex 10.8065 -3.93323 183
      vertex 11.1081 -2.97642 195
      vertex 11.1081 -2.97642 183
    endloop
  endfacet
  facet normal -0.95374 0.300632 0
    outer loop
      vertex 11.1081 -2.97642 195
      vertex 10.8065 -3.93323 183
      vertex 10.8065 -3.93323 195
    endloop
  endfacet
  facet normal 0.216494 0.976284 -0
    outer loop
      vertex -1.99695 -11.3253 183
      vertex -2.97642 -11.1081 195
      vertex -1.99695 -11.3253 195
    endloop
  endfacet
  facet normal 0.216494 0.976284 0
    outer loop
      vertex -2.97642 -11.1081 195
      vertex -1.99695 -11.3253 183
      vertex -2.97642 -11.1081 183
    endloop
  endfacet
  facet normal 0.675589 0.737279 -0
    outer loop
      vertex -7.39206 -8.80951 183
      vertex -8.13173 -8.13173 195
      vertex -7.39206 -8.80951 195
    endloop
  endfacet
  facet normal 0.675589 0.737279 0
    outer loop
      vertex -8.13173 -8.13173 195
      vertex -7.39206 -8.80951 183
      vertex -8.13173 -8.13173 183
    endloop
  endfacet
  facet normal -0.991451 -0.130478 0
    outer loop
      vertex 11.4562 1.00229 183
      vertex 11.3253 1.99695 195
      vertex 11.3253 1.99695 183
    endloop
  endfacet
  facet normal -0.991451 -0.130478 0
    outer loop
      vertex 11.3253 1.99695 195
      vertex 11.4562 1.00229 183
      vertex 11.4562 1.00229 195
    endloop
  endfacet
  facet normal -0.976284 -0.216494 0
    outer loop
      vertex 11.3253 1.99695 183
      vertex 11.1081 2.97642 195
      vertex 11.1081 2.97642 183
    endloop
  endfacet
  facet normal -0.976284 -0.216494 0
    outer loop
      vertex 11.1081 2.97642 195
      vertex 11.3253 1.99695 183
      vertex 11.3253 1.99695 195
    endloop
  endfacet
  facet normal -0.737279 -0.675589 0
    outer loop
      vertex 8.80951 7.39206 183
      vertex 8.13173 8.13173 195
      vertex 8.13173 8.13173 183
    endloop
  endfacet
  facet normal -0.737279 -0.675589 0
    outer loop
      vertex 8.13173 8.13173 195
      vertex 8.80951 7.39206 183
      vertex 8.80951 7.39206 195
    endloop
  endfacet
  facet normal -0.793353 -0.608762 0
    outer loop
      vertex 9.42025 6.59613 183
      vertex 8.80951 7.39206 195
      vertex 8.80951 7.39206 183
    endloop
  endfacet
  facet normal -0.793353 -0.608762 0
    outer loop
      vertex 8.80951 7.39206 195
      vertex 9.42025 6.59613 183
      vertex 9.42025 6.59613 195
    endloop
  endfacet
  facet normal -0.675589 -0.737279 0
    outer loop
      vertex 7.39206 8.80951 183
      vertex 8.13173 8.13173 195
      vertex 7.39206 8.80951 195
    endloop
  endfacet
  facet normal -0.675589 -0.737279 -0
    outer loop
      vertex 8.13173 8.13173 195
      vertex 7.39206 8.80951 183
      vertex 8.13173 8.13173 183
    endloop
  endfacet
  facet normal -0.537297 -0.843393 0
    outer loop
      vertex 5.75 9.95929 183
      vertex 6.59613 9.42025 195
      vertex 5.75 9.95929 195
    endloop
  endfacet
  facet normal -0.537297 -0.843393 -0
    outer loop
      vertex 6.59613 9.42025 195
      vertex 5.75 9.95929 183
      vertex 6.59613 9.42025 183
    endloop
  endfacet
  facet normal -0.0436583 -0.999047 0
    outer loop
      vertex 0 11.5 183
      vertex 1.00229 11.4562 195
      vertex 0 11.5 195
    endloop
  endfacet
  facet normal -0.0436583 -0.999047 -0
    outer loop
      vertex 1.00229 11.4562 195
      vertex 0 11.5 183
      vertex 1.00229 11.4562 183
    endloop
  endfacet
  facet normal -0.461719 -0.887026 0
    outer loop
      vertex 4.86011 10.4225 183
      vertex 5.75 9.95929 195
      vertex 4.86011 10.4225 195
    endloop
  endfacet
  facet normal -0.461719 -0.887026 -0
    outer loop
      vertex 5.75 9.95929 195
      vertex 4.86011 10.4225 183
      vertex 5.75 9.95929 183
    endloop
  endfacet
  facet normal -0.300632 -0.95374 0
    outer loop
      vertex 2.97642 11.1081 183
      vertex 3.93323 10.8065 195
      vertex 2.97642 11.1081 195
    endloop
  endfacet
  facet normal -0.300632 -0.95374 -0
    outer loop
      vertex 3.93323 10.8065 195
      vertex 2.97642 11.1081 183
      vertex 3.93323 10.8065 183
    endloop
  endfacet
  facet normal -0.216494 -0.976284 0
    outer loop
      vertex 1.99695 11.3253 183
      vertex 2.97642 11.1081 195
      vertex 1.99695 11.3253 195
    endloop
  endfacet
  facet normal -0.216494 -0.976284 -0
    outer loop
      vertex 2.97642 11.1081 195
      vertex 1.99695 11.3253 183
      vertex 2.97642 11.1081 183
    endloop
  endfacet
  facet normal 0.999047 -0.0436583 0
    outer loop
      vertex -11.5 0 195
      vertex -11.4562 1.00229 183
      vertex -11.4562 1.00229 195
    endloop
  endfacet
  facet normal 0.999047 -0.0436583 0
    outer loop
      vertex -11.4562 1.00229 183
      vertex -11.5 0 195
      vertex -11.5 0 183
    endloop
  endfacet
  facet normal 0.923854 -0.382746 0
    outer loop
      vertex -10.8065 3.93323 195
      vertex -10.4225 4.86011 183
      vertex -10.4225 4.86011 195
    endloop
  endfacet
  facet normal 0.923854 -0.382746 0
    outer loop
      vertex -10.4225 4.86011 183
      vertex -10.8065 3.93323 195
      vertex -10.8065 3.93323 183
    endloop
  endfacet
  facet normal 0.95374 -0.300632 0
    outer loop
      vertex -11.1081 2.97642 195
      vertex -10.8065 3.93323 183
      vertex -10.8065 3.93323 195
    endloop
  endfacet
  facet normal 0.95374 -0.300632 0
    outer loop
      vertex -10.8065 3.93323 183
      vertex -11.1081 2.97642 195
      vertex -11.1081 2.97642 183
    endloop
  endfacet
  facet normal 0.843393 -0.537297 0
    outer loop
      vertex -9.95929 5.75 195
      vertex -9.42025 6.59613 183
      vertex -9.42025 6.59613 195
    endloop
  endfacet
  facet normal 0.843393 -0.537297 0
    outer loop
      vertex -9.42025 6.59613 183
      vertex -9.95929 5.75 195
      vertex -9.95929 5.75 183
    endloop
  endfacet
  facet normal 0.793353 -0.608762 0
    outer loop
      vertex -9.42025 6.59613 195
      vertex -8.80951 7.39206 183
      vertex -8.80951 7.39206 195
    endloop
  endfacet
  facet normal 0.793353 -0.608762 0
    outer loop
      vertex -8.80951 7.39206 183
      vertex -9.42025 6.59613 195
      vertex -9.42025 6.59613 183
    endloop
  endfacet
  facet normal 0.0436583 -0.999047 0
    outer loop
      vertex -1.00229 11.4562 183
      vertex 0 11.5 195
      vertex -1.00229 11.4562 195
    endloop
  endfacet
  facet normal 0.0436583 -0.999047 0
    outer loop
      vertex 0 11.5 195
      vertex -1.00229 11.4562 183
      vertex 0 11.5 183
    endloop
  endfacet
  facet normal 0.300632 -0.95374 0
    outer loop
      vertex -3.93323 10.8065 183
      vertex -2.97642 11.1081 195
      vertex -3.93323 10.8065 195
    endloop
  endfacet
  facet normal 0.300632 -0.95374 0
    outer loop
      vertex -2.97642 11.1081 195
      vertex -3.93323 10.8065 183
      vertex -2.97642 11.1081 183
    endloop
  endfacet
  facet normal 0.537297 -0.843393 0
    outer loop
      vertex -6.59613 9.42025 183
      vertex -5.75 9.95929 195
      vertex -6.59613 9.42025 195
    endloop
  endfacet
  facet normal 0.537297 -0.843393 0
    outer loop
      vertex -5.75 9.95929 195
      vertex -6.59613 9.42025 183
      vertex -5.75 9.95929 183
    endloop
  endfacet
  facet normal 0.608762 -0.793353 0
    outer loop
      vertex -7.39206 8.80951 183
      vertex -6.59613 9.42025 195
      vertex -7.39206 8.80951 195
    endloop
  endfacet
  facet normal 0.608762 -0.793353 0
    outer loop
      vertex -6.59613 9.42025 195
      vertex -7.39206 8.80951 183
      vertex -6.59613 9.42025 183
    endloop
  endfacet
  facet normal 0.461719 -0.887026 0
    outer loop
      vertex -5.75 9.95929 183
      vertex -4.86011 10.4225 195
      vertex -5.75 9.95929 195
    endloop
  endfacet
  facet normal 0.461719 -0.887026 0
    outer loop
      vertex -4.86011 10.4225 195
      vertex -5.75 9.95929 183
      vertex -4.86011 10.4225 183
    endloop
  endfacet
  facet normal 0.675589 -0.737279 0
    outer loop
      vertex -8.13173 8.13173 183
      vertex -7.39206 8.80951 195
      vertex -8.13173 8.13173 195
    endloop
  endfacet
  facet normal 0.675589 -0.737279 0
    outer loop
      vertex -7.39206 8.80951 195
      vertex -8.13173 8.13173 183
      vertex -7.39206 8.80951 183
    endloop
  endfacet
  facet normal -0.999047 -0.0436583 0
    outer loop
      vertex 11.5 0 183
      vertex 11.4562 1.00229 195
      vertex 11.4562 1.00229 183
    endloop
  endfacet
  facet normal -0.999047 -0.0436583 0
    outer loop
      vertex 11.4562 1.00229 195
      vertex 11.5 0 183
      vertex 11.5 0 195
    endloop
  endfacet
  facet normal -0.976284 0.216494 0
    outer loop
      vertex 11.1081 -2.97642 183
      vertex 11.3253 -1.99695 195
      vertex 11.3253 -1.99695 183
    endloop
  endfacet
  facet normal -0.976284 0.216494 0
    outer loop
      vertex 11.3253 -1.99695 195
      vertex 11.1081 -2.97642 183
      vertex 11.1081 -2.97642 195
    endloop
  endfacet
  facet normal -0.793353 0.608762 0
    outer loop
      vertex 8.80951 -7.39206 183
      vertex 9.42025 -6.59613 195
      vertex 9.42025 -6.59613 183
    endloop
  endfacet
  facet normal -0.793353 0.608762 0
    outer loop
      vertex 9.42025 -6.59613 195
      vertex 8.80951 -7.39206 183
      vertex 8.80951 -7.39206 195
    endloop
  endfacet
  facet normal -0.300632 0.95374 0
    outer loop
      vertex 3.93323 -10.8065 183
      vertex 2.97642 -11.1081 195
      vertex 3.93323 -10.8065 195
    endloop
  endfacet
  facet normal -0.300632 0.95374 0
    outer loop
      vertex 2.97642 -11.1081 195
      vertex 3.93323 -10.8065 183
      vertex 2.97642 -11.1081 183
    endloop
  endfacet
  facet normal -0.608762 0.793353 0
    outer loop
      vertex 7.39206 -8.80951 183
      vertex 6.59613 -9.42025 195
      vertex 7.39206 -8.80951 195
    endloop
  endfacet
  facet normal -0.608762 0.793353 0
    outer loop
      vertex 6.59613 -9.42025 195
      vertex 7.39206 -8.80951 183
      vertex 6.59613 -9.42025 183
    endloop
  endfacet
  facet normal -0.461719 0.887026 0
    outer loop
      vertex 5.75 -9.95929 183
      vertex 4.86011 -10.4225 195
      vertex 5.75 -9.95929 195
    endloop
  endfacet
  facet normal -0.461719 0.887026 0
    outer loop
      vertex 4.86011 -10.4225 195
      vertex 5.75 -9.95929 183
      vertex 4.86011 -10.4225 183
    endloop
  endfacet
  facet normal 0.0436583 0.999047 -0
    outer loop
      vertex 0 -11.5 183
      vertex -1.00229 -11.4562 195
      vertex 0 -11.5 195
    endloop
  endfacet
  facet normal 0.0436583 0.999047 0
    outer loop
      vertex -1.00229 -11.4562 195
      vertex 0 -11.5 183
      vertex -1.00229 -11.4562 183
    endloop
  endfacet
  facet normal 0.382746 0.923854 -0
    outer loop
      vertex -3.93323 -10.8065 183
      vertex -4.86011 -10.4225 195
      vertex -3.93323 -10.8065 195
    endloop
  endfacet
  facet normal 0.382746 0.923854 0
    outer loop
      vertex -4.86011 -10.4225 195
      vertex -3.93323 -10.8065 183
      vertex -4.86011 -10.4225 183
    endloop
  endfacet
  facet normal 0.537297 0.843393 -0
    outer loop
      vertex -5.75 -9.95929 183
      vertex -6.59613 -9.42025 195
      vertex -5.75 -9.95929 195
    endloop
  endfacet
  facet normal 0.537297 0.843393 0
    outer loop
      vertex -6.59613 -9.42025 195
      vertex -5.75 -9.95929 183
      vertex -6.59613 -9.42025 183
    endloop
  endfacet
  facet normal 0.95374 0.300632 0
    outer loop
      vertex -10.8065 -3.93323 195
      vertex -11.1081 -2.97642 183
      vertex -11.1081 -2.97642 195
    endloop
  endfacet
  facet normal 0.95374 0.300632 0
    outer loop
      vertex -11.1081 -2.97642 183
      vertex -10.8065 -3.93323 195
      vertex -10.8065 -3.93323 183
    endloop
  endfacet
  facet normal 0.999047 0.0436583 0
    outer loop
      vertex -11.4562 -1.00229 195
      vertex -11.5 0 183
      vertex -11.5 0 195
    endloop
  endfacet
  facet normal 0.999047 0.0436583 0
    outer loop
      vertex -11.5 0 183
      vertex -11.4562 -1.00229 195
      vertex -11.4562 -1.00229 183
    endloop
  endfacet
  facet normal 0.793353 0.608762 0
    outer loop
      vertex -8.80951 -7.39206 195
      vertex -9.42025 -6.59613 183
      vertex -9.42025 -6.59613 195
    endloop
  endfacet
  facet normal 0.793353 0.608762 0
    outer loop
      vertex -9.42025 -6.59613 183
      vertex -8.80951 -7.39206 195
      vertex -8.80951 -7.39206 183
    endloop
  endfacet
  facet normal 0.887026 0.461719 0
    outer loop
      vertex -9.95929 -5.75 195
      vertex -10.4225 -4.86011 183
      vertex -10.4225 -4.86011 195
    endloop
  endfacet
  facet normal 0.887026 0.461719 0
    outer loop
      vertex -10.4225 -4.86011 183
      vertex -9.95929 -5.75 195
      vertex -9.95929 -5.75 183
    endloop
  endfacet
  facet normal -0.923854 -0.382746 0
    outer loop
      vertex 10.8065 3.93323 183
      vertex 10.4225 4.86011 195
      vertex 10.4225 4.86011 183
    endloop
  endfacet
  facet normal -0.923854 -0.382746 0
    outer loop
      vertex 10.4225 4.86011 195
      vertex 10.8065 3.93323 183
      vertex 10.8065 3.93323 195
    endloop
  endfacet
  facet normal -0.95374 -0.300632 0
    outer loop
      vertex 11.1081 2.97642 183
      vertex 10.8065 3.93323 195
      vertex 10.8065 3.93323 183
    endloop
  endfacet
  facet normal -0.95374 -0.300632 0
    outer loop
      vertex 10.8065 3.93323 195
      vertex 11.1081 2.97642 183
      vertex 11.1081 2.97642 195
    endloop
  endfacet
  facet normal 0.991451 -0.130478 0
    outer loop
      vertex -11.4562 1.00229 195
      vertex -11.3253 1.99695 183
      vertex -11.3253 1.99695 195
    endloop
  endfacet
  facet normal 0.991451 -0.130478 0
    outer loop
      vertex -11.3253 1.99695 183
      vertex -11.4562 1.00229 195
      vertex -11.4562 1.00229 183
    endloop
  endfacet
  facet normal 0.130478 -0.991451 0
    outer loop
      vertex -1.99695 11.3253 183
      vertex -1.00229 11.4562 195
      vertex -1.99695 11.3253 195
    endloop
  endfacet
  facet normal 0.130478 -0.991451 0
    outer loop
      vertex -1.00229 11.4562 195
      vertex -1.99695 11.3253 183
      vertex -1.00229 11.4562 183
    endloop
  endfacet
  facet normal -0.991451 0.130478 0
    outer loop
      vertex 11.3253 -1.99695 183
      vertex 11.4562 -1.00229 195
      vertex 11.4562 -1.00229 183
    endloop
  endfacet
  facet normal -0.991451 0.130478 0
    outer loop
      vertex 11.4562 -1.00229 195
      vertex 11.3253 -1.99695 183
      vertex 11.3253 -1.99695 195
    endloop
  endfacet
  facet normal -0.216494 0.976284 0
    outer loop
      vertex 2.97642 -11.1081 183
      vertex 1.99695 -11.3253 195
      vertex 2.97642 -11.1081 195
    endloop
  endfacet
  facet normal -0.216494 0.976284 0
    outer loop
      vertex 1.99695 -11.3253 195
      vertex 2.97642 -11.1081 183
      vertex 1.99695 -11.3253 183
    endloop
  endfacet
  facet normal -0.0436583 0.999047 0
    outer loop
      vertex 1.00229 -11.4562 183
      vertex 0 -11.5 195
      vertex 1.00229 -11.4562 195
    endloop
  endfacet
  facet normal -0.0436583 0.999047 0
    outer loop
      vertex 0 -11.5 195
      vertex 1.00229 -11.4562 183
      vertex 0 -11.5 183
    endloop
  endfacet
  facet normal -0.887026 0.461719 0
    outer loop
      vertex 9.95929 -5.75 183
      vertex 10.4225 -4.86011 195
      vertex 10.4225 -4.86011 183
    endloop
  endfacet
  facet normal -0.887026 0.461719 0
    outer loop
      vertex 10.4225 -4.86011 195
      vertex 9.95929 -5.75 183
      vertex 9.95929 -5.75 195
    endloop
  endfacet
  facet normal -0.130478 0.991451 0
    outer loop
      vertex 1.99695 -11.3253 183
      vertex 1.00229 -11.4562 195
      vertex 1.99695 -11.3253 195
    endloop
  endfacet
  facet normal -0.130478 0.991451 0
    outer loop
      vertex 1.00229 -11.4562 195
      vertex 1.99695 -11.3253 183
      vertex 1.00229 -11.4562 183
    endloop
  endfacet
  facet normal -0.382746 0.923854 0
    outer loop
      vertex 4.86011 -10.4225 183
      vertex 3.93323 -10.8065 195
      vertex 4.86011 -10.4225 195
    endloop
  endfacet
  facet normal -0.382746 0.923854 0
    outer loop
      vertex 3.93323 -10.8065 195
      vertex 4.86011 -10.4225 183
      vertex 3.93323 -10.8065 183
    endloop
  endfacet
  facet normal -0.737279 0.675589 0
    outer loop
      vertex 8.13173 -8.13173 183
      vertex 8.80951 -7.39206 195
      vertex 8.80951 -7.39206 183
    endloop
  endfacet
  facet normal -0.737279 0.675589 0
    outer loop
      vertex 8.80951 -7.39206 195
      vertex 8.13173 -8.13173 183
      vertex 8.13173 -8.13173 195
    endloop
  endfacet
  facet normal -0.675589 0.737279 0
    outer loop
      vertex 8.13173 -8.13173 183
      vertex 7.39206 -8.80951 195
      vertex 8.13173 -8.13173 195
    endloop
  endfacet
  facet normal -0.675589 0.737279 0
    outer loop
      vertex 7.39206 -8.80951 195
      vertex 8.13173 -8.13173 183
      vertex 7.39206 -8.80951 183
    endloop
  endfacet
  facet normal -0.537297 0.843393 0
    outer loop
      vertex 6.59613 -9.42025 183
      vertex 5.75 -9.95929 195
      vertex 6.59613 -9.42025 195
    endloop
  endfacet
  facet normal -0.537297 0.843393 0
    outer loop
      vertex 5.75 -9.95929 195
      vertex 6.59613 -9.42025 183
      vertex 5.75 -9.95929 183
    endloop
  endfacet
  facet normal 0.130478 0.991451 -0
    outer loop
      vertex -1.00229 -11.4562 183
      vertex -1.99695 -11.3253 195
      vertex -1.00229 -11.4562 195
    endloop
  endfacet
  facet normal 0.130478 0.991451 0
    outer loop
      vertex -1.99695 -11.3253 195
      vertex -1.00229 -11.4562 183
      vertex -1.99695 -11.3253 183
    endloop
  endfacet
  facet normal 0.300632 0.95374 -0
    outer loop
      vertex -2.97642 -11.1081 183
      vertex -3.93323 -10.8065 195
      vertex -2.97642 -11.1081 195
    endloop
  endfacet
  facet normal 0.300632 0.95374 0
    outer loop
      vertex -3.93323 -10.8065 195
      vertex -2.97642 -11.1081 183
      vertex -3.93323 -10.8065 183
    endloop
  endfacet
  facet normal 0.608762 0.793353 -0
    outer loop
      vertex -6.59613 -9.42025 183
      vertex -7.39206 -8.80951 195
      vertex -6.59613 -9.42025 195
    endloop
  endfacet
  facet normal 0.608762 0.793353 0
    outer loop
      vertex -7.39206 -8.80951 195
      vertex -6.59613 -9.42025 183
      vertex -7.39206 -8.80951 183
    endloop
  endfacet
  facet normal 0.923854 0.382746 0
    outer loop
      vertex -10.4225 -4.86011 195
      vertex -10.8065 -3.93323 183
      vertex -10.8065 -3.93323 195
    endloop
  endfacet
  facet normal 0.923854 0.382746 0
    outer loop
      vertex -10.8065 -3.93323 183
      vertex -10.4225 -4.86011 195
      vertex -10.4225 -4.86011 183
    endloop
  endfacet
  facet normal 0.976284 0.216494 0
    outer loop
      vertex -11.1081 -2.97642 195
      vertex -11.3253 -1.99695 183
      vertex -11.3253 -1.99695 195
    endloop
  endfacet
  facet normal 0.976284 0.216494 0
    outer loop
      vertex -11.3253 -1.99695 183
      vertex -11.1081 -2.97642 195
      vertex -11.1081 -2.97642 183
    endloop
  endfacet
  facet normal 0.991451 0.130478 0
    outer loop
      vertex -11.3253 -1.99695 195
      vertex -11.4562 -1.00229 183
      vertex -11.4562 -1.00229 195
    endloop
  endfacet
  facet normal 0.991451 0.130478 0
    outer loop
      vertex -11.4562 -1.00229 183
      vertex -11.3253 -1.99695 195
      vertex -11.3253 -1.99695 183
    endloop
  endfacet
  facet normal 0.843393 0.537297 0
    outer loop
      vertex -9.42025 -6.59613 195
      vertex -9.95929 -5.75 183
      vertex -9.95929 -5.75 195
    endloop
  endfacet
  facet normal 0.843393 0.537297 0
    outer loop
      vertex -9.95929 -5.75 183
      vertex -9.42025 -6.59613 195
      vertex -9.42025 -6.59613 183
    endloop
  endfacet
  facet normal 0.737279 0.675589 0
    outer loop
      vertex -8.13173 -8.13173 195
      vertex -8.80951 -7.39206 183
      vertex -8.80951 -7.39206 195
    endloop
  endfacet
  facet normal 0.737279 0.675589 0
    outer loop
      vertex -8.80951 -7.39206 183
      vertex -8.13173 -8.13173 195
      vertex -8.13173 -8.13173 183
    endloop
  endfacet
  facet normal -0.923854 0.382746 0
    outer loop
      vertex 10.4225 -4.86011 183
      vertex 10.8065 -3.93323 195
      vertex 10.8065 -3.93323 183
    endloop
  endfacet
  facet normal -0.923854 0.382746 0
    outer loop
      vertex 10.8065 -3.93323 195
      vertex 10.4225 -4.86011 183
      vertex 10.4225 -4.86011 195
    endloop
  endfacet
  facet normal -0.843393 0.537297 0
    outer loop
      vertex 9.42025 -6.59613 183
      vertex 9.95929 -5.75 195
      vertex 9.95929 -5.75 183
    endloop
  endfacet
  facet normal -0.843393 0.537297 0
    outer loop
      vertex 9.95929 -5.75 195
      vertex 9.42025 -6.59613 183
      vertex 9.42025 -6.59613 195
    endloop
  endfacet
  facet normal 0.675594 0.737274 -0
    outer loop
      vertex 14.8492 14.8492 225
      vertex 13.4985 16.0869 237
      vertex 14.8492 14.8492 237
    endloop
  endfacet
  facet normal 0.675594 0.737274 0
    outer loop
      vertex 13.4985 16.0869 237
      vertex 14.8492 14.8492 225
      vertex 13.4985 16.0869 225
    endloop
  endfacet
  facet normal -0.382646 0.923895 0
    outer loop
      vertex -7.18242 19.7335 225
      vertex -8.87498 19.0325 237
      vertex -7.18242 19.7335 237
    endloop
  endfacet
  facet normal -0.382646 0.923895 0
    outer loop
      vertex -8.87498 19.0325 237
      vertex -7.18242 19.7335 225
      vertex -8.87498 19.0325 225
    endloop
  endfacet
  facet normal -0.886996 0.461778 0
    outer loop
      vertex -19.0325 8.87498 225
      vertex -18.1865 10.5 237
      vertex -18.1865 10.5 225
    endloop
  endfacet
  facet normal -0.886996 0.461778 0
    outer loop
      vertex -18.1865 10.5 237
      vertex -19.0325 8.87498 225
      vertex -19.0325 8.87498 237
    endloop
  endfacet
  facet normal 0.991447 -0.130512 0
    outer loop
      vertex 20.681 -3.64661 237
      vertex 20.9201 -1.83027 225
      vertex 20.9201 -1.83027 237
    endloop
  endfacet
  facet normal 0.991447 -0.130512 0
    outer loop
      vertex 20.9201 -1.83027 225
      vertex 20.681 -3.64661 237
      vertex 20.681 -3.64661 225
    endloop
  endfacet
  facet normal 0.923895 0.382646 0
    outer loop
      vertex 19.7335 7.18242 237
      vertex 19.0325 8.87498 225
      vertex 19.0325 8.87498 237
    endloop
  endfacet
  facet normal 0.923895 0.382646 0
    outer loop
      vertex 19.0325 8.87498 225
      vertex 19.7335 7.18242 237
      vertex 19.7335 7.18242 225
    endloop
  endfacet
  facet normal 0.886996 0.461778 0
    outer loop
      vertex 19.0325 8.87498 237
      vertex 18.1865 10.5 225
      vertex 18.1865 10.5 237
    endloop
  endfacet
  facet normal 0.886996 0.461778 0
    outer loop
      vertex 18.1865 10.5 225
      vertex 19.0325 8.87498 237
      vertex 19.0325 8.87498 225
    endloop
  endfacet
  facet normal 0.461778 0.886996 -0
    outer loop
      vertex 10.5 18.1865 225
      vertex 8.87498 19.0325 237
      vertex 10.5 18.1865 237
    endloop
  endfacet
  facet normal 0.461778 0.886996 0
    outer loop
      vertex 8.87498 19.0325 237
      vertex 10.5 18.1865 225
      vertex 8.87498 19.0325 225
    endloop
  endfacet
  facet normal 0.216481 0.976287 -0
    outer loop
      vertex 5.4352 20.2844 225
      vertex 3.64661 20.681 237
      vertex 5.4352 20.2844 237
    endloop
  endfacet
  facet normal 0.216481 0.976287 0
    outer loop
      vertex 3.64661 20.681 237
      vertex 5.4352 20.2844 225
      vertex 3.64661 20.681 225
    endloop
  endfacet
  facet normal -0.976287 0.216481 0
    outer loop
      vertex -20.681 3.64661 225
      vertex -20.2844 5.4352 237
      vertex -20.2844 5.4352 225
    endloop
  endfacet
  facet normal -0.976287 0.216481 0
    outer loop
      vertex -20.2844 5.4352 237
      vertex -20.681 3.64661 225
      vertex -20.681 3.64661 237
    endloop
  endfacet
  facet normal -0.737274 0.675594 0
    outer loop
      vertex -16.0869 13.4985 225
      vertex -14.8492 14.8492 237
      vertex -14.8492 14.8492 225
    endloop
  endfacet
  facet normal -0.737274 0.675594 0
    outer loop
      vertex -14.8492 14.8492 237
      vertex -16.0869 13.4985 225
      vertex -16.0869 13.4985 237
    endloop
  endfacet
  facet normal -0.216481 0.976287 0
    outer loop
      vertex -3.64661 20.681 225
      vertex -5.4352 20.2844 237
      vertex -3.64661 20.681 237
    endloop
  endfacet
  facet normal -0.216481 0.976287 0
    outer loop
      vertex -5.4352 20.2844 237
      vertex -3.64661 20.681 225
      vertex -5.4352 20.2844 225
    endloop
  endfacet
  facet normal 0.923895 -0.382646 0
    outer loop
      vertex 19.0325 -8.87498 237
      vertex 19.7335 -7.18242 225
      vertex 19.7335 -7.18242 237
    endloop
  endfacet
  facet normal 0.923895 -0.382646 0
    outer loop
      vertex 19.7335 -7.18242 225
      vertex 19.0325 -8.87498 237
      vertex 19.0325 -8.87498 225
    endloop
  endfacet
  facet normal -0.216481 -0.976287 0
    outer loop
      vertex -5.4352 -20.2844 225
      vertex -3.64661 -20.681 237
      vertex -5.4352 -20.2844 237
    endloop
  endfacet
  facet normal -0.216481 -0.976287 -0
    outer loop
      vertex -3.64661 -20.681 237
      vertex -5.4352 -20.2844 225
      vertex -3.64661 -20.681 225
    endloop
  endfacet
  facet normal -0.675594 -0.737274 0
    outer loop
      vertex -14.8492 -14.8492 225
      vertex -13.4985 -16.0869 237
      vertex -14.8492 -14.8492 237
    endloop
  endfacet
  facet normal -0.675594 -0.737274 -0
    outer loop
      vertex -13.4985 -16.0869 237
      vertex -14.8492 -14.8492 225
      vertex -13.4985 -16.0869 225
    endloop
  endfacet
  facet normal 0.991447 0.130512 0
    outer loop
      vertex 20.9201 1.83027 237
      vertex 20.681 3.64661 225
      vertex 20.681 3.64661 237
    endloop
  endfacet
  facet normal 0.991447 0.130512 0
    outer loop
      vertex 20.681 3.64661 225
      vertex 20.9201 1.83027 237
      vertex 20.9201 1.83027 225
    endloop
  endfacet
  facet normal 0.976287 0.216481 0
    outer loop
      vertex 20.681 3.64661 237
      vertex 20.2844 5.4352 225
      vertex 20.2844 5.4352 237
    endloop
  endfacet
  facet normal 0.976287 0.216481 0
    outer loop
      vertex 20.2844 5.4352 225
      vertex 20.681 3.64661 237
      vertex 20.681 3.64661 225
    endloop
  endfacet
  facet normal 0.953716 0.300708 0
    outer loop
      vertex 20.2844 5.4352 237
      vertex 19.7335 7.18242 225
      vertex 19.7335 7.18242 237
    endloop
  endfacet
  facet normal 0.953716 0.300708 0
    outer loop
      vertex 19.7335 7.18242 225
      vertex 20.2844 5.4352 237
      vertex 20.2844 5.4352 225
    endloop
  endfacet
  facet normal 0.793336 0.608784 0
    outer loop
      vertex 17.2022 12.0451 237
      vertex 16.0869 13.4985 225
      vertex 16.0869 13.4985 237
    endloop
  endfacet
  facet normal 0.793336 0.608784 0
    outer loop
      vertex 16.0869 13.4985 225
      vertex 17.2022 12.0451 237
      vertex 17.2022 12.0451 225
    endloop
  endfacet
  facet normal 0.843401 0.537285 0
    outer loop
      vertex 18.1865 10.5 237
      vertex 17.2022 12.0451 225
      vertex 17.2022 12.0451 237
    endloop
  endfacet
  facet normal 0.843401 0.537285 0
    outer loop
      vertex 17.2022 12.0451 225
      vertex 18.1865 10.5 237
      vertex 18.1865 10.5 225
    endloop
  endfacet
  facet normal 0.737274 0.675594 0
    outer loop
      vertex 16.0869 13.4985 237
      vertex 14.8492 14.8492 225
      vertex 14.8492 14.8492 237
    endloop
  endfacet
  facet normal 0.737274 0.675594 0
    outer loop
      vertex 14.8492 14.8492 225
      vertex 16.0869 13.4985 237
      vertex 16.0869 13.4985 225
    endloop
  endfacet
  facet normal 0.608784 0.793336 -0
    outer loop
      vertex 13.4985 16.0869 225
      vertex 12.0451 17.2022 237
      vertex 13.4985 16.0869 237
    endloop
  endfacet
  facet normal 0.608784 0.793336 0
    outer loop
      vertex 12.0451 17.2022 237
      vertex 13.4985 16.0869 225
      vertex 12.0451 17.2022 225
    endloop
  endfacet
  facet normal 0.0436132 0.999048 -0
    outer loop
      vertex 1.83027 20.9201 225
      vertex 0 21 237
      vertex 1.83027 20.9201 237
    endloop
  endfacet
  facet normal 0.0436132 0.999048 0
    outer loop
      vertex 0 21 237
      vertex 1.83027 20.9201 225
      vertex 0 21 225
    endloop
  endfacet
  facet normal 0.537285 0.843401 -0
    outer loop
      vertex 12.0451 17.2022 225
      vertex 10.5 18.1865 237
      vertex 12.0451 17.2022 237
    endloop
  endfacet
  facet normal 0.537285 0.843401 0
    outer loop
      vertex 10.5 18.1865 237
      vertex 12.0451 17.2022 225
      vertex 10.5 18.1865 225
    endloop
  endfacet
  facet normal 0.382646 0.923895 -0
    outer loop
      vertex 8.87498 19.0325 225
      vertex 7.18242 19.7335 237
      vertex 8.87498 19.0325 237
    endloop
  endfacet
  facet normal 0.382646 0.923895 0
    outer loop
      vertex 7.18242 19.7335 237
      vertex 8.87498 19.0325 225
      vertex 7.18242 19.7335 225
    endloop
  endfacet
  facet normal 0.300708 0.953716 -0
    outer loop
      vertex 7.18242 19.7335 225
      vertex 5.4352 20.2844 237
      vertex 7.18242 19.7335 237
    endloop
  endfacet
  facet normal 0.300708 0.953716 0
    outer loop
      vertex 5.4352 20.2844 237
      vertex 7.18242 19.7335 225
      vertex 5.4352 20.2844 225
    endloop
  endfacet
  facet normal -0.999048 0.0436132 0
    outer loop
      vertex -21 0 225
      vertex -20.9201 1.83027 237
      vertex -20.9201 1.83027 225
    endloop
  endfacet
  facet normal -0.999048 0.0436132 0
    outer loop
      vertex -20.9201 1.83027 237
      vertex -21 0 225
      vertex -21 0 237
    endloop
  endfacet
  facet normal -0.923895 0.382646 0
    outer loop
      vertex -19.7335 7.18242 225
      vertex -19.0325 8.87498 237
      vertex -19.0325 8.87498 225
    endloop
  endfacet
  facet normal -0.923895 0.382646 0
    outer loop
      vertex -19.0325 8.87498 237
      vertex -19.7335 7.18242 225
      vertex -19.7335 7.18242 237
    endloop
  endfacet
  facet normal -0.953716 0.300708 0
    outer loop
      vertex -20.2844 5.4352 225
      vertex -19.7335 7.18242 237
      vertex -19.7335 7.18242 225
    endloop
  endfacet
  facet normal -0.953716 0.300708 0
    outer loop
      vertex -19.7335 7.18242 237
      vertex -20.2844 5.4352 225
      vertex -20.2844 5.4352 237
    endloop
  endfacet
  facet normal -0.843401 0.537285 0
    outer loop
      vertex -18.1865 10.5 225
      vertex -17.2022 12.0451 237
      vertex -17.2022 12.0451 225
    endloop
  endfacet
  facet normal -0.843401 0.537285 0
    outer loop
      vertex -17.2022 12.0451 237
      vertex -18.1865 10.5 225
      vertex -18.1865 10.5 237
    endloop
  endfacet
  facet normal -0.793336 0.608784 0
    outer loop
      vertex -17.2022 12.0451 225
      vertex -16.0869 13.4985 237
      vertex -16.0869 13.4985 225
    endloop
  endfacet
  facet normal -0.793336 0.608784 0
    outer loop
      vertex -16.0869 13.4985 237
      vertex -17.2022 12.0451 225
      vertex -17.2022 12.0451 237
    endloop
  endfacet
  facet normal -0.130512 0.991447 0
    outer loop
      vertex -1.83027 20.9201 225
      vertex -3.64661 20.681 237
      vertex -1.83027 20.9201 237
    endloop
  endfacet
  facet normal -0.130512 0.991447 0
    outer loop
      vertex -3.64661 20.681 237
      vertex -1.83027 20.9201 225
      vertex -3.64661 20.681 225
    endloop
  endfacet
  facet normal -0.300708 0.953716 0
    outer loop
      vertex -5.4352 20.2844 225
      vertex -7.18242 19.7335 237
      vertex -5.4352 20.2844 237
    endloop
  endfacet
  facet normal -0.300708 0.953716 0
    outer loop
      vertex -7.18242 19.7335 237
      vertex -5.4352 20.2844 225
      vertex -7.18242 19.7335 225
    endloop
  endfacet
  facet normal -0.537285 0.843401 0
    outer loop
      vertex -10.5 18.1865 225
      vertex -12.0451 17.2022 237
      vertex -10.5 18.1865 237
    endloop
  endfacet
  facet normal -0.537285 0.843401 0
    outer loop
      vertex -12.0451 17.2022 237
      vertex -10.5 18.1865 225
      vertex -12.0451 17.2022 225
    endloop
  endfacet
  facet normal -0.608784 0.793336 0
    outer loop
      vertex -12.0451 17.2022 225
      vertex -13.4985 16.0869 237
      vertex -12.0451 17.2022 237
    endloop
  endfacet
  facet normal -0.608784 0.793336 0
    outer loop
      vertex -13.4985 16.0869 237
      vertex -12.0451 17.2022 225
      vertex -13.4985 16.0869 225
    endloop
  endfacet
  facet normal -0.461778 0.886996 0
    outer loop
      vertex -8.87498 19.0325 225
      vertex -10.5 18.1865 237
      vertex -8.87498 19.0325 237
    endloop
  endfacet
  facet normal -0.461778 0.886996 0
    outer loop
      vertex -10.5 18.1865 237
      vertex -8.87498 19.0325 225
      vertex -10.5 18.1865 225
    endloop
  endfacet
  facet normal -0.675594 0.737274 0
    outer loop
      vertex -13.4985 16.0869 225
      vertex -14.8492 14.8492 237
      vertex -13.4985 16.0869 237
    endloop
  endfacet
  facet normal -0.675594 0.737274 0
    outer loop
      vertex -14.8492 14.8492 237
      vertex -13.4985 16.0869 225
      vertex -14.8492 14.8492 225
    endloop
  endfacet
  facet normal 0.999048 0.0436132 0
    outer loop
      vertex 21 0 237
      vertex 20.9201 1.83027 225
      vertex 20.9201 1.83027 237
    endloop
  endfacet
  facet normal 0.999048 0.0436132 0
    outer loop
      vertex 20.9201 1.83027 225
      vertex 21 0 237
      vertex 21 0 225
    endloop
  endfacet
  facet normal 0.953716 -0.300708 0
    outer loop
      vertex 19.7335 -7.18242 237
      vertex 20.2844 -5.4352 225
      vertex 20.2844 -5.4352 237
    endloop
  endfacet
  facet normal 0.953716 -0.300708 0
    outer loop
      vertex 20.2844 -5.4352 225
      vertex 19.7335 -7.18242 237
      vertex 19.7335 -7.18242 225
    endloop
  endfacet
  facet normal 0.737274 -0.675594 0
    outer loop
      vertex 14.8492 -14.8492 237
      vertex 16.0869 -13.4985 225
      vertex 16.0869 -13.4985 237
    endloop
  endfacet
  facet normal 0.737274 -0.675594 0
    outer loop
      vertex 16.0869 -13.4985 225
      vertex 14.8492 -14.8492 237
      vertex 14.8492 -14.8492 225
    endloop
  endfacet
  facet normal 0.300708 -0.953716 0
    outer loop
      vertex 5.4352 -20.2844 225
      vertex 7.18242 -19.7335 237
      vertex 5.4352 -20.2844 237
    endloop
  endfacet
  facet normal 0.300708 -0.953716 0
    outer loop
      vertex 7.18242 -19.7335 237
      vertex 5.4352 -20.2844 225
      vertex 7.18242 -19.7335 225
    endloop
  endfacet
  facet normal 0.675594 -0.737274 0
    outer loop
      vertex 13.4985 -16.0869 225
      vertex 14.8492 -14.8492 237
      vertex 13.4985 -16.0869 237
    endloop
  endfacet
  facet normal 0.675594 -0.737274 0
    outer loop
      vertex 14.8492 -14.8492 237
      vertex 13.4985 -16.0869 225
      vertex 14.8492 -14.8492 225
    endloop
  endfacet
  facet normal 0.608784 -0.793336 0
    outer loop
      vertex 12.0451 -17.2022 225
      vertex 13.4985 -16.0869 237
      vertex 12.0451 -17.2022 237
    endloop
  endfacet
  facet normal 0.608784 -0.793336 0
    outer loop
      vertex 13.4985 -16.0869 237
      vertex 12.0451 -17.2022 225
      vertex 13.4985 -16.0869 225
    endloop
  endfacet
  facet normal 0.461778 -0.886996 0
    outer loop
      vertex 8.87498 -19.0325 225
      vertex 10.5 -18.1865 237
      vertex 8.87498 -19.0325 237
    endloop
  endfacet
  facet normal 0.461778 -0.886996 0
    outer loop
      vertex 10.5 -18.1865 237
      vertex 8.87498 -19.0325 225
      vertex 10.5 -18.1865 225
    endloop
  endfacet
  facet normal -0.382646 -0.923895 0
    outer loop
      vertex -8.87498 -19.0325 225
      vertex -7.18242 -19.7335 237
      vertex -8.87498 -19.0325 237
    endloop
  endfacet
  facet normal -0.382646 -0.923895 -0
    outer loop
      vertex -7.18242 -19.7335 237
      vertex -8.87498 -19.0325 225
      vertex -7.18242 -19.7335 225
    endloop
  endfacet
  facet normal -0.537285 -0.843401 0
    outer loop
      vertex -12.0451 -17.2022 225
      vertex -10.5 -18.1865 237
      vertex -12.0451 -17.2022 237
    endloop
  endfacet
  facet normal -0.537285 -0.843401 -0
    outer loop
      vertex -10.5 -18.1865 237
      vertex -12.0451 -17.2022 225
      vertex -10.5 -18.1865 225
    endloop
  endfacet
  facet normal -0.953716 -0.300708 0
    outer loop
      vertex -19.7335 -7.18242 225
      vertex -20.2844 -5.4352 237
      vertex -20.2844 -5.4352 225
    endloop
  endfacet
  facet normal -0.953716 -0.300708 0
    outer loop
      vertex -20.2844 -5.4352 237
      vertex -19.7335 -7.18242 225
      vertex -19.7335 -7.18242 237
    endloop
  endfacet
  facet normal 0 0 -1
    outer loop
      vertex 11.5 0 225
      vertex 21 0 225
      vertex 20.9201 -1.83027 225
    endloop
  endfacet
  facet normal 0 0 -1
    outer loop
      vertex 11.4562 -1.00229 225
      vertex 20.9201 -1.83027 225
      vertex 20.681 -3.64661 225
    endloop
  endfacet
  facet normal 0 0 -1
    outer loop
      vertex 21 0 225
      vertex 11.5 0 225
      vertex 20.9201 1.83027 225
    endloop
  endfacet
  facet normal 0 0 -1
    outer loop
      vertex 11.3253 -1.99695 225
      vertex 20.681 -3.64661 225
      vertex 20.2844 -5.4352 225
    endloop
  endfacet
  facet normal 0 0 -1
    outer loop
      vertex 11.4562 1.00229 225
      vertex 20.9201 1.83027 225
      vertex 11.5 0 225
    endloop
  endfacet
  facet normal 0 0 -1
    outer loop
      vertex 11.1081 -2.97642 225
      vertex 20.2844 -5.4352 225
      vertex 19.7335 -7.18242 225
    endloop
  endfacet
  facet normal -0 0 -1
    outer loop
      vertex 20.9201 1.83027 225
      vertex 11.4562 1.00229 225
      vertex 20.681 3.64661 225
    endloop
  endfacet
  facet normal 0 0 -1
    outer loop
      vertex 10.8065 -3.93323 225
      vertex 19.7335 -7.18242 225
      vertex 19.0325 -8.87498 225
    endloop
  endfacet
  facet normal 0 0 -1
    outer loop
      vertex 11.3253 1.99695 225
      vertex 20.681 3.64661 225
      vertex 11.4562 1.00229 225
    endloop
  endfacet
  facet normal 0 0 -1
    outer loop
      vertex 10.4225 -4.86011 225
      vertex 19.0325 -8.87498 225
      vertex 18.1865 -10.5 225
    endloop
  endfacet
  facet normal -0 0 -1
    outer loop
      vertex 20.681 3.64661 225
      vertex 11.3253 1.99695 225
      vertex 20.2844 5.4352 225
    endloop
  endfacet
  facet normal 0 0 -1
    outer loop
      vertex 9.95929 -5.75 225
      vertex 18.1865 -10.5 225
      vertex 17.2022 -12.0451 225
    endloop
  endfacet
  facet normal 0 0 -1
    outer loop
      vertex 11.1081 2.97642 225
      vertex 20.2844 5.4352 225
      vertex 11.3253 1.99695 225
    endloop
  endfacet
  facet normal 0 0 -1
    outer loop
      vertex 9.42025 -6.59613 225
      vertex 17.2022 -12.0451 225
      vertex 16.0869 -13.4985 225
    endloop
  endfacet
  facet normal -0 0 -1
    outer loop
      vertex 20.2844 5.4352 225
      vertex 11.1081 2.97642 225
      vertex 19.7335 7.18242 225
    endloop
  endfacet
  facet normal 0 0 -1
    outer loop
      vertex 8.80951 -7.39206 225
      vertex 16.0869 -13.4985 225
      vertex 14.8492 -14.8492 225
    endloop
  endfacet
  facet normal 0 0 -1
    outer loop
      vertex 10.8065 3.93323 225
      vertex 19.7335 7.18242 225
      vertex 11.1081 2.97642 225
    endloop
  endfacet
  facet normal 0 0 -1
    outer loop
      vertex 8.13173 -8.13173 225
      vertex 14.8492 -14.8492 225
      vertex 13.4985 -16.0869 225
    endloop
  endfacet
  facet normal -0 0 -1
    outer loop
      vertex 19.7335 7.18242 225
      vertex 10.8065 3.93323 225
      vertex 19.0325 8.87498 225
    endloop
  endfacet
  facet normal 0 0 -1
    outer loop
      vertex 7.39206 -8.80951 225
      vertex 13.4985 -16.0869 225
      vertex 12.0451 -17.2022 225
    endloop
  endfacet
  facet normal 0 0 -1
    outer loop
      vertex 10.4225 4.86011 225
      vertex 19.0325 8.87498 225
      vertex 10.8065 3.93323 225
    endloop
  endfacet
  facet normal -0 0 -1
    outer loop
      vertex 19.0325 8.87498 225
      vertex 10.4225 4.86011 225
      vertex 18.1865 10.5 225
    endloop
  endfacet
  facet normal 0 0 -1
    outer loop
      vertex 20.9201 -1.83027 225
      vertex 11.4562 -1.00229 225
      vertex 11.5 0 225
    endloop
  endfacet
  facet normal 0 0 -1
    outer loop
      vertex 20.681 -3.64661 225
      vertex 11.3253 -1.99695 225
      vertex 11.4562 -1.00229 225
    endloop
  endfacet
  facet normal 0 0 -1
    outer loop
      vertex 20.2844 -5.4352 225
      vertex 11.1081 -2.97642 225
      vertex 11.3253 -1.99695 225
    endloop
  endfacet
  facet normal 0 0 -1
    outer loop
      vertex 19.7335 -7.18242 225
      vertex 10.8065 -3.93323 225
      vertex 11.1081 -2.97642 225
    endloop
  endfacet
  facet normal 0 0 -1
    outer loop
      vertex 6.59613 -9.42025 225
      vertex 12.0451 -17.2022 225
      vertex 10.5 -18.1865 225
    endloop
  endfacet
  facet normal 0 0 -1
    outer loop
      vertex 19.0325 -8.87498 225
      vertex 10.4225 -4.86011 225
      vertex 10.8065 -3.93323 225
    endloop
  endfacet
  facet normal 0 0 -1
    outer loop
      vertex 18.1865 -10.5 225
      vertex 9.95929 -5.75 225
      vertex 10.4225 -4.86011 225
    endloop
  endfacet
  facet normal 0 0 -1
    outer loop
      vertex 17.2022 -12.0451 225
      vertex 9.42025 -6.59613 225
      vertex 9.95929 -5.75 225
    endloop
  endfacet
  facet normal 0 0 -1
    outer loop
      vertex 5.75 -9.95929 225
      vertex 10.5 -18.1865 225
      vertex 8.87498 -19.0325 225
    endloop
  endfacet
  facet normal 0 0 -1
    outer loop
      vertex 16.0869 -13.4985 225
      vertex 8.80951 -7.39206 225
      vertex 9.42025 -6.59613 225
    endloop
  endfacet
  facet normal 0 0 -1
    outer loop
      vertex 14.8492 -14.8492 225
      vertex 8.13173 -8.13173 225
      vertex 8.80951 -7.39206 225
    endloop
  endfacet
  facet normal 0 0 -1
    outer loop
      vertex 13.4985 -16.0869 225
      vertex 7.39206 -8.80951 225
      vertex 8.13173 -8.13173 225
    endloop
  endfacet
  facet normal 0 0 -1
    outer loop
      vertex 4.86011 -10.4225 225
      vertex 8.87498 -19.0325 225
      vertex 7.18242 -19.7335 225
    endloop
  endfacet
  facet normal 0 0 -1
    outer loop
      vertex 12.0451 -17.2022 225
      vertex 6.59613 -9.42025 225
      vertex 7.39206 -8.80951 225
    endloop
  endfacet
  facet normal 0 0 -1
    outer loop
      vertex 10.5 -18.1865 225
      vertex 5.75 -9.95929 225
      vertex 6.59613 -9.42025 225
    endloop
  endfacet
  facet normal 0 0 -1
    outer loop
      vertex 3.93323 -10.8065 225
      vertex 7.18242 -19.7335 225
      vertex 5.4352 -20.2844 225
    endloop
  endfacet
  facet normal 0 0 -1
    outer loop
      vertex 8.87498 -19.0325 225
      vertex 4.86011 -10.4225 225
      vertex 5.75 -9.95929 225
    endloop
  endfacet
  facet normal 0 0 -1
    outer loop
      vertex 7.18242 -19.7335 225
      vertex 3.93323 -10.8065 225
      vertex 4.86011 -10.4225 225
    endloop
  endfacet
  facet normal 0 0 -1
    outer loop
      vertex 2.97642 -11.1081 225
      vertex 5.4352 -20.2844 225
      vertex 3.64661 -20.681 225
    endloop
  endfacet
  facet normal 0 0 -1
    outer loop
      vertex 5.4352 -20.2844 225
      vertex 2.97642 -11.1081 225
      vertex 3.93323 -10.8065 225
    endloop
  endfacet
  facet normal 0 0 -1
    outer loop
      vertex 3.64661 -20.681 225
      vertex 1.99695 -11.3253 225
      vertex 2.97642 -11.1081 225
    endloop
  endfacet
  facet normal 0 0 -1
    outer loop
      vertex 1.83027 -20.9201 225
      vertex 1.99695 -11.3253 225
      vertex 3.64661 -20.681 225
    endloop
  endfacet
  facet normal 0 0 -1
    outer loop
      vertex 1.83027 -20.9201 225
      vertex 1.00229 -11.4562 225
      vertex 1.99695 -11.3253 225
    endloop
  endfacet
  facet normal 0 0 -1
    outer loop
      vertex 0 -21 225
      vertex 1.00229 -11.4562 225
      vertex 1.83027 -20.9201 225
    endloop
  endfacet
  facet normal 0 0 -1
    outer loop
      vertex 0 -21 225
      vertex 0 -11.5 225
      vertex 1.00229 -11.4562 225
    endloop
  endfacet
  facet normal 0 0 -1
    outer loop
      vertex 0 -21 225
      vertex -1.00229 -11.4562 225
      vertex 0 -11.5 225
    endloop
  endfacet
  facet normal 0 0 -1
    outer loop
      vertex -1.83027 -20.9201 225
      vertex -1.00229 -11.4562 225
      vertex 0 -21 225
    endloop
  endfacet
  facet normal 0 0 -1
    outer loop
      vertex -1.83027 -20.9201 225
      vertex -1.99695 -11.3253 225
      vertex -1.00229 -11.4562 225
    endloop
  endfacet
  facet normal 0 0 -1
    outer loop
      vertex -3.64661 -20.681 225
      vertex -1.99695 -11.3253 225
      vertex -1.83027 -20.9201 225
    endloop
  endfacet
  facet normal -0 0 -1
    outer loop
      vertex -1.99695 -11.3253 225
      vertex -3.64661 -20.681 225
      vertex -2.97642 -11.1081 225
    endloop
  endfacet
  facet normal 0 0 -1
    outer loop
      vertex -5.4352 -20.2844 225
      vertex -2.97642 -11.1081 225
      vertex -3.64661 -20.681 225
    endloop
  endfacet
  facet normal -0 0 -1
    outer loop
      vertex -2.97642 -11.1081 225
      vertex -5.4352 -20.2844 225
      vertex -3.93323 -10.8065 225
    endloop
  endfacet
  facet normal 0 0 -1
    outer loop
      vertex -7.18242 -19.7335 225
      vertex -3.93323 -10.8065 225
      vertex -5.4352 -20.2844 225
    endloop
  endfacet
  facet normal -0 0 -1
    outer loop
      vertex -3.93323 -10.8065 225
      vertex -7.18242 -19.7335 225
      vertex -4.86011 -10.4225 225
    endloop
  endfacet
  facet normal 0 0 -1
    outer loop
      vertex -8.87498 -19.0325 225
      vertex -4.86011 -10.4225 225
      vertex -7.18242 -19.7335 225
    endloop
  endfacet
  facet normal -0 0 -1
    outer loop
      vertex -4.86011 -10.4225 225
      vertex -8.87498 -19.0325 225
      vertex -5.75 -9.95929 225
    endloop
  endfacet
  facet normal 0 0 -1
    outer loop
      vertex -10.5 -18.1865 225
      vertex -5.75 -9.95929 225
      vertex -8.87498 -19.0325 225
    endloop
  endfacet
  facet normal -0 0 -1
    outer loop
      vertex -5.75 -9.95929 225
      vertex -10.5 -18.1865 225
      vertex -6.59613 -9.42025 225
    endloop
  endfacet
  facet normal 0 0 -1
    outer loop
      vertex -12.0451 -17.2022 225
      vertex -6.59613 -9.42025 225
      vertex -10.5 -18.1865 225
    endloop
  endfacet
  facet normal -0 0 -1
    outer loop
      vertex -6.59613 -9.42025 225
      vertex -12.0451 -17.2022 225
      vertex -7.39206 -8.80951 225
    endloop
  endfacet
  facet normal 0 0 -1
    outer loop
      vertex -13.4985 -16.0869 225
      vertex -7.39206 -8.80951 225
      vertex -12.0451 -17.2022 225
    endloop
  endfacet
  facet normal -0 0 -1
    outer loop
      vertex -7.39206 -8.80951 225
      vertex -13.4985 -16.0869 225
      vertex -8.13173 -8.13173 225
    endloop
  endfacet
  facet normal 0 0 -1
    outer loop
      vertex -14.8492 -14.8492 225
      vertex -8.13173 -8.13173 225
      vertex -13.4985 -16.0869 225
    endloop
  endfacet
  facet normal -0 0 -1
    outer loop
      vertex -8.13173 -8.13173 225
      vertex -14.8492 -14.8492 225
      vertex -8.80951 -7.39206 225
    endloop
  endfacet
  facet normal 0 0 -1
    outer loop
      vertex -16.0869 -13.4985 225
      vertex -8.80951 -7.39206 225
      vertex -14.8492 -14.8492 225
    endloop
  endfacet
  facet normal -0 0 -1
    outer loop
      vertex -8.80951 -7.39206 225
      vertex -16.0869 -13.4985 225
      vertex -9.42025 -6.59613 225
    endloop
  endfacet
  facet normal 0 0 -1
    outer loop
      vertex -17.2022 -12.0451 225
      vertex -9.42025 -6.59613 225
      vertex -16.0869 -13.4985 225
    endloop
  endfacet
  facet normal -0 0 -1
    outer loop
      vertex -9.42025 -6.59613 225
      vertex -17.2022 -12.0451 225
      vertex -9.95929 -5.75 225
    endloop
  endfacet
  facet normal -0 0 -1
    outer loop
      vertex -9.95929 -5.75 225
      vertex -18.1865 -10.5 225
      vertex -10.4225 -4.86011 225
    endloop
  endfacet
  facet normal 0 0 -1
    outer loop
      vertex -18.1865 -10.5 225
      vertex -9.95929 -5.75 225
      vertex -17.2022 -12.0451 225
    endloop
  endfacet
  facet normal 0 0 -1
    outer loop
      vertex 9.95929 5.75 225
      vertex 18.1865 10.5 225
      vertex 10.4225 4.86011 225
    endloop
  endfacet
  facet normal -0 0 -1
    outer loop
      vertex 18.1865 10.5 225
      vertex 9.95929 5.75 225
      vertex 17.2022 12.0451 225
    endloop
  endfacet
  facet normal 0 0 -1
    outer loop
      vertex 9.42025 6.59613 225
      vertex 17.2022 12.0451 225
      vertex 9.95929 5.75 225
    endloop
  endfacet
  facet normal -0 0 -1
    outer loop
      vertex 17.2022 12.0451 225
      vertex 9.42025 6.59613 225
      vertex 16.0869 13.4985 225
    endloop
  endfacet
  facet normal 0 0 -1
    outer loop
      vertex 8.80951 7.39206 225
      vertex 16.0869 13.4985 225
      vertex 9.42025 6.59613 225
    endloop
  endfacet
  facet normal -0 0 -1
    outer loop
      vertex 16.0869 13.4985 225
      vertex 8.80951 7.39206 225
      vertex 14.8492 14.8492 225
    endloop
  endfacet
  facet normal 0 0 -1
    outer loop
      vertex 8.13173 8.13173 225
      vertex 14.8492 14.8492 225
      vertex 8.80951 7.39206 225
    endloop
  endfacet
  facet normal -0 0 -1
    outer loop
      vertex 14.8492 14.8492 225
      vertex 8.13173 8.13173 225
      vertex 13.4985 16.0869 225
    endloop
  endfacet
  facet normal 0 0 -1
    outer loop
      vertex 7.39206 8.80951 225
      vertex 13.4985 16.0869 225
      vertex 8.13173 8.13173 225
    endloop
  endfacet
  facet normal -0 0 -1
    outer loop
      vertex 13.4985 16.0869 225
      vertex 7.39206 8.80951 225
      vertex 12.0451 17.2022 225
    endloop
  endfacet
  facet normal 0 0 -1
    outer loop
      vertex 6.59613 9.42025 225
      vertex 12.0451 17.2022 225
      vertex 7.39206 8.80951 225
    endloop
  endfacet
  facet normal -0 0 -1
    outer loop
      vertex 12.0451 17.2022 225
      vertex 6.59613 9.42025 225
      vertex 10.5 18.1865 225
    endloop
  endfacet
  facet normal 0 0 -1
    outer loop
      vertex 5.75 9.95929 225
      vertex 10.5 18.1865 225
      vertex 6.59613 9.42025 225
    endloop
  endfacet
  facet normal -0 0 -1
    outer loop
      vertex 10.5 18.1865 225
      vertex 5.75 9.95929 225
      vertex 8.87498 19.0325 225
    endloop
  endfacet
  facet normal 0 0 -1
    outer loop
      vertex 4.86011 10.4225 225
      vertex 8.87498 19.0325 225
      vertex 5.75 9.95929 225
    endloop
  endfacet
  facet normal -0 0 -1
    outer loop
      vertex 8.87498 19.0325 225
      vertex 4.86011 10.4225 225
      vertex 7.18242 19.7335 225
    endloop
  endfacet
  facet normal 0 0 -1
    outer loop
      vertex 3.93323 10.8065 225
      vertex 7.18242 19.7335 225
      vertex 4.86011 10.4225 225
    endloop
  endfacet
  facet normal -0 0 -1
    outer loop
      vertex 7.18242 19.7335 225
      vertex 3.93323 10.8065 225
      vertex 5.4352 20.2844 225
    endloop
  endfacet
  facet normal 0 0 -1
    outer loop
      vertex 2.97642 11.1081 225
      vertex 5.4352 20.2844 225
      vertex 3.93323 10.8065 225
    endloop
  endfacet
  facet normal -0 0 -1
    outer loop
      vertex 5.4352 20.2844 225
      vertex 2.97642 11.1081 225
      vertex 3.64661 20.681 225
    endloop
  endfacet
  facet normal 0 0 -1
    outer loop
      vertex 1.99695 11.3253 225
      vertex 3.64661 20.681 225
      vertex 2.97642 11.1081 225
    endloop
  endfacet
  facet normal 0 0 -1
    outer loop
      vertex 1.99695 11.3253 225
      vertex 1.83027 20.9201 225
      vertex 3.64661 20.681 225
    endloop
  endfacet
  facet normal 0 0 -1
    outer loop
      vertex 1.00229 11.4562 225
      vertex 1.83027 20.9201 225
      vertex 1.99695 11.3253 225
    endloop
  endfacet
  facet normal 0 0 -1
    outer loop
      vertex 0 11.5 225
      vertex 1.83027 20.9201 225
      vertex 1.00229 11.4562 225
    endloop
  endfacet
  facet normal 0 0 -1
    outer loop
      vertex 0 11.5 225
      vertex 0 21 225
      vertex 1.83027 20.9201 225
    endloop
  endfacet
  facet normal 0 0 -1
    outer loop
      vertex -1.00229 11.4562 225
      vertex 0 21 225
      vertex 0 11.5 225
    endloop
  endfacet
  facet normal 0 0 -1
    outer loop
      vertex -1.00229 11.4562 225
      vertex -1.83027 20.9201 225
      vertex 0 21 225
    endloop
  endfacet
  facet normal 0 0 -1
    outer loop
      vertex -1.99695 11.3253 225
      vertex -1.83027 20.9201 225
      vertex -1.00229 11.4562 225
    endloop
  endfacet
  facet normal 0 0 -1
    outer loop
      vertex -3.64661 20.681 225
      vertex -1.99695 11.3253 225
      vertex -2.97642 11.1081 225
    endloop
  endfacet
  facet normal 0 0 -1
    outer loop
      vertex -1.99695 11.3253 225
      vertex -3.64661 20.681 225
      vertex -1.83027 20.9201 225
    endloop
  endfacet
  facet normal 0 0 -1
    outer loop
      vertex -5.4352 20.2844 225
      vertex -2.97642 11.1081 225
      vertex -3.93323 10.8065 225
    endloop
  endfacet
  facet normal 0 0 -1
    outer loop
      vertex -7.18242 19.7335 225
      vertex -3.93323 10.8065 225
      vertex -4.86011 10.4225 225
    endloop
  endfacet
  facet normal 0 0 -1
    outer loop
      vertex -2.97642 11.1081 225
      vertex -5.4352 20.2844 225
      vertex -3.64661 20.681 225
    endloop
  endfacet
  facet normal 0 0 -1
    outer loop
      vertex -8.87498 19.0325 225
      vertex -4.86011 10.4225 225
      vertex -5.75 9.95929 225
    endloop
  endfacet
  facet normal 0 0 -1
    outer loop
      vertex -10.5 18.1865 225
      vertex -5.75 9.95929 225
      vertex -6.59613 9.42025 225
    endloop
  endfacet
  facet normal 0 0 -1
    outer loop
      vertex -3.93323 10.8065 225
      vertex -7.18242 19.7335 225
      vertex -5.4352 20.2844 225
    endloop
  endfacet
  facet normal 0 0 -1
    outer loop
      vertex -12.0451 17.2022 225
      vertex -6.59613 9.42025 225
      vertex -7.39206 8.80951 225
    endloop
  endfacet
  facet normal 0 0 -1
    outer loop
      vertex -13.4985 16.0869 225
      vertex -7.39206 8.80951 225
      vertex -8.13173 8.13173 225
    endloop
  endfacet
  facet normal 0 0 -1
    outer loop
      vertex -14.8492 14.8492 225
      vertex -8.13173 8.13173 225
      vertex -8.80951 7.39206 225
    endloop
  endfacet
  facet normal 0 0 -1
    outer loop
      vertex -4.86011 10.4225 225
      vertex -8.87498 19.0325 225
      vertex -7.18242 19.7335 225
    endloop
  endfacet
  facet normal 0 0 -1
    outer loop
      vertex -16.0869 13.4985 225
      vertex -8.80951 7.39206 225
      vertex -9.42025 6.59613 225
    endloop
  endfacet
  facet normal 0 0 -1
    outer loop
      vertex -17.2022 12.0451 225
      vertex -9.42025 6.59613 225
      vertex -9.95929 5.75 225
    endloop
  endfacet
  facet normal 0 0 -1
    outer loop
      vertex -18.1865 10.5 225
      vertex -9.95929 5.75 225
      vertex -10.4225 4.86011 225
    endloop
  endfacet
  facet normal 0 0 -1
    outer loop
      vertex -5.75 9.95929 225
      vertex -10.5 18.1865 225
      vertex -8.87498 19.0325 225
    endloop
  endfacet
  facet normal 0 0 -1
    outer loop
      vertex -19.0325 8.87498 225
      vertex -10.4225 4.86011 225
      vertex -10.8065 3.93323 225
    endloop
  endfacet
  facet normal 0 0 -1
    outer loop
      vertex -19.7335 7.18242 225
      vertex -10.8065 3.93323 225
      vertex -11.1081 2.97642 225
    endloop
  endfacet
  facet normal 0 0 -1
    outer loop
      vertex -20.2844 5.4352 225
      vertex -11.1081 2.97642 225
      vertex -11.3253 1.99695 225
    endloop
  endfacet
  facet normal 0 0 -1
    outer loop
      vertex -20.681 3.64661 225
      vertex -11.3253 1.99695 225
      vertex -11.4562 1.00229 225
    endloop
  endfacet
  facet normal 0 0 -1
    outer loop
      vertex -6.59613 9.42025 225
      vertex -12.0451 17.2022 225
      vertex -10.5 18.1865 225
    endloop
  endfacet
  facet normal 0 0 -1
    outer loop
      vertex -20.9201 1.83027 225
      vertex -11.4562 1.00229 225
      vertex -11.5 0 225
    endloop
  endfacet
  facet normal 0 0 -1
    outer loop
      vertex -19.0325 -8.87498 225
      vertex -10.4225 -4.86011 225
      vertex -18.1865 -10.5 225
    endloop
  endfacet
  facet normal -0 0 -1
    outer loop
      vertex -10.4225 -4.86011 225
      vertex -19.0325 -8.87498 225
      vertex -10.8065 -3.93323 225
    endloop
  endfacet
  facet normal 0 0 -1
    outer loop
      vertex -7.39206 8.80951 225
      vertex -13.4985 16.0869 225
      vertex -12.0451 17.2022 225
    endloop
  endfacet
  facet normal 0 0 -1
    outer loop
      vertex -19.7335 -7.18242 225
      vertex -10.8065 -3.93323 225
      vertex -19.0325 -8.87498 225
    endloop
  endfacet
  facet normal 0 0 -1
    outer loop
      vertex -8.13173 8.13173 225
      vertex -14.8492 14.8492 225
      vertex -13.4985 16.0869 225
    endloop
  endfacet
  facet normal -0 0 -1
    outer loop
      vertex -10.8065 -3.93323 225
      vertex -19.7335 -7.18242 225
      vertex -11.1081 -2.97642 225
    endloop
  endfacet
  facet normal 0 0 -1
    outer loop
      vertex -8.80951 7.39206 225
      vertex -16.0869 13.4985 225
      vertex -14.8492 14.8492 225
    endloop
  endfacet
  facet normal 0 0 -1
    outer loop
      vertex -20.2844 -5.4352 225
      vertex -11.1081 -2.97642 225
      vertex -19.7335 -7.18242 225
    endloop
  endfacet
  facet normal 0 0 -1
    outer loop
      vertex -9.42025 6.59613 225
      vertex -17.2022 12.0451 225
      vertex -16.0869 13.4985 225
    endloop
  endfacet
  facet normal -0 0 -1
    outer loop
      vertex -11.1081 -2.97642 225
      vertex -20.2844 -5.4352 225
      vertex -11.3253 -1.99695 225
    endloop
  endfacet
  facet normal 0 0 -1
    outer loop
      vertex -9.95929 5.75 225
      vertex -18.1865 10.5 225
      vertex -17.2022 12.0451 225
    endloop
  endfacet
  facet normal 0 0 -1
    outer loop
      vertex -20.681 -3.64661 225
      vertex -11.3253 -1.99695 225
      vertex -20.2844 -5.4352 225
    endloop
  endfacet
  facet normal 0 0 -1
    outer loop
      vertex -10.4225 4.86011 225
      vertex -19.0325 8.87498 225
      vertex -18.1865 10.5 225
    endloop
  endfacet
  facet normal -0 0 -1
    outer loop
      vertex -11.3253 -1.99695 225
      vertex -20.681 -3.64661 225
      vertex -11.4562 -1.00229 225
    endloop
  endfacet
  facet normal 0 0 -1
    outer loop
      vertex -10.8065 3.93323 225
      vertex -19.7335 7.18242 225
      vertex -19.0325 8.87498 225
    endloop
  endfacet
  facet normal 0 0 -1
    outer loop
      vertex -20.9201 -1.83027 225
      vertex -11.4562 -1.00229 225
      vertex -20.681 -3.64661 225
    endloop
  endfacet
  facet normal 0 0 -1
    outer loop
      vertex -11.1081 2.97642 225
      vertex -20.2844 5.4352 225
      vertex -19.7335 7.18242 225
    endloop
  endfacet
  facet normal -0 0 -1
    outer loop
      vertex -11.4562 -1.00229 225
      vertex -20.9201 -1.83027 225
      vertex -11.5 0 225
    endloop
  endfacet
  facet normal 0 0 -1
    outer loop
      vertex -11.3253 1.99695 225
      vertex -20.681 3.64661 225
      vertex -20.2844 5.4352 225
    endloop
  endfacet
  facet normal 0 0 -1
    outer loop
      vertex -21 0 225
      vertex -11.5 0 225
      vertex -20.9201 -1.83027 225
    endloop
  endfacet
  facet normal 0 0 -1
    outer loop
      vertex -11.4562 1.00229 225
      vertex -20.9201 1.83027 225
      vertex -20.681 3.64661 225
    endloop
  endfacet
  facet normal 0 0 -1
    outer loop
      vertex -11.5 0 225
      vertex -21 0 225
      vertex -20.9201 1.83027 225
    endloop
  endfacet
  facet normal -0.793336 -0.608784 0
    outer loop
      vertex -16.0869 -13.4985 225
      vertex -17.2022 -12.0451 237
      vertex -17.2022 -12.0451 225
    endloop
  endfacet
  facet normal -0.793336 -0.608784 0
    outer loop
      vertex -17.2022 -12.0451 237
      vertex -16.0869 -13.4985 225
      vertex -16.0869 -13.4985 237
    endloop
  endfacet
  facet normal -0.886996 -0.461778 0
    outer loop
      vertex -18.1865 -10.5 225
      vertex -19.0325 -8.87498 237
      vertex -19.0325 -8.87498 225
    endloop
  endfacet
  facet normal -0.886996 -0.461778 0
    outer loop
      vertex -19.0325 -8.87498 237
      vertex -18.1865 -10.5 225
      vertex -18.1865 -10.5 237
    endloop
  endfacet
  facet normal -0.737274 -0.675594 0
    outer loop
      vertex -14.8492 -14.8492 225
      vertex -16.0869 -13.4985 237
      vertex -16.0869 -13.4985 225
    endloop
  endfacet
  facet normal -0.737274 -0.675594 0
    outer loop
      vertex -16.0869 -13.4985 237
      vertex -14.8492 -14.8492 225
      vertex -14.8492 -14.8492 237
    endloop
  endfacet
  facet normal 0.130512 0.991447 -0
    outer loop
      vertex 3.64661 20.681 225
      vertex 1.83027 20.9201 237
      vertex 3.64661 20.681 237
    endloop
  endfacet
  facet normal 0.130512 0.991447 0
    outer loop
      vertex 1.83027 20.9201 237
      vertex 3.64661 20.681 225
      vertex 1.83027 20.9201 225
    endloop
  endfacet
  facet normal -0.991447 0.130512 0
    outer loop
      vertex -20.9201 1.83027 225
      vertex -20.681 3.64661 237
      vertex -20.681 3.64661 225
    endloop
  endfacet
  facet normal -0.991447 0.130512 0
    outer loop
      vertex -20.681 3.64661 237
      vertex -20.9201 1.83027 225
      vertex -20.9201 1.83027 237
    endloop
  endfacet
  facet normal 0 0 1
    outer loop
      vertex 11.5 0 237
      vertex 21 0 237
      vertex 20.9201 1.83027 237
    endloop
  endfacet
  facet normal 0 0 1
    outer loop
      vertex 11.4562 1.00229 237
      vertex 20.9201 1.83027 237
      vertex 20.681 3.64661 237
    endloop
  endfacet
  facet normal 0 0 1
    outer loop
      vertex 21 0 237
      vertex 11.5 0 237
      vertex 20.9201 -1.83027 237
    endloop
  endfacet
  facet normal 0 0 1
    outer loop
      vertex 11.3253 1.99695 237
      vertex 20.681 3.64661 237
      vertex 20.2844 5.4352 237
    endloop
  endfacet
  facet normal -0 0 1
    outer loop
      vertex 11.4562 -1.00229 237
      vertex 20.9201 -1.83027 237
      vertex 11.5 0 237
    endloop
  endfacet
  facet normal 0 0 1
    outer loop
      vertex 11.1081 2.97642 237
      vertex 20.2844 5.4352 237
      vertex 19.7335 7.18242 237
    endloop
  endfacet
  facet normal 0 0 1
    outer loop
      vertex 20.9201 -1.83027 237
      vertex 11.4562 -1.00229 237
      vertex 20.681 -3.64661 237
    endloop
  endfacet
  facet normal 0 0 1
    outer loop
      vertex 10.8065 3.93323 237
      vertex 19.7335 7.18242 237
      vertex 19.0325 8.87498 237
    endloop
  endfacet
  facet normal -0 0 1
    outer loop
      vertex 11.3253 -1.99695 237
      vertex 20.681 -3.64661 237
      vertex 11.4562 -1.00229 237
    endloop
  endfacet
  facet normal 0 0 1
    outer loop
      vertex 10.4225 4.86011 237
      vertex 19.0325 8.87498 237
      vertex 18.1865 10.5 237
    endloop
  endfacet
  facet normal 0 0 1
    outer loop
      vertex 20.681 -3.64661 237
      vertex 11.3253 -1.99695 237
      vertex 20.2844 -5.4352 237
    endloop
  endfacet
  facet normal 0 0 1
    outer loop
      vertex 9.95929 5.75 237
      vertex 18.1865 10.5 237
      vertex 17.2022 12.0451 237
    endloop
  endfacet
  facet normal -0 0 1
    outer loop
      vertex 11.1081 -2.97642 237
      vertex 20.2844 -5.4352 237
      vertex 11.3253 -1.99695 237
    endloop
  endfacet
  facet normal 0 0 1
    outer loop
      vertex 9.42025 6.59613 237
      vertex 17.2022 12.0451 237
      vertex 16.0869 13.4985 237
    endloop
  endfacet
  facet normal 0 0 1
    outer loop
      vertex 20.2844 -5.4352 237
      vertex 11.1081 -2.97642 237
      vertex 19.7335 -7.18242 237
    endloop
  endfacet
  facet normal 0 0 1
    outer loop
      vertex 8.80951 7.39206 237
      vertex 16.0869 13.4985 237
      vertex 14.8492 14.8492 237
    endloop
  endfacet
  facet normal -0 0 1
    outer loop
      vertex 10.8065 -3.93323 237
      vertex 19.7335 -7.18242 237
      vertex 11.1081 -2.97642 237
    endloop
  endfacet
  facet normal 0 0 1
    outer loop
      vertex 8.13173 8.13173 237
      vertex 14.8492 14.8492 237
      vertex 13.4985 16.0869 237
    endloop
  endfacet
  facet normal 0 0 1
    outer loop
      vertex 19.7335 -7.18242 237
      vertex 10.8065 -3.93323 237
      vertex 19.0325 -8.87498 237
    endloop
  endfacet
  facet normal 0 0 1
    outer loop
      vertex 7.39206 8.80951 237
      vertex 13.4985 16.0869 237
      vertex 12.0451 17.2022 237
    endloop
  endfacet
  facet normal -0 0 1
    outer loop
      vertex 10.4225 -4.86011 237
      vertex 19.0325 -8.87498 237
      vertex 10.8065 -3.93323 237
    endloop
  endfacet
  facet normal 0 0 1
    outer loop
      vertex 19.0325 -8.87498 237
      vertex 10.4225 -4.86011 237
      vertex 18.1865 -10.5 237
    endloop
  endfacet
  facet normal 0 0 1
    outer loop
      vertex 20.9201 1.83027 237
      vertex 11.4562 1.00229 237
      vertex 11.5 0 237
    endloop
  endfacet
  facet normal 0 0 1
    outer loop
      vertex 20.681 3.64661 237
      vertex 11.3253 1.99695 237
      vertex 11.4562 1.00229 237
    endloop
  endfacet
  facet normal 0 0 1
    outer loop
      vertex 20.2844 5.4352 237
      vertex 11.1081 2.97642 237
      vertex 11.3253 1.99695 237
    endloop
  endfacet
  facet normal 0 0 1
    outer loop
      vertex 19.7335 7.18242 237
      vertex 10.8065 3.93323 237
      vertex 11.1081 2.97642 237
    endloop
  endfacet
  facet normal 0 0 1
    outer loop
      vertex 6.59613 9.42025 237
      vertex 12.0451 17.2022 237
      vertex 10.5 18.1865 237
    endloop
  endfacet
  facet normal 0 0 1
    outer loop
      vertex 19.0325 8.87498 237
      vertex 10.4225 4.86011 237
      vertex 10.8065 3.93323 237
    endloop
  endfacet
  facet normal 0 0 1
    outer loop
      vertex 18.1865 10.5 237
      vertex 9.95929 5.75 237
      vertex 10.4225 4.86011 237
    endloop
  endfacet
  facet normal 0 0 1
    outer loop
      vertex 17.2022 12.0451 237
      vertex 9.42025 6.59613 237
      vertex 9.95929 5.75 237
    endloop
  endfacet
  facet normal 0 0 1
    outer loop
      vertex 5.75 9.95929 237
      vertex 10.5 18.1865 237
      vertex 8.87498 19.0325 237
    endloop
  endfacet
  facet normal 0 0 1
    outer loop
      vertex 16.0869 13.4985 237
      vertex 8.80951 7.39206 237
      vertex 9.42025 6.59613 237
    endloop
  endfacet
  facet normal 0 0 1
    outer loop
      vertex 14.8492 14.8492 237
      vertex 8.13173 8.13173 237
      vertex 8.80951 7.39206 237
    endloop
  endfacet
  facet normal 0 0 1
    outer loop
      vertex 13.4985 16.0869 237
      vertex 7.39206 8.80951 237
      vertex 8.13173 8.13173 237
    endloop
  endfacet
  facet normal 0 0 1
    outer loop
      vertex 4.86011 10.4225 237
      vertex 8.87498 19.0325 237
      vertex 7.18242 19.7335 237
    endloop
  endfacet
  facet normal 0 0 1
    outer loop
      vertex 12.0451 17.2022 237
      vertex 6.59613 9.42025 237
      vertex 7.39206 8.80951 237
    endloop
  endfacet
  facet normal 0 0 1
    outer loop
      vertex 10.5 18.1865 237
      vertex 5.75 9.95929 237
      vertex 6.59613 9.42025 237
    endloop
  endfacet
  facet normal 0 0 1
    outer loop
      vertex 3.93323 10.8065 237
      vertex 7.18242 19.7335 237
      vertex 5.4352 20.2844 237
    endloop
  endfacet
  facet normal 0 0 1
    outer loop
      vertex 8.87498 19.0325 237
      vertex 4.86011 10.4225 237
      vertex 5.75 9.95929 237
    endloop
  endfacet
  facet normal 0 0 1
    outer loop
      vertex 7.18242 19.7335 237
      vertex 3.93323 10.8065 237
      vertex 4.86011 10.4225 237
    endloop
  endfacet
  facet normal 0 0 1
    outer loop
      vertex 2.97642 11.1081 237
      vertex 5.4352 20.2844 237
      vertex 3.64661 20.681 237
    endloop
  endfacet
  facet normal 0 0 1
    outer loop
      vertex 5.4352 20.2844 237
      vertex 2.97642 11.1081 237
      vertex 3.93323 10.8065 237
    endloop
  endfacet
  facet normal 0 0 1
    outer loop
      vertex 3.64661 20.681 237
      vertex 1.99695 11.3253 237
      vertex 2.97642 11.1081 237
    endloop
  endfacet
  facet normal 0 0 1
    outer loop
      vertex 1.83027 20.9201 237
      vertex 1.99695 11.3253 237
      vertex 3.64661 20.681 237
    endloop
  endfacet
  facet normal 0 0 1
    outer loop
      vertex 1.83027 20.9201 237
      vertex 1.00229 11.4562 237
      vertex 1.99695 11.3253 237
    endloop
  endfacet
  facet normal 0 0 1
    outer loop
      vertex 0 21 237
      vertex 1.00229 11.4562 237
      vertex 1.83027 20.9201 237
    endloop
  endfacet
  facet normal 0 0 1
    outer loop
      vertex 0 21 237
      vertex 0 11.5 237
      vertex 1.00229 11.4562 237
    endloop
  endfacet
  facet normal 0 0 1
    outer loop
      vertex 0 21 237
      vertex -1.00229 11.4562 237
      vertex 0 11.5 237
    endloop
  endfacet
  facet normal -0 0 1
    outer loop
      vertex -1.83027 20.9201 237
      vertex -1.00229 11.4562 237
      vertex 0 21 237
    endloop
  endfacet
  facet normal 0 0 1
    outer loop
      vertex -1.83027 20.9201 237
      vertex -1.99695 11.3253 237
      vertex -1.00229 11.4562 237
    endloop
  endfacet
  facet normal -0 0 1
    outer loop
      vertex -3.64661 20.681 237
      vertex -1.99695 11.3253 237
      vertex -1.83027 20.9201 237
    endloop
  endfacet
  facet normal 0 0 1
    outer loop
      vertex -1.99695 11.3253 237
      vertex -3.64661 20.681 237
      vertex -2.97642 11.1081 237
    endloop
  endfacet
  facet normal -0 0 1
    outer loop
      vertex -5.4352 20.2844 237
      vertex -2.97642 11.1081 237
      vertex -3.64661 20.681 237
    endloop
  endfacet
  facet normal 0 0 1
    outer loop
      vertex -2.97642 11.1081 237
      vertex -5.4352 20.2844 237
      vertex -3.93323 10.8065 237
    endloop
  endfacet
  facet normal -0 0 1
    outer loop
      vertex -7.18242 19.7335 237
      vertex -3.93323 10.8065 237
      vertex -5.4352 20.2844 237
    endloop
  endfacet
  facet normal 0 0 1
    outer loop
      vertex -3.93323 10.8065 237
      vertex -7.18242 19.7335 237
      vertex -4.86011 10.4225 237
    endloop
  endfacet
  facet normal -0 0 1
    outer loop
      vertex -8.87498 19.0325 237
      vertex -4.86011 10.4225 237
      vertex -7.18242 19.7335 237
    endloop
  endfacet
  facet normal 0 0 1
    outer loop
      vertex -4.86011 10.4225 237
      vertex -8.87498 19.0325 237
      vertex -5.75 9.95929 237
    endloop
  endfacet
  facet normal -0 0 1
    outer loop
      vertex -10.5 18.1865 237
      vertex -5.75 9.95929 237
      vertex -8.87498 19.0325 237
    endloop
  endfacet
  facet normal 0 0 1
    outer loop
      vertex -5.75 9.95929 237
      vertex -10.5 18.1865 237
      vertex -6.59613 9.42025 237
    endloop
  endfacet
  facet normal -0 0 1
    outer loop
      vertex -12.0451 17.2022 237
      vertex -6.59613 9.42025 237
      vertex -10.5 18.1865 237
    endloop
  endfacet
  facet normal 0 0 1
    outer loop
      vertex -6.59613 9.42025 237
      vertex -12.0451 17.2022 237
      vertex -7.39206 8.80951 237
    endloop
  endfacet
  facet normal -0 0 1
    outer loop
      vertex -13.4985 16.0869 237
      vertex -7.39206 8.80951 237
      vertex -12.0451 17.2022 237
    endloop
  endfacet
  facet normal 0 0 1
    outer loop
      vertex -7.39206 8.80951 237
      vertex -13.4985 16.0869 237
      vertex -8.13173 8.13173 237
    endloop
  endfacet
  facet normal -0 0 1
    outer loop
      vertex -14.8492 14.8492 237
      vertex -8.13173 8.13173 237
      vertex -13.4985 16.0869 237
    endloop
  endfacet
  facet normal 0 0 1
    outer loop
      vertex -8.13173 8.13173 237
      vertex -14.8492 14.8492 237
      vertex -8.80951 7.39206 237
    endloop
  endfacet
  facet normal -0 0 1
    outer loop
      vertex -16.0869 13.4985 237
      vertex -8.80951 7.39206 237
      vertex -14.8492 14.8492 237
    endloop
  endfacet
  facet normal 0 0 1
    outer loop
      vertex -8.80951 7.39206 237
      vertex -16.0869 13.4985 237
      vertex -9.42025 6.59613 237
    endloop
  endfacet
  facet normal -0 0 1
    outer loop
      vertex -17.2022 12.0451 237
      vertex -9.42025 6.59613 237
      vertex -16.0869 13.4985 237
    endloop
  endfacet
  facet normal 0 0 1
    outer loop
      vertex -9.42025 6.59613 237
      vertex -17.2022 12.0451 237
      vertex -9.95929 5.75 237
    endloop
  endfacet
  facet normal 0 0 1
    outer loop
      vertex -9.95929 5.75 237
      vertex -18.1865 10.5 237
      vertex -10.4225 4.86011 237
    endloop
  endfacet
  facet normal -0 0 1
    outer loop
      vertex -18.1865 10.5 237
      vertex -9.95929 5.75 237
      vertex -17.2022 12.0451 237
    endloop
  endfacet
  facet normal -0 0 1
    outer loop
      vertex 9.95929 -5.75 237
      vertex 18.1865 -10.5 237
      vertex 10.4225 -4.86011 237
    endloop
  endfacet
  facet normal 0 0 1
    outer loop
      vertex 18.1865 -10.5 237
      vertex 9.95929 -5.75 237
      vertex 17.2022 -12.0451 237
    endloop
  endfacet
  facet normal -0 0 1
    outer loop
      vertex 9.42025 -6.59613 237
      vertex 17.2022 -12.0451 237
      vertex 9.95929 -5.75 237
    endloop
  endfacet
  facet normal 0 0 1
    outer loop
      vertex 17.2022 -12.0451 237
      vertex 9.42025 -6.59613 237
      vertex 16.0869 -13.4985 237
    endloop
  endfacet
  facet normal -0 0 1
    outer loop
      vertex 8.80951 -7.39206 237
      vertex 16.0869 -13.4985 237
      vertex 9.42025 -6.59613 237
    endloop
  endfacet
  facet normal 0 0 1
    outer loop
      vertex 16.0869 -13.4985 237
      vertex 8.80951 -7.39206 237
      vertex 14.8492 -14.8492 237
    endloop
  endfacet
  facet normal -0 0 1
    outer loop
      vertex 8.13173 -8.13173 237
      vertex 14.8492 -14.8492 237
      vertex 8.80951 -7.39206 237
    endloop
  endfacet
  facet normal 0 0 1
    outer loop
      vertex 14.8492 -14.8492 237
      vertex 8.13173 -8.13173 237
      vertex 13.4985 -16.0869 237
    endloop
  endfacet
  facet normal -0 0 1
    outer loop
      vertex 7.39206 -8.80951 237
      vertex 13.4985 -16.0869 237
      vertex 8.13173 -8.13173 237
    endloop
  endfacet
  facet normal 0 0 1
    outer loop
      vertex 13.4985 -16.0869 237
      vertex 7.39206 -8.80951 237
      vertex 12.0451 -17.2022 237
    endloop
  endfacet
  facet normal -0 0 1
    outer loop
      vertex 6.59613 -9.42025 237
      vertex 12.0451 -17.2022 237
      vertex 7.39206 -8.80951 237
    endloop
  endfacet
  facet normal 0 0 1
    outer loop
      vertex 12.0451 -17.2022 237
      vertex 6.59613 -9.42025 237
      vertex 10.5 -18.1865 237
    endloop
  endfacet
  facet normal -0 0 1
    outer loop
      vertex 5.75 -9.95929 237
      vertex 10.5 -18.1865 237
      vertex 6.59613 -9.42025 237
    endloop
  endfacet
  facet normal 0 0 1
    outer loop
      vertex 10.5 -18.1865 237
      vertex 5.75 -9.95929 237
      vertex 8.87498 -19.0325 237
    endloop
  endfacet
  facet normal -0 0 1
    outer loop
      vertex 4.86011 -10.4225 237
      vertex 8.87498 -19.0325 237
      vertex 5.75 -9.95929 237
    endloop
  endfacet
  facet normal 0 0 1
    outer loop
      vertex 8.87498 -19.0325 237
      vertex 4.86011 -10.4225 237
      vertex 7.18242 -19.7335 237
    endloop
  endfacet
  facet normal -0 0 1
    outer loop
      vertex 3.93323 -10.8065 237
      vertex 7.18242 -19.7335 237
      vertex 4.86011 -10.4225 237
    endloop
  endfacet
  facet normal 0 0 1
    outer loop
      vertex 7.18242 -19.7335 237
      vertex 3.93323 -10.8065 237
      vertex 5.4352 -20.2844 237
    endloop
  endfacet
  facet normal -0 0 1
    outer loop
      vertex 2.97642 -11.1081 237
      vertex 5.4352 -20.2844 237
      vertex 3.93323 -10.8065 237
    endloop
  endfacet
  facet normal 0 0 1
    outer loop
      vertex 5.4352 -20.2844 237
      vertex 2.97642 -11.1081 237
      vertex 3.64661 -20.681 237
    endloop
  endfacet
  facet normal -0 0 1
    outer loop
      vertex 1.99695 -11.3253 237
      vertex 3.64661 -20.681 237
      vertex 2.97642 -11.1081 237
    endloop
  endfacet
  facet normal 0 0 1
    outer loop
      vertex 1.99695 -11.3253 237
      vertex 1.83027 -20.9201 237
      vertex 3.64661 -20.681 237
    endloop
  endfacet
  facet normal -0 0 1
    outer loop
      vertex 1.00229 -11.4562 237
      vertex 1.83027 -20.9201 237
      vertex 1.99695 -11.3253 237
    endloop
  endfacet
  facet normal -0 0 1
    outer loop
      vertex 0 -11.5 237
      vertex 1.83027 -20.9201 237
      vertex 1.00229 -11.4562 237
    endloop
  endfacet
  facet normal 0 0 1
    outer loop
      vertex 0 -11.5 237
      vertex 0 -21 237
      vertex 1.83027 -20.9201 237
    endloop
  endfacet
  facet normal 0 0 1
    outer loop
      vertex -1.00229 -11.4562 237
      vertex 0 -21 237
      vertex 0 -11.5 237
    endloop
  endfacet
  facet normal 0 0 1
    outer loop
      vertex -1.00229 -11.4562 237
      vertex -1.83027 -20.9201 237
      vertex 0 -21 237
    endloop
  endfacet
  facet normal 0 0 1
    outer loop
      vertex -1.99695 -11.3253 237
      vertex -1.83027 -20.9201 237
      vertex -1.00229 -11.4562 237
    endloop
  endfacet
  facet normal 0 0 1
    outer loop
      vertex -3.64661 -20.681 237
      vertex -1.99695 -11.3253 237
      vertex -2.97642 -11.1081 237
    endloop
  endfacet
  facet normal 0 0 1
    outer loop
      vertex -1.99695 -11.3253 237
      vertex -3.64661 -20.681 237
      vertex -1.83027 -20.9201 237
    endloop
  endfacet
  facet normal 0 0 1
    outer loop
      vertex -5.4352 -20.2844 237
      vertex -2.97642 -11.1081 237
      vertex -3.93323 -10.8065 237
    endloop
  endfacet
  facet normal 0 0 1
    outer loop
      vertex -7.18242 -19.7335 237
      vertex -3.93323 -10.8065 237
      vertex -4.86011 -10.4225 237
    endloop
  endfacet
  facet normal 0 0 1
    outer loop
      vertex -2.97642 -11.1081 237
      vertex -5.4352 -20.2844 237
      vertex -3.64661 -20.681 237
    endloop
  endfacet
  facet normal 0 0 1
    outer loop
      vertex -8.87498 -19.0325 237
      vertex -4.86011 -10.4225 237
      vertex -5.75 -9.95929 237
    endloop
  endfacet
  facet normal 0 0 1
    outer loop
      vertex -10.5 -18.1865 237
      vertex -5.75 -9.95929 237
      vertex -6.59613 -9.42025 237
    endloop
  endfacet
  facet normal 0 0 1
    outer loop
      vertex -3.93323 -10.8065 237
      vertex -7.18242 -19.7335 237
      vertex -5.4352 -20.2844 237
    endloop
  endfacet
  facet normal 0 0 1
    outer loop
      vertex -12.0451 -17.2022 237
      vertex -6.59613 -9.42025 237
      vertex -7.39206 -8.80951 237
    endloop
  endfacet
  facet normal 0 0 1
    outer loop
      vertex -13.4985 -16.0869 237
      vertex -7.39206 -8.80951 237
      vertex -8.13173 -8.13173 237
    endloop
  endfacet
  facet normal 0 0 1
    outer loop
      vertex -14.8492 -14.8492 237
      vertex -8.13173 -8.13173 237
      vertex -8.80951 -7.39206 237
    endloop
  endfacet
  facet normal 0 0 1
    outer loop
      vertex -4.86011 -10.4225 237
      vertex -8.87498 -19.0325 237
      vertex -7.18242 -19.7335 237
    endloop
  endfacet
  facet normal 0 0 1
    outer loop
      vertex -16.0869 -13.4985 237
      vertex -8.80951 -7.39206 237
      vertex -9.42025 -6.59613 237
    endloop
  endfacet
  facet normal 0 0 1
    outer loop
      vertex -17.2022 -12.0451 237
      vertex -9.42025 -6.59613 237
      vertex -9.95929 -5.75 237
    endloop
  endfacet
  facet normal 0 0 1
    outer loop
      vertex -18.1865 -10.5 237
      vertex -9.95929 -5.75 237
      vertex -10.4225 -4.86011 237
    endloop
  endfacet
  facet normal 0 0 1
    outer loop
      vertex -5.75 -9.95929 237
      vertex -10.5 -18.1865 237
      vertex -8.87498 -19.0325 237
    endloop
  endfacet
  facet normal 0 0 1
    outer loop
      vertex -19.0325 -8.87498 237
      vertex -10.4225 -4.86011 237
      vertex -10.8065 -3.93323 237
    endloop
  endfacet
  facet normal 0 0 1
    outer loop
      vertex -19.7335 -7.18242 237
      vertex -10.8065 -3.93323 237
      vertex -11.1081 -2.97642 237
    endloop
  endfacet
  facet normal 0 0 1
    outer loop
      vertex -20.2844 -5.4352 237
      vertex -11.1081 -2.97642 237
      vertex -11.3253 -1.99695 237
    endloop
  endfacet
  facet normal 0 0 1
    outer loop
      vertex -20.681 -3.64661 237
      vertex -11.3253 -1.99695 237
      vertex -11.4562 -1.00229 237
    endloop
  endfacet
  facet normal 0 0 1
    outer loop
      vertex -6.59613 -9.42025 237
      vertex -12.0451 -17.2022 237
      vertex -10.5 -18.1865 237
    endloop
  endfacet
  facet normal 0 0 1
    outer loop
      vertex -20.9201 -1.83027 237
      vertex -11.4562 -1.00229 237
      vertex -11.5 0 237
    endloop
  endfacet
  facet normal -0 0 1
    outer loop
      vertex -19.0325 8.87498 237
      vertex -10.4225 4.86011 237
      vertex -18.1865 10.5 237
    endloop
  endfacet
  facet normal 0 0 1
    outer loop
      vertex -10.4225 4.86011 237
      vertex -19.0325 8.87498 237
      vertex -10.8065 3.93323 237
    endloop
  endfacet
  facet normal 0 0 1
    outer loop
      vertex -7.39206 -8.80951 237
      vertex -13.4985 -16.0869 237
      vertex -12.0451 -17.2022 237
    endloop
  endfacet
  facet normal -0 0 1
    outer loop
      vertex -19.7335 7.18242 237
      vertex -10.8065 3.93323 237
      vertex -19.0325 8.87498 237
    endloop
  endfacet
  facet normal 0 0 1
    outer loop
      vertex -8.13173 -8.13173 237
      vertex -14.8492 -14.8492 237
      vertex -13.4985 -16.0869 237
    endloop
  endfacet
  facet normal 0 0 1
    outer loop
      vertex -10.8065 3.93323 237
      vertex -19.7335 7.18242 237
      vertex -11.1081 2.97642 237
    endloop
  endfacet
  facet normal 0 0 1
    outer loop
      vertex -8.80951 -7.39206 237
      vertex -16.0869 -13.4985 237
      vertex -14.8492 -14.8492 237
    endloop
  endfacet
  facet normal -0 0 1
    outer loop
      vertex -20.2844 5.4352 237
      vertex -11.1081 2.97642 237
      vertex -19.7335 7.18242 237
    endloop
  endfacet
  facet normal 0 0 1
    outer loop
      vertex -9.42025 -6.59613 237
      vertex -17.2022 -12.0451 237
      vertex -16.0869 -13.4985 237
    endloop
  endfacet
  facet normal 0 0 1
    outer loop
      vertex -11.1081 2.97642 237
      vertex -20.2844 5.4352 237
      vertex -11.3253 1.99695 237
    endloop
  endfacet
  facet normal 0 0 1
    outer loop
      vertex -9.95929 -5.75 237
      vertex -18.1865 -10.5 237
      vertex -17.2022 -12.0451 237
    endloop
  endfacet
  facet normal -0 0 1
    outer loop
      vertex -20.681 3.64661 237
      vertex -11.3253 1.99695 237
      vertex -20.2844 5.4352 237
    endloop
  endfacet
  facet normal 0 0 1
    outer loop
      vertex -10.4225 -4.86011 237
      vertex -19.0325 -8.87498 237
      vertex -18.1865 -10.5 237
    endloop
  endfacet
  facet normal 0 0 1
    outer loop
      vertex -11.3253 1.99695 237
      vertex -20.681 3.64661 237
      vertex -11.4562 1.00229 237
    endloop
  endfacet
  facet normal 0 0 1
    outer loop
      vertex -10.8065 -3.93323 237
      vertex -19.7335 -7.18242 237
      vertex -19.0325 -8.87498 237
    endloop
  endfacet
  facet normal -0 0 1
    outer loop
      vertex -20.9201 1.83027 237
      vertex -11.4562 1.00229 237
      vertex -20.681 3.64661 237
    endloop
  endfacet
  facet normal 0 0 1
    outer loop
      vertex -11.1081 -2.97642 237
      vertex -20.2844 -5.4352 237
      vertex -19.7335 -7.18242 237
    endloop
  endfacet
  facet normal 0 0 1
    outer loop
      vertex -11.4562 1.00229 237
      vertex -20.9201 1.83027 237
      vertex -11.5 0 237
    endloop
  endfacet
  facet normal 0 0 1
    outer loop
      vertex -11.3253 -1.99695 237
      vertex -20.681 -3.64661 237
      vertex -20.2844 -5.4352 237
    endloop
  endfacet
  facet normal 0 0 1
    outer loop
      vertex -21 0 237
      vertex -11.5 0 237
      vertex -20.9201 1.83027 237
    endloop
  endfacet
  facet normal 0 0 1
    outer loop
      vertex -11.4562 -1.00229 237
      vertex -20.9201 -1.83027 237
      vertex -20.681 -3.64661 237
    endloop
  endfacet
  facet normal 0 0 1
    outer loop
      vertex -11.5 0 237
      vertex -21 0 237
      vertex -20.9201 -1.83027 237
    endloop
  endfacet
  facet normal -0.0436132 0.999048 0
    outer loop
      vertex 0 21 225
      vertex -1.83027 20.9201 237
      vertex 0 21 237
    endloop
  endfacet
  facet normal -0.0436132 0.999048 0
    outer loop
      vertex -1.83027 20.9201 237
      vertex 0 21 225
      vertex -1.83027 20.9201 225
    endloop
  endfacet
  facet normal 0.999048 -0.0436132 0
    outer loop
      vertex 20.9201 -1.83027 237
      vertex 21 0 225
      vertex 21 0 237
    endloop
  endfacet
  facet normal 0.999048 -0.0436132 0
    outer loop
      vertex 21 0 225
      vertex 20.9201 -1.83027 237
      vertex 20.9201 -1.83027 225
    endloop
  endfacet
  facet normal 0.0436132 -0.999048 0
    outer loop
      vertex 0 -21 225
      vertex 1.83027 -20.9201 237
      vertex 0 -21 237
    endloop
  endfacet
  facet normal 0.0436132 -0.999048 0
    outer loop
      vertex 1.83027 -20.9201 237
      vertex 0 -21 225
      vertex 1.83027 -20.9201 225
    endloop
  endfacet
  facet normal 0.976287 -0.216481 0
    outer loop
      vertex 20.2844 -5.4352 237
      vertex 20.681 -3.64661 225
      vertex 20.681 -3.64661 237
    endloop
  endfacet
  facet normal 0.976287 -0.216481 0
    outer loop
      vertex 20.681 -3.64661 225
      vertex 20.2844 -5.4352 237
      vertex 20.2844 -5.4352 225
    endloop
  endfacet
  facet normal 0.843401 -0.537285 0
    outer loop
      vertex 17.2022 -12.0451 237
      vertex 18.1865 -10.5 225
      vertex 18.1865 -10.5 237
    endloop
  endfacet
  facet normal 0.843401 -0.537285 0
    outer loop
      vertex 18.1865 -10.5 225
      vertex 17.2022 -12.0451 237
      vertex 17.2022 -12.0451 225
    endloop
  endfacet
  facet normal 0.216481 -0.976287 0
    outer loop
      vertex 3.64661 -20.681 225
      vertex 5.4352 -20.2844 237
      vertex 3.64661 -20.681 237
    endloop
  endfacet
  facet normal 0.216481 -0.976287 0
    outer loop
      vertex 5.4352 -20.2844 237
      vertex 3.64661 -20.681 225
      vertex 5.4352 -20.2844 225
    endloop
  endfacet
  facet normal 0.382646 -0.923895 0
    outer loop
      vertex 7.18242 -19.7335 225
      vertex 8.87498 -19.0325 237
      vertex 7.18242 -19.7335 237
    endloop
  endfacet
  facet normal 0.382646 -0.923895 0
    outer loop
      vertex 8.87498 -19.0325 237
      vertex 7.18242 -19.7335 225
      vertex 8.87498 -19.0325 225
    endloop
  endfacet
  facet normal 0.537285 -0.843401 0
    outer loop
      vertex 10.5 -18.1865 225
      vertex 12.0451 -17.2022 237
      vertex 10.5 -18.1865 237
    endloop
  endfacet
  facet normal 0.537285 -0.843401 0
    outer loop
      vertex 12.0451 -17.2022 237
      vertex 10.5 -18.1865 225
      vertex 12.0451 -17.2022 225
    endloop
  endfacet
  facet normal -0.130512 -0.991447 0
    outer loop
      vertex -3.64661 -20.681 225
      vertex -1.83027 -20.9201 237
      vertex -3.64661 -20.681 237
    endloop
  endfacet
  facet normal -0.130512 -0.991447 -0
    outer loop
      vertex -1.83027 -20.9201 237
      vertex -3.64661 -20.681 225
      vertex -1.83027 -20.9201 225
    endloop
  endfacet
  facet normal -0.300708 -0.953716 0
    outer loop
      vertex -7.18242 -19.7335 225
      vertex -5.4352 -20.2844 237
      vertex -7.18242 -19.7335 237
    endloop
  endfacet
  facet normal -0.300708 -0.953716 -0
    outer loop
      vertex -5.4352 -20.2844 237
      vertex -7.18242 -19.7335 225
      vertex -5.4352 -20.2844 225
    endloop
  endfacet
  facet normal -0.461778 -0.886996 0
    outer loop
      vertex -10.5 -18.1865 225
      vertex -8.87498 -19.0325 237
      vertex -10.5 -18.1865 237
    endloop
  endfacet
  facet normal -0.461778 -0.886996 -0
    outer loop
      vertex -8.87498 -19.0325 237
      vertex -10.5 -18.1865 225
      vertex -8.87498 -19.0325 225
    endloop
  endfacet
  facet normal -0.608784 -0.793336 0
    outer loop
      vertex -13.4985 -16.0869 225
      vertex -12.0451 -17.2022 237
      vertex -13.4985 -16.0869 237
    endloop
  endfacet
  facet normal -0.608784 -0.793336 -0
    outer loop
      vertex -12.0451 -17.2022 237
      vertex -13.4985 -16.0869 225
      vertex -12.0451 -17.2022 225
    endloop
  endfacet
  facet normal -0.923895 -0.382646 0
    outer loop
      vertex -19.0325 -8.87498 225
      vertex -19.7335 -7.18242 237
      vertex -19.7335 -7.18242 225
    endloop
  endfacet
  facet normal -0.923895 -0.382646 0
    outer loop
      vertex -19.7335 -7.18242 237
      vertex -19.0325 -8.87498 225
      vertex -19.0325 -8.87498 237
    endloop
  endfacet
  facet normal -0.976287 -0.216481 0
    outer loop
      vertex -20.2844 -5.4352 225
      vertex -20.681 -3.64661 237
      vertex -20.681 -3.64661 225
    endloop
  endfacet
  facet normal -0.976287 -0.216481 0
    outer loop
      vertex -20.681 -3.64661 237
      vertex -20.2844 -5.4352 225
      vertex -20.2844 -5.4352 237
    endloop
  endfacet
  facet normal -0.999048 -0.0436132 0
    outer loop
      vertex -20.9201 -1.83027 225
      vertex -21 0 237
      vertex -21 0 225
    endloop
  endfacet
  facet normal -0.999048 -0.0436132 0
    outer loop
      vertex -21 0 237
      vertex -20.9201 -1.83027 225
      vertex -20.9201 -1.83027 237
    endloop
  endfacet
  facet normal -0.843401 -0.537285 0
    outer loop
      vertex -17.2022 -12.0451 225
      vertex -18.1865 -10.5 237
      vertex -18.1865 -10.5 225
    endloop
  endfacet
  facet normal -0.843401 -0.537285 0
    outer loop
      vertex -18.1865 -10.5 237
      vertex -17.2022 -12.0451 225
      vertex -17.2022 -12.0451 237
    endloop
  endfacet
  facet normal 0.886996 -0.461778 0
    outer loop
      vertex 18.1865 -10.5 237
      vertex 19.0325 -8.87498 225
      vertex 19.0325 -8.87498 237
    endloop
  endfacet
  facet normal 0.886996 -0.461778 0
    outer loop
      vertex 19.0325 -8.87498 225
      vertex 18.1865 -10.5 237
      vertex 18.1865 -10.5 225
    endloop
  endfacet
  facet normal 0.130512 -0.991447 0
    outer loop
      vertex 1.83027 -20.9201 225
      vertex 3.64661 -20.681 237
      vertex 1.83027 -20.9201 237
    endloop
  endfacet
  facet normal 0.130512 -0.991447 0
    outer loop
      vertex 3.64661 -20.681 237
      vertex 1.83027 -20.9201 225
      vertex 3.64661 -20.681 225
    endloop
  endfacet
  facet normal -0.0436132 -0.999048 0
    outer loop
      vertex -1.83027 -20.9201 225
      vertex 0 -21 237
      vertex -1.83027 -20.9201 237
    endloop
  endfacet
  facet normal -0.0436132 -0.999048 -0
    outer loop
      vertex 0 -21 237
      vertex -1.83027 -20.9201 225
      vertex 0 -21 225
    endloop
  endfacet
  facet normal -0.991447 -0.130512 0
    outer loop
      vertex -20.681 -3.64661 225
      vertex -20.9201 -1.83027 237
      vertex -20.9201 -1.83027 225
    endloop
  endfacet
  facet normal -0.991447 -0.130512 0
    outer loop
      vertex -20.9201 -1.83027 237
      vertex -20.681 -3.64661 225
      vertex -20.681 -3.64661 237
    endloop
  endfacet
  facet normal 0.793336 -0.608784 0
    outer loop
      vertex 16.0869 -13.4985 237
      vertex 17.2022 -12.0451 225
      vertex 17.2022 -12.0451 237
    endloop
  endfacet
  facet normal 0.793336 -0.608784 0
    outer loop
      vertex 17.2022 -12.0451 225
      vertex 16.0869 -13.4985 237
      vertex 16.0869 -13.4985 225
    endloop
  endfacet
  facet normal -0.608762 -0.793353 0
    outer loop
      vertex 6.59613 9.42025 225
      vertex 7.39206 8.80951 237
      vertex 6.59613 9.42025 237
    endloop
  endfacet
  facet normal -0.608762 -0.793353 -0
    outer loop
      vertex 7.39206 8.80951 237
      vertex 6.59613 9.42025 225
      vertex 7.39206 8.80951 225
    endloop
  endfacet
  facet normal -0.999047 0.0436583 0
    outer loop
      vertex 11.4562 -1.00229 225
      vertex 11.5 0 237
      vertex 11.5 0 225
    endloop
  endfacet
  facet normal -0.999047 0.0436583 0
    outer loop
      vertex 11.5 0 237
      vertex 11.4562 -1.00229 225
      vertex 11.4562 -1.00229 237
    endloop
  endfacet
  facet normal 0.382746 -0.923854 0
    outer loop
      vertex -4.86011 10.4225 225
      vertex -3.93323 10.8065 237
      vertex -4.86011 10.4225 237
    endloop
  endfacet
  facet normal 0.382746 -0.923854 0
    outer loop
      vertex -3.93323 10.8065 237
      vertex -4.86011 10.4225 225
      vertex -3.93323 10.8065 225
    endloop
  endfacet
  facet normal 0.887026 -0.461719 0
    outer loop
      vertex -10.4225 4.86011 237
      vertex -9.95929 5.75 225
      vertex -9.95929 5.75 237
    endloop
  endfacet
  facet normal 0.887026 -0.461719 0
    outer loop
      vertex -9.95929 5.75 225
      vertex -10.4225 4.86011 237
      vertex -10.4225 4.86011 225
    endloop
  endfacet
  facet normal 0.461719 0.887026 -0
    outer loop
      vertex -4.86011 -10.4225 225
      vertex -5.75 -9.95929 237
      vertex -4.86011 -10.4225 237
    endloop
  endfacet
  facet normal 0.461719 0.887026 0
    outer loop
      vertex -5.75 -9.95929 237
      vertex -4.86011 -10.4225 225
      vertex -5.75 -9.95929 225
    endloop
  endfacet
  facet normal -0.887026 -0.461719 0
    outer loop
      vertex 10.4225 4.86011 225
      vertex 9.95929 5.75 237
      vertex 9.95929 5.75 225
    endloop
  endfacet
  facet normal -0.887026 -0.461719 0
    outer loop
      vertex 9.95929 5.75 237
      vertex 10.4225 4.86011 225
      vertex 10.4225 4.86011 237
    endloop
  endfacet
  facet normal -0.843393 -0.537297 0
    outer loop
      vertex 9.95929 5.75 225
      vertex 9.42025 6.59613 237
      vertex 9.42025 6.59613 225
    endloop
  endfacet
  facet normal -0.843393 -0.537297 0
    outer loop
      vertex 9.42025 6.59613 237
      vertex 9.95929 5.75 225
      vertex 9.95929 5.75 237
    endloop
  endfacet
  facet normal -0.382746 -0.923854 0
    outer loop
      vertex 3.93323 10.8065 225
      vertex 4.86011 10.4225 237
      vertex 3.93323 10.8065 237
    endloop
  endfacet
  facet normal -0.382746 -0.923854 -0
    outer loop
      vertex 4.86011 10.4225 237
      vertex 3.93323 10.8065 225
      vertex 4.86011 10.4225 225
    endloop
  endfacet
  facet normal -0.130478 -0.991451 0
    outer loop
      vertex 1.00229 11.4562 225
      vertex 1.99695 11.3253 237
      vertex 1.00229 11.4562 237
    endloop
  endfacet
  facet normal -0.130478 -0.991451 -0
    outer loop
      vertex 1.99695 11.3253 237
      vertex 1.00229 11.4562 225
      vertex 1.99695 11.3253 225
    endloop
  endfacet
  facet normal 0.976284 -0.216494 0
    outer loop
      vertex -11.3253 1.99695 237
      vertex -11.1081 2.97642 225
      vertex -11.1081 2.97642 237
    endloop
  endfacet
  facet normal 0.976284 -0.216494 0
    outer loop
      vertex -11.1081 2.97642 225
      vertex -11.3253 1.99695 237
      vertex -11.3253 1.99695 225
    endloop
  endfacet
  facet normal 0.737279 -0.675589 0
    outer loop
      vertex -8.80951 7.39206 237
      vertex -8.13173 8.13173 225
      vertex -8.13173 8.13173 237
    endloop
  endfacet
  facet normal 0.737279 -0.675589 0
    outer loop
      vertex -8.13173 8.13173 225
      vertex -8.80951 7.39206 237
      vertex -8.80951 7.39206 225
    endloop
  endfacet
  facet normal 0.216494 -0.976284 0
    outer loop
      vertex -2.97642 11.1081 225
      vertex -1.99695 11.3253 237
      vertex -2.97642 11.1081 237
    endloop
  endfacet
  facet normal 0.216494 -0.976284 0
    outer loop
      vertex -1.99695 11.3253 237
      vertex -2.97642 11.1081 225
      vertex -1.99695 11.3253 225
    endloop
  endfacet
  facet normal -0.95374 0.300632 0
    outer loop
      vertex 10.8065 -3.93323 225
      vertex 11.1081 -2.97642 237
      vertex 11.1081 -2.97642 225
    endloop
  endfacet
  facet normal -0.95374 0.300632 0
    outer loop
      vertex 11.1081 -2.97642 237
      vertex 10.8065 -3.93323 225
      vertex 10.8065 -3.93323 237
    endloop
  endfacet
  facet normal 0.216494 0.976284 -0
    outer loop
      vertex -1.99695 -11.3253 225
      vertex -2.97642 -11.1081 237
      vertex -1.99695 -11.3253 237
    endloop
  endfacet
  facet normal 0.216494 0.976284 0
    outer loop
      vertex -2.97642 -11.1081 237
      vertex -1.99695 -11.3253 225
      vertex -2.97642 -11.1081 225
    endloop
  endfacet
  facet normal 0.675589 0.737279 -0
    outer loop
      vertex -7.39206 -8.80951 225
      vertex -8.13173 -8.13173 237
      vertex -7.39206 -8.80951 237
    endloop
  endfacet
  facet normal 0.675589 0.737279 0
    outer loop
      vertex -8.13173 -8.13173 237
      vertex -7.39206 -8.80951 225
      vertex -8.13173 -8.13173 225
    endloop
  endfacet
  facet normal -0.991451 -0.130478 0
    outer loop
      vertex 11.4562 1.00229 225
      vertex 11.3253 1.99695 237
      vertex 11.3253 1.99695 225
    endloop
  endfacet
  facet normal -0.991451 -0.130478 0
    outer loop
      vertex 11.3253 1.99695 237
      vertex 11.4562 1.00229 225
      vertex 11.4562 1.00229 237
    endloop
  endfacet
  facet normal -0.976284 -0.216494 0
    outer loop
      vertex 11.3253 1.99695 225
      vertex 11.1081 2.97642 237
      vertex 11.1081 2.97642 225
    endloop
  endfacet
  facet normal -0.976284 -0.216494 0
    outer loop
      vertex 11.1081 2.97642 237
      vertex 11.3253 1.99695 225
      vertex 11.3253 1.99695 237
    endloop
  endfacet
  facet normal -0.737279 -0.675589 0
    outer loop
      vertex 8.80951 7.39206 225
      vertex 8.13173 8.13173 237
      vertex 8.13173 8.13173 225
    endloop
  endfacet
  facet normal -0.737279 -0.675589 0
    outer loop
      vertex 8.13173 8.13173 237
      vertex 8.80951 7.39206 225
      vertex 8.80951 7.39206 237
    endloop
  endfacet
  facet normal -0.793353 -0.608762 0
    outer loop
      vertex 9.42025 6.59613 225
      vertex 8.80951 7.39206 237
      vertex 8.80951 7.39206 225
    endloop
  endfacet
  facet normal -0.793353 -0.608762 0
    outer loop
      vertex 8.80951 7.39206 237
      vertex 9.42025 6.59613 225
      vertex 9.42025 6.59613 237
    endloop
  endfacet
  facet normal -0.675589 -0.737279 0
    outer loop
      vertex 7.39206 8.80951 225
      vertex 8.13173 8.13173 237
      vertex 7.39206 8.80951 237
    endloop
  endfacet
  facet normal -0.675589 -0.737279 -0
    outer loop
      vertex 8.13173 8.13173 237
      vertex 7.39206 8.80951 225
      vertex 8.13173 8.13173 225
    endloop
  endfacet
  facet normal -0.537297 -0.843393 0
    outer loop
      vertex 5.75 9.95929 225
      vertex 6.59613 9.42025 237
      vertex 5.75 9.95929 237
    endloop
  endfacet
  facet normal -0.537297 -0.843393 -0
    outer loop
      vertex 6.59613 9.42025 237
      vertex 5.75 9.95929 225
      vertex 6.59613 9.42025 225
    endloop
  endfacet
  facet normal -0.0436583 -0.999047 0
    outer loop
      vertex 0 11.5 225
      vertex 1.00229 11.4562 237
      vertex 0 11.5 237
    endloop
  endfacet
  facet normal -0.0436583 -0.999047 -0
    outer loop
      vertex 1.00229 11.4562 237
      vertex 0 11.5 225
      vertex 1.00229 11.4562 225
    endloop
  endfacet
  facet normal -0.461719 -0.887026 0
    outer loop
      vertex 4.86011 10.4225 225
      vertex 5.75 9.95929 237
      vertex 4.86011 10.4225 237
    endloop
  endfacet
  facet normal -0.461719 -0.887026 -0
    outer loop
      vertex 5.75 9.95929 237
      vertex 4.86011 10.4225 225
      vertex 5.75 9.95929 225
    endloop
  endfacet
  facet normal -0.300632 -0.95374 0
    outer loop
      vertex 2.97642 11.1081 225
      vertex 3.93323 10.8065 237
      vertex 2.97642 11.1081 237
    endloop
  endfacet
  facet normal -0.300632 -0.95374 -0
    outer loop
      vertex 3.93323 10.8065 237
      vertex 2.97642 11.1081 225
      vertex 3.93323 10.8065 225
    endloop
  endfacet
  facet normal -0.216494 -0.976284 0
    outer loop
      vertex 1.99695 11.3253 225
      vertex 2.97642 11.1081 237
      vertex 1.99695 11.3253 237
    endloop
  endfacet
  facet normal -0.216494 -0.976284 -0
    outer loop
      vertex 2.97642 11.1081 237
      vertex 1.99695 11.3253 225
      vertex 2.97642 11.1081 225
    endloop
  endfacet
  facet normal 0.999047 -0.0436583 0
    outer loop
      vertex -11.5 0 237
      vertex -11.4562 1.00229 225
      vertex -11.4562 1.00229 237
    endloop
  endfacet
  facet normal 0.999047 -0.0436583 0
    outer loop
      vertex -11.4562 1.00229 225
      vertex -11.5 0 237
      vertex -11.5 0 225
    endloop
  endfacet
  facet normal 0.923854 -0.382746 0
    outer loop
      vertex -10.8065 3.93323 237
      vertex -10.4225 4.86011 225
      vertex -10.4225 4.86011 237
    endloop
  endfacet
  facet normal 0.923854 -0.382746 0
    outer loop
      vertex -10.4225 4.86011 225
      vertex -10.8065 3.93323 237
      vertex -10.8065 3.93323 225
    endloop
  endfacet
  facet normal 0.95374 -0.300632 0
    outer loop
      vertex -11.1081 2.97642 237
      vertex -10.8065 3.93323 225
      vertex -10.8065 3.93323 237
    endloop
  endfacet
  facet normal 0.95374 -0.300632 0
    outer loop
      vertex -10.8065 3.93323 225
      vertex -11.1081 2.97642 237
      vertex -11.1081 2.97642 225
    endloop
  endfacet
  facet normal 0.843393 -0.537297 0
    outer loop
      vertex -9.95929 5.75 237
      vertex -9.42025 6.59613 225
      vertex -9.42025 6.59613 237
    endloop
  endfacet
  facet normal 0.843393 -0.537297 0
    outer loop
      vertex -9.42025 6.59613 225
      vertex -9.95929 5.75 237
      vertex -9.95929 5.75 225
    endloop
  endfacet
  facet normal 0.793353 -0.608762 0
    outer loop
      vertex -9.42025 6.59613 237
      vertex -8.80951 7.39206 225
      vertex -8.80951 7.39206 237
    endloop
  endfacet
  facet normal 0.793353 -0.608762 0
    outer loop
      vertex -8.80951 7.39206 225
      vertex -9.42025 6.59613 237
      vertex -9.42025 6.59613 225
    endloop
  endfacet
  facet normal 0.0436583 -0.999047 0
    outer loop
      vertex -1.00229 11.4562 225
      vertex 0 11.5 237
      vertex -1.00229 11.4562 237
    endloop
  endfacet
  facet normal 0.0436583 -0.999047 0
    outer loop
      vertex 0 11.5 237
      vertex -1.00229 11.4562 225
      vertex 0 11.5 225
    endloop
  endfacet
  facet normal 0.300632 -0.95374 0
    outer loop
      vertex -3.93323 10.8065 225
      vertex -2.97642 11.1081 237
      vertex -3.93323 10.8065 237
    endloop
  endfacet
  facet normal 0.300632 -0.95374 0
    outer loop
      vertex -2.97642 11.1081 237
      vertex -3.93323 10.8065 225
      vertex -2.97642 11.1081 225
    endloop
  endfacet
  facet normal 0.537297 -0.843393 0
    outer loop
      vertex -6.59613 9.42025 225
      vertex -5.75 9.95929 237
      vertex -6.59613 9.42025 237
    endloop
  endfacet
  facet normal 0.537297 -0.843393 0
    outer loop
      vertex -5.75 9.95929 237
      vertex -6.59613 9.42025 225
      vertex -5.75 9.95929 225
    endloop
  endfacet
  facet normal 0.608762 -0.793353 0
    outer loop
      vertex -7.39206 8.80951 225
      vertex -6.59613 9.42025 237
      vertex -7.39206 8.80951 237
    endloop
  endfacet
  facet normal 0.608762 -0.793353 0
    outer loop
      vertex -6.59613 9.42025 237
      vertex -7.39206 8.80951 225
      vertex -6.59613 9.42025 225
    endloop
  endfacet
  facet normal 0.461719 -0.887026 0
    outer loop
      vertex -5.75 9.95929 225
      vertex -4.86011 10.4225 237
      vertex -5.75 9.95929 237
    endloop
  endfacet
  facet normal 0.461719 -0.887026 0
    outer loop
      vertex -4.86011 10.4225 237
      vertex -5.75 9.95929 225
      vertex -4.86011 10.4225 225
    endloop
  endfacet
  facet normal 0.675589 -0.737279 0
    outer loop
      vertex -8.13173 8.13173 225
      vertex -7.39206 8.80951 237
      vertex -8.13173 8.13173 237
    endloop
  endfacet
  facet normal 0.675589 -0.737279 0
    outer loop
      vertex -7.39206 8.80951 237
      vertex -8.13173 8.13173 225
      vertex -7.39206 8.80951 225
    endloop
  endfacet
  facet normal -0.999047 -0.0436583 0
    outer loop
      vertex 11.5 0 225
      vertex 11.4562 1.00229 237
      vertex 11.4562 1.00229 225
    endloop
  endfacet
  facet normal -0.999047 -0.0436583 0
    outer loop
      vertex 11.4562 1.00229 237
      vertex 11.5 0 225
      vertex 11.5 0 237
    endloop
  endfacet
  facet normal -0.976284 0.216494 0
    outer loop
      vertex 11.1081 -2.97642 225
      vertex 11.3253 -1.99695 237
      vertex 11.3253 -1.99695 225
    endloop
  endfacet
  facet normal -0.976284 0.216494 0
    outer loop
      vertex 11.3253 -1.99695 237
      vertex 11.1081 -2.97642 225
      vertex 11.1081 -2.97642 237
    endloop
  endfacet
  facet normal -0.793353 0.608762 0
    outer loop
      vertex 8.80951 -7.39206 225
      vertex 9.42025 -6.59613 237
      vertex 9.42025 -6.59613 225
    endloop
  endfacet
  facet normal -0.793353 0.608762 0
    outer loop
      vertex 9.42025 -6.59613 237
      vertex 8.80951 -7.39206 225
      vertex 8.80951 -7.39206 237
    endloop
  endfacet
  facet normal -0.300632 0.95374 0
    outer loop
      vertex 3.93323 -10.8065 225
      vertex 2.97642 -11.1081 237
      vertex 3.93323 -10.8065 237
    endloop
  endfacet
  facet normal -0.300632 0.95374 0
    outer loop
      vertex 2.97642 -11.1081 237
      vertex 3.93323 -10.8065 225
      vertex 2.97642 -11.1081 225
    endloop
  endfacet
  facet normal -0.608762 0.793353 0
    outer loop
      vertex 7.39206 -8.80951 225
      vertex 6.59613 -9.42025 237
      vertex 7.39206 -8.80951 237
    endloop
  endfacet
  facet normal -0.608762 0.793353 0
    outer loop
      vertex 6.59613 -9.42025 237
      vertex 7.39206 -8.80951 225
      vertex 6.59613 -9.42025 225
    endloop
  endfacet
  facet normal -0.461719 0.887026 0
    outer loop
      vertex 5.75 -9.95929 225
      vertex 4.86011 -10.4225 237
      vertex 5.75 -9.95929 237
    endloop
  endfacet
  facet normal -0.461719 0.887026 0
    outer loop
      vertex 4.86011 -10.4225 237
      vertex 5.75 -9.95929 225
      vertex 4.86011 -10.4225 225
    endloop
  endfacet
  facet normal 0.0436583 0.999047 -0
    outer loop
      vertex 0 -11.5 225
      vertex -1.00229 -11.4562 237
      vertex 0 -11.5 237
    endloop
  endfacet
  facet normal 0.0436583 0.999047 0
    outer loop
      vertex -1.00229 -11.4562 237
      vertex 0 -11.5 225
      vertex -1.00229 -11.4562 225
    endloop
  endfacet
  facet normal 0.382746 0.923854 -0
    outer loop
      vertex -3.93323 -10.8065 225
      vertex -4.86011 -10.4225 237
      vertex -3.93323 -10.8065 237
    endloop
  endfacet
  facet normal 0.382746 0.923854 0
    outer loop
      vertex -4.86011 -10.4225 237
      vertex -3.93323 -10.8065 225
      vertex -4.86011 -10.4225 225
    endloop
  endfacet
  facet normal 0.537297 0.843393 -0
    outer loop
      vertex -5.75 -9.95929 225
      vertex -6.59613 -9.42025 237
      vertex -5.75 -9.95929 237
    endloop
  endfacet
  facet normal 0.537297 0.843393 0
    outer loop
      vertex -6.59613 -9.42025 237
      vertex -5.75 -9.95929 225
      vertex -6.59613 -9.42025 225
    endloop
  endfacet
  facet normal 0.95374 0.300632 0
    outer loop
      vertex -10.8065 -3.93323 237
      vertex -11.1081 -2.97642 225
      vertex -11.1081 -2.97642 237
    endloop
  endfacet
  facet normal 0.95374 0.300632 0
    outer loop
      vertex -11.1081 -2.97642 225
      vertex -10.8065 -3.93323 237
      vertex -10.8065 -3.93323 225
    endloop
  endfacet
  facet normal 0.999047 0.0436583 0
    outer loop
      vertex -11.4562 -1.00229 237
      vertex -11.5 0 225
      vertex -11.5 0 237
    endloop
  endfacet
  facet normal 0.999047 0.0436583 0
    outer loop
      vertex -11.5 0 225
      vertex -11.4562 -1.00229 237
      vertex -11.4562 -1.00229 225
    endloop
  endfacet
  facet normal 0.793353 0.608762 0
    outer loop
      vertex -8.80951 -7.39206 237
      vertex -9.42025 -6.59613 225
      vertex -9.42025 -6.59613 237
    endloop
  endfacet
  facet normal 0.793353 0.608762 0
    outer loop
      vertex -9.42025 -6.59613 225
      vertex -8.80951 -7.39206 237
      vertex -8.80951 -7.39206 225
    endloop
  endfacet
  facet normal 0.887026 0.461719 0
    outer loop
      vertex -9.95929 -5.75 237
      vertex -10.4225 -4.86011 225
      vertex -10.4225 -4.86011 237
    endloop
  endfacet
  facet normal 0.887026 0.461719 0
    outer loop
      vertex -10.4225 -4.86011 225
      vertex -9.95929 -5.75 237
      vertex -9.95929 -5.75 225
    endloop
  endfacet
  facet normal -0.923854 -0.382746 0
    outer loop
      vertex 10.8065 3.93323 225
      vertex 10.4225 4.86011 237
      vertex 10.4225 4.86011 225
    endloop
  endfacet
  facet normal -0.923854 -0.382746 0
    outer loop
      vertex 10.4225 4.86011 237
      vertex 10.8065 3.93323 225
      vertex 10.8065 3.93323 237
    endloop
  endfacet
  facet normal -0.95374 -0.300632 0
    outer loop
      vertex 11.1081 2.97642 225
      vertex 10.8065 3.93323 237
      vertex 10.8065 3.93323 225
    endloop
  endfacet
  facet normal -0.95374 -0.300632 0
    outer loop
      vertex 10.8065 3.93323 237
      vertex 11.1081 2.97642 225
      vertex 11.1081 2.97642 237
    endloop
  endfacet
  facet normal 0.991451 -0.130478 0
    outer loop
      vertex -11.4562 1.00229 237
      vertex -11.3253 1.99695 225
      vertex -11.3253 1.99695 237
    endloop
  endfacet
  facet normal 0.991451 -0.130478 0
    outer loop
      vertex -11.3253 1.99695 225
      vertex -11.4562 1.00229 237
      vertex -11.4562 1.00229 225
    endloop
  endfacet
  facet normal 0.130478 -0.991451 0
    outer loop
      vertex -1.99695 11.3253 225
      vertex -1.00229 11.4562 237
      vertex -1.99695 11.3253 237
    endloop
  endfacet
  facet normal 0.130478 -0.991451 0
    outer loop
      vertex -1.00229 11.4562 237
      vertex -1.99695 11.3253 225
      vertex -1.00229 11.4562 225
    endloop
  endfacet
  facet normal -0.991451 0.130478 0
    outer loop
      vertex 11.3253 -1.99695 225
      vertex 11.4562 -1.00229 237
      vertex 11.4562 -1.00229 225
    endloop
  endfacet
  facet normal -0.991451 0.130478 0
    outer loop
      vertex 11.4562 -1.00229 237
      vertex 11.3253 -1.99695 225
      vertex 11.3253 -1.99695 237
    endloop
  endfacet
  facet normal -0.216494 0.976284 0
    outer loop
      vertex 2.97642 -11.1081 225
      vertex 1.99695 -11.3253 237
      vertex 2.97642 -11.1081 237
    endloop
  endfacet
  facet normal -0.216494 0.976284 0
    outer loop
      vertex 1.99695 -11.3253 237
      vertex 2.97642 -11.1081 225
      vertex 1.99695 -11.3253 225
    endloop
  endfacet
  facet normal -0.0436583 0.999047 0
    outer loop
      vertex 1.00229 -11.4562 225
      vertex 0 -11.5 237
      vertex 1.00229 -11.4562 237
    endloop
  endfacet
  facet normal -0.0436583 0.999047 0
    outer loop
      vertex 0 -11.5 237
      vertex 1.00229 -11.4562 225
      vertex 0 -11.5 225
    endloop
  endfacet
  facet normal -0.887026 0.461719 0
    outer loop
      vertex 9.95929 -5.75 225
      vertex 10.4225 -4.86011 237
      vertex 10.4225 -4.86011 225
    endloop
  endfacet
  facet normal -0.887026 0.461719 0
    outer loop
      vertex 10.4225 -4.86011 237
      vertex 9.95929 -5.75 225
      vertex 9.95929 -5.75 237
    endloop
  endfacet
  facet normal -0.130478 0.991451 0
    outer loop
      vertex 1.99695 -11.3253 225
      vertex 1.00229 -11.4562 237
      vertex 1.99695 -11.3253 237
    endloop
  endfacet
  facet normal -0.130478 0.991451 0
    outer loop
      vertex 1.00229 -11.4562 237
      vertex 1.99695 -11.3253 225
      vertex 1.00229 -11.4562 225
    endloop
  endfacet
  facet normal -0.382746 0.923854 0
    outer loop
      vertex 4.86011 -10.4225 225
      vertex 3.93323 -10.8065 237
      vertex 4.86011 -10.4225 237
    endloop
  endfacet
  facet normal -0.382746 0.923854 0
    outer loop
      vertex 3.93323 -10.8065 237
      vertex 4.86011 -10.4225 225
      vertex 3.93323 -10.8065 225
    endloop
  endfacet
  facet normal -0.737279 0.675589 0
    outer loop
      vertex 8.13173 -8.13173 225
      vertex 8.80951 -7.39206 237
      vertex 8.80951 -7.39206 225
    endloop
  endfacet
  facet normal -0.737279 0.675589 0
    outer loop
      vertex 8.80951 -7.39206 237
      vertex 8.13173 -8.13173 225
      vertex 8.13173 -8.13173 237
    endloop
  endfacet
  facet normal -0.675589 0.737279 0
    outer loop
      vertex 8.13173 -8.13173 225
      vertex 7.39206 -8.80951 237
      vertex 8.13173 -8.13173 237
    endloop
  endfacet
  facet normal -0.675589 0.737279 0
    outer loop
      vertex 7.39206 -8.80951 237
      vertex 8.13173 -8.13173 225
      vertex 7.39206 -8.80951 225
    endloop
  endfacet
  facet normal -0.537297 0.843393 0
    outer loop
      vertex 6.59613 -9.42025 225
      vertex 5.75 -9.95929 237
      vertex 6.59613 -9.42025 237
    endloop
  endfacet
  facet normal -0.537297 0.843393 0
    outer loop
      vertex 5.75 -9.95929 237
      vertex 6.59613 -9.42025 225
      vertex 5.75 -9.95929 225
    endloop
  endfacet
  facet normal 0.130478 0.991451 -0
    outer loop
      vertex -1.00229 -11.4562 225
      vertex -1.99695 -11.3253 237
      vertex -1.00229 -11.4562 237
    endloop
  endfacet
  facet normal 0.130478 0.991451 0
    outer loop
      vertex -1.99695 -11.3253 237
      vertex -1.00229 -11.4562 225
      vertex -1.99695 -11.3253 225
    endloop
  endfacet
  facet normal 0.300632 0.95374 -0
    outer loop
      vertex -2.97642 -11.1081 225
      vertex -3.93323 -10.8065 237
      vertex -2.97642 -11.1081 237
    endloop
  endfacet
  facet normal 0.300632 0.95374 0
    outer loop
      vertex -3.93323 -10.8065 237
      vertex -2.97642 -11.1081 225
      vertex -3.93323 -10.8065 225
    endloop
  endfacet
  facet normal 0.608762 0.793353 -0
    outer loop
      vertex -6.59613 -9.42025 225
      vertex -7.39206 -8.80951 237
      vertex -6.59613 -9.42025 237
    endloop
  endfacet
  facet normal 0.608762 0.793353 0
    outer loop
      vertex -7.39206 -8.80951 237
      vertex -6.59613 -9.42025 225
      vertex -7.39206 -8.80951 225
    endloop
  endfacet
  facet normal 0.923854 0.382746 0
    outer loop
      vertex -10.4225 -4.86011 237
      vertex -10.8065 -3.93323 225
      vertex -10.8065 -3.93323 237
    endloop
  endfacet
  facet normal 0.923854 0.382746 0
    outer loop
      vertex -10.8065 -3.93323 225
      vertex -10.4225 -4.86011 237
      vertex -10.4225 -4.86011 225
    endloop
  endfacet
  facet normal 0.976284 0.216494 0
    outer loop
      vertex -11.1081 -2.97642 237
      vertex -11.3253 -1.99695 225
      vertex -11.3253 -1.99695 237
    endloop
  endfacet
  facet normal 0.976284 0.216494 0
    outer loop
      vertex -11.3253 -1.99695 225
      vertex -11.1081 -2.97642 237
      vertex -11.1081 -2.97642 225
    endloop
  endfacet
  facet normal 0.991451 0.130478 0
    outer loop
      vertex -11.3253 -1.99695 237
      vertex -11.4562 -1.00229 225
      vertex -11.4562 -1.00229 237
    endloop
  endfacet
  facet normal 0.991451 0.130478 0
    outer loop
      vertex -11.4562 -1.00229 225
      vertex -11.3253 -1.99695 237
      vertex -11.3253 -1.99695 225
    endloop
  endfacet
  facet normal 0.843393 0.537297 0
    outer loop
      vertex -9.42025 -6.59613 237
      vertex -9.95929 -5.75 225
      vertex -9.95929 -5.75 237
    endloop
  endfacet
  facet normal 0.843393 0.537297 0
    outer loop
      vertex -9.95929 -5.75 225
      vertex -9.42025 -6.59613 237
      vertex -9.42025 -6.59613 225
    endloop
  endfacet
  facet normal 0.737279 0.675589 0
    outer loop
      vertex -8.13173 -8.13173 237
      vertex -8.80951 -7.39206 225
      vertex -8.80951 -7.39206 237
    endloop
  endfacet
  facet normal 0.737279 0.675589 0
    outer loop
      vertex -8.80951 -7.39206 225
      vertex -8.13173 -8.13173 237
      vertex -8.13173 -8.13173 225
    endloop
  endfacet
  facet normal -0.923854 0.382746 0
    outer loop
      vertex 10.4225 -4.86011 225
      vertex 10.8065 -3.93323 237
      vertex 10.8065 -3.93323 225
    endloop
  endfacet
  facet normal -0.923854 0.382746 0
    outer loop
      vertex 10.8065 -3.93323 237
      vertex 10.4225 -4.86011 225
      vertex 10.4225 -4.86011 237
    endloop
  endfacet
  facet normal -0.843393 0.537297 0
    outer loop
      vertex 9.42025 -6.59613 225
      vertex 9.95929 -5.75 237
      vertex 9.95929 -5.75 225
    endloop
  endfacet
  facet normal -0.843393 0.537297 0
    outer loop
      vertex 9.95929 -5.75 237
      vertex 9.42025 -6.59613 225
      vertex 9.42025 -6.59613 237
    endloop
  endfacet
  facet normal 0.675616 0.737253 -0
    outer loop
      vertex 24.7487 24.7487 203
      vertex 22.4976 26.8116 213
      vertex 24.7487 24.7487 213
    endloop
  endfacet
  facet normal 0.675616 0.737253 0
    outer loop
      vertex 22.4976 26.8116 213
      vertex 24.7487 24.7487 203
      vertex 22.4976 26.8116 203
    endloop
  endfacet
  facet normal -0.300718 0.953713 0
    outer loop
      vertex -9.05867 33.8074 203
      vertex -11.9707 32.8892 213
      vertex -9.05867 33.8074 213
    endloop
  endfacet
  facet normal -0.300718 0.953713 0
    outer loop
      vertex -11.9707 32.8892 213
      vertex -9.05867 33.8074 203
      vertex -11.9707 32.8892 203
    endloop
  endfacet
  facet normal -0.923886 0.382668 0
    outer loop
      vertex -32.8892 11.9707 203
      vertex -31.7208 14.7916 213
      vertex -31.7208 14.7916 203
    endloop
  endfacet
  facet normal -0.923886 0.382668 0
    outer loop
      vertex -31.7208 14.7916 213
      vertex -32.8892 11.9707 203
      vertex -32.8892 11.9707 213
    endloop
  endfacet
  facet normal 0.923886 -0.382668 0
    outer loop
      vertex 31.7208 -14.7916 213
      vertex 32.8892 -11.9707 203
      vertex 32.8892 -11.9707 213
    endloop
  endfacet
  facet normal 0.923886 -0.382668 0
    outer loop
      vertex 32.8892 -11.9707 203
      vertex 31.7208 -14.7916 213
      vertex 31.7208 -14.7916 203
    endloop
  endfacet
  facet normal -0.382668 -0.923886 0
    outer loop
      vertex -14.7916 -31.7208 203
      vertex -11.9707 -32.8892 213
      vertex -14.7916 -31.7208 213
    endloop
  endfacet
  facet normal -0.382668 -0.923886 -0
    outer loop
      vertex -11.9707 -32.8892 213
      vertex -14.7916 -31.7208 203
      vertex -11.9707 -32.8892 203
    endloop
  endfacet
  facet normal 0.923886 0.382668 0
    outer loop
      vertex 32.8892 11.9707 213
      vertex 31.7208 14.7916 203
      vertex 31.7208 14.7916 213
    endloop
  endfacet
  facet normal 0.923886 0.382668 0
    outer loop
      vertex 31.7208 14.7916 203
      vertex 32.8892 11.9707 213
      vertex 32.8892 11.9707 203
    endloop
  endfacet
  facet normal 0.887011 0.461748 0
    outer loop
      vertex 31.7208 14.7916 213
      vertex 30.3109 17.5 203
      vertex 30.3109 17.5 213
    endloop
  endfacet
  facet normal 0.887011 0.461748 0
    outer loop
      vertex 30.3109 17.5 203
      vertex 31.7208 14.7916 213
      vertex 31.7208 14.7916 203
    endloop
  endfacet
  facet normal 0.382668 0.923886 -0
    outer loop
      vertex 14.7916 31.7208 203
      vertex 11.9707 32.8892 213
      vertex 14.7916 31.7208 213
    endloop
  endfacet
  facet normal 0.382668 0.923886 0
    outer loop
      vertex 11.9707 32.8892 213
      vertex 14.7916 31.7208 203
      vertex 11.9707 32.8892 203
    endloop
  endfacet
  facet normal -0.737253 0.675616 0
    outer loop
      vertex -26.8116 22.4976 203
      vertex -24.7487 24.7487 213
      vertex -24.7487 24.7487 203
    endloop
  endfacet
  facet normal -0.737253 0.675616 0
    outer loop
      vertex -24.7487 24.7487 213
      vertex -26.8116 22.4976 203
      vertex -26.8116 22.4976 213
    endloop
  endfacet
  facet normal -0.130512 0.991447 0
    outer loop
      vertex -3.05045 34.8668 203
      vertex -6.07769 34.4683 213
      vertex -3.05045 34.8668 213
    endloop
  endfacet
  facet normal -0.130512 0.991447 0
    outer loop
      vertex -6.07769 34.4683 213
      vertex -3.05045 34.8668 203
      vertex -6.07769 34.4683 203
    endloop
  endfacet
  facet normal 0.991447 -0.130512 0
    outer loop
      vertex 34.4683 -6.07769 213
      vertex 34.8668 -3.05045 203
      vertex 34.8668 -3.05045 213
    endloop
  endfacet
  facet normal 0.991447 -0.130512 0
    outer loop
      vertex 34.8668 -3.05045 203
      vertex 34.4683 -6.07769 213
      vertex 34.4683 -6.07769 203
    endloop
  endfacet
  facet normal 0.737253 -0.675616 0
    outer loop
      vertex 24.7487 -24.7487 213
      vertex 26.8116 -22.4976 203
      vertex 26.8116 -22.4976 213
    endloop
  endfacet
  facet normal 0.737253 -0.675616 0
    outer loop
      vertex 26.8116 -22.4976 203
      vertex 24.7487 -24.7487 213
      vertex 24.7487 -24.7487 203
    endloop
  endfacet
  facet normal -0.130512 -0.991447 0
    outer loop
      vertex -6.07769 -34.4683 203
      vertex -3.05045 -34.8668 213
      vertex -6.07769 -34.4683 213
    endloop
  endfacet
  facet normal -0.130512 -0.991447 -0
    outer loop
      vertex -3.05045 -34.8668 213
      vertex -6.07769 -34.4683 203
      vertex -3.05045 -34.8668 203
    endloop
  endfacet
  facet normal -0.675616 -0.737253 0
    outer loop
      vertex -24.7487 -24.7487 203
      vertex -22.4976 -26.8116 213
      vertex -24.7487 -24.7487 213
    endloop
  endfacet
  facet normal -0.675616 -0.737253 -0
    outer loop
      vertex -22.4976 -26.8116 213
      vertex -24.7487 -24.7487 203
      vertex -22.4976 -26.8116 203
    endloop
  endfacet
  facet normal -0.991447 -0.130512 0
    outer loop
      vertex -34.4683 -6.07769 203
      vertex -34.8668 -3.05045 213
      vertex -34.8668 -3.05045 203
    endloop
  endfacet
  facet normal -0.991447 -0.130512 0
    outer loop
      vertex -34.8668 -3.05045 213
      vertex -34.4683 -6.07769 203
      vertex -34.4683 -6.07769 213
    endloop
  endfacet
  facet normal 0.991447 0.130512 0
    outer loop
      vertex 34.8668 3.05045 213
      vertex 34.4683 6.07769 203
      vertex 34.4683 6.07769 213
    endloop
  endfacet
  facet normal 0.991447 0.130512 0
    outer loop
      vertex 34.4683 6.07769 203
      vertex 34.8668 3.05045 213
      vertex 34.8668 3.05045 203
    endloop
  endfacet
  facet normal 0.976294 0.21645 0
    outer loop
      vertex 34.4683 6.07769 213
      vertex 33.8074 9.05867 203
      vertex 33.8074 9.05867 213
    endloop
  endfacet
  facet normal 0.976294 0.21645 0
    outer loop
      vertex 33.8074 9.05867 203
      vertex 34.4683 6.07769 213
      vertex 34.4683 6.07769 203
    endloop
  endfacet
  facet normal 0.953713 0.300718 0
    outer loop
      vertex 33.8074 9.05867 213
      vertex 32.8892 11.9707 203
      vertex 32.8892 11.9707 213
    endloop
  endfacet
  facet normal 0.953713 0.300718 0
    outer loop
      vertex 32.8892 11.9707 203
      vertex 33.8074 9.05867 213
      vertex 33.8074 9.05867 203
    endloop
  endfacet
  facet normal 0.793365 0.608746 0
    outer loop
      vertex 28.6703 20.0752 213
      vertex 26.8116 22.4976 203
      vertex 26.8116 22.4976 213
    endloop
  endfacet
  facet normal 0.793365 0.608746 0
    outer loop
      vertex 26.8116 22.4976 203
      vertex 28.6703 20.0752 213
      vertex 28.6703 20.0752 203
    endloop
  endfacet
  facet normal 0.843389 0.537303 0
    outer loop
      vertex 30.3109 17.5 213
      vertex 28.6703 20.0752 203
      vertex 28.6703 20.0752 213
    endloop
  endfacet
  facet normal 0.843389 0.537303 0
    outer loop
      vertex 28.6703 20.0752 203
      vertex 30.3109 17.5 213
      vertex 30.3109 17.5 203
    endloop
  endfacet
  facet normal 0.737253 0.675616 0
    outer loop
      vertex 26.8116 22.4976 213
      vertex 24.7487 24.7487 203
      vertex 24.7487 24.7487 213
    endloop
  endfacet
  facet normal 0.737253 0.675616 0
    outer loop
      vertex 24.7487 24.7487 203
      vertex 26.8116 22.4976 213
      vertex 26.8116 22.4976 203
    endloop
  endfacet
  facet normal 0.537303 0.843389 -0
    outer loop
      vertex 20.0752 28.6703 203
      vertex 17.5 30.3109 213
      vertex 20.0752 28.6703 213
    endloop
  endfacet
  facet normal 0.537303 0.843389 0
    outer loop
      vertex 17.5 30.3109 213
      vertex 20.0752 28.6703 203
      vertex 17.5 30.3109 203
    endloop
  endfacet
  facet normal 0.0436241 0.999048 -0
    outer loop
      vertex 3.05045 34.8668 203
      vertex 0 35 213
      vertex 3.05045 34.8668 213
    endloop
  endfacet
  facet normal 0.0436241 0.999048 0
    outer loop
      vertex 0 35 213
      vertex 3.05045 34.8668 203
      vertex 0 35 203
    endloop
  endfacet
  facet normal 0.461748 0.887011 -0
    outer loop
      vertex 17.5 30.3109 203
      vertex 14.7916 31.7208 213
      vertex 17.5 30.3109 213
    endloop
  endfacet
  facet normal 0.461748 0.887011 0
    outer loop
      vertex 14.7916 31.7208 213
      vertex 17.5 30.3109 203
      vertex 14.7916 31.7208 203
    endloop
  endfacet
  facet normal 0.300718 0.953713 -0
    outer loop
      vertex 11.9707 32.8892 203
      vertex 9.05867 33.8074 213
      vertex 11.9707 32.8892 213
    endloop
  endfacet
  facet normal 0.300718 0.953713 0
    outer loop
      vertex 9.05867 33.8074 213
      vertex 11.9707 32.8892 203
      vertex 9.05867 33.8074 203
    endloop
  endfacet
  facet normal 0.21645 0.976294 -0
    outer loop
      vertex 9.05867 33.8074 203
      vertex 6.07769 34.4683 213
      vertex 9.05867 33.8074 213
    endloop
  endfacet
  facet normal 0.21645 0.976294 0
    outer loop
      vertex 6.07769 34.4683 213
      vertex 9.05867 33.8074 203
      vertex 6.07769 34.4683 203
    endloop
  endfacet
  facet normal -0.999048 0.0436241 0
    outer loop
      vertex -35 0 203
      vertex -34.8668 3.05045 213
      vertex -34.8668 3.05045 203
    endloop
  endfacet
  facet normal -0.999048 0.0436241 0
    outer loop
      vertex -34.8668 3.05045 213
      vertex -35 0 203
      vertex -35 0 213
    endloop
  endfacet
  facet normal -0.953713 0.300718 0
    outer loop
      vertex -33.8074 9.05867 203
      vertex -32.8892 11.9707 213
      vertex -32.8892 11.9707 203
    endloop
  endfacet
  facet normal -0.953713 0.300718 0
    outer loop
      vertex -32.8892 11.9707 213
      vertex -33.8074 9.05867 203
      vertex -33.8074 9.05867 213
    endloop
  endfacet
  facet normal -0.976294 0.21645 0
    outer loop
      vertex -34.4683 6.07769 203
      vertex -33.8074 9.05867 213
      vertex -33.8074 9.05867 203
    endloop
  endfacet
  facet normal -0.976294 0.21645 0
    outer loop
      vertex -33.8074 9.05867 213
      vertex -34.4683 6.07769 203
      vertex -34.4683 6.07769 213
    endloop
  endfacet
  facet normal -0.887011 0.461748 0
    outer loop
      vertex -31.7208 14.7916 203
      vertex -30.3109 17.5 213
      vertex -30.3109 17.5 203
    endloop
  endfacet
  facet normal -0.887011 0.461748 0
    outer loop
      vertex -30.3109 17.5 213
      vertex -31.7208 14.7916 203
      vertex -31.7208 14.7916 213
    endloop
  endfacet
  facet normal -0.843389 0.537303 0
    outer loop
      vertex -30.3109 17.5 203
      vertex -28.6703 20.0752 213
      vertex -28.6703 20.0752 203
    endloop
  endfacet
  facet normal -0.843389 0.537303 0
    outer loop
      vertex -28.6703 20.0752 213
      vertex -30.3109 17.5 203
      vertex -30.3109 17.5 213
    endloop
  endfacet
  facet normal -0.21645 0.976294 0
    outer loop
      vertex -6.07769 34.4683 203
      vertex -9.05867 33.8074 213
      vertex -6.07769 34.4683 213
    endloop
  endfacet
  facet normal -0.21645 0.976294 0
    outer loop
      vertex -9.05867 33.8074 213
      vertex -6.07769 34.4683 203
      vertex -9.05867 33.8074 203
    endloop
  endfacet
  facet normal -0.0436241 0.999048 0
    outer loop
      vertex 0 35 203
      vertex -3.05045 34.8668 213
      vertex 0 35 213
    endloop
  endfacet
  facet normal -0.0436241 0.999048 0
    outer loop
      vertex -3.05045 34.8668 213
      vertex 0 35 203
      vertex -3.05045 34.8668 203
    endloop
  endfacet
  facet normal -0.461748 0.887011 0
    outer loop
      vertex -14.7916 31.7208 203
      vertex -17.5 30.3109 213
      vertex -14.7916 31.7208 213
    endloop
  endfacet
  facet normal -0.461748 0.887011 0
    outer loop
      vertex -17.5 30.3109 213
      vertex -14.7916 31.7208 203
      vertex -17.5 30.3109 203
    endloop
  endfacet
  facet normal -0.537303 0.843389 0
    outer loop
      vertex -17.5 30.3109 203
      vertex -20.0752 28.6703 213
      vertex -17.5 30.3109 213
    endloop
  endfacet
  facet normal -0.537303 0.843389 0
    outer loop
      vertex -20.0752 28.6703 213
      vertex -17.5 30.3109 203
      vertex -20.0752 28.6703 203
    endloop
  endfacet
  facet normal -0.382668 0.923886 0
    outer loop
      vertex -11.9707 32.8892 203
      vertex -14.7916 31.7208 213
      vertex -11.9707 32.8892 213
    endloop
  endfacet
  facet normal -0.382668 0.923886 0
    outer loop
      vertex -14.7916 31.7208 213
      vertex -11.9707 32.8892 203
      vertex -14.7916 31.7208 203
    endloop
  endfacet
  facet normal 0.999048 0.0436241 0
    outer loop
      vertex 35 0 213
      vertex 34.8668 3.05045 203
      vertex 34.8668 3.05045 213
    endloop
  endfacet
  facet normal 0.999048 0.0436241 0
    outer loop
      vertex 34.8668 3.05045 203
      vertex 35 0 213
      vertex 35 0 203
    endloop
  endfacet
  facet normal 0.0436241 -0.999048 0
    outer loop
      vertex 0 -35 203
      vertex 3.05045 -34.8668 213
      vertex 0 -35 213
    endloop
  endfacet
  facet normal 0.0436241 -0.999048 0
    outer loop
      vertex 3.05045 -34.8668 213
      vertex 0 -35 203
      vertex 3.05045 -34.8668 203
    endloop
  endfacet
  facet normal 0.953713 -0.300718 0
    outer loop
      vertex 32.8892 -11.9707 213
      vertex 33.8074 -9.05867 203
      vertex 33.8074 -9.05867 213
    endloop
  endfacet
  facet normal 0.953713 -0.300718 0
    outer loop
      vertex 33.8074 -9.05867 203
      vertex 32.8892 -11.9707 213
      vertex 32.8892 -11.9707 203
    endloop
  endfacet
  facet normal 0.130512 -0.991447 0
    outer loop
      vertex 3.05045 -34.8668 203
      vertex 6.07769 -34.4683 213
      vertex 3.05045 -34.8668 213
    endloop
  endfacet
  facet normal 0.130512 -0.991447 0
    outer loop
      vertex 6.07769 -34.4683 213
      vertex 3.05045 -34.8668 203
      vertex 6.07769 -34.4683 203
    endloop
  endfacet
  facet normal 0.21645 -0.976294 0
    outer loop
      vertex 6.07769 -34.4683 203
      vertex 9.05867 -33.8074 213
      vertex 6.07769 -34.4683 213
    endloop
  endfacet
  facet normal 0.21645 -0.976294 0
    outer loop
      vertex 9.05867 -33.8074 213
      vertex 6.07769 -34.4683 203
      vertex 9.05867 -33.8074 203
    endloop
  endfacet
  facet normal 0.537303 -0.843389 0
    outer loop
      vertex 17.5 -30.3109 203
      vertex 20.0752 -28.6703 213
      vertex 17.5 -30.3109 213
    endloop
  endfacet
  facet normal 0.537303 -0.843389 0
    outer loop
      vertex 20.0752 -28.6703 213
      vertex 17.5 -30.3109 203
      vertex 20.0752 -28.6703 203
    endloop
  endfacet
  facet normal 0.382668 -0.923886 0
    outer loop
      vertex 11.9707 -32.8892 203
      vertex 14.7916 -31.7208 213
      vertex 11.9707 -32.8892 213
    endloop
  endfacet
  facet normal 0.382668 -0.923886 0
    outer loop
      vertex 14.7916 -31.7208 213
      vertex 11.9707 -32.8892 203
      vertex 14.7916 -31.7208 203
    endloop
  endfacet
  facet normal 0.887011 -0.461748 0
    outer loop
      vertex 30.3109 -17.5 213
      vertex 31.7208 -14.7916 203
      vertex 31.7208 -14.7916 213
    endloop
  endfacet
  facet normal 0.887011 -0.461748 0
    outer loop
      vertex 31.7208 -14.7916 203
      vertex 30.3109 -17.5 213
      vertex 30.3109 -17.5 203
    endloop
  endfacet
  facet normal -0.0436241 -0.999048 0
    outer loop
      vertex -3.05045 -34.8668 203
      vertex 0 -35 213
      vertex -3.05045 -34.8668 213
    endloop
  endfacet
  facet normal -0.0436241 -0.999048 -0
    outer loop
      vertex 0 -35 213
      vertex -3.05045 -34.8668 203
      vertex 0 -35 203
    endloop
  endfacet
  facet normal -0.300718 -0.953713 0
    outer loop
      vertex -11.9707 -32.8892 203
      vertex -9.05867 -33.8074 213
      vertex -11.9707 -32.8892 213
    endloop
  endfacet
  facet normal -0.300718 -0.953713 -0
    outer loop
      vertex -9.05867 -33.8074 213
      vertex -11.9707 -32.8892 203
      vertex -9.05867 -33.8074 203
    endloop
  endfacet
  facet normal -0.461748 -0.887011 0
    outer loop
      vertex -17.5 -30.3109 203
      vertex -14.7916 -31.7208 213
      vertex -17.5 -30.3109 213
    endloop
  endfacet
  facet normal -0.461748 -0.887011 -0
    outer loop
      vertex -14.7916 -31.7208 213
      vertex -17.5 -30.3109 203
      vertex -14.7916 -31.7208 203
    endloop
  endfacet
  facet normal -0.976294 -0.21645 0
    outer loop
      vertex -33.8074 -9.05867 203
      vertex -34.4683 -6.07769 213
      vertex -34.4683 -6.07769 203
    endloop
  endfacet
  facet normal -0.976294 -0.21645 0
    outer loop
      vertex -34.4683 -6.07769 213
      vertex -33.8074 -9.05867 203
      vertex -33.8074 -9.05867 213
    endloop
  endfacet
  facet normal -0.999048 -0.0436241 0
    outer loop
      vertex -34.8668 -3.05045 203
      vertex -35 0 213
      vertex -35 0 203
    endloop
  endfacet
  facet normal -0.999048 -0.0436241 0
    outer loop
      vertex -35 0 213
      vertex -34.8668 -3.05045 203
      vertex -34.8668 -3.05045 213
    endloop
  endfacet
  facet normal 0 0 -1
    outer loop
      vertex 11.5 0 203
      vertex 35 0 203
      vertex 34.8668 -3.05045 203
    endloop
  endfacet
  facet normal 0 0 -1
    outer loop
      vertex 11.4562 -1.00229 203
      vertex 34.8668 -3.05045 203
      vertex 34.4683 -6.07769 203
    endloop
  endfacet
  facet normal 0 0 -1
    outer loop
      vertex 35 0 203
      vertex 11.5 0 203
      vertex 34.8668 3.05045 203
    endloop
  endfacet
  facet normal 0 0 -1
    outer loop
      vertex 11.3253 -1.99695 203
      vertex 34.4683 -6.07769 203
      vertex 33.8074 -9.05867 203
    endloop
  endfacet
  facet normal 0 0 -1
    outer loop
      vertex 11.4562 1.00229 203
      vertex 34.8668 3.05045 203
      vertex 11.5 0 203
    endloop
  endfacet
  facet normal 0 0 -1
    outer loop
      vertex 11.1081 -2.97642 203
      vertex 33.8074 -9.05867 203
      vertex 32.8892 -11.9707 203
    endloop
  endfacet
  facet normal -0 0 -1
    outer loop
      vertex 34.8668 3.05045 203
      vertex 11.4562 1.00229 203
      vertex 34.4683 6.07769 203
    endloop
  endfacet
  facet normal 0 0 -1
    outer loop
      vertex 10.8065 -3.93323 203
      vertex 32.8892 -11.9707 203
      vertex 31.7208 -14.7916 203
    endloop
  endfacet
  facet normal 0 0 -1
    outer loop
      vertex 11.3253 1.99695 203
      vertex 34.4683 6.07769 203
      vertex 11.4562 1.00229 203
    endloop
  endfacet
  facet normal 0 0 -1
    outer loop
      vertex 10.4225 -4.86011 203
      vertex 31.7208 -14.7916 203
      vertex 30.3109 -17.5 203
    endloop
  endfacet
  facet normal -0 0 -1
    outer loop
      vertex 34.4683 6.07769 203
      vertex 11.3253 1.99695 203
      vertex 33.8074 9.05867 203
    endloop
  endfacet
  facet normal 0 0 -1
    outer loop
      vertex 9.95929 -5.75 203
      vertex 30.3109 -17.5 203
      vertex 28.6703 -20.0752 203
    endloop
  endfacet
  facet normal 0 0 -1
    outer loop
      vertex 11.1081 2.97642 203
      vertex 33.8074 9.05867 203
      vertex 11.3253 1.99695 203
    endloop
  endfacet
  facet normal 0 0 -1
    outer loop
      vertex 9.42025 -6.59613 203
      vertex 28.6703 -20.0752 203
      vertex 26.8116 -22.4976 203
    endloop
  endfacet
  facet normal -0 0 -1
    outer loop
      vertex 33.8074 9.05867 203
      vertex 11.1081 2.97642 203
      vertex 32.8892 11.9707 203
    endloop
  endfacet
  facet normal 0 0 -1
    outer loop
      vertex 8.80951 -7.39206 203
      vertex 26.8116 -22.4976 203
      vertex 24.7487 -24.7487 203
    endloop
  endfacet
  facet normal 0 0 -1
    outer loop
      vertex 10.8065 3.93323 203
      vertex 32.8892 11.9707 203
      vertex 11.1081 2.97642 203
    endloop
  endfacet
  facet normal 0 0 -1
    outer loop
      vertex 8.13173 -8.13173 203
      vertex 24.7487 -24.7487 203
      vertex 22.4976 -26.8116 203
    endloop
  endfacet
  facet normal -0 0 -1
    outer loop
      vertex 32.8892 11.9707 203
      vertex 10.8065 3.93323 203
      vertex 31.7208 14.7916 203
    endloop
  endfacet
  facet normal 0 0 -1
    outer loop
      vertex 7.39206 -8.80951 203
      vertex 22.4976 -26.8116 203
      vertex 20.0752 -28.6703 203
    endloop
  endfacet
  facet normal 0 0 -1
    outer loop
      vertex 10.4225 4.86011 203
      vertex 31.7208 14.7916 203
      vertex 10.8065 3.93323 203
    endloop
  endfacet
  facet normal 0 0 -1
    outer loop
      vertex 6.59613 -9.42025 203
      vertex 20.0752 -28.6703 203
      vertex 17.5 -30.3109 203
    endloop
  endfacet
  facet normal -0 0 -1
    outer loop
      vertex 31.7208 14.7916 203
      vertex 10.4225 4.86011 203
      vertex 30.3109 17.5 203
    endloop
  endfacet
  facet normal 0 0 -1
    outer loop
      vertex 5.75 -9.95929 203
      vertex 17.5 -30.3109 203
      vertex 14.7916 -31.7208 203
    endloop
  endfacet
  facet normal 0 0 -1
    outer loop
      vertex 9.95929 5.75 203
      vertex 30.3109 17.5 203
      vertex 10.4225 4.86011 203
    endloop
  endfacet
  facet normal 0 0 -1
    outer loop
      vertex 4.86011 -10.4225 203
      vertex 14.7916 -31.7208 203
      vertex 11.9707 -32.8892 203
    endloop
  endfacet
  facet normal -0 0 -1
    outer loop
      vertex 30.3109 17.5 203
      vertex 9.95929 5.75 203
      vertex 28.6703 20.0752 203
    endloop
  endfacet
  facet normal 0 0 -1
    outer loop
      vertex 9.42025 6.59613 203
      vertex 28.6703 20.0752 203
      vertex 9.95929 5.75 203
    endloop
  endfacet
  facet normal 0 0 -1
    outer loop
      vertex 34.8668 -3.05045 203
      vertex 11.4562 -1.00229 203
      vertex 11.5 0 203
    endloop
  endfacet
  facet normal 0 0 -1
    outer loop
      vertex 34.4683 -6.07769 203
      vertex 11.3253 -1.99695 203
      vertex 11.4562 -1.00229 203
    endloop
  endfacet
  facet normal 0 0 -1
    outer loop
      vertex 33.8074 -9.05867 203
      vertex 11.1081 -2.97642 203
      vertex 11.3253 -1.99695 203
    endloop
  endfacet
  facet normal 0 0 -1
    outer loop
      vertex 32.8892 -11.9707 203
      vertex 10.8065 -3.93323 203
      vertex 11.1081 -2.97642 203
    endloop
  endfacet
  facet normal 0 0 -1
    outer loop
      vertex 31.7208 -14.7916 203
      vertex 10.4225 -4.86011 203
      vertex 10.8065 -3.93323 203
    endloop
  endfacet
  facet normal 0 0 -1
    outer loop
      vertex 30.3109 -17.5 203
      vertex 9.95929 -5.75 203
      vertex 10.4225 -4.86011 203
    endloop
  endfacet
  facet normal 0 0 -1
    outer loop
      vertex 28.6703 -20.0752 203
      vertex 9.42025 -6.59613 203
      vertex 9.95929 -5.75 203
    endloop
  endfacet
  facet normal 0 0 -1
    outer loop
      vertex 3.93323 -10.8065 203
      vertex 11.9707 -32.8892 203
      vertex 9.05867 -33.8074 203
    endloop
  endfacet
  facet normal 0 0 -1
    outer loop
      vertex 26.8116 -22.4976 203
      vertex 8.80951 -7.39206 203
      vertex 9.42025 -6.59613 203
    endloop
  endfacet
  facet normal 0 0 -1
    outer loop
      vertex 24.7487 -24.7487 203
      vertex 8.13173 -8.13173 203
      vertex 8.80951 -7.39206 203
    endloop
  endfacet
  facet normal 0 0 -1
    outer loop
      vertex 22.4976 -26.8116 203
      vertex 7.39206 -8.80951 203
      vertex 8.13173 -8.13173 203
    endloop
  endfacet
  facet normal 0 0 -1
    outer loop
      vertex 20.0752 -28.6703 203
      vertex 6.59613 -9.42025 203
      vertex 7.39206 -8.80951 203
    endloop
  endfacet
  facet normal 0 0 -1
    outer loop
      vertex 2.97642 -11.1081 203
      vertex 9.05867 -33.8074 203
      vertex 6.07769 -34.4683 203
    endloop
  endfacet
  facet normal 0 0 -1
    outer loop
      vertex 17.5 -30.3109 203
      vertex 5.75 -9.95929 203
      vertex 6.59613 -9.42025 203
    endloop
  endfacet
  facet normal 0 0 -1
    outer loop
      vertex 14.7916 -31.7208 203
      vertex 4.86011 -10.4225 203
      vertex 5.75 -9.95929 203
    endloop
  endfacet
  facet normal 0 0 -1
    outer loop
      vertex 11.9707 -32.8892 203
      vertex 3.93323 -10.8065 203
      vertex 4.86011 -10.4225 203
    endloop
  endfacet
  facet normal 0 0 -1
    outer loop
      vertex 1.99695 -11.3253 203
      vertex 6.07769 -34.4683 203
      vertex 3.05045 -34.8668 203
    endloop
  endfacet
  facet normal 0 0 -1
    outer loop
      vertex 9.05867 -33.8074 203
      vertex 2.97642 -11.1081 203
      vertex 3.93323 -10.8065 203
    endloop
  endfacet
  facet normal 0 0 -1
    outer loop
      vertex 6.07769 -34.4683 203
      vertex 1.99695 -11.3253 203
      vertex 2.97642 -11.1081 203
    endloop
  endfacet
  facet normal 0 0 -1
    outer loop
      vertex 3.05045 -34.8668 203
      vertex 1.00229 -11.4562 203
      vertex 1.99695 -11.3253 203
    endloop
  endfacet
  facet normal 0 0 -1
    outer loop
      vertex 0 -35 203
      vertex 1.00229 -11.4562 203
      vertex 3.05045 -34.8668 203
    endloop
  endfacet
  facet normal 0 0 -1
    outer loop
      vertex 0 -35 203
      vertex 0 -11.5 203
      vertex 1.00229 -11.4562 203
    endloop
  endfacet
  facet normal 0 0 -1
    outer loop
      vertex 0 -35 203
      vertex -1.00229 -11.4562 203
      vertex 0 -11.5 203
    endloop
  endfacet
  facet normal 0 0 -1
    outer loop
      vertex -3.05045 -34.8668 203
      vertex -1.00229 -11.4562 203
      vertex 0 -35 203
    endloop
  endfacet
  facet normal -0 0 -1
    outer loop
      vertex -1.00229 -11.4562 203
      vertex -3.05045 -34.8668 203
      vertex -1.99695 -11.3253 203
    endloop
  endfacet
  facet normal 0 0 -1
    outer loop
      vertex -6.07769 -34.4683 203
      vertex -1.99695 -11.3253 203
      vertex -3.05045 -34.8668 203
    endloop
  endfacet
  facet normal -0 0 -1
    outer loop
      vertex -1.99695 -11.3253 203
      vertex -6.07769 -34.4683 203
      vertex -2.97642 -11.1081 203
    endloop
  endfacet
  facet normal 0 0 -1
    outer loop
      vertex -9.05867 -33.8074 203
      vertex -2.97642 -11.1081 203
      vertex -6.07769 -34.4683 203
    endloop
  endfacet
  facet normal -0 0 -1
    outer loop
      vertex -2.97642 -11.1081 203
      vertex -9.05867 -33.8074 203
      vertex -3.93323 -10.8065 203
    endloop
  endfacet
  facet normal 0 0 -1
    outer loop
      vertex -11.9707 -32.8892 203
      vertex -3.93323 -10.8065 203
      vertex -9.05867 -33.8074 203
    endloop
  endfacet
  facet normal -0 0 -1
    outer loop
      vertex -3.93323 -10.8065 203
      vertex -11.9707 -32.8892 203
      vertex -4.86011 -10.4225 203
    endloop
  endfacet
  facet normal 0 0 -1
    outer loop
      vertex -14.7916 -31.7208 203
      vertex -4.86011 -10.4225 203
      vertex -11.9707 -32.8892 203
    endloop
  endfacet
  facet normal -0 0 -1
    outer loop
      vertex -4.86011 -10.4225 203
      vertex -14.7916 -31.7208 203
      vertex -5.75 -9.95929 203
    endloop
  endfacet
  facet normal 0 0 -1
    outer loop
      vertex -17.5 -30.3109 203
      vertex -5.75 -9.95929 203
      vertex -14.7916 -31.7208 203
    endloop
  endfacet
  facet normal -0 0 -1
    outer loop
      vertex -5.75 -9.95929 203
      vertex -17.5 -30.3109 203
      vertex -6.59613 -9.42025 203
    endloop
  endfacet
  facet normal 0 0 -1
    outer loop
      vertex -20.0752 -28.6703 203
      vertex -6.59613 -9.42025 203
      vertex -17.5 -30.3109 203
    endloop
  endfacet
  facet normal -0 0 -1
    outer loop
      vertex -6.59613 -9.42025 203
      vertex -20.0752 -28.6703 203
      vertex -7.39206 -8.80951 203
    endloop
  endfacet
  facet normal 0 0 -1
    outer loop
      vertex -22.4976 -26.8116 203
      vertex -7.39206 -8.80951 203
      vertex -20.0752 -28.6703 203
    endloop
  endfacet
  facet normal -0 0 -1
    outer loop
      vertex -7.39206 -8.80951 203
      vertex -22.4976 -26.8116 203
      vertex -8.13173 -8.13173 203
    endloop
  endfacet
  facet normal 0 0 -1
    outer loop
      vertex -24.7487 -24.7487 203
      vertex -8.13173 -8.13173 203
      vertex -22.4976 -26.8116 203
    endloop
  endfacet
  facet normal -0 0 -1
    outer loop
      vertex -8.13173 -8.13173 203
      vertex -24.7487 -24.7487 203
      vertex -8.80951 -7.39206 203
    endloop
  endfacet
  facet normal 0 0 -1
    outer loop
      vertex -26.8116 -22.4976 203
      vertex -8.80951 -7.39206 203
      vertex -24.7487 -24.7487 203
    endloop
  endfacet
  facet normal 0 0 -1
    outer loop
      vertex -28.6703 -20.0752 203
      vertex -9.42025 -6.59613 203
      vertex -26.8116 -22.4976 203
    endloop
  endfacet
  facet normal -0 0 -1
    outer loop
      vertex -8.80951 -7.39206 203
      vertex -26.8116 -22.4976 203
      vertex -9.42025 -6.59613 203
    endloop
  endfacet
  facet normal -0 0 -1
    outer loop
      vertex 28.6703 20.0752 203
      vertex 9.42025 6.59613 203
      vertex 26.8116 22.4976 203
    endloop
  endfacet
  facet normal 0 0 -1
    outer loop
      vertex 8.80951 7.39206 203
      vertex 26.8116 22.4976 203
      vertex 9.42025 6.59613 203
    endloop
  endfacet
  facet normal -0 0 -1
    outer loop
      vertex 26.8116 22.4976 203
      vertex 8.80951 7.39206 203
      vertex 24.7487 24.7487 203
    endloop
  endfacet
  facet normal 0 0 -1
    outer loop
      vertex 8.13173 8.13173 203
      vertex 24.7487 24.7487 203
      vertex 8.80951 7.39206 203
    endloop
  endfacet
  facet normal -0 0 -1
    outer loop
      vertex 24.7487 24.7487 203
      vertex 8.13173 8.13173 203
      vertex 22.4976 26.8116 203
    endloop
  endfacet
  facet normal 0 0 -1
    outer loop
      vertex 7.39206 8.80951 203
      vertex 22.4976 26.8116 203
      vertex 8.13173 8.13173 203
    endloop
  endfacet
  facet normal -0 0 -1
    outer loop
      vertex 22.4976 26.8116 203
      vertex 7.39206 8.80951 203
      vertex 20.0752 28.6703 203
    endloop
  endfacet
  facet normal 0 0 -1
    outer loop
      vertex 6.59613 9.42025 203
      vertex 20.0752 28.6703 203
      vertex 7.39206 8.80951 203
    endloop
  endfacet
  facet normal -0 0 -1
    outer loop
      vertex 20.0752 28.6703 203
      vertex 6.59613 9.42025 203
      vertex 17.5 30.3109 203
    endloop
  endfacet
  facet normal 0 0 -1
    outer loop
      vertex 5.75 9.95929 203
      vertex 17.5 30.3109 203
      vertex 6.59613 9.42025 203
    endloop
  endfacet
  facet normal -0 0 -1
    outer loop
      vertex 17.5 30.3109 203
      vertex 5.75 9.95929 203
      vertex 14.7916 31.7208 203
    endloop
  endfacet
  facet normal 0 0 -1
    outer loop
      vertex 4.86011 10.4225 203
      vertex 14.7916 31.7208 203
      vertex 5.75 9.95929 203
    endloop
  endfacet
  facet normal -0 0 -1
    outer loop
      vertex 14.7916 31.7208 203
      vertex 4.86011 10.4225 203
      vertex 11.9707 32.8892 203
    endloop
  endfacet
  facet normal 0 0 -1
    outer loop
      vertex 3.93323 10.8065 203
      vertex 11.9707 32.8892 203
      vertex 4.86011 10.4225 203
    endloop
  endfacet
  facet normal -0 0 -1
    outer loop
      vertex 11.9707 32.8892 203
      vertex 3.93323 10.8065 203
      vertex 9.05867 33.8074 203
    endloop
  endfacet
  facet normal 0 0 -1
    outer loop
      vertex 2.97642 11.1081 203
      vertex 9.05867 33.8074 203
      vertex 3.93323 10.8065 203
    endloop
  endfacet
  facet normal -0 0 -1
    outer loop
      vertex 9.05867 33.8074 203
      vertex 2.97642 11.1081 203
      vertex 6.07769 34.4683 203
    endloop
  endfacet
  facet normal 0 0 -1
    outer loop
      vertex 1.99695 11.3253 203
      vertex 6.07769 34.4683 203
      vertex 2.97642 11.1081 203
    endloop
  endfacet
  facet normal -0 0 -1
    outer loop
      vertex 6.07769 34.4683 203
      vertex 1.99695 11.3253 203
      vertex 3.05045 34.8668 203
    endloop
  endfacet
  facet normal 0 0 -1
    outer loop
      vertex 1.00229 11.4562 203
      vertex 3.05045 34.8668 203
      vertex 1.99695 11.3253 203
    endloop
  endfacet
  facet normal 0 0 -1
    outer loop
      vertex 0 11.5 203
      vertex 3.05045 34.8668 203
      vertex 1.00229 11.4562 203
    endloop
  endfacet
  facet normal 0 0 -1
    outer loop
      vertex 0 11.5 203
      vertex 0 35 203
      vertex 3.05045 34.8668 203
    endloop
  endfacet
  facet normal 0 0 -1
    outer loop
      vertex -1.00229 11.4562 203
      vertex 0 35 203
      vertex 0 11.5 203
    endloop
  endfacet
  facet normal 0 0 -1
    outer loop
      vertex -3.05045 34.8668 203
      vertex -1.00229 11.4562 203
      vertex -1.99695 11.3253 203
    endloop
  endfacet
  facet normal 0 0 -1
    outer loop
      vertex -6.07769 34.4683 203
      vertex -1.99695 11.3253 203
      vertex -2.97642 11.1081 203
    endloop
  endfacet
  facet normal 0 0 -1
    outer loop
      vertex -1.00229 11.4562 203
      vertex -3.05045 34.8668 203
      vertex 0 35 203
    endloop
  endfacet
  facet normal 0 0 -1
    outer loop
      vertex -9.05867 33.8074 203
      vertex -2.97642 11.1081 203
      vertex -3.93323 10.8065 203
    endloop
  endfacet
  facet normal 0 0 -1
    outer loop
      vertex -11.9707 32.8892 203
      vertex -3.93323 10.8065 203
      vertex -4.86011 10.4225 203
    endloop
  endfacet
  facet normal 0 0 -1
    outer loop
      vertex -14.7916 31.7208 203
      vertex -4.86011 10.4225 203
      vertex -5.75 9.95929 203
    endloop
  endfacet
  facet normal 0 0 -1
    outer loop
      vertex -1.99695 11.3253 203
      vertex -6.07769 34.4683 203
      vertex -3.05045 34.8668 203
    endloop
  endfacet
  facet normal 0 0 -1
    outer loop
      vertex -17.5 30.3109 203
      vertex -5.75 9.95929 203
      vertex -6.59613 9.42025 203
    endloop
  endfacet
  facet normal 0 0 -1
    outer loop
      vertex -20.0752 28.6703 203
      vertex -6.59613 9.42025 203
      vertex -7.39206 8.80951 203
    endloop
  endfacet
  facet normal 0 0 -1
    outer loop
      vertex -22.4976 26.8116 203
      vertex -7.39206 8.80951 203
      vertex -8.13173 8.13173 203
    endloop
  endfacet
  facet normal 0 0 -1
    outer loop
      vertex -24.7487 24.7487 203
      vertex -8.13173 8.13173 203
      vertex -8.80951 7.39206 203
    endloop
  endfacet
  facet normal 0 0 -1
    outer loop
      vertex -2.97642 11.1081 203
      vertex -9.05867 33.8074 203
      vertex -6.07769 34.4683 203
    endloop
  endfacet
  facet normal 0 0 -1
    outer loop
      vertex -26.8116 22.4976 203
      vertex -8.80951 7.39206 203
      vertex -9.42025 6.59613 203
    endloop
  endfacet
  facet normal 0 0 -1
    outer loop
      vertex -28.6703 20.0752 203
      vertex -9.42025 6.59613 203
      vertex -9.95929 5.75 203
    endloop
  endfacet
  facet normal 0 0 -1
    outer loop
      vertex -30.3109 17.5 203
      vertex -9.95929 5.75 203
      vertex -10.4225 4.86011 203
    endloop
  endfacet
  facet normal 0 0 -1
    outer loop
      vertex -31.7208 14.7916 203
      vertex -10.4225 4.86011 203
      vertex -10.8065 3.93323 203
    endloop
  endfacet
  facet normal 0 0 -1
    outer loop
      vertex -32.8892 11.9707 203
      vertex -10.8065 3.93323 203
      vertex -11.1081 2.97642 203
    endloop
  endfacet
  facet normal 0 0 -1
    outer loop
      vertex -33.8074 9.05867 203
      vertex -11.1081 2.97642 203
      vertex -11.3253 1.99695 203
    endloop
  endfacet
  facet normal 0 0 -1
    outer loop
      vertex -34.4683 6.07769 203
      vertex -11.3253 1.99695 203
      vertex -11.4562 1.00229 203
    endloop
  endfacet
  facet normal 0 0 -1
    outer loop
      vertex -3.93323 10.8065 203
      vertex -11.9707 32.8892 203
      vertex -9.05867 33.8074 203
    endloop
  endfacet
  facet normal 0 0 -1
    outer loop
      vertex -34.8668 3.05045 203
      vertex -11.4562 1.00229 203
      vertex -11.5 0 203
    endloop
  endfacet
  facet normal -0 0 -1
    outer loop
      vertex -9.42025 -6.59613 203
      vertex -28.6703 -20.0752 203
      vertex -9.95929 -5.75 203
    endloop
  endfacet
  facet normal 0 0 -1
    outer loop
      vertex -30.3109 -17.5 203
      vertex -9.95929 -5.75 203
      vertex -28.6703 -20.0752 203
    endloop
  endfacet
  facet normal 0 0 -1
    outer loop
      vertex -4.86011 10.4225 203
      vertex -14.7916 31.7208 203
      vertex -11.9707 32.8892 203
    endloop
  endfacet
  facet normal -0 0 -1
    outer loop
      vertex -9.95929 -5.75 203
      vertex -30.3109 -17.5 203
      vertex -10.4225 -4.86011 203
    endloop
  endfacet
  facet normal 0 0 -1
    outer loop
      vertex -5.75 9.95929 203
      vertex -17.5 30.3109 203
      vertex -14.7916 31.7208 203
    endloop
  endfacet
  facet normal 0 0 -1
    outer loop
      vertex -31.7208 -14.7916 203
      vertex -10.4225 -4.86011 203
      vertex -30.3109 -17.5 203
    endloop
  endfacet
  facet normal 0 0 -1
    outer loop
      vertex -6.59613 9.42025 203
      vertex -20.0752 28.6703 203
      vertex -17.5 30.3109 203
    endloop
  endfacet
  facet normal -0 0 -1
    outer loop
      vertex -10.4225 -4.86011 203
      vertex -31.7208 -14.7916 203
      vertex -10.8065 -3.93323 203
    endloop
  endfacet
  facet normal 0 0 -1
    outer loop
      vertex -7.39206 8.80951 203
      vertex -22.4976 26.8116 203
      vertex -20.0752 28.6703 203
    endloop
  endfacet
  facet normal 0 0 -1
    outer loop
      vertex -32.8892 -11.9707 203
      vertex -10.8065 -3.93323 203
      vertex -31.7208 -14.7916 203
    endloop
  endfacet
  facet normal 0 0 -1
    outer loop
      vertex -8.13173 8.13173 203
      vertex -24.7487 24.7487 203
      vertex -22.4976 26.8116 203
    endloop
  endfacet
  facet normal -0 0 -1
    outer loop
      vertex -10.8065 -3.93323 203
      vertex -32.8892 -11.9707 203
      vertex -11.1081 -2.97642 203
    endloop
  endfacet
  facet normal 0 0 -1
    outer loop
      vertex -8.80951 7.39206 203
      vertex -26.8116 22.4976 203
      vertex -24.7487 24.7487 203
    endloop
  endfacet
  facet normal 0 0 -1
    outer loop
      vertex -33.8074 -9.05867 203
      vertex -11.1081 -2.97642 203
      vertex -32.8892 -11.9707 203
    endloop
  endfacet
  facet normal 0 0 -1
    outer loop
      vertex -9.42025 6.59613 203
      vertex -28.6703 20.0752 203
      vertex -26.8116 22.4976 203
    endloop
  endfacet
  facet normal -0 0 -1
    outer loop
      vertex -11.1081 -2.97642 203
      vertex -33.8074 -9.05867 203
      vertex -11.3253 -1.99695 203
    endloop
  endfacet
  facet normal 0 0 -1
    outer loop
      vertex -9.95929 5.75 203
      vertex -30.3109 17.5 203
      vertex -28.6703 20.0752 203
    endloop
  endfacet
  facet normal 0 0 -1
    outer loop
      vertex -34.4683 -6.07769 203
      vertex -11.3253 -1.99695 203
      vertex -33.8074 -9.05867 203
    endloop
  endfacet
  facet normal 0 0 -1
    outer loop
      vertex -10.4225 4.86011 203
      vertex -31.7208 14.7916 203
      vertex -30.3109 17.5 203
    endloop
  endfacet
  facet normal -0 0 -1
    outer loop
      vertex -11.3253 -1.99695 203
      vertex -34.4683 -6.07769 203
      vertex -11.4562 -1.00229 203
    endloop
  endfacet
  facet normal 0 0 -1
    outer loop
      vertex -10.8065 3.93323 203
      vertex -32.8892 11.9707 203
      vertex -31.7208 14.7916 203
    endloop
  endfacet
  facet normal 0 0 -1
    outer loop
      vertex -34.8668 -3.05045 203
      vertex -11.4562 -1.00229 203
      vertex -34.4683 -6.07769 203
    endloop
  endfacet
  facet normal 0 0 -1
    outer loop
      vertex -11.1081 2.97642 203
      vertex -33.8074 9.05867 203
      vertex -32.8892 11.9707 203
    endloop
  endfacet
  facet normal -0 0 -1
    outer loop
      vertex -11.4562 -1.00229 203
      vertex -34.8668 -3.05045 203
      vertex -11.5 0 203
    endloop
  endfacet
  facet normal 0 0 -1
    outer loop
      vertex -11.3253 1.99695 203
      vertex -34.4683 6.07769 203
      vertex -33.8074 9.05867 203
    endloop
  endfacet
  facet normal 0 0 -1
    outer loop
      vertex -35 0 203
      vertex -11.5 0 203
      vertex -34.8668 -3.05045 203
    endloop
  endfacet
  facet normal 0 0 -1
    outer loop
      vertex -11.4562 1.00229 203
      vertex -34.8668 3.05045 203
      vertex -34.4683 6.07769 203
    endloop
  endfacet
  facet normal 0 0 -1
    outer loop
      vertex -11.5 0 203
      vertex -35 0 203
      vertex -34.8668 3.05045 203
    endloop
  endfacet
  facet normal -0.843389 -0.537303 0
    outer loop
      vertex -28.6703 -20.0752 203
      vertex -30.3109 -17.5 213
      vertex -30.3109 -17.5 203
    endloop
  endfacet
  facet normal -0.843389 -0.537303 0
    outer loop
      vertex -30.3109 -17.5 213
      vertex -28.6703 -20.0752 203
      vertex -28.6703 -20.0752 213
    endloop
  endfacet
  facet normal -0.923886 -0.382668 0
    outer loop
      vertex -31.7208 -14.7916 203
      vertex -32.8892 -11.9707 213
      vertex -32.8892 -11.9707 203
    endloop
  endfacet
  facet normal -0.923886 -0.382668 0
    outer loop
      vertex -32.8892 -11.9707 213
      vertex -31.7208 -14.7916 203
      vertex -31.7208 -14.7916 213
    endloop
  endfacet
  facet normal 0.608746 0.793365 -0
    outer loop
      vertex 22.4976 26.8116 203
      vertex 20.0752 28.6703 213
      vertex 22.4976 26.8116 213
    endloop
  endfacet
  facet normal 0.608746 0.793365 0
    outer loop
      vertex 20.0752 28.6703 213
      vertex 22.4976 26.8116 203
      vertex 20.0752 28.6703 203
    endloop
  endfacet
  facet normal 0.130512 0.991447 -0
    outer loop
      vertex 6.07769 34.4683 203
      vertex 3.05045 34.8668 213
      vertex 6.07769 34.4683 213
    endloop
  endfacet
  facet normal 0.130512 0.991447 0
    outer loop
      vertex 3.05045 34.8668 213
      vertex 6.07769 34.4683 203
      vertex 3.05045 34.8668 203
    endloop
  endfacet
  facet normal 0 0 1
    outer loop
      vertex 11.5 0 213
      vertex 35 0 213
      vertex 34.8668 3.05045 213
    endloop
  endfacet
  facet normal 0 0 1
    outer loop
      vertex 11.4562 1.00229 213
      vertex 34.8668 3.05045 213
      vertex 34.4683 6.07769 213
    endloop
  endfacet
  facet normal 0 0 1
    outer loop
      vertex 35 0 213
      vertex 11.5 0 213
      vertex 34.8668 -3.05045 213
    endloop
  endfacet
  facet normal 0 0 1
    outer loop
      vertex 11.3253 1.99695 213
      vertex 34.4683 6.07769 213
      vertex 33.8074 9.05867 213
    endloop
  endfacet
  facet normal -0 0 1
    outer loop
      vertex 11.4562 -1.00229 213
      vertex 34.8668 -3.05045 213
      vertex 11.5 0 213
    endloop
  endfacet
  facet normal 0 0 1
    outer loop
      vertex 11.1081 2.97642 213
      vertex 33.8074 9.05867 213
      vertex 32.8892 11.9707 213
    endloop
  endfacet
  facet normal 0 0 1
    outer loop
      vertex 34.8668 -3.05045 213
      vertex 11.4562 -1.00229 213
      vertex 34.4683 -6.07769 213
    endloop
  endfacet
  facet normal 0 0 1
    outer loop
      vertex 10.8065 3.93323 213
      vertex 32.8892 11.9707 213
      vertex 31.7208 14.7916 213
    endloop
  endfacet
  facet normal -0 0 1
    outer loop
      vertex 11.3253 -1.99695 213
      vertex 34.4683 -6.07769 213
      vertex 11.4562 -1.00229 213
    endloop
  endfacet
  facet normal 0 0 1
    outer loop
      vertex 10.4225 4.86011 213
      vertex 31.7208 14.7916 213
      vertex 30.3109 17.5 213
    endloop
  endfacet
  facet normal 0 0 1
    outer loop
      vertex 34.4683 -6.07769 213
      vertex 11.3253 -1.99695 213
      vertex 33.8074 -9.05867 213
    endloop
  endfacet
  facet normal 0 0 1
    outer loop
      vertex 9.95929 5.75 213
      vertex 30.3109 17.5 213
      vertex 28.6703 20.0752 213
    endloop
  endfacet
  facet normal -0 0 1
    outer loop
      vertex 11.1081 -2.97642 213
      vertex 33.8074 -9.05867 213
      vertex 11.3253 -1.99695 213
    endloop
  endfacet
  facet normal 0 0 1
    outer loop
      vertex 9.42025 6.59613 213
      vertex 28.6703 20.0752 213
      vertex 26.8116 22.4976 213
    endloop
  endfacet
  facet normal 0 0 1
    outer loop
      vertex 33.8074 -9.05867 213
      vertex 11.1081 -2.97642 213
      vertex 32.8892 -11.9707 213
    endloop
  endfacet
  facet normal 0 0 1
    outer loop
      vertex 8.80951 7.39206 213
      vertex 26.8116 22.4976 213
      vertex 24.7487 24.7487 213
    endloop
  endfacet
  facet normal -0 0 1
    outer loop
      vertex 10.8065 -3.93323 213
      vertex 32.8892 -11.9707 213
      vertex 11.1081 -2.97642 213
    endloop
  endfacet
  facet normal 0 0 1
    outer loop
      vertex 8.13173 8.13173 213
      vertex 24.7487 24.7487 213
      vertex 22.4976 26.8116 213
    endloop
  endfacet
  facet normal 0 0 1
    outer loop
      vertex 32.8892 -11.9707 213
      vertex 10.8065 -3.93323 213
      vertex 31.7208 -14.7916 213
    endloop
  endfacet
  facet normal 0 0 1
    outer loop
      vertex 7.39206 8.80951 213
      vertex 22.4976 26.8116 213
      vertex 20.0752 28.6703 213
    endloop
  endfacet
  facet normal -0 0 1
    outer loop
      vertex 10.4225 -4.86011 213
      vertex 31.7208 -14.7916 213
      vertex 10.8065 -3.93323 213
    endloop
  endfacet
  facet normal 0 0 1
    outer loop
      vertex 6.59613 9.42025 213
      vertex 20.0752 28.6703 213
      vertex 17.5 30.3109 213
    endloop
  endfacet
  facet normal 0 0 1
    outer loop
      vertex 31.7208 -14.7916 213
      vertex 10.4225 -4.86011 213
      vertex 30.3109 -17.5 213
    endloop
  endfacet
  facet normal 0 0 1
    outer loop
      vertex 5.75 9.95929 213
      vertex 17.5 30.3109 213
      vertex 14.7916 31.7208 213
    endloop
  endfacet
  facet normal -0 0 1
    outer loop
      vertex 9.95929 -5.75 213
      vertex 30.3109 -17.5 213
      vertex 10.4225 -4.86011 213
    endloop
  endfacet
  facet normal 0 0 1
    outer loop
      vertex 4.86011 10.4225 213
      vertex 14.7916 31.7208 213
      vertex 11.9707 32.8892 213
    endloop
  endfacet
  facet normal 0 0 1
    outer loop
      vertex 30.3109 -17.5 213
      vertex 9.95929 -5.75 213
      vertex 28.6703 -20.0752 213
    endloop
  endfacet
  facet normal -0 0 1
    outer loop
      vertex 9.42025 -6.59613 213
      vertex 28.6703 -20.0752 213
      vertex 9.95929 -5.75 213
    endloop
  endfacet
  facet normal 0 0 1
    outer loop
      vertex 34.8668 3.05045 213
      vertex 11.4562 1.00229 213
      vertex 11.5 0 213
    endloop
  endfacet
  facet normal 0 0 1
    outer loop
      vertex 34.4683 6.07769 213
      vertex 11.3253 1.99695 213
      vertex 11.4562 1.00229 213
    endloop
  endfacet
  facet normal 0 0 1
    outer loop
      vertex 33.8074 9.05867 213
      vertex 11.1081 2.97642 213
      vertex 11.3253 1.99695 213
    endloop
  endfacet
  facet normal 0 0 1
    outer loop
      vertex 32.8892 11.9707 213
      vertex 10.8065 3.93323 213
      vertex 11.1081 2.97642 213
    endloop
  endfacet
  facet normal 0 0 1
    outer loop
      vertex 31.7208 14.7916 213
      vertex 10.4225 4.86011 213
      vertex 10.8065 3.93323 213
    endloop
  endfacet
  facet normal 0 0 1
    outer loop
      vertex 30.3109 17.5 213
      vertex 9.95929 5.75 213
      vertex 10.4225 4.86011 213
    endloop
  endfacet
  facet normal 0 0 1
    outer loop
      vertex 28.6703 20.0752 213
      vertex 9.42025 6.59613 213
      vertex 9.95929 5.75 213
    endloop
  endfacet
  facet normal 0 0 1
    outer loop
      vertex 3.93323 10.8065 213
      vertex 11.9707 32.8892 213
      vertex 9.05867 33.8074 213
    endloop
  endfacet
  facet normal 0 0 1
    outer loop
      vertex 26.8116 22.4976 213
      vertex 8.80951 7.39206 213
      vertex 9.42025 6.59613 213
    endloop
  endfacet
  facet normal 0 0 1
    outer loop
      vertex 24.7487 24.7487 213
      vertex 8.13173 8.13173 213
      vertex 8.80951 7.39206 213
    endloop
  endfacet
  facet normal 0 0 1
    outer loop
      vertex 22.4976 26.8116 213
      vertex 7.39206 8.80951 213
      vertex 8.13173 8.13173 213
    endloop
  endfacet
  facet normal 0 0 1
    outer loop
      vertex 20.0752 28.6703 213
      vertex 6.59613 9.42025 213
      vertex 7.39206 8.80951 213
    endloop
  endfacet
  facet normal 0 0 1
    outer loop
      vertex 2.97642 11.1081 213
      vertex 9.05867 33.8074 213
      vertex 6.07769 34.4683 213
    endloop
  endfacet
  facet normal 0 0 1
    outer loop
      vertex 17.5 30.3109 213
      vertex 5.75 9.95929 213
      vertex 6.59613 9.42025 213
    endloop
  endfacet
  facet normal 0 0 1
    outer loop
      vertex 14.7916 31.7208 213
      vertex 4.86011 10.4225 213
      vertex 5.75 9.95929 213
    endloop
  endfacet
  facet normal 0 0 1
    outer loop
      vertex 11.9707 32.8892 213
      vertex 3.93323 10.8065 213
      vertex 4.86011 10.4225 213
    endloop
  endfacet
  facet normal 0 0 1
    outer loop
      vertex 1.99695 11.3253 213
      vertex 6.07769 34.4683 213
      vertex 3.05045 34.8668 213
    endloop
  endfacet
  facet normal 0 0 1
    outer loop
      vertex 9.05867 33.8074 213
      vertex 2.97642 11.1081 213
      vertex 3.93323 10.8065 213
    endloop
  endfacet
  facet normal 0 0 1
    outer loop
      vertex 6.07769 34.4683 213
      vertex 1.99695 11.3253 213
      vertex 2.97642 11.1081 213
    endloop
  endfacet
  facet normal 0 0 1
    outer loop
      vertex 3.05045 34.8668 213
      vertex 1.00229 11.4562 213
      vertex 1.99695 11.3253 213
    endloop
  endfacet
  facet normal 0 0 1
    outer loop
      vertex 0 35 213
      vertex 1.00229 11.4562 213
      vertex 3.05045 34.8668 213
    endloop
  endfacet
  facet normal 0 0 1
    outer loop
      vertex 0 35 213
      vertex 0 11.5 213
      vertex 1.00229 11.4562 213
    endloop
  endfacet
  facet normal 0 0 1
    outer loop
      vertex 0 35 213
      vertex -1.00229 11.4562 213
      vertex 0 11.5 213
    endloop
  endfacet
  facet normal -0 0 1
    outer loop
      vertex -3.05045 34.8668 213
      vertex -1.00229 11.4562 213
      vertex 0 35 213
    endloop
  endfacet
  facet normal 0 0 1
    outer loop
      vertex -1.00229 11.4562 213
      vertex -3.05045 34.8668 213
      vertex -1.99695 11.3253 213
    endloop
  endfacet
  facet normal -0 0 1
    outer loop
      vertex -6.07769 34.4683 213
      vertex -1.99695 11.3253 213
      vertex -3.05045 34.8668 213
    endloop
  endfacet
  facet normal 0 0 1
    outer loop
      vertex -1.99695 11.3253 213
      vertex -6.07769 34.4683 213
      vertex -2.97642 11.1081 213
    endloop
  endfacet
  facet normal -0 0 1
    outer loop
      vertex -9.05867 33.8074 213
      vertex -2.97642 11.1081 213
      vertex -6.07769 34.4683 213
    endloop
  endfacet
  facet normal 0 0 1
    outer loop
      vertex -2.97642 11.1081 213
      vertex -9.05867 33.8074 213
      vertex -3.93323 10.8065 213
    endloop
  endfacet
  facet normal -0 0 1
    outer loop
      vertex -11.9707 32.8892 213
      vertex -3.93323 10.8065 213
      vertex -9.05867 33.8074 213
    endloop
  endfacet
  facet normal 0 0 1
    outer loop
      vertex -3.93323 10.8065 213
      vertex -11.9707 32.8892 213
      vertex -4.86011 10.4225 213
    endloop
  endfacet
  facet normal -0 0 1
    outer loop
      vertex -14.7916 31.7208 213
      vertex -4.86011 10.4225 213
      vertex -11.9707 32.8892 213
    endloop
  endfacet
  facet normal 0 0 1
    outer loop
      vertex -4.86011 10.4225 213
      vertex -14.7916 31.7208 213
      vertex -5.75 9.95929 213
    endloop
  endfacet
  facet normal -0 0 1
    outer loop
      vertex -17.5 30.3109 213
      vertex -5.75 9.95929 213
      vertex -14.7916 31.7208 213
    endloop
  endfacet
  facet normal 0 0 1
    outer loop
      vertex -5.75 9.95929 213
      vertex -17.5 30.3109 213
      vertex -6.59613 9.42025 213
    endloop
  endfacet
  facet normal -0 0 1
    outer loop
      vertex -20.0752 28.6703 213
      vertex -6.59613 9.42025 213
      vertex -17.5 30.3109 213
    endloop
  endfacet
  facet normal 0 0 1
    outer loop
      vertex -6.59613 9.42025 213
      vertex -20.0752 28.6703 213
      vertex -7.39206 8.80951 213
    endloop
  endfacet
  facet normal -0 0 1
    outer loop
      vertex -22.4976 26.8116 213
      vertex -7.39206 8.80951 213
      vertex -20.0752 28.6703 213
    endloop
  endfacet
  facet normal 0 0 1
    outer loop
      vertex -7.39206 8.80951 213
      vertex -22.4976 26.8116 213
      vertex -8.13173 8.13173 213
    endloop
  endfacet
  facet normal -0 0 1
    outer loop
      vertex -24.7487 24.7487 213
      vertex -8.13173 8.13173 213
      vertex -22.4976 26.8116 213
    endloop
  endfacet
  facet normal 0 0 1
    outer loop
      vertex -8.13173 8.13173 213
      vertex -24.7487 24.7487 213
      vertex -8.80951 7.39206 213
    endloop
  endfacet
  facet normal -0 0 1
    outer loop
      vertex -26.8116 22.4976 213
      vertex -8.80951 7.39206 213
      vertex -24.7487 24.7487 213
    endloop
  endfacet
  facet normal -0 0 1
    outer loop
      vertex -28.6703 20.0752 213
      vertex -9.42025 6.59613 213
      vertex -26.8116 22.4976 213
    endloop
  endfacet
  facet normal 0 0 1
    outer loop
      vertex -8.80951 7.39206 213
      vertex -26.8116 22.4976 213
      vertex -9.42025 6.59613 213
    endloop
  endfacet
  facet normal 0 0 1
    outer loop
      vertex 28.6703 -20.0752 213
      vertex 9.42025 -6.59613 213
      vertex 26.8116 -22.4976 213
    endloop
  endfacet
  facet normal -0 0 1
    outer loop
      vertex 8.80951 -7.39206 213
      vertex 26.8116 -22.4976 213
      vertex 9.42025 -6.59613 213
    endloop
  endfacet
  facet normal 0 0 1
    outer loop
      vertex 26.8116 -22.4976 213
      vertex 8.80951 -7.39206 213
      vertex 24.7487 -24.7487 213
    endloop
  endfacet
  facet normal -0 0 1
    outer loop
      vertex 8.13173 -8.13173 213
      vertex 24.7487 -24.7487 213
      vertex 8.80951 -7.39206 213
    endloop
  endfacet
  facet normal 0 0 1
    outer loop
      vertex 24.7487 -24.7487 213
      vertex 8.13173 -8.13173 213
      vertex 22.4976 -26.8116 213
    endloop
  endfacet
  facet normal -0 0 1
    outer loop
      vertex 7.39206 -8.80951 213
      vertex 22.4976 -26.8116 213
      vertex 8.13173 -8.13173 213
    endloop
  endfacet
  facet normal 0 0 1
    outer loop
      vertex 22.4976 -26.8116 213
      vertex 7.39206 -8.80951 213
      vertex 20.0752 -28.6703 213
    endloop
  endfacet
  facet normal -0 0 1
    outer loop
      vertex 6.59613 -9.42025 213
      vertex 20.0752 -28.6703 213
      vertex 7.39206 -8.80951 213
    endloop
  endfacet
  facet normal 0 0 1
    outer loop
      vertex 20.0752 -28.6703 213
      vertex 6.59613 -9.42025 213
      vertex 17.5 -30.3109 213
    endloop
  endfacet
  facet normal -0 0 1
    outer loop
      vertex 5.75 -9.95929 213
      vertex 17.5 -30.3109 213
      vertex 6.59613 -9.42025 213
    endloop
  endfacet
  facet normal 0 0 1
    outer loop
      vertex 17.5 -30.3109 213
      vertex 5.75 -9.95929 213
      vertex 14.7916 -31.7208 213
    endloop
  endfacet
  facet normal -0 0 1
    outer loop
      vertex 4.86011 -10.4225 213
      vertex 14.7916 -31.7208 213
      vertex 5.75 -9.95929 213
    endloop
  endfacet
  facet normal 0 0 1
    outer loop
      vertex 14.7916 -31.7208 213
      vertex 4.86011 -10.4225 213
      vertex 11.9707 -32.8892 213
    endloop
  endfacet
  facet normal -0 0 1
    outer loop
      vertex 3.93323 -10.8065 213
      vertex 11.9707 -32.8892 213
      vertex 4.86011 -10.4225 213
    endloop
  endfacet
  facet normal 0 0 1
    outer loop
      vertex 11.9707 -32.8892 213
      vertex 3.93323 -10.8065 213
      vertex 9.05867 -33.8074 213
    endloop
  endfacet
  facet normal -0 0 1
    outer loop
      vertex 2.97642 -11.1081 213
      vertex 9.05867 -33.8074 213
      vertex 3.93323 -10.8065 213
    endloop
  endfacet
  facet normal 0 0 1
    outer loop
      vertex 9.05867 -33.8074 213
      vertex 2.97642 -11.1081 213
      vertex 6.07769 -34.4683 213
    endloop
  endfacet
  facet normal -0 0 1
    outer loop
      vertex 1.99695 -11.3253 213
      vertex 6.07769 -34.4683 213
      vertex 2.97642 -11.1081 213
    endloop
  endfacet
  facet normal 0 0 1
    outer loop
      vertex 6.07769 -34.4683 213
      vertex 1.99695 -11.3253 213
      vertex 3.05045 -34.8668 213
    endloop
  endfacet
  facet normal -0 0 1
    outer loop
      vertex 1.00229 -11.4562 213
      vertex 3.05045 -34.8668 213
      vertex 1.99695 -11.3253 213
    endloop
  endfacet
  facet normal -0 0 1
    outer loop
      vertex 0 -11.5 213
      vertex 3.05045 -34.8668 213
      vertex 1.00229 -11.4562 213
    endloop
  endfacet
  facet normal 0 0 1
    outer loop
      vertex 0 -11.5 213
      vertex 0 -35 213
      vertex 3.05045 -34.8668 213
    endloop
  endfacet
  facet normal 0 0 1
    outer loop
      vertex -1.00229 -11.4562 213
      vertex 0 -35 213
      vertex 0 -11.5 213
    endloop
  endfacet
  facet normal 0 0 1
    outer loop
      vertex -3.05045 -34.8668 213
      vertex -1.00229 -11.4562 213
      vertex -1.99695 -11.3253 213
    endloop
  endfacet
  facet normal 0 0 1
    outer loop
      vertex -6.07769 -34.4683 213
      vertex -1.99695 -11.3253 213
      vertex -2.97642 -11.1081 213
    endloop
  endfacet
  facet normal 0 0 1
    outer loop
      vertex -1.00229 -11.4562 213
      vertex -3.05045 -34.8668 213
      vertex 0 -35 213
    endloop
  endfacet
  facet normal 0 0 1
    outer loop
      vertex -9.05867 -33.8074 213
      vertex -2.97642 -11.1081 213
      vertex -3.93323 -10.8065 213
    endloop
  endfacet
  facet normal 0 0 1
    outer loop
      vertex -11.9707 -32.8892 213
      vertex -3.93323 -10.8065 213
      vertex -4.86011 -10.4225 213
    endloop
  endfacet
  facet normal 0 0 1
    outer loop
      vertex -14.7916 -31.7208 213
      vertex -4.86011 -10.4225 213
      vertex -5.75 -9.95929 213
    endloop
  endfacet
  facet normal 0 0 1
    outer loop
      vertex -1.99695 -11.3253 213
      vertex -6.07769 -34.4683 213
      vertex -3.05045 -34.8668 213
    endloop
  endfacet
  facet normal 0 0 1
    outer loop
      vertex -17.5 -30.3109 213
      vertex -5.75 -9.95929 213
      vertex -6.59613 -9.42025 213
    endloop
  endfacet
  facet normal 0 0 1
    outer loop
      vertex -20.0752 -28.6703 213
      vertex -6.59613 -9.42025 213
      vertex -7.39206 -8.80951 213
    endloop
  endfacet
  facet normal 0 0 1
    outer loop
      vertex -22.4976 -26.8116 213
      vertex -7.39206 -8.80951 213
      vertex -8.13173 -8.13173 213
    endloop
  endfacet
  facet normal 0 0 1
    outer loop
      vertex -24.7487 -24.7487 213
      vertex -8.13173 -8.13173 213
      vertex -8.80951 -7.39206 213
    endloop
  endfacet
  facet normal 0 0 1
    outer loop
      vertex -2.97642 -11.1081 213
      vertex -9.05867 -33.8074 213
      vertex -6.07769 -34.4683 213
    endloop
  endfacet
  facet normal 0 0 1
    outer loop
      vertex -26.8116 -22.4976 213
      vertex -8.80951 -7.39206 213
      vertex -9.42025 -6.59613 213
    endloop
  endfacet
  facet normal 0 0 1
    outer loop
      vertex -28.6703 -20.0752 213
      vertex -9.42025 -6.59613 213
      vertex -9.95929 -5.75 213
    endloop
  endfacet
  facet normal 0 0 1
    outer loop
      vertex -30.3109 -17.5 213
      vertex -9.95929 -5.75 213
      vertex -10.4225 -4.86011 213
    endloop
  endfacet
  facet normal 0 0 1
    outer loop
      vertex -31.7208 -14.7916 213
      vertex -10.4225 -4.86011 213
      vertex -10.8065 -3.93323 213
    endloop
  endfacet
  facet normal 0 0 1
    outer loop
      vertex -32.8892 -11.9707 213
      vertex -10.8065 -3.93323 213
      vertex -11.1081 -2.97642 213
    endloop
  endfacet
  facet normal 0 0 1
    outer loop
      vertex -33.8074 -9.05867 213
      vertex -11.1081 -2.97642 213
      vertex -11.3253 -1.99695 213
    endloop
  endfacet
  facet normal 0 0 1
    outer loop
      vertex -34.4683 -6.07769 213
      vertex -11.3253 -1.99695 213
      vertex -11.4562 -1.00229 213
    endloop
  endfacet
  facet normal 0 0 1
    outer loop
      vertex -3.93323 -10.8065 213
      vertex -11.9707 -32.8892 213
      vertex -9.05867 -33.8074 213
    endloop
  endfacet
  facet normal 0 0 1
    outer loop
      vertex -34.8668 -3.05045 213
      vertex -11.4562 -1.00229 213
      vertex -11.5 0 213
    endloop
  endfacet
  facet normal 0 0 1
    outer loop
      vertex -9.42025 6.59613 213
      vertex -28.6703 20.0752 213
      vertex -9.95929 5.75 213
    endloop
  endfacet
  facet normal -0 0 1
    outer loop
      vertex -30.3109 17.5 213
      vertex -9.95929 5.75 213
      vertex -28.6703 20.0752 213
    endloop
  endfacet
  facet normal 0 0 1
    outer loop
      vertex -4.86011 -10.4225 213
      vertex -14.7916 -31.7208 213
      vertex -11.9707 -32.8892 213
    endloop
  endfacet
  facet normal 0 0 1
    outer loop
      vertex -9.95929 5.75 213
      vertex -30.3109 17.5 213
      vertex -10.4225 4.86011 213
    endloop
  endfacet
  facet normal 0 0 1
    outer loop
      vertex -5.75 -9.95929 213
      vertex -17.5 -30.3109 213
      vertex -14.7916 -31.7208 213
    endloop
  endfacet
  facet normal -0 0 1
    outer loop
      vertex -31.7208 14.7916 213
      vertex -10.4225 4.86011 213
      vertex -30.3109 17.5 213
    endloop
  endfacet
  facet normal 0 0 1
    outer loop
      vertex -6.59613 -9.42025 213
      vertex -20.0752 -28.6703 213
      vertex -17.5 -30.3109 213
    endloop
  endfacet
  facet normal 0 0 1
    outer loop
      vertex -10.4225 4.86011 213
      vertex -31.7208 14.7916 213
      vertex -10.8065 3.93323 213
    endloop
  endfacet
  facet normal 0 0 1
    outer loop
      vertex -7.39206 -8.80951 213
      vertex -22.4976 -26.8116 213
      vertex -20.0752 -28.6703 213
    endloop
  endfacet
  facet normal -0 0 1
    outer loop
      vertex -32.8892 11.9707 213
      vertex -10.8065 3.93323 213
      vertex -31.7208 14.7916 213
    endloop
  endfacet
  facet normal 0 0 1
    outer loop
      vertex -8.13173 -8.13173 213
      vertex -24.7487 -24.7487 213
      vertex -22.4976 -26.8116 213
    endloop
  endfacet
  facet normal 0 0 1
    outer loop
      vertex -10.8065 3.93323 213
      vertex -32.8892 11.9707 213
      vertex -11.1081 2.97642 213
    endloop
  endfacet
  facet normal 0 0 1
    outer loop
      vertex -8.80951 -7.39206 213
      vertex -26.8116 -22.4976 213
      vertex -24.7487 -24.7487 213
    endloop
  endfacet
  facet normal -0 0 1
    outer loop
      vertex -33.8074 9.05867 213
      vertex -11.1081 2.97642 213
      vertex -32.8892 11.9707 213
    endloop
  endfacet
  facet normal 0 0 1
    outer loop
      vertex -9.42025 -6.59613 213
      vertex -28.6703 -20.0752 213
      vertex -26.8116 -22.4976 213
    endloop
  endfacet
  facet normal 0 0 1
    outer loop
      vertex -11.1081 2.97642 213
      vertex -33.8074 9.05867 213
      vertex -11.3253 1.99695 213
    endloop
  endfacet
  facet normal 0 0 1
    outer loop
      vertex -9.95929 -5.75 213
      vertex -30.3109 -17.5 213
      vertex -28.6703 -20.0752 213
    endloop
  endfacet
  facet normal -0 0 1
    outer loop
      vertex -34.4683 6.07769 213
      vertex -11.3253 1.99695 213
      vertex -33.8074 9.05867 213
    endloop
  endfacet
  facet normal 0 0 1
    outer loop
      vertex -10.4225 -4.86011 213
      vertex -31.7208 -14.7916 213
      vertex -30.3109 -17.5 213
    endloop
  endfacet
  facet normal 0 0 1
    outer loop
      vertex -11.3253 1.99695 213
      vertex -34.4683 6.07769 213
      vertex -11.4562 1.00229 213
    endloop
  endfacet
  facet normal 0 0 1
    outer loop
      vertex -10.8065 -3.93323 213
      vertex -32.8892 -11.9707 213
      vertex -31.7208 -14.7916 213
    endloop
  endfacet
  facet normal -0 0 1
    outer loop
      vertex -34.8668 3.05045 213
      vertex -11.4562 1.00229 213
      vertex -34.4683 6.07769 213
    endloop
  endfacet
  facet normal 0 0 1
    outer loop
      vertex -11.1081 -2.97642 213
      vertex -33.8074 -9.05867 213
      vertex -32.8892 -11.9707 213
    endloop
  endfacet
  facet normal 0 0 1
    outer loop
      vertex -11.4562 1.00229 213
      vertex -34.8668 3.05045 213
      vertex -11.5 0 213
    endloop
  endfacet
  facet normal 0 0 1
    outer loop
      vertex -11.3253 -1.99695 213
      vertex -34.4683 -6.07769 213
      vertex -33.8074 -9.05867 213
    endloop
  endfacet
  facet normal 0 0 1
    outer loop
      vertex -35 0 213
      vertex -11.5 0 213
      vertex -34.8668 3.05045 213
    endloop
  endfacet
  facet normal 0 0 1
    outer loop
      vertex -11.4562 -1.00229 213
      vertex -34.8668 -3.05045 213
      vertex -34.4683 -6.07769 213
    endloop
  endfacet
  facet normal 0 0 1
    outer loop
      vertex -11.5 0 213
      vertex -35 0 213
      vertex -34.8668 -3.05045 213
    endloop
  endfacet
  facet normal -0.991447 0.130512 0
    outer loop
      vertex -34.8668 3.05045 203
      vertex -34.4683 6.07769 213
      vertex -34.4683 6.07769 203
    endloop
  endfacet
  facet normal -0.991447 0.130512 0
    outer loop
      vertex -34.4683 6.07769 213
      vertex -34.8668 3.05045 203
      vertex -34.8668 3.05045 213
    endloop
  endfacet
  facet normal -0.793365 0.608746 0
    outer loop
      vertex -28.6703 20.0752 203
      vertex -26.8116 22.4976 213
      vertex -26.8116 22.4976 203
    endloop
  endfacet
  facet normal -0.793365 0.608746 0
    outer loop
      vertex -26.8116 22.4976 213
      vertex -28.6703 20.0752 203
      vertex -28.6703 20.0752 213
    endloop
  endfacet
  facet normal -0.608746 0.793365 0
    outer loop
      vertex -20.0752 28.6703 203
      vertex -22.4976 26.8116 213
      vertex -20.0752 28.6703 213
    endloop
  endfacet
  facet normal -0.608746 0.793365 0
    outer loop
      vertex -22.4976 26.8116 213
      vertex -20.0752 28.6703 203
      vertex -22.4976 26.8116 203
    endloop
  endfacet
  facet normal -0.675616 0.737253 0
    outer loop
      vertex -22.4976 26.8116 203
      vertex -24.7487 24.7487 213
      vertex -22.4976 26.8116 213
    endloop
  endfacet
  facet normal -0.675616 0.737253 0
    outer loop
      vertex -24.7487 24.7487 213
      vertex -22.4976 26.8116 203
      vertex -24.7487 24.7487 203
    endloop
  endfacet
  facet normal 0.999048 -0.0436241 0
    outer loop
      vertex 34.8668 -3.05045 213
      vertex 35 0 203
      vertex 35 0 213
    endloop
  endfacet
  facet normal 0.999048 -0.0436241 0
    outer loop
      vertex 35 0 203
      vertex 34.8668 -3.05045 213
      vertex 34.8668 -3.05045 203
    endloop
  endfacet
  facet normal 0.976294 -0.21645 0
    outer loop
      vertex 33.8074 -9.05867 213
      vertex 34.4683 -6.07769 203
      vertex 34.4683 -6.07769 213
    endloop
  endfacet
  facet normal 0.976294 -0.21645 0
    outer loop
      vertex 34.4683 -6.07769 203
      vertex 33.8074 -9.05867 213
      vertex 33.8074 -9.05867 203
    endloop
  endfacet
  facet normal 0.300718 -0.953713 0
    outer loop
      vertex 9.05867 -33.8074 203
      vertex 11.9707 -32.8892 213
      vertex 9.05867 -33.8074 213
    endloop
  endfacet
  facet normal 0.300718 -0.953713 0
    outer loop
      vertex 11.9707 -32.8892 213
      vertex 9.05867 -33.8074 203
      vertex 11.9707 -32.8892 203
    endloop
  endfacet
  facet normal 0.608746 -0.793365 0
    outer loop
      vertex 20.0752 -28.6703 203
      vertex 22.4976 -26.8116 213
      vertex 20.0752 -28.6703 213
    endloop
  endfacet
  facet normal 0.608746 -0.793365 0
    outer loop
      vertex 22.4976 -26.8116 213
      vertex 20.0752 -28.6703 203
      vertex 22.4976 -26.8116 203
    endloop
  endfacet
  facet normal 0.461748 -0.887011 0
    outer loop
      vertex 14.7916 -31.7208 203
      vertex 17.5 -30.3109 213
      vertex 14.7916 -31.7208 213
    endloop
  endfacet
  facet normal 0.461748 -0.887011 0
    outer loop
      vertex 17.5 -30.3109 213
      vertex 14.7916 -31.7208 203
      vertex 17.5 -30.3109 203
    endloop
  endfacet
  facet normal 0.843389 -0.537303 0
    outer loop
      vertex 28.6703 -20.0752 213
      vertex 30.3109 -17.5 203
      vertex 30.3109 -17.5 213
    endloop
  endfacet
  facet normal 0.843389 -0.537303 0
    outer loop
      vertex 30.3109 -17.5 203
      vertex 28.6703 -20.0752 213
      vertex 28.6703 -20.0752 203
    endloop
  endfacet
  facet normal -0.21645 -0.976294 0
    outer loop
      vertex -9.05867 -33.8074 203
      vertex -6.07769 -34.4683 213
      vertex -9.05867 -33.8074 213
    endloop
  endfacet
  facet normal -0.21645 -0.976294 -0
    outer loop
      vertex -6.07769 -34.4683 213
      vertex -9.05867 -33.8074 203
      vertex -6.07769 -34.4683 203
    endloop
  endfacet
  facet normal -0.537303 -0.843389 0
    outer loop
      vertex -20.0752 -28.6703 203
      vertex -17.5 -30.3109 213
      vertex -20.0752 -28.6703 213
    endloop
  endfacet
  facet normal -0.537303 -0.843389 -0
    outer loop
      vertex -17.5 -30.3109 213
      vertex -20.0752 -28.6703 203
      vertex -17.5 -30.3109 203
    endloop
  endfacet
  facet normal -0.953713 -0.300718 0
    outer loop
      vertex -32.8892 -11.9707 203
      vertex -33.8074 -9.05867 213
      vertex -33.8074 -9.05867 203
    endloop
  endfacet
  facet normal -0.953713 -0.300718 0
    outer loop
      vertex -33.8074 -9.05867 213
      vertex -32.8892 -11.9707 203
      vertex -32.8892 -11.9707 213
    endloop
  endfacet
  facet normal -0.887011 -0.461748 0
    outer loop
      vertex -30.3109 -17.5 203
      vertex -31.7208 -14.7916 213
      vertex -31.7208 -14.7916 203
    endloop
  endfacet
  facet normal -0.887011 -0.461748 0
    outer loop
      vertex -31.7208 -14.7916 213
      vertex -30.3109 -17.5 203
      vertex -30.3109 -17.5 213
    endloop
  endfacet
  facet normal -0.793365 -0.608746 0
    outer loop
      vertex -26.8116 -22.4976 203
      vertex -28.6703 -20.0752 213
      vertex -28.6703 -20.0752 203
    endloop
  endfacet
  facet normal -0.793365 -0.608746 0
    outer loop
      vertex -28.6703 -20.0752 213
      vertex -26.8116 -22.4976 203
      vertex -26.8116 -22.4976 213
    endloop
  endfacet
  facet normal 0.675616 -0.737253 0
    outer loop
      vertex 22.4976 -26.8116 203
      vertex 24.7487 -24.7487 213
      vertex 22.4976 -26.8116 213
    endloop
  endfacet
  facet normal 0.675616 -0.737253 0
    outer loop
      vertex 24.7487 -24.7487 213
      vertex 22.4976 -26.8116 203
      vertex 24.7487 -24.7487 203
    endloop
  endfacet
  facet normal 0.793365 -0.608746 0
    outer loop
      vertex 26.8116 -22.4976 213
      vertex 28.6703 -20.0752 203
      vertex 28.6703 -20.0752 213
    endloop
  endfacet
  facet normal 0.793365 -0.608746 0
    outer loop
      vertex 28.6703 -20.0752 203
      vertex 26.8116 -22.4976 213
      vertex 26.8116 -22.4976 203
    endloop
  endfacet
  facet normal -0.608746 -0.793365 0
    outer loop
      vertex -22.4976 -26.8116 203
      vertex -20.0752 -28.6703 213
      vertex -22.4976 -26.8116 213
    endloop
  endfacet
  facet normal -0.608746 -0.793365 -0
    outer loop
      vertex -20.0752 -28.6703 213
      vertex -22.4976 -26.8116 203
      vertex -20.0752 -28.6703 203
    endloop
  endfacet
  facet normal -0.737253 -0.675616 0
    outer loop
      vertex -24.7487 -24.7487 203
      vertex -26.8116 -22.4976 213
      vertex -26.8116 -22.4976 203
    endloop
  endfacet
  facet normal -0.737253 -0.675616 0
    outer loop
      vertex -26.8116 -22.4976 213
      vertex -24.7487 -24.7487 203
      vertex -24.7487 -24.7487 213
    endloop
  endfacet
  facet normal -0.999047 -0.0436583 0
    outer loop
      vertex 11.5 0 203
      vertex 11.4562 1.00229 213
      vertex 11.4562 1.00229 203
    endloop
  endfacet
  facet normal -0.999047 -0.0436583 0
    outer loop
      vertex 11.4562 1.00229 213
      vertex 11.5 0 203
      vertex 11.5 0 213
    endloop
  endfacet
  facet normal 0.999047 -0.0436583 0
    outer loop
      vertex -11.5 0 213
      vertex -11.4562 1.00229 203
      vertex -11.4562 1.00229 213
    endloop
  endfacet
  facet normal 0.999047 -0.0436583 0
    outer loop
      vertex -11.4562 1.00229 203
      vertex -11.5 0 213
      vertex -11.5 0 203
    endloop
  endfacet
  facet normal -0.0436583 -0.999047 0
    outer loop
      vertex 0 11.5 203
      vertex 1.00229 11.4562 213
      vertex 0 11.5 213
    endloop
  endfacet
  facet normal -0.0436583 -0.999047 -0
    outer loop
      vertex 1.00229 11.4562 213
      vertex 0 11.5 203
      vertex 1.00229 11.4562 203
    endloop
  endfacet
  facet normal -0.675589 -0.737279 0
    outer loop
      vertex 7.39206 8.80951 203
      vertex 8.13173 8.13173 213
      vertex 7.39206 8.80951 213
    endloop
  endfacet
  facet normal -0.675589 -0.737279 -0
    outer loop
      vertex 8.13173 8.13173 213
      vertex 7.39206 8.80951 203
      vertex 8.13173 8.13173 203
    endloop
  endfacet
  facet normal 0.675589 -0.737279 0
    outer loop
      vertex -8.13173 8.13173 203
      vertex -7.39206 8.80951 213
      vertex -8.13173 8.13173 213
    endloop
  endfacet
  facet normal 0.675589 -0.737279 0
    outer loop
      vertex -7.39206 8.80951 213
      vertex -8.13173 8.13173 203
      vertex -7.39206 8.80951 203
    endloop
  endfacet
  facet normal 0.382746 -0.923854 0
    outer loop
      vertex -4.86011 10.4225 203
      vertex -3.93323 10.8065 213
      vertex -4.86011 10.4225 213
    endloop
  endfacet
  facet normal 0.382746 -0.923854 0
    outer loop
      vertex -3.93323 10.8065 213
      vertex -4.86011 10.4225 203
      vertex -3.93323 10.8065 203
    endloop
  endfacet
  facet normal -0.887026 -0.461719 0
    outer loop
      vertex 10.4225 4.86011 203
      vertex 9.95929 5.75 213
      vertex 9.95929 5.75 203
    endloop
  endfacet
  facet normal -0.887026 -0.461719 0
    outer loop
      vertex 9.95929 5.75 213
      vertex 10.4225 4.86011 203
      vertex 10.4225 4.86011 213
    endloop
  endfacet
  facet normal -0.382746 -0.923854 0
    outer loop
      vertex 3.93323 10.8065 203
      vertex 4.86011 10.4225 213
      vertex 3.93323 10.8065 213
    endloop
  endfacet
  facet normal -0.382746 -0.923854 -0
    outer loop
      vertex 4.86011 10.4225 213
      vertex 3.93323 10.8065 203
      vertex 4.86011 10.4225 203
    endloop
  endfacet
  facet normal -0.537297 -0.843393 0
    outer loop
      vertex 5.75 9.95929 203
      vertex 6.59613 9.42025 213
      vertex 5.75 9.95929 213
    endloop
  endfacet
  facet normal -0.537297 -0.843393 -0
    outer loop
      vertex 6.59613 9.42025 213
      vertex 5.75 9.95929 203
      vertex 6.59613 9.42025 203
    endloop
  endfacet
  facet normal 0.887026 -0.461719 0
    outer loop
      vertex -10.4225 4.86011 213
      vertex -9.95929 5.75 203
      vertex -9.95929 5.75 213
    endloop
  endfacet
  facet normal 0.887026 -0.461719 0
    outer loop
      vertex -9.95929 5.75 203
      vertex -10.4225 4.86011 213
      vertex -10.4225 4.86011 203
    endloop
  endfacet
  facet normal 0.216494 -0.976284 0
    outer loop
      vertex -2.97642 11.1081 203
      vertex -1.99695 11.3253 213
      vertex -2.97642 11.1081 213
    endloop
  endfacet
  facet normal 0.216494 -0.976284 0
    outer loop
      vertex -1.99695 11.3253 213
      vertex -2.97642 11.1081 203
      vertex -1.99695 11.3253 203
    endloop
  endfacet
  facet normal -0.976284 -0.216494 0
    outer loop
      vertex 11.3253 1.99695 203
      vertex 11.1081 2.97642 213
      vertex 11.1081 2.97642 203
    endloop
  endfacet
  facet normal -0.976284 -0.216494 0
    outer loop
      vertex 11.1081 2.97642 213
      vertex 11.3253 1.99695 203
      vertex 11.3253 1.99695 213
    endloop
  endfacet
  facet normal -0.991451 -0.130478 0
    outer loop
      vertex 11.4562 1.00229 203
      vertex 11.3253 1.99695 213
      vertex 11.3253 1.99695 203
    endloop
  endfacet
  facet normal -0.991451 -0.130478 0
    outer loop
      vertex 11.3253 1.99695 213
      vertex 11.4562 1.00229 203
      vertex 11.4562 1.00229 213
    endloop
  endfacet
  facet normal -0.793353 -0.608762 0
    outer loop
      vertex 9.42025 6.59613 203
      vertex 8.80951 7.39206 213
      vertex 8.80951 7.39206 203
    endloop
  endfacet
  facet normal -0.793353 -0.608762 0
    outer loop
      vertex 8.80951 7.39206 213
      vertex 9.42025 6.59613 203
      vertex 9.42025 6.59613 213
    endloop
  endfacet
  facet normal -0.737279 -0.675589 0
    outer loop
      vertex 8.80951 7.39206 203
      vertex 8.13173 8.13173 213
      vertex 8.13173 8.13173 203
    endloop
  endfacet
  facet normal -0.737279 -0.675589 0
    outer loop
      vertex 8.13173 8.13173 213
      vertex 8.80951 7.39206 203
      vertex 8.80951 7.39206 213
    endloop
  endfacet
  facet normal -0.843393 -0.537297 0
    outer loop
      vertex 9.95929 5.75 203
      vertex 9.42025 6.59613 213
      vertex 9.42025 6.59613 203
    endloop
  endfacet
  facet normal -0.843393 -0.537297 0
    outer loop
      vertex 9.42025 6.59613 213
      vertex 9.95929 5.75 203
      vertex 9.95929 5.75 213
    endloop
  endfacet
  facet normal -0.216494 -0.976284 0
    outer loop
      vertex 1.99695 11.3253 203
      vertex 2.97642 11.1081 213
      vertex 1.99695 11.3253 213
    endloop
  endfacet
  facet normal -0.216494 -0.976284 -0
    outer loop
      vertex 2.97642 11.1081 213
      vertex 1.99695 11.3253 203
      vertex 2.97642 11.1081 203
    endloop
  endfacet
  facet normal -0.300632 -0.95374 0
    outer loop
      vertex 2.97642 11.1081 203
      vertex 3.93323 10.8065 213
      vertex 2.97642 11.1081 213
    endloop
  endfacet
  facet normal -0.300632 -0.95374 -0
    outer loop
      vertex 3.93323 10.8065 213
      vertex 2.97642 11.1081 203
      vertex 3.93323 10.8065 203
    endloop
  endfacet
  facet normal -0.130478 -0.991451 0
    outer loop
      vertex 1.00229 11.4562 203
      vertex 1.99695 11.3253 213
      vertex 1.00229 11.4562 213
    endloop
  endfacet
  facet normal -0.130478 -0.991451 -0
    outer loop
      vertex 1.99695 11.3253 213
      vertex 1.00229 11.4562 203
      vertex 1.99695 11.3253 203
    endloop
  endfacet
  facet normal -0.461719 -0.887026 0
    outer loop
      vertex 4.86011 10.4225 203
      vertex 5.75 9.95929 213
      vertex 4.86011 10.4225 213
    endloop
  endfacet
  facet normal -0.461719 -0.887026 -0
    outer loop
      vertex 5.75 9.95929 213
      vertex 4.86011 10.4225 203
      vertex 5.75 9.95929 203
    endloop
  endfacet
  facet normal -0.608762 -0.793353 0
    outer loop
      vertex 6.59613 9.42025 203
      vertex 7.39206 8.80951 213
      vertex 6.59613 9.42025 213
    endloop
  endfacet
  facet normal -0.608762 -0.793353 -0
    outer loop
      vertex 7.39206 8.80951 213
      vertex 6.59613 9.42025 203
      vertex 7.39206 8.80951 203
    endloop
  endfacet
  facet normal 0.95374 -0.300632 0
    outer loop
      vertex -11.1081 2.97642 213
      vertex -10.8065 3.93323 203
      vertex -10.8065 3.93323 213
    endloop
  endfacet
  facet normal 0.95374 -0.300632 0
    outer loop
      vertex -10.8065 3.93323 203
      vertex -11.1081 2.97642 213
      vertex -11.1081 2.97642 203
    endloop
  endfacet
  facet normal 0.793353 -0.608762 0
    outer loop
      vertex -9.42025 6.59613 213
      vertex -8.80951 7.39206 203
      vertex -8.80951 7.39206 213
    endloop
  endfacet
  facet normal 0.793353 -0.608762 0
    outer loop
      vertex -8.80951 7.39206 203
      vertex -9.42025 6.59613 213
      vertex -9.42025 6.59613 203
    endloop
  endfacet
  facet normal 0.737279 -0.675589 0
    outer loop
      vertex -8.80951 7.39206 213
      vertex -8.13173 8.13173 203
      vertex -8.13173 8.13173 213
    endloop
  endfacet
  facet normal 0.737279 -0.675589 0
    outer loop
      vertex -8.13173 8.13173 203
      vertex -8.80951 7.39206 213
      vertex -8.80951 7.39206 203
    endloop
  endfacet
  facet normal 0.843393 -0.537297 0
    outer loop
      vertex -9.95929 5.75 213
      vertex -9.42025 6.59613 203
      vertex -9.42025 6.59613 213
    endloop
  endfacet
  facet normal 0.843393 -0.537297 0
    outer loop
      vertex -9.42025 6.59613 203
      vertex -9.95929 5.75 213
      vertex -9.95929 5.75 203
    endloop
  endfacet
  facet normal 0.923854 -0.382746 0
    outer loop
      vertex -10.8065 3.93323 213
      vertex -10.4225 4.86011 203
      vertex -10.4225 4.86011 213
    endloop
  endfacet
  facet normal 0.923854 -0.382746 0
    outer loop
      vertex -10.4225 4.86011 203
      vertex -10.8065 3.93323 213
      vertex -10.8065 3.93323 203
    endloop
  endfacet
  facet normal 0.976284 -0.216494 0
    outer loop
      vertex -11.3253 1.99695 213
      vertex -11.1081 2.97642 203
      vertex -11.1081 2.97642 213
    endloop
  endfacet
  facet normal 0.976284 -0.216494 0
    outer loop
      vertex -11.1081 2.97642 203
      vertex -11.3253 1.99695 213
      vertex -11.3253 1.99695 203
    endloop
  endfacet
  facet normal 0.537297 -0.843393 0
    outer loop
      vertex -6.59613 9.42025 203
      vertex -5.75 9.95929 213
      vertex -6.59613 9.42025 213
    endloop
  endfacet
  facet normal 0.537297 -0.843393 0
    outer loop
      vertex -5.75 9.95929 213
      vertex -6.59613 9.42025 203
      vertex -5.75 9.95929 203
    endloop
  endfacet
  facet normal 0.461719 -0.887026 0
    outer loop
      vertex -5.75 9.95929 203
      vertex -4.86011 10.4225 213
      vertex -5.75 9.95929 213
    endloop
  endfacet
  facet normal 0.461719 -0.887026 0
    outer loop
      vertex -4.86011 10.4225 213
      vertex -5.75 9.95929 203
      vertex -4.86011 10.4225 203
    endloop
  endfacet
  facet normal 0.608762 -0.793353 0
    outer loop
      vertex -7.39206 8.80951 203
      vertex -6.59613 9.42025 213
      vertex -7.39206 8.80951 213
    endloop
  endfacet
  facet normal 0.608762 -0.793353 0
    outer loop
      vertex -6.59613 9.42025 213
      vertex -7.39206 8.80951 203
      vertex -6.59613 9.42025 203
    endloop
  endfacet
  facet normal 0.300632 -0.95374 0
    outer loop
      vertex -3.93323 10.8065 203
      vertex -2.97642 11.1081 213
      vertex -3.93323 10.8065 213
    endloop
  endfacet
  facet normal 0.300632 -0.95374 0
    outer loop
      vertex -2.97642 11.1081 213
      vertex -3.93323 10.8065 203
      vertex -2.97642 11.1081 203
    endloop
  endfacet
  facet normal 0.130478 -0.991451 0
    outer loop
      vertex -1.99695 11.3253 203
      vertex -1.00229 11.4562 213
      vertex -1.99695 11.3253 213
    endloop
  endfacet
  facet normal 0.130478 -0.991451 0
    outer loop
      vertex -1.00229 11.4562 213
      vertex -1.99695 11.3253 203
      vertex -1.00229 11.4562 203
    endloop
  endfacet
  facet normal -0.999047 0.0436583 0
    outer loop
      vertex 11.4562 -1.00229 203
      vertex 11.5 0 213
      vertex 11.5 0 203
    endloop
  endfacet
  facet normal -0.999047 0.0436583 0
    outer loop
      vertex 11.5 0 213
      vertex 11.4562 -1.00229 203
      vertex 11.4562 -1.00229 213
    endloop
  endfacet
  facet normal -0.300632 0.95374 0
    outer loop
      vertex 3.93323 -10.8065 203
      vertex 2.97642 -11.1081 213
      vertex 3.93323 -10.8065 213
    endloop
  endfacet
  facet normal -0.300632 0.95374 0
    outer loop
      vertex 2.97642 -11.1081 213
      vertex 3.93323 -10.8065 203
      vertex 2.97642 -11.1081 203
    endloop
  endfacet
  facet normal -0.608762 0.793353 0
    outer loop
      vertex 7.39206 -8.80951 203
      vertex 6.59613 -9.42025 213
      vertex 7.39206 -8.80951 213
    endloop
  endfacet
  facet normal -0.608762 0.793353 0
    outer loop
      vertex 6.59613 -9.42025 213
      vertex 7.39206 -8.80951 203
      vertex 6.59613 -9.42025 203
    endloop
  endfacet
  facet normal -0.461719 0.887026 0
    outer loop
      vertex 5.75 -9.95929 203
      vertex 4.86011 -10.4225 213
      vertex 5.75 -9.95929 213
    endloop
  endfacet
  facet normal -0.461719 0.887026 0
    outer loop
      vertex 4.86011 -10.4225 213
      vertex 5.75 -9.95929 203
      vertex 4.86011 -10.4225 203
    endloop
  endfacet
  facet normal -0.793353 0.608762 0
    outer loop
      vertex 8.80951 -7.39206 203
      vertex 9.42025 -6.59613 213
      vertex 9.42025 -6.59613 203
    endloop
  endfacet
  facet normal -0.793353 0.608762 0
    outer loop
      vertex 9.42025 -6.59613 213
      vertex 8.80951 -7.39206 203
      vertex 8.80951 -7.39206 213
    endloop
  endfacet
  facet normal -0.887026 0.461719 0
    outer loop
      vertex 9.95929 -5.75 203
      vertex 10.4225 -4.86011 213
      vertex 10.4225 -4.86011 203
    endloop
  endfacet
  facet normal -0.887026 0.461719 0
    outer loop
      vertex 10.4225 -4.86011 213
      vertex 9.95929 -5.75 203
      vertex 9.95929 -5.75 213
    endloop
  endfacet
  facet normal 0.675589 0.737279 -0
    outer loop
      vertex -7.39206 -8.80951 203
      vertex -8.13173 -8.13173 213
      vertex -7.39206 -8.80951 213
    endloop
  endfacet
  facet normal 0.675589 0.737279 0
    outer loop
      vertex -8.13173 -8.13173 213
      vertex -7.39206 -8.80951 203
      vertex -8.13173 -8.13173 203
    endloop
  endfacet
  facet normal 0.537297 0.843393 -0
    outer loop
      vertex -5.75 -9.95929 203
      vertex -6.59613 -9.42025 213
      vertex -5.75 -9.95929 213
    endloop
  endfacet
  facet normal 0.537297 0.843393 0
    outer loop
      vertex -6.59613 -9.42025 213
      vertex -5.75 -9.95929 203
      vertex -6.59613 -9.42025 203
    endloop
  endfacet
  facet normal 0.382746 0.923854 -0
    outer loop
      vertex -3.93323 -10.8065 203
      vertex -4.86011 -10.4225 213
      vertex -3.93323 -10.8065 213
    endloop
  endfacet
  facet normal 0.382746 0.923854 0
    outer loop
      vertex -4.86011 -10.4225 213
      vertex -3.93323 -10.8065 203
      vertex -4.86011 -10.4225 203
    endloop
  endfacet
  facet normal 0.216494 0.976284 -0
    outer loop
      vertex -1.99695 -11.3253 203
      vertex -2.97642 -11.1081 213
      vertex -1.99695 -11.3253 213
    endloop
  endfacet
  facet normal 0.216494 0.976284 0
    outer loop
      vertex -2.97642 -11.1081 213
      vertex -1.99695 -11.3253 203
      vertex -2.97642 -11.1081 203
    endloop
  endfacet
  facet normal 0.887026 0.461719 0
    outer loop
      vertex -9.95929 -5.75 213
      vertex -10.4225 -4.86011 203
      vertex -10.4225 -4.86011 213
    endloop
  endfacet
  facet normal 0.887026 0.461719 0
    outer loop
      vertex -10.4225 -4.86011 203
      vertex -9.95929 -5.75 213
      vertex -9.95929 -5.75 203
    endloop
  endfacet
  facet normal 0.793353 0.608762 0
    outer loop
      vertex -8.80951 -7.39206 213
      vertex -9.42025 -6.59613 203
      vertex -9.42025 -6.59613 213
    endloop
  endfacet
  facet normal 0.793353 0.608762 0
    outer loop
      vertex -9.42025 -6.59613 203
      vertex -8.80951 -7.39206 213
      vertex -8.80951 -7.39206 203
    endloop
  endfacet
  facet normal 0.95374 0.300632 0
    outer loop
      vertex -10.8065 -3.93323 213
      vertex -11.1081 -2.97642 203
      vertex -11.1081 -2.97642 213
    endloop
  endfacet
  facet normal 0.95374 0.300632 0
    outer loop
      vertex -11.1081 -2.97642 203
      vertex -10.8065 -3.93323 213
      vertex -10.8065 -3.93323 203
    endloop
  endfacet
  facet normal -0.923854 -0.382746 0
    outer loop
      vertex 10.8065 3.93323 203
      vertex 10.4225 4.86011 213
      vertex 10.4225 4.86011 203
    endloop
  endfacet
  facet normal -0.923854 -0.382746 0
    outer loop
      vertex 10.4225 4.86011 213
      vertex 10.8065 3.93323 203
      vertex 10.8065 3.93323 213
    endloop
  endfacet
  facet normal -0.95374 -0.300632 0
    outer loop
      vertex 11.1081 2.97642 203
      vertex 10.8065 3.93323 213
      vertex 10.8065 3.93323 203
    endloop
  endfacet
  facet normal -0.95374 -0.300632 0
    outer loop
      vertex 10.8065 3.93323 213
      vertex 11.1081 2.97642 203
      vertex 11.1081 2.97642 213
    endloop
  endfacet
  facet normal 0.991451 -0.130478 0
    outer loop
      vertex -11.4562 1.00229 213
      vertex -11.3253 1.99695 203
      vertex -11.3253 1.99695 213
    endloop
  endfacet
  facet normal 0.991451 -0.130478 0
    outer loop
      vertex -11.3253 1.99695 203
      vertex -11.4562 1.00229 213
      vertex -11.4562 1.00229 203
    endloop
  endfacet
  facet normal 0.0436583 -0.999047 0
    outer loop
      vertex -1.00229 11.4562 203
      vertex 0 11.5 213
      vertex -1.00229 11.4562 213
    endloop
  endfacet
  facet normal 0.0436583 -0.999047 0
    outer loop
      vertex 0 11.5 213
      vertex -1.00229 11.4562 203
      vertex 0 11.5 203
    endloop
  endfacet
  facet normal -0.0436583 0.999047 0
    outer loop
      vertex 1.00229 -11.4562 203
      vertex 0 -11.5 213
      vertex 1.00229 -11.4562 213
    endloop
  endfacet
  facet normal -0.0436583 0.999047 0
    outer loop
      vertex 0 -11.5 213
      vertex 1.00229 -11.4562 203
      vertex 0 -11.5 203
    endloop
  endfacet
  facet normal -0.216494 0.976284 0
    outer loop
      vertex 2.97642 -11.1081 203
      vertex 1.99695 -11.3253 213
      vertex 2.97642 -11.1081 213
    endloop
  endfacet
  facet normal -0.216494 0.976284 0
    outer loop
      vertex 1.99695 -11.3253 213
      vertex 2.97642 -11.1081 203
      vertex 1.99695 -11.3253 203
    endloop
  endfacet
  facet normal -0.382746 0.923854 0
    outer loop
      vertex 4.86011 -10.4225 203
      vertex 3.93323 -10.8065 213
      vertex 4.86011 -10.4225 213
    endloop
  endfacet
  facet normal -0.382746 0.923854 0
    outer loop
      vertex 3.93323 -10.8065 213
      vertex 4.86011 -10.4225 203
      vertex 3.93323 -10.8065 203
    endloop
  endfacet
  facet normal -0.675589 0.737279 0
    outer loop
      vertex 8.13173 -8.13173 203
      vertex 7.39206 -8.80951 213
      vertex 8.13173 -8.13173 213
    endloop
  endfacet
  facet normal -0.675589 0.737279 0
    outer loop
      vertex 7.39206 -8.80951 213
      vertex 8.13173 -8.13173 203
      vertex 7.39206 -8.80951 203
    endloop
  endfacet
  facet normal -0.537297 0.843393 0
    outer loop
      vertex 6.59613 -9.42025 203
      vertex 5.75 -9.95929 213
      vertex 6.59613 -9.42025 213
    endloop
  endfacet
  facet normal -0.537297 0.843393 0
    outer loop
      vertex 5.75 -9.95929 213
      vertex 6.59613 -9.42025 203
      vertex 5.75 -9.95929 203
    endloop
  endfacet
  facet normal -0.843393 0.537297 0
    outer loop
      vertex 9.42025 -6.59613 203
      vertex 9.95929 -5.75 213
      vertex 9.95929 -5.75 203
    endloop
  endfacet
  facet normal -0.843393 0.537297 0
    outer loop
      vertex 9.95929 -5.75 213
      vertex 9.42025 -6.59613 203
      vertex 9.42025 -6.59613 213
    endloop
  endfacet
  facet normal -0.923854 0.382746 0
    outer loop
      vertex 10.4225 -4.86011 203
      vertex 10.8065 -3.93323 213
      vertex 10.8065 -3.93323 203
    endloop
  endfacet
  facet normal -0.923854 0.382746 0
    outer loop
      vertex 10.8065 -3.93323 213
      vertex 10.4225 -4.86011 203
      vertex 10.4225 -4.86011 213
    endloop
  endfacet
  facet normal -0.991451 0.130478 0
    outer loop
      vertex 11.3253 -1.99695 203
      vertex 11.4562 -1.00229 213
      vertex 11.4562 -1.00229 203
    endloop
  endfacet
  facet normal -0.991451 0.130478 0
    outer loop
      vertex 11.4562 -1.00229 213
      vertex 11.3253 -1.99695 203
      vertex 11.3253 -1.99695 213
    endloop
  endfacet
  facet normal -0.976284 0.216494 0
    outer loop
      vertex 11.1081 -2.97642 203
      vertex 11.3253 -1.99695 213
      vertex 11.3253 -1.99695 203
    endloop
  endfacet
  facet normal -0.976284 0.216494 0
    outer loop
      vertex 11.3253 -1.99695 213
      vertex 11.1081 -2.97642 203
      vertex 11.1081 -2.97642 213
    endloop
  endfacet
  facet normal 0.608762 0.793353 -0
    outer loop
      vertex -6.59613 -9.42025 203
      vertex -7.39206 -8.80951 213
      vertex -6.59613 -9.42025 213
    endloop
  endfacet
  facet normal 0.608762 0.793353 0
    outer loop
      vertex -7.39206 -8.80951 213
      vertex -6.59613 -9.42025 203
      vertex -7.39206 -8.80951 203
    endloop
  endfacet
  facet normal 0.461719 0.887026 -0
    outer loop
      vertex -4.86011 -10.4225 203
      vertex -5.75 -9.95929 213
      vertex -4.86011 -10.4225 213
    endloop
  endfacet
  facet normal 0.461719 0.887026 0
    outer loop
      vertex -5.75 -9.95929 213
      vertex -4.86011 -10.4225 203
      vertex -5.75 -9.95929 203
    endloop
  endfacet
  facet normal 0.300632 0.95374 -0
    outer loop
      vertex -2.97642 -11.1081 203
      vertex -3.93323 -10.8065 213
      vertex -2.97642 -11.1081 213
    endloop
  endfacet
  facet normal 0.300632 0.95374 0
    outer loop
      vertex -3.93323 -10.8065 213
      vertex -2.97642 -11.1081 203
      vertex -3.93323 -10.8065 203
    endloop
  endfacet
  facet normal 0.130478 0.991451 -0
    outer loop
      vertex -1.00229 -11.4562 203
      vertex -1.99695 -11.3253 213
      vertex -1.00229 -11.4562 213
    endloop
  endfacet
  facet normal 0.130478 0.991451 0
    outer loop
      vertex -1.99695 -11.3253 213
      vertex -1.00229 -11.4562 203
      vertex -1.99695 -11.3253 203
    endloop
  endfacet
  facet normal 0.843393 0.537297 0
    outer loop
      vertex -9.42025 -6.59613 213
      vertex -9.95929 -5.75 203
      vertex -9.95929 -5.75 213
    endloop
  endfacet
  facet normal 0.843393 0.537297 0
    outer loop
      vertex -9.95929 -5.75 203
      vertex -9.42025 -6.59613 213
      vertex -9.42025 -6.59613 203
    endloop
  endfacet
  facet normal 0.737279 0.675589 0
    outer loop
      vertex -8.13173 -8.13173 213
      vertex -8.80951 -7.39206 203
      vertex -8.80951 -7.39206 213
    endloop
  endfacet
  facet normal 0.737279 0.675589 0
    outer loop
      vertex -8.80951 -7.39206 203
      vertex -8.13173 -8.13173 213
      vertex -8.13173 -8.13173 203
    endloop
  endfacet
  facet normal 0.923854 0.382746 0
    outer loop
      vertex -10.4225 -4.86011 213
      vertex -10.8065 -3.93323 203
      vertex -10.8065 -3.93323 213
    endloop
  endfacet
  facet normal 0.923854 0.382746 0
    outer loop
      vertex -10.8065 -3.93323 203
      vertex -10.4225 -4.86011 213
      vertex -10.4225 -4.86011 203
    endloop
  endfacet
  facet normal 0.976284 0.216494 0
    outer loop
      vertex -11.1081 -2.97642 213
      vertex -11.3253 -1.99695 203
      vertex -11.3253 -1.99695 213
    endloop
  endfacet
  facet normal 0.976284 0.216494 0
    outer loop
      vertex -11.3253 -1.99695 203
      vertex -11.1081 -2.97642 213
      vertex -11.1081 -2.97642 203
    endloop
  endfacet
  facet normal 0.999047 0.0436583 0
    outer loop
      vertex -11.4562 -1.00229 213
      vertex -11.5 0 203
      vertex -11.5 0 213
    endloop
  endfacet
  facet normal 0.999047 0.0436583 0
    outer loop
      vertex -11.5 0 203
      vertex -11.4562 -1.00229 213
      vertex -11.4562 -1.00229 203
    endloop
  endfacet
  facet normal -0.130478 0.991451 0
    outer loop
      vertex 1.99695 -11.3253 203
      vertex 1.00229 -11.4562 213
      vertex 1.99695 -11.3253 213
    endloop
  endfacet
  facet normal -0.130478 0.991451 0
    outer loop
      vertex 1.00229 -11.4562 213
      vertex 1.99695 -11.3253 203
      vertex 1.00229 -11.4562 203
    endloop
  endfacet
  facet normal -0.737279 0.675589 0
    outer loop
      vertex 8.13173 -8.13173 203
      vertex 8.80951 -7.39206 213
      vertex 8.80951 -7.39206 203
    endloop
  endfacet
  facet normal -0.737279 0.675589 0
    outer loop
      vertex 8.80951 -7.39206 213
      vertex 8.13173 -8.13173 203
      vertex 8.13173 -8.13173 213
    endloop
  endfacet
  facet normal -0.95374 0.300632 0
    outer loop
      vertex 10.8065 -3.93323 203
      vertex 11.1081 -2.97642 213
      vertex 11.1081 -2.97642 203
    endloop
  endfacet
  facet normal -0.95374 0.300632 0
    outer loop
      vertex 11.1081 -2.97642 213
      vertex 10.8065 -3.93323 203
      vertex 10.8065 -3.93323 213
    endloop
  endfacet
  facet normal 0.0436583 0.999047 -0
    outer loop
      vertex 0 -11.5 203
      vertex -1.00229 -11.4562 213
      vertex 0 -11.5 213
    endloop
  endfacet
  facet normal 0.0436583 0.999047 0
    outer loop
      vertex -1.00229 -11.4562 213
      vertex 0 -11.5 203
      vertex -1.00229 -11.4562 203
    endloop
  endfacet
  facet normal 0.991451 0.130478 0
    outer loop
      vertex -11.3253 -1.99695 213
      vertex -11.4562 -1.00229 203
      vertex -11.4562 -1.00229 213
    endloop
  endfacet
  facet normal 0.991451 0.130478 0
    outer loop
      vertex -11.4562 -1.00229 203
      vertex -11.3253 -1.99695 213
      vertex -11.3253 -1.99695 203
    endloop
  endfacet
  facet normal 0.976301 0.216417 0
    outer loop
      vertex 14.7721 2.60472 173
      vertex 14.4889 3.88229 166
      vertex 14.4889 3.88229 173
    endloop
  endfacet
  facet normal 0.976301 0.216417 0
    outer loop
      vertex 14.4889 3.88229 166
      vertex 14.7721 2.60472 173
      vertex 14.7721 2.60472 166
    endloop
  endfacet
  facet normal 0.999048 0.0436349 0
    outer loop
      vertex 15 0 173
      vertex 14.9429 1.30734 166
      vertex 14.9429 1.30734 173
    endloop
  endfacet
  facet normal 0.999048 0.0436349 0
    outer loop
      vertex 14.9429 1.30734 166
      vertex 15 0 173
      vertex 15 0 166
    endloop
  endfacet
  facet normal 0.737265 0.675604 0
    outer loop
      vertex 11.4907 9.64181 173
      vertex 10.6066 10.6066 166
      vertex 10.6066 10.6066 173
    endloop
  endfacet
  facet normal 0.737265 0.675604 0
    outer loop
      vertex 10.6066 10.6066 166
      vertex 11.4907 9.64181 173
      vertex 11.4907 9.64181 166
    endloop
  endfacet
  facet normal -0.675604 0.737265 0
    outer loop
      vertex -9.64181 11.4907 166
      vertex -10.6066 10.6066 173
      vertex -9.64181 11.4907 173
    endloop
  endfacet
  facet normal -0.675604 0.737265 0
    outer loop
      vertex -10.6066 10.6066 173
      vertex -9.64181 11.4907 166
      vertex -10.6066 10.6066 166
    endloop
  endfacet
  facet normal -0.382702 0.923872 0
    outer loop
      vertex -5.1303 14.0954 166
      vertex -6.33927 13.5946 173
      vertex -5.1303 14.0954 173
    endloop
  endfacet
  facet normal -0.382702 0.923872 0
    outer loop
      vertex -6.33927 13.5946 173
      vertex -5.1303 14.0954 166
      vertex -6.33927 13.5946 166
    endloop
  endfacet
  facet normal -0.737265 -0.675604 0
    outer loop
      vertex -10.6066 -10.6066 166
      vertex -11.4907 -9.64181 173
      vertex -11.4907 -9.64181 166
    endloop
  endfacet
  facet normal -0.737265 -0.675604 0
    outer loop
      vertex -11.4907 -9.64181 173
      vertex -10.6066 -10.6066 166
      vertex -10.6066 -10.6066 173
    endloop
  endfacet
  facet normal 0.953716 0.300709 0
    outer loop
      vertex 14.4889 3.88229 173
      vertex 14.0954 5.1303 166
      vertex 14.0954 5.1303 173
    endloop
  endfacet
  facet normal 0.953716 0.300709 0
    outer loop
      vertex 14.0954 5.1303 166
      vertex 14.4889 3.88229 173
      vertex 14.4889 3.88229 166
    endloop
  endfacet
  facet normal 0.461726 0.887023 -0
    outer loop
      vertex 7.5 12.9904 166
      vertex 6.33927 13.5946 173
      vertex 7.5 12.9904 173
    endloop
  endfacet
  facet normal 0.461726 0.887023 0
    outer loop
      vertex 6.33927 13.5946 173
      vertex 7.5 12.9904 166
      vertex 6.33927 13.5946 166
    endloop
  endfacet
  facet normal -0.843392 0.537298 0
    outer loop
      vertex -12.9904 7.5 166
      vertex -12.2873 8.60365 173
      vertex -12.2873 8.60365 166
    endloop
  endfacet
  facet normal -0.843392 0.537298 0
    outer loop
      vertex -12.2873 8.60365 173
      vertex -12.9904 7.5 166
      vertex -12.9904 7.5 173
    endloop
  endfacet
  facet normal -0.793356 0.608757 0
    outer loop
      vertex -12.2873 8.60365 166
      vertex -11.4907 9.64181 173
      vertex -11.4907 9.64181 166
    endloop
  endfacet
  facet normal -0.793356 0.608757 0
    outer loop
      vertex -11.4907 9.64181 173
      vertex -12.2873 8.60365 166
      vertex -12.2873 8.60365 173
    endloop
  endfacet
  facet normal 0.887023 -0.461726 0
    outer loop
      vertex 12.9904 -7.5 173
      vertex 13.5946 -6.33927 166
      vertex 13.5946 -6.33927 173
    endloop
  endfacet
  facet normal 0.887023 -0.461726 0
    outer loop
      vertex 13.5946 -6.33927 166
      vertex 12.9904 -7.5 173
      vertex 12.9904 -7.5 166
    endloop
  endfacet
  facet normal 0.300709 -0.953716 0
    outer loop
      vertex 3.88229 -14.4889 166
      vertex 5.1303 -14.0954 173
      vertex 3.88229 -14.4889 173
    endloop
  endfacet
  facet normal 0.300709 -0.953716 0
    outer loop
      vertex 5.1303 -14.0954 173
      vertex 3.88229 -14.4889 166
      vertex 5.1303 -14.0954 166
    endloop
  endfacet
  facet normal 0.675604 -0.737265 0
    outer loop
      vertex 9.64181 -11.4907 166
      vertex 10.6066 -10.6066 173
      vertex 9.64181 -11.4907 173
    endloop
  endfacet
  facet normal 0.675604 -0.737265 0
    outer loop
      vertex 10.6066 -10.6066 173
      vertex 9.64181 -11.4907 166
      vertex 10.6066 -10.6066 166
    endloop
  endfacet
  facet normal 0.953716 -0.300709 0
    outer loop
      vertex 14.0954 -5.1303 173
      vertex 14.4889 -3.88229 166
      vertex 14.4889 -3.88229 173
    endloop
  endfacet
  facet normal 0.953716 -0.300709 0
    outer loop
      vertex 14.4889 -3.88229 166
      vertex 14.0954 -5.1303 173
      vertex 14.0954 -5.1303 166
    endloop
  endfacet
  facet normal -0.382702 -0.923872 0
    outer loop
      vertex -6.33927 -13.5946 166
      vertex -5.1303 -14.0954 173
      vertex -6.33927 -13.5946 173
    endloop
  endfacet
  facet normal -0.382702 -0.923872 -0
    outer loop
      vertex -5.1303 -14.0954 173
      vertex -6.33927 -13.5946 166
      vertex -5.1303 -14.0954 166
    endloop
  endfacet
  facet normal -0.537298 -0.843392 0
    outer loop
      vertex -8.60365 -12.2873 166
      vertex -7.5 -12.9904 173
      vertex -8.60365 -12.2873 173
    endloop
  endfacet
  facet normal -0.537298 -0.843392 -0
    outer loop
      vertex -7.5 -12.9904 173
      vertex -8.60365 -12.2873 166
      vertex -7.5 -12.9904 166
    endloop
  endfacet
  facet normal -0.953716 -0.300709 0
    outer loop
      vertex -14.0954 -5.1303 166
      vertex -14.4889 -3.88229 173
      vertex -14.4889 -3.88229 166
    endloop
  endfacet
  facet normal -0.953716 -0.300709 0
    outer loop
      vertex -14.4889 -3.88229 173
      vertex -14.0954 -5.1303 166
      vertex -14.0954 -5.1303 173
    endloop
  endfacet
  facet normal 0.923872 0.382702 0
    outer loop
      vertex 14.0954 5.1303 173
      vertex 13.5946 6.33927 166
      vertex 13.5946 6.33927 173
    endloop
  endfacet
  facet normal 0.923872 0.382702 0
    outer loop
      vertex 13.5946 6.33927 166
      vertex 14.0954 5.1303 173
      vertex 14.0954 5.1303 166
    endloop
  endfacet
  facet normal 0.887023 0.461726 0
    outer loop
      vertex 13.5946 6.33927 173
      vertex 12.9904 7.5 166
      vertex 12.9904 7.5 173
    endloop
  endfacet
  facet normal 0.887023 0.461726 0
    outer loop
      vertex 12.9904 7.5 166
      vertex 13.5946 6.33927 173
      vertex 13.5946 6.33927 166
    endloop
  endfacet
  facet normal 0.843392 0.537298 0
    outer loop
      vertex 12.9904 7.5 173
      vertex 12.2873 8.60365 166
      vertex 12.2873 8.60365 173
    endloop
  endfacet
  facet normal 0.843392 0.537298 0
    outer loop
      vertex 12.2873 8.60365 166
      vertex 12.9904 7.5 173
      vertex 12.9904 7.5 166
    endloop
  endfacet
  facet normal 0.300709 0.953716 -0
    outer loop
      vertex 5.1303 14.0954 166
      vertex 3.88229 14.4889 173
      vertex 5.1303 14.0954 173
    endloop
  endfacet
  facet normal 0.300709 0.953716 0
    outer loop
      vertex 3.88229 14.4889 173
      vertex 5.1303 14.0954 166
      vertex 3.88229 14.4889 166
    endloop
  endfacet
  facet normal 0.216417 0.976301 -0
    outer loop
      vertex 3.88229 14.4889 166
      vertex 2.60472 14.7721 173
      vertex 3.88229 14.4889 173
    endloop
  endfacet
  facet normal 0.216417 0.976301 0
    outer loop
      vertex 2.60472 14.7721 173
      vertex 3.88229 14.4889 166
      vertex 2.60472 14.7721 166
    endloop
  endfacet
  facet normal 0.675604 0.737265 -0
    outer loop
      vertex 10.6066 10.6066 166
      vertex 9.64181 11.4907 173
      vertex 10.6066 10.6066 173
    endloop
  endfacet
  facet normal 0.675604 0.737265 0
    outer loop
      vertex 9.64181 11.4907 173
      vertex 10.6066 10.6066 166
      vertex 9.64181 11.4907 166
    endloop
  endfacet
  facet normal 0.608757 0.793356 -0
    outer loop
      vertex 9.64181 11.4907 166
      vertex 8.60365 12.2873 173
      vertex 9.64181 11.4907 173
    endloop
  endfacet
  facet normal 0.608757 0.793356 0
    outer loop
      vertex 8.60365 12.2873 173
      vertex 9.64181 11.4907 166
      vertex 8.60365 12.2873 166
    endloop
  endfacet
  facet normal -0.887023 0.461726 0
    outer loop
      vertex -13.5946 6.33927 166
      vertex -12.9904 7.5 173
      vertex -12.9904 7.5 166
    endloop
  endfacet
  facet normal -0.887023 0.461726 0
    outer loop
      vertex -12.9904 7.5 173
      vertex -13.5946 6.33927 166
      vertex -13.5946 6.33927 173
    endloop
  endfacet
  facet normal -0.953716 0.300709 0
    outer loop
      vertex -14.4889 3.88229 166
      vertex -14.0954 5.1303 173
      vertex -14.0954 5.1303 166
    endloop
  endfacet
  facet normal -0.953716 0.300709 0
    outer loop
      vertex -14.0954 5.1303 173
      vertex -14.4889 3.88229 166
      vertex -14.4889 3.88229 173
    endloop
  endfacet
  facet normal -0.976301 0.216417 0
    outer loop
      vertex -14.7721 2.60472 166
      vertex -14.4889 3.88229 173
      vertex -14.4889 3.88229 166
    endloop
  endfacet
  facet normal -0.976301 0.216417 0
    outer loop
      vertex -14.4889 3.88229 173
      vertex -14.7721 2.60472 166
      vertex -14.7721 2.60472 173
    endloop
  endfacet
  facet normal -0.537298 0.843392 0
    outer loop
      vertex -7.5 12.9904 166
      vertex -8.60365 12.2873 173
      vertex -7.5 12.9904 173
    endloop
  endfacet
  facet normal -0.537298 0.843392 0
    outer loop
      vertex -8.60365 12.2873 173
      vertex -7.5 12.9904 166
      vertex -8.60365 12.2873 166
    endloop
  endfacet
  facet normal -0.216417 0.976301 0
    outer loop
      vertex -2.60472 14.7721 166
      vertex -3.88229 14.4889 173
      vertex -2.60472 14.7721 173
    endloop
  endfacet
  facet normal -0.216417 0.976301 0
    outer loop
      vertex -3.88229 14.4889 173
      vertex -2.60472 14.7721 166
      vertex -3.88229 14.4889 166
    endloop
  endfacet
  facet normal 0.216417 -0.976301 0
    outer loop
      vertex 2.60472 -14.7721 166
      vertex 3.88229 -14.4889 173
      vertex 2.60472 -14.7721 173
    endloop
  endfacet
  facet normal 0.216417 -0.976301 0
    outer loop
      vertex 3.88229 -14.4889 173
      vertex 2.60472 -14.7721 166
      vertex 3.88229 -14.4889 166
    endloop
  endfacet
  facet normal 0.461726 -0.887023 0
    outer loop
      vertex 6.33927 -13.5946 166
      vertex 7.5 -12.9904 173
      vertex 6.33927 -13.5946 173
    endloop
  endfacet
  facet normal 0.461726 -0.887023 0
    outer loop
      vertex 7.5 -12.9904 173
      vertex 6.33927 -13.5946 166
      vertex 7.5 -12.9904 166
    endloop
  endfacet
  facet normal 0.608757 -0.793356 0
    outer loop
      vertex 8.60365 -12.2873 166
      vertex 9.64181 -11.4907 173
      vertex 8.60365 -12.2873 173
    endloop
  endfacet
  facet normal 0.608757 -0.793356 0
    outer loop
      vertex 9.64181 -11.4907 173
      vertex 8.60365 -12.2873 166
      vertex 9.64181 -11.4907 166
    endloop
  endfacet
  facet normal 0.537298 -0.843392 0
    outer loop
      vertex 7.5 -12.9904 166
      vertex 8.60365 -12.2873 173
      vertex 7.5 -12.9904 173
    endloop
  endfacet
  facet normal 0.537298 -0.843392 0
    outer loop
      vertex 8.60365 -12.2873 173
      vertex 7.5 -12.9904 166
      vertex 8.60365 -12.2873 166
    endloop
  endfacet
  facet normal 0.843392 -0.537298 0
    outer loop
      vertex 12.2873 -8.60365 173
      vertex 12.9904 -7.5 166
      vertex 12.9904 -7.5 173
    endloop
  endfacet
  facet normal 0.843392 -0.537298 0
    outer loop
      vertex 12.9904 -7.5 166
      vertex 12.2873 -8.60365 173
      vertex 12.2873 -8.60365 166
    endloop
  endfacet
  facet normal 0.999048 -0.0436349 0
    outer loop
      vertex 14.9429 -1.30734 173
      vertex 15 0 166
      vertex 15 0 173
    endloop
  endfacet
  facet normal 0.999048 -0.0436349 0
    outer loop
      vertex 15 0 166
      vertex 14.9429 -1.30734 173
      vertex 14.9429 -1.30734 166
    endloop
  endfacet
  facet normal -0.216417 -0.976301 0
    outer loop
      vertex -3.88229 -14.4889 166
      vertex -2.60472 -14.7721 173
      vertex -3.88229 -14.4889 173
    endloop
  endfacet
  facet normal -0.216417 -0.976301 -0
    outer loop
      vertex -2.60472 -14.7721 173
      vertex -3.88229 -14.4889 166
      vertex -2.60472 -14.7721 166
    endloop
  endfacet
  facet normal -0.675604 -0.737265 0
    outer loop
      vertex -10.6066 -10.6066 166
      vertex -9.64181 -11.4907 173
      vertex -10.6066 -10.6066 173
    endloop
  endfacet
  facet normal -0.675604 -0.737265 -0
    outer loop
      vertex -9.64181 -11.4907 173
      vertex -10.6066 -10.6066 166
      vertex -9.64181 -11.4907 166
    endloop
  endfacet
  facet normal -0.461726 -0.887023 0
    outer loop
      vertex -7.5 -12.9904 166
      vertex -6.33927 -13.5946 173
      vertex -7.5 -12.9904 173
    endloop
  endfacet
  facet normal -0.461726 -0.887023 -0
    outer loop
      vertex -6.33927 -13.5946 173
      vertex -7.5 -12.9904 166
      vertex -6.33927 -13.5946 166
    endloop
  endfacet
  facet normal -0.0436349 -0.999048 0
    outer loop
      vertex -1.30734 -14.9429 166
      vertex 0 -15 173
      vertex -1.30734 -14.9429 173
    endloop
  endfacet
  facet normal -0.0436349 -0.999048 -0
    outer loop
      vertex 0 -15 173
      vertex -1.30734 -14.9429 166
      vertex 0 -15 166
    endloop
  endfacet
  facet normal -0.608757 -0.793356 0
    outer loop
      vertex -9.64181 -11.4907 166
      vertex -8.60365 -12.2873 173
      vertex -9.64181 -11.4907 173
    endloop
  endfacet
  facet normal -0.608757 -0.793356 -0
    outer loop
      vertex -8.60365 -12.2873 173
      vertex -9.64181 -11.4907 166
      vertex -8.60365 -12.2873 166
    endloop
  endfacet
  facet normal -0.887023 -0.461726 0
    outer loop
      vertex -12.9904 -7.5 166
      vertex -13.5946 -6.33927 173
      vertex -13.5946 -6.33927 166
    endloop
  endfacet
  facet normal -0.887023 -0.461726 0
    outer loop
      vertex -13.5946 -6.33927 173
      vertex -12.9904 -7.5 166
      vertex -12.9904 -7.5 173
    endloop
  endfacet
  facet normal -0.793356 -0.608757 0
    outer loop
      vertex -11.4907 -9.64181 166
      vertex -12.2873 -8.60365 173
      vertex -12.2873 -8.60365 166
    endloop
  endfacet
  facet normal -0.793356 -0.608757 0
    outer loop
      vertex -12.2873 -8.60365 173
      vertex -11.4907 -9.64181 166
      vertex -11.4907 -9.64181 173
    endloop
  endfacet
  facet normal -0.843392 -0.537298 0
    outer loop
      vertex -12.2873 -8.60365 166
      vertex -12.9904 -7.5 173
      vertex -12.9904 -7.5 166
    endloop
  endfacet
  facet normal -0.843392 -0.537298 0
    outer loop
      vertex -12.9904 -7.5 173
      vertex -12.2873 -8.60365 166
      vertex -12.2873 -8.60365 173
    endloop
  endfacet
  facet normal -0.991445 -0.130524 0
    outer loop
      vertex -14.7721 -2.60472 166
      vertex -14.9429 -1.30734 173
      vertex -14.9429 -1.30734 166
    endloop
  endfacet
  facet normal -0.991445 -0.130524 0
    outer loop
      vertex -14.9429 -1.30734 173
      vertex -14.7721 -2.60472 166
      vertex -14.7721 -2.60472 173
    endloop
  endfacet
  facet normal 0 0 -1
    outer loop
      vertex 11.5 0 166
      vertex 15 0 166
      vertex 14.9429 -1.30734 166
    endloop
  endfacet
  facet normal 0 0 -1
    outer loop
      vertex 11.4562 -1.00229 166
      vertex 14.9429 -1.30734 166
      vertex 14.7721 -2.60472 166
    endloop
  endfacet
  facet normal 0 0 -1
    outer loop
      vertex 15 0 166
      vertex 11.5 0 166
      vertex 14.9429 1.30734 166
    endloop
  endfacet
  facet normal 0 0 -1
    outer loop
      vertex 11.3253 -1.99695 166
      vertex 14.7721 -2.60472 166
      vertex 14.4889 -3.88229 166
    endloop
  endfacet
  facet normal 0 0 -1
    outer loop
      vertex 11.4562 1.00229 166
      vertex 14.9429 1.30734 166
      vertex 11.5 0 166
    endloop
  endfacet
  facet normal 0 0 -1
    outer loop
      vertex 11.1081 -2.97642 166
      vertex 14.4889 -3.88229 166
      vertex 14.0954 -5.1303 166
    endloop
  endfacet
  facet normal -0 0 -1
    outer loop
      vertex 14.9429 1.30734 166
      vertex 11.4562 1.00229 166
      vertex 14.7721 2.60472 166
    endloop
  endfacet
  facet normal 0 0 -1
    outer loop
      vertex 10.8065 -3.93323 166
      vertex 14.0954 -5.1303 166
      vertex 13.5946 -6.33927 166
    endloop
  endfacet
  facet normal 0 0 -1
    outer loop
      vertex 11.3253 1.99695 166
      vertex 14.7721 2.60472 166
      vertex 11.4562 1.00229 166
    endloop
  endfacet
  facet normal 0 0 -1
    outer loop
      vertex 10.4225 -4.86011 166
      vertex 13.5946 -6.33927 166
      vertex 12.9904 -7.5 166
    endloop
  endfacet
  facet normal -0 0 -1
    outer loop
      vertex 14.7721 2.60472 166
      vertex 11.3253 1.99695 166
      vertex 14.4889 3.88229 166
    endloop
  endfacet
  facet normal 0 0 -1
    outer loop
      vertex 9.95929 -5.75 166
      vertex 12.9904 -7.5 166
      vertex 12.2873 -8.60365 166
    endloop
  endfacet
  facet normal 0 0 -1
    outer loop
      vertex 11.1081 2.97642 166
      vertex 14.4889 3.88229 166
      vertex 11.3253 1.99695 166
    endloop
  endfacet
  facet normal -0 0 -1
    outer loop
      vertex 14.4889 3.88229 166
      vertex 11.1081 2.97642 166
      vertex 14.0954 5.1303 166
    endloop
  endfacet
  facet normal 0 0 -1
    outer loop
      vertex 9.42025 -6.59613 166
      vertex 12.2873 -8.60365 166
      vertex 11.4907 -9.64181 166
    endloop
  endfacet
  facet normal 0 0 -1
    outer loop
      vertex 14.9429 -1.30734 166
      vertex 11.4562 -1.00229 166
      vertex 11.5 0 166
    endloop
  endfacet
  facet normal 0 0 -1
    outer loop
      vertex 14.7721 -2.60472 166
      vertex 11.3253 -1.99695 166
      vertex 11.4562 -1.00229 166
    endloop
  endfacet
  facet normal 0 0 -1
    outer loop
      vertex 14.4889 -3.88229 166
      vertex 11.1081 -2.97642 166
      vertex 11.3253 -1.99695 166
    endloop
  endfacet
  facet normal 0 0 -1
    outer loop
      vertex 14.0954 -5.1303 166
      vertex 10.8065 -3.93323 166
      vertex 11.1081 -2.97642 166
    endloop
  endfacet
  facet normal 0 0 -1
    outer loop
      vertex 8.80951 -7.39206 166
      vertex 11.4907 -9.64181 166
      vertex 10.6066 -10.6066 166
    endloop
  endfacet
  facet normal 0 0 -1
    outer loop
      vertex 13.5946 -6.33927 166
      vertex 10.4225 -4.86011 166
      vertex 10.8065 -3.93323 166
    endloop
  endfacet
  facet normal 0 0 -1
    outer loop
      vertex 12.9904 -7.5 166
      vertex 9.95929 -5.75 166
      vertex 10.4225 -4.86011 166
    endloop
  endfacet
  facet normal 0 0 -1
    outer loop
      vertex 8.13173 -8.13173 166
      vertex 10.6066 -10.6066 166
      vertex 9.64181 -11.4907 166
    endloop
  endfacet
  facet normal 0 0 -1
    outer loop
      vertex 12.2873 -8.60365 166
      vertex 9.42025 -6.59613 166
      vertex 9.95929 -5.75 166
    endloop
  endfacet
  facet normal 0 0 -1
    outer loop
      vertex 11.4907 -9.64181 166
      vertex 8.80951 -7.39206 166
      vertex 9.42025 -6.59613 166
    endloop
  endfacet
  facet normal 0 0 -1
    outer loop
      vertex 7.39206 -8.80951 166
      vertex 9.64181 -11.4907 166
      vertex 8.60365 -12.2873 166
    endloop
  endfacet
  facet normal 0 0 -1
    outer loop
      vertex 10.6066 -10.6066 166
      vertex 8.13173 -8.13173 166
      vertex 8.80951 -7.39206 166
    endloop
  endfacet
  facet normal 0 0 -1
    outer loop
      vertex 6.59613 -9.42025 166
      vertex 8.60365 -12.2873 166
      vertex 7.5 -12.9904 166
    endloop
  endfacet
  facet normal 0 0 -1
    outer loop
      vertex 9.64181 -11.4907 166
      vertex 7.39206 -8.80951 166
      vertex 8.13173 -8.13173 166
    endloop
  endfacet
  facet normal 0 0 -1
    outer loop
      vertex 8.60365 -12.2873 166
      vertex 6.59613 -9.42025 166
      vertex 7.39206 -8.80951 166
    endloop
  endfacet
  facet normal 0 0 -1
    outer loop
      vertex 5.75 -9.95929 166
      vertex 7.5 -12.9904 166
      vertex 6.33927 -13.5946 166
    endloop
  endfacet
  facet normal 0 0 -1
    outer loop
      vertex 7.5 -12.9904 166
      vertex 5.75 -9.95929 166
      vertex 6.59613 -9.42025 166
    endloop
  endfacet
  facet normal 0 0 -1
    outer loop
      vertex 4.86011 -10.4225 166
      vertex 6.33927 -13.5946 166
      vertex 5.1303 -14.0954 166
    endloop
  endfacet
  facet normal 0 0 -1
    outer loop
      vertex 6.33927 -13.5946 166
      vertex 4.86011 -10.4225 166
      vertex 5.75 -9.95929 166
    endloop
  endfacet
  facet normal 0 0 -1
    outer loop
      vertex 5.1303 -14.0954 166
      vertex 3.93323 -10.8065 166
      vertex 4.86011 -10.4225 166
    endloop
  endfacet
  facet normal 0 0 -1
    outer loop
      vertex 3.88229 -14.4889 166
      vertex 3.93323 -10.8065 166
      vertex 5.1303 -14.0954 166
    endloop
  endfacet
  facet normal 0 0 -1
    outer loop
      vertex 3.88229 -14.4889 166
      vertex 2.97642 -11.1081 166
      vertex 3.93323 -10.8065 166
    endloop
  endfacet
  facet normal 0 0 -1
    outer loop
      vertex 2.60472 -14.7721 166
      vertex 2.97642 -11.1081 166
      vertex 3.88229 -14.4889 166
    endloop
  endfacet
  facet normal 0 0 -1
    outer loop
      vertex 2.60472 -14.7721 166
      vertex 1.99695 -11.3253 166
      vertex 2.97642 -11.1081 166
    endloop
  endfacet
  facet normal 0 0 -1
    outer loop
      vertex 1.30734 -14.9429 166
      vertex 1.99695 -11.3253 166
      vertex 2.60472 -14.7721 166
    endloop
  endfacet
  facet normal 0 0 -1
    outer loop
      vertex 1.30734 -14.9429 166
      vertex 1.00229 -11.4562 166
      vertex 1.99695 -11.3253 166
    endloop
  endfacet
  facet normal 0 0 -1
    outer loop
      vertex 0 -15 166
      vertex 1.00229 -11.4562 166
      vertex 1.30734 -14.9429 166
    endloop
  endfacet
  facet normal 0 0 -1
    outer loop
      vertex 0 -15 166
      vertex 0 -11.5 166
      vertex 1.00229 -11.4562 166
    endloop
  endfacet
  facet normal 0 0 -1
    outer loop
      vertex 0 -15 166
      vertex -1.00229 -11.4562 166
      vertex 0 -11.5 166
    endloop
  endfacet
  facet normal 0 0 -1
    outer loop
      vertex -1.30734 -14.9429 166
      vertex -1.00229 -11.4562 166
      vertex 0 -15 166
    endloop
  endfacet
  facet normal 0 0 -1
    outer loop
      vertex -1.30734 -14.9429 166
      vertex -1.99695 -11.3253 166
      vertex -1.00229 -11.4562 166
    endloop
  endfacet
  facet normal 0 0 -1
    outer loop
      vertex -2.60472 -14.7721 166
      vertex -1.99695 -11.3253 166
      vertex -1.30734 -14.9429 166
    endloop
  endfacet
  facet normal 0 0 -1
    outer loop
      vertex -2.60472 -14.7721 166
      vertex -2.97642 -11.1081 166
      vertex -1.99695 -11.3253 166
    endloop
  endfacet
  facet normal 0 0 -1
    outer loop
      vertex -3.88229 -14.4889 166
      vertex -2.97642 -11.1081 166
      vertex -2.60472 -14.7721 166
    endloop
  endfacet
  facet normal 0 0 -1
    outer loop
      vertex -3.88229 -14.4889 166
      vertex -3.93323 -10.8065 166
      vertex -2.97642 -11.1081 166
    endloop
  endfacet
  facet normal 0 0 -1
    outer loop
      vertex -5.1303 -14.0954 166
      vertex -3.93323 -10.8065 166
      vertex -3.88229 -14.4889 166
    endloop
  endfacet
  facet normal -0 0 -1
    outer loop
      vertex -3.93323 -10.8065 166
      vertex -5.1303 -14.0954 166
      vertex -4.86011 -10.4225 166
    endloop
  endfacet
  facet normal 0 0 -1
    outer loop
      vertex -6.33927 -13.5946 166
      vertex -4.86011 -10.4225 166
      vertex -5.1303 -14.0954 166
    endloop
  endfacet
  facet normal -0 0 -1
    outer loop
      vertex -4.86011 -10.4225 166
      vertex -6.33927 -13.5946 166
      vertex -5.75 -9.95929 166
    endloop
  endfacet
  facet normal 0 0 -1
    outer loop
      vertex -7.5 -12.9904 166
      vertex -5.75 -9.95929 166
      vertex -6.33927 -13.5946 166
    endloop
  endfacet
  facet normal -0 0 -1
    outer loop
      vertex -5.75 -9.95929 166
      vertex -7.5 -12.9904 166
      vertex -6.59613 -9.42025 166
    endloop
  endfacet
  facet normal 0 0 -1
    outer loop
      vertex -8.60365 -12.2873 166
      vertex -6.59613 -9.42025 166
      vertex -7.5 -12.9904 166
    endloop
  endfacet
  facet normal -0 0 -1
    outer loop
      vertex -6.59613 -9.42025 166
      vertex -8.60365 -12.2873 166
      vertex -7.39206 -8.80951 166
    endloop
  endfacet
  facet normal 0 0 -1
    outer loop
      vertex -9.64181 -11.4907 166
      vertex -7.39206 -8.80951 166
      vertex -8.60365 -12.2873 166
    endloop
  endfacet
  facet normal -0 0 -1
    outer loop
      vertex -7.39206 -8.80951 166
      vertex -9.64181 -11.4907 166
      vertex -8.13173 -8.13173 166
    endloop
  endfacet
  facet normal 0 0 -1
    outer loop
      vertex -10.6066 -10.6066 166
      vertex -8.13173 -8.13173 166
      vertex -9.64181 -11.4907 166
    endloop
  endfacet
  facet normal -0 0 -1
    outer loop
      vertex -8.13173 -8.13173 166
      vertex -10.6066 -10.6066 166
      vertex -8.80951 -7.39206 166
    endloop
  endfacet
  facet normal 0 0 -1
    outer loop
      vertex -11.4907 -9.64181 166
      vertex -8.80951 -7.39206 166
      vertex -10.6066 -10.6066 166
    endloop
  endfacet
  facet normal -0 0 -1
    outer loop
      vertex -8.80951 -7.39206 166
      vertex -11.4907 -9.64181 166
      vertex -9.42025 -6.59613 166
    endloop
  endfacet
  facet normal 0 0 -1
    outer loop
      vertex -12.2873 -8.60365 166
      vertex -9.42025 -6.59613 166
      vertex -11.4907 -9.64181 166
    endloop
  endfacet
  facet normal -0 0 -1
    outer loop
      vertex -9.42025 -6.59613 166
      vertex -12.2873 -8.60365 166
      vertex -9.95929 -5.75 166
    endloop
  endfacet
  facet normal 0 0 -1
    outer loop
      vertex -12.9904 -7.5 166
      vertex -9.95929 -5.75 166
      vertex -12.2873 -8.60365 166
    endloop
  endfacet
  facet normal -0 0 -1
    outer loop
      vertex -9.95929 -5.75 166
      vertex -12.9904 -7.5 166
      vertex -10.4225 -4.86011 166
    endloop
  endfacet
  facet normal 0 0 -1
    outer loop
      vertex -13.5946 -6.33927 166
      vertex -10.4225 -4.86011 166
      vertex -12.9904 -7.5 166
    endloop
  endfacet
  facet normal -0 0 -1
    outer loop
      vertex -10.4225 -4.86011 166
      vertex -13.5946 -6.33927 166
      vertex -10.8065 -3.93323 166
    endloop
  endfacet
  facet normal 0 0 -1
    outer loop
      vertex -14.0954 -5.1303 166
      vertex -10.8065 -3.93323 166
      vertex -13.5946 -6.33927 166
    endloop
  endfacet
  facet normal -0 0 -1
    outer loop
      vertex -10.8065 -3.93323 166
      vertex -14.0954 -5.1303 166
      vertex -11.1081 -2.97642 166
    endloop
  endfacet
  facet normal 0 0 -1
    outer loop
      vertex 10.8065 3.93323 166
      vertex 14.0954 5.1303 166
      vertex 11.1081 2.97642 166
    endloop
  endfacet
  facet normal -0 0 -1
    outer loop
      vertex 14.0954 5.1303 166
      vertex 10.8065 3.93323 166
      vertex 13.5946 6.33927 166
    endloop
  endfacet
  facet normal 0 0 -1
    outer loop
      vertex 10.4225 4.86011 166
      vertex 13.5946 6.33927 166
      vertex 10.8065 3.93323 166
    endloop
  endfacet
  facet normal -0 0 -1
    outer loop
      vertex 13.5946 6.33927 166
      vertex 10.4225 4.86011 166
      vertex 12.9904 7.5 166
    endloop
  endfacet
  facet normal 0 0 -1
    outer loop
      vertex 9.95929 5.75 166
      vertex 12.9904 7.5 166
      vertex 10.4225 4.86011 166
    endloop
  endfacet
  facet normal -0 0 -1
    outer loop
      vertex 12.9904 7.5 166
      vertex 9.95929 5.75 166
      vertex 12.2873 8.60365 166
    endloop
  endfacet
  facet normal 0 0 -1
    outer loop
      vertex 9.42025 6.59613 166
      vertex 12.2873 8.60365 166
      vertex 9.95929 5.75 166
    endloop
  endfacet
  facet normal -0 0 -1
    outer loop
      vertex 12.2873 8.60365 166
      vertex 9.42025 6.59613 166
      vertex 11.4907 9.64181 166
    endloop
  endfacet
  facet normal 0 0 -1
    outer loop
      vertex 8.80951 7.39206 166
      vertex 11.4907 9.64181 166
      vertex 9.42025 6.59613 166
    endloop
  endfacet
  facet normal -0 0 -1
    outer loop
      vertex 11.4907 9.64181 166
      vertex 8.80951 7.39206 166
      vertex 10.6066 10.6066 166
    endloop
  endfacet
  facet normal 0 0 -1
    outer loop
      vertex 8.13173 8.13173 166
      vertex 10.6066 10.6066 166
      vertex 8.80951 7.39206 166
    endloop
  endfacet
  facet normal -0 0 -1
    outer loop
      vertex 10.6066 10.6066 166
      vertex 8.13173 8.13173 166
      vertex 9.64181 11.4907 166
    endloop
  endfacet
  facet normal 0 0 -1
    outer loop
      vertex 7.39206 8.80951 166
      vertex 9.64181 11.4907 166
      vertex 8.13173 8.13173 166
    endloop
  endfacet
  facet normal -0 0 -1
    outer loop
      vertex 9.64181 11.4907 166
      vertex 7.39206 8.80951 166
      vertex 8.60365 12.2873 166
    endloop
  endfacet
  facet normal 0 0 -1
    outer loop
      vertex 6.59613 9.42025 166
      vertex 8.60365 12.2873 166
      vertex 7.39206 8.80951 166
    endloop
  endfacet
  facet normal -0 0 -1
    outer loop
      vertex 8.60365 12.2873 166
      vertex 6.59613 9.42025 166
      vertex 7.5 12.9904 166
    endloop
  endfacet
  facet normal 0 0 -1
    outer loop
      vertex 5.75 9.95929 166
      vertex 7.5 12.9904 166
      vertex 6.59613 9.42025 166
    endloop
  endfacet
  facet normal -0 0 -1
    outer loop
      vertex 7.5 12.9904 166
      vertex 5.75 9.95929 166
      vertex 6.33927 13.5946 166
    endloop
  endfacet
  facet normal 0 0 -1
    outer loop
      vertex 4.86011 10.4225 166
      vertex 6.33927 13.5946 166
      vertex 5.75 9.95929 166
    endloop
  endfacet
  facet normal -0 0 -1
    outer loop
      vertex 6.33927 13.5946 166
      vertex 4.86011 10.4225 166
      vertex 5.1303 14.0954 166
    endloop
  endfacet
  facet normal 0 0 -1
    outer loop
      vertex 3.93323 10.8065 166
      vertex 5.1303 14.0954 166
      vertex 4.86011 10.4225 166
    endloop
  endfacet
  facet normal 0 0 -1
    outer loop
      vertex 3.93323 10.8065 166
      vertex 3.88229 14.4889 166
      vertex 5.1303 14.0954 166
    endloop
  endfacet
  facet normal 0 0 -1
    outer loop
      vertex 2.97642 11.1081 166
      vertex 3.88229 14.4889 166
      vertex 3.93323 10.8065 166
    endloop
  endfacet
  facet normal 0 0 -1
    outer loop
      vertex 2.97642 11.1081 166
      vertex 2.60472 14.7721 166
      vertex 3.88229 14.4889 166
    endloop
  endfacet
  facet normal 0 0 -1
    outer loop
      vertex 1.99695 11.3253 166
      vertex 2.60472 14.7721 166
      vertex 2.97642 11.1081 166
    endloop
  endfacet
  facet normal 0 0 -1
    outer loop
      vertex 1.99695 11.3253 166
      vertex 1.30734 14.9429 166
      vertex 2.60472 14.7721 166
    endloop
  endfacet
  facet normal 0 0 -1
    outer loop
      vertex 1.00229 11.4562 166
      vertex 1.30734 14.9429 166
      vertex 1.99695 11.3253 166
    endloop
  endfacet
  facet normal 0 0 -1
    outer loop
      vertex 0 11.5 166
      vertex 1.30734 14.9429 166
      vertex 1.00229 11.4562 166
    endloop
  endfacet
  facet normal 0 0 -1
    outer loop
      vertex 0 11.5 166
      vertex 0 15 166
      vertex 1.30734 14.9429 166
    endloop
  endfacet
  facet normal 0 0 -1
    outer loop
      vertex -1.00229 11.4562 166
      vertex 0 15 166
      vertex 0 11.5 166
    endloop
  endfacet
  facet normal 0 0 -1
    outer loop
      vertex -1.00229 11.4562 166
      vertex -1.30734 14.9429 166
      vertex 0 15 166
    endloop
  endfacet
  facet normal 0 0 -1
    outer loop
      vertex -1.99695 11.3253 166
      vertex -1.30734 14.9429 166
      vertex -1.00229 11.4562 166
    endloop
  endfacet
  facet normal 0 0 -1
    outer loop
      vertex -1.99695 11.3253 166
      vertex -2.60472 14.7721 166
      vertex -1.30734 14.9429 166
    endloop
  endfacet
  facet normal 0 0 -1
    outer loop
      vertex -2.97642 11.1081 166
      vertex -2.60472 14.7721 166
      vertex -1.99695 11.3253 166
    endloop
  endfacet
  facet normal 0 0 -1
    outer loop
      vertex -2.97642 11.1081 166
      vertex -3.88229 14.4889 166
      vertex -2.60472 14.7721 166
    endloop
  endfacet
  facet normal 0 0 -1
    outer loop
      vertex -3.93323 10.8065 166
      vertex -3.88229 14.4889 166
      vertex -2.97642 11.1081 166
    endloop
  endfacet
  facet normal 0 0 -1
    outer loop
      vertex -5.1303 14.0954 166
      vertex -3.93323 10.8065 166
      vertex -4.86011 10.4225 166
    endloop
  endfacet
  facet normal 0 0 -1
    outer loop
      vertex -3.93323 10.8065 166
      vertex -5.1303 14.0954 166
      vertex -3.88229 14.4889 166
    endloop
  endfacet
  facet normal 0 0 -1
    outer loop
      vertex -6.33927 13.5946 166
      vertex -4.86011 10.4225 166
      vertex -5.75 9.95929 166
    endloop
  endfacet
  facet normal 0 0 -1
    outer loop
      vertex -4.86011 10.4225 166
      vertex -6.33927 13.5946 166
      vertex -5.1303 14.0954 166
    endloop
  endfacet
  facet normal 0 0 -1
    outer loop
      vertex -7.5 12.9904 166
      vertex -5.75 9.95929 166
      vertex -6.59613 9.42025 166
    endloop
  endfacet
  facet normal 0 0 -1
    outer loop
      vertex -8.60365 12.2873 166
      vertex -6.59613 9.42025 166
      vertex -7.39206 8.80951 166
    endloop
  endfacet
  facet normal 0 0 -1
    outer loop
      vertex -5.75 9.95929 166
      vertex -7.5 12.9904 166
      vertex -6.33927 13.5946 166
    endloop
  endfacet
  facet normal 0 0 -1
    outer loop
      vertex -9.64181 11.4907 166
      vertex -7.39206 8.80951 166
      vertex -8.13173 8.13173 166
    endloop
  endfacet
  facet normal 0 0 -1
    outer loop
      vertex -6.59613 9.42025 166
      vertex -8.60365 12.2873 166
      vertex -7.5 12.9904 166
    endloop
  endfacet
  facet normal 0 0 -1
    outer loop
      vertex -10.6066 10.6066 166
      vertex -8.13173 8.13173 166
      vertex -8.80951 7.39206 166
    endloop
  endfacet
  facet normal 0 0 -1
    outer loop
      vertex -11.4907 9.64181 166
      vertex -8.80951 7.39206 166
      vertex -9.42025 6.59613 166
    endloop
  endfacet
  facet normal 0 0 -1
    outer loop
      vertex -7.39206 8.80951 166
      vertex -9.64181 11.4907 166
      vertex -8.60365 12.2873 166
    endloop
  endfacet
  facet normal 0 0 -1
    outer loop
      vertex -12.2873 8.60365 166
      vertex -9.42025 6.59613 166
      vertex -9.95929 5.75 166
    endloop
  endfacet
  facet normal 0 0 -1
    outer loop
      vertex -12.9904 7.5 166
      vertex -9.95929 5.75 166
      vertex -10.4225 4.86011 166
    endloop
  endfacet
  facet normal 0 0 -1
    outer loop
      vertex -8.13173 8.13173 166
      vertex -10.6066 10.6066 166
      vertex -9.64181 11.4907 166
    endloop
  endfacet
  facet normal 0 0 -1
    outer loop
      vertex -13.5946 6.33927 166
      vertex -10.4225 4.86011 166
      vertex -10.8065 3.93323 166
    endloop
  endfacet
  facet normal 0 0 -1
    outer loop
      vertex -14.0954 5.1303 166
      vertex -10.8065 3.93323 166
      vertex -11.1081 2.97642 166
    endloop
  endfacet
  facet normal 0 0 -1
    outer loop
      vertex -14.4889 3.88229 166
      vertex -11.1081 2.97642 166
      vertex -11.3253 1.99695 166
    endloop
  endfacet
  facet normal 0 0 -1
    outer loop
      vertex -14.7721 2.60472 166
      vertex -11.3253 1.99695 166
      vertex -11.4562 1.00229 166
    endloop
  endfacet
  facet normal 0 0 -1
    outer loop
      vertex -8.80951 7.39206 166
      vertex -11.4907 9.64181 166
      vertex -10.6066 10.6066 166
    endloop
  endfacet
  facet normal 0 0 -1
    outer loop
      vertex -14.9429 1.30734 166
      vertex -11.4562 1.00229 166
      vertex -11.5 0 166
    endloop
  endfacet
  facet normal 0 0 -1
    outer loop
      vertex -14.4889 -3.88229 166
      vertex -11.1081 -2.97642 166
      vertex -14.0954 -5.1303 166
    endloop
  endfacet
  facet normal 0 0 -1
    outer loop
      vertex -9.42025 6.59613 166
      vertex -12.2873 8.60365 166
      vertex -11.4907 9.64181 166
    endloop
  endfacet
  facet normal -0 0 -1
    outer loop
      vertex -11.1081 -2.97642 166
      vertex -14.4889 -3.88229 166
      vertex -11.3253 -1.99695 166
    endloop
  endfacet
  facet normal 0 0 -1
    outer loop
      vertex -9.95929 5.75 166
      vertex -12.9904 7.5 166
      vertex -12.2873 8.60365 166
    endloop
  endfacet
  facet normal 0 0 -1
    outer loop
      vertex -14.7721 -2.60472 166
      vertex -11.3253 -1.99695 166
      vertex -14.4889 -3.88229 166
    endloop
  endfacet
  facet normal 0 0 -1
    outer loop
      vertex -10.4225 4.86011 166
      vertex -13.5946 6.33927 166
      vertex -12.9904 7.5 166
    endloop
  endfacet
  facet normal -0 0 -1
    outer loop
      vertex -11.3253 -1.99695 166
      vertex -14.7721 -2.60472 166
      vertex -11.4562 -1.00229 166
    endloop
  endfacet
  facet normal 0 0 -1
    outer loop
      vertex -10.8065 3.93323 166
      vertex -14.0954 5.1303 166
      vertex -13.5946 6.33927 166
    endloop
  endfacet
  facet normal 0 0 -1
    outer loop
      vertex -14.9429 -1.30734 166
      vertex -11.4562 -1.00229 166
      vertex -14.7721 -2.60472 166
    endloop
  endfacet
  facet normal 0 0 -1
    outer loop
      vertex -11.1081 2.97642 166
      vertex -14.4889 3.88229 166
      vertex -14.0954 5.1303 166
    endloop
  endfacet
  facet normal -0 0 -1
    outer loop
      vertex -11.4562 -1.00229 166
      vertex -14.9429 -1.30734 166
      vertex -11.5 0 166
    endloop
  endfacet
  facet normal 0 0 -1
    outer loop
      vertex -11.3253 1.99695 166
      vertex -14.7721 2.60472 166
      vertex -14.4889 3.88229 166
    endloop
  endfacet
  facet normal 0 0 -1
    outer loop
      vertex -15 0 166
      vertex -11.5 0 166
      vertex -14.9429 -1.30734 166
    endloop
  endfacet
  facet normal 0 0 -1
    outer loop
      vertex -11.4562 1.00229 166
      vertex -14.9429 1.30734 166
      vertex -14.7721 2.60472 166
    endloop
  endfacet
  facet normal 0 0 -1
    outer loop
      vertex -11.5 0 166
      vertex -15 0 166
      vertex -14.9429 1.30734 166
    endloop
  endfacet
  facet normal 0.991445 0.130524 0
    outer loop
      vertex 14.9429 1.30734 173
      vertex 14.7721 2.60472 166
      vertex 14.7721 2.60472 173
    endloop
  endfacet
  facet normal 0.991445 0.130524 0
    outer loop
      vertex 14.7721 2.60472 166
      vertex 14.9429 1.30734 173
      vertex 14.9429 1.30734 166
    endloop
  endfacet
  facet normal 0.793356 0.608757 0
    outer loop
      vertex 12.2873 8.60365 173
      vertex 11.4907 9.64181 166
      vertex 11.4907 9.64181 173
    endloop
  endfacet
  facet normal 0.793356 0.608757 0
    outer loop
      vertex 11.4907 9.64181 166
      vertex 12.2873 8.60365 173
      vertex 12.2873 8.60365 166
    endloop
  endfacet
  facet normal 0.0436349 0.999048 -0
    outer loop
      vertex 1.30734 14.9429 166
      vertex 0 15 173
      vertex 1.30734 14.9429 173
    endloop
  endfacet
  facet normal 0.0436349 0.999048 0
    outer loop
      vertex 0 15 173
      vertex 1.30734 14.9429 166
      vertex 0 15 166
    endloop
  endfacet
  facet normal 0.382702 0.923872 -0
    outer loop
      vertex 6.33927 13.5946 166
      vertex 5.1303 14.0954 173
      vertex 6.33927 13.5946 173
    endloop
  endfacet
  facet normal 0.382702 0.923872 0
    outer loop
      vertex 5.1303 14.0954 173
      vertex 6.33927 13.5946 166
      vertex 5.1303 14.0954 166
    endloop
  endfacet
  facet normal 0.537298 0.843392 -0
    outer loop
      vertex 8.60365 12.2873 166
      vertex 7.5 12.9904 173
      vertex 8.60365 12.2873 173
    endloop
  endfacet
  facet normal 0.537298 0.843392 0
    outer loop
      vertex 7.5 12.9904 173
      vertex 8.60365 12.2873 166
      vertex 7.5 12.9904 166
    endloop
  endfacet
  facet normal -0.999048 0.0436349 0
    outer loop
      vertex -15 0 166
      vertex -14.9429 1.30734 173
      vertex -14.9429 1.30734 166
    endloop
  endfacet
  facet normal -0.999048 0.0436349 0
    outer loop
      vertex -14.9429 1.30734 173
      vertex -15 0 166
      vertex -15 0 173
    endloop
  endfacet
  facet normal -0.737265 0.675604 0
    outer loop
      vertex -11.4907 9.64181 166
      vertex -10.6066 10.6066 173
      vertex -10.6066 10.6066 166
    endloop
  endfacet
  facet normal -0.737265 0.675604 0
    outer loop
      vertex -10.6066 10.6066 173
      vertex -11.4907 9.64181 166
      vertex -11.4907 9.64181 173
    endloop
  endfacet
  facet normal -0.923872 0.382702 0
    outer loop
      vertex -14.0954 5.1303 166
      vertex -13.5946 6.33927 173
      vertex -13.5946 6.33927 166
    endloop
  endfacet
  facet normal -0.923872 0.382702 0
    outer loop
      vertex -13.5946 6.33927 173
      vertex -14.0954 5.1303 166
      vertex -14.0954 5.1303 173
    endloop
  endfacet
  facet normal -0.608757 0.793356 0
    outer loop
      vertex -8.60365 12.2873 166
      vertex -9.64181 11.4907 173
      vertex -8.60365 12.2873 173
    endloop
  endfacet
  facet normal -0.608757 0.793356 0
    outer loop
      vertex -9.64181 11.4907 173
      vertex -8.60365 12.2873 166
      vertex -9.64181 11.4907 166
    endloop
  endfacet
  facet normal -0.461726 0.887023 0
    outer loop
      vertex -6.33927 13.5946 166
      vertex -7.5 12.9904 173
      vertex -6.33927 13.5946 173
    endloop
  endfacet
  facet normal -0.461726 0.887023 0
    outer loop
      vertex -7.5 12.9904 173
      vertex -6.33927 13.5946 166
      vertex -7.5 12.9904 166
    endloop
  endfacet
  facet normal -0.300709 0.953716 0
    outer loop
      vertex -3.88229 14.4889 166
      vertex -5.1303 14.0954 173
      vertex -3.88229 14.4889 173
    endloop
  endfacet
  facet normal -0.300709 0.953716 0
    outer loop
      vertex -5.1303 14.0954 173
      vertex -3.88229 14.4889 166
      vertex -5.1303 14.0954 166
    endloop
  endfacet
  facet normal -0.0436349 0.999048 0
    outer loop
      vertex 0 15 166
      vertex -1.30734 14.9429 173
      vertex 0 15 173
    endloop
  endfacet
  facet normal -0.0436349 0.999048 0
    outer loop
      vertex -1.30734 14.9429 173
      vertex 0 15 166
      vertex -1.30734 14.9429 166
    endloop
  endfacet
  facet normal -0.130524 0.991445 0
    outer loop
      vertex -1.30734 14.9429 166
      vertex -2.60472 14.7721 173
      vertex -1.30734 14.9429 173
    endloop
  endfacet
  facet normal -0.130524 0.991445 0
    outer loop
      vertex -2.60472 14.7721 173
      vertex -1.30734 14.9429 166
      vertex -2.60472 14.7721 166
    endloop
  endfacet
  facet normal 0.0436349 -0.999048 0
    outer loop
      vertex 0 -15 166
      vertex 1.30734 -14.9429 173
      vertex 0 -15 173
    endloop
  endfacet
  facet normal 0.0436349 -0.999048 0
    outer loop
      vertex 1.30734 -14.9429 173
      vertex 0 -15 166
      vertex 1.30734 -14.9429 166
    endloop
  endfacet
  facet normal 0.130524 -0.991445 0
    outer loop
      vertex 1.30734 -14.9429 166
      vertex 2.60472 -14.7721 173
      vertex 1.30734 -14.9429 173
    endloop
  endfacet
  facet normal 0.130524 -0.991445 0
    outer loop
      vertex 2.60472 -14.7721 173
      vertex 1.30734 -14.9429 166
      vertex 2.60472 -14.7721 166
    endloop
  endfacet
  facet normal 0.382702 -0.923872 0
    outer loop
      vertex 5.1303 -14.0954 166
      vertex 6.33927 -13.5946 173
      vertex 5.1303 -14.0954 173
    endloop
  endfacet
  facet normal 0.382702 -0.923872 0
    outer loop
      vertex 6.33927 -13.5946 173
      vertex 5.1303 -14.0954 166
      vertex 6.33927 -13.5946 166
    endloop
  endfacet
  facet normal 0.737265 -0.675604 0
    outer loop
      vertex 10.6066 -10.6066 173
      vertex 11.4907 -9.64181 166
      vertex 11.4907 -9.64181 173
    endloop
  endfacet
  facet normal 0.737265 -0.675604 0
    outer loop
      vertex 11.4907 -9.64181 166
      vertex 10.6066 -10.6066 173
      vertex 10.6066 -10.6066 166
    endloop
  endfacet
  facet normal 0.793356 -0.608757 0
    outer loop
      vertex 11.4907 -9.64181 173
      vertex 12.2873 -8.60365 166
      vertex 12.2873 -8.60365 173
    endloop
  endfacet
  facet normal 0.793356 -0.608757 0
    outer loop
      vertex 12.2873 -8.60365 166
      vertex 11.4907 -9.64181 173
      vertex 11.4907 -9.64181 166
    endloop
  endfacet
  facet normal 0.923872 -0.382702 0
    outer loop
      vertex 13.5946 -6.33927 173
      vertex 14.0954 -5.1303 166
      vertex 14.0954 -5.1303 173
    endloop
  endfacet
  facet normal 0.923872 -0.382702 0
    outer loop
      vertex 14.0954 -5.1303 166
      vertex 13.5946 -6.33927 173
      vertex 13.5946 -6.33927 166
    endloop
  endfacet
  facet normal 0.976301 -0.216417 0
    outer loop
      vertex 14.4889 -3.88229 173
      vertex 14.7721 -2.60472 166
      vertex 14.7721 -2.60472 173
    endloop
  endfacet
  facet normal 0.976301 -0.216417 0
    outer loop
      vertex 14.7721 -2.60472 166
      vertex 14.4889 -3.88229 173
      vertex 14.4889 -3.88229 166
    endloop
  endfacet
  facet normal 0.991445 -0.130524 0
    outer loop
      vertex 14.7721 -2.60472 173
      vertex 14.9429 -1.30734 166
      vertex 14.9429 -1.30734 173
    endloop
  endfacet
  facet normal 0.991445 -0.130524 0
    outer loop
      vertex 14.9429 -1.30734 166
      vertex 14.7721 -2.60472 173
      vertex 14.7721 -2.60472 166
    endloop
  endfacet
  facet normal -0.300709 -0.953716 0
    outer loop
      vertex -5.1303 -14.0954 166
      vertex -3.88229 -14.4889 173
      vertex -5.1303 -14.0954 173
    endloop
  endfacet
  facet normal -0.300709 -0.953716 -0
    outer loop
      vertex -3.88229 -14.4889 173
      vertex -5.1303 -14.0954 166
      vertex -3.88229 -14.4889 166
    endloop
  endfacet
  facet normal -0.130524 -0.991445 0
    outer loop
      vertex -2.60472 -14.7721 166
      vertex -1.30734 -14.9429 173
      vertex -2.60472 -14.7721 173
    endloop
  endfacet
  facet normal -0.130524 -0.991445 -0
    outer loop
      vertex -1.30734 -14.9429 173
      vertex -2.60472 -14.7721 166
      vertex -1.30734 -14.9429 166
    endloop
  endfacet
  facet normal -0.976301 -0.216417 0
    outer loop
      vertex -14.4889 -3.88229 166
      vertex -14.7721 -2.60472 173
      vertex -14.7721 -2.60472 166
    endloop
  endfacet
  facet normal -0.976301 -0.216417 0
    outer loop
      vertex -14.7721 -2.60472 173
      vertex -14.4889 -3.88229 166
      vertex -14.4889 -3.88229 173
    endloop
  endfacet
  facet normal -0.999048 -0.0436349 0
    outer loop
      vertex -14.9429 -1.30734 166
      vertex -15 0 173
      vertex -15 0 166
    endloop
  endfacet
  facet normal -0.999048 -0.0436349 0
    outer loop
      vertex -15 0 173
      vertex -14.9429 -1.30734 166
      vertex -14.9429 -1.30734 173
    endloop
  endfacet
  facet normal -0.923872 -0.382702 0
    outer loop
      vertex -13.5946 -6.33927 166
      vertex -14.0954 -5.1303 173
      vertex -14.0954 -5.1303 166
    endloop
  endfacet
  facet normal -0.923872 -0.382702 0
    outer loop
      vertex -14.0954 -5.1303 173
      vertex -13.5946 -6.33927 166
      vertex -13.5946 -6.33927 173
    endloop
  endfacet
  facet normal 0.130524 0.991445 -0
    outer loop
      vertex 2.60472 14.7721 166
      vertex 1.30734 14.9429 173
      vertex 2.60472 14.7721 173
    endloop
  endfacet
  facet normal 0.130524 0.991445 0
    outer loop
      vertex 1.30734 14.9429 173
      vertex 2.60472 14.7721 166
      vertex 1.30734 14.9429 166
    endloop
  endfacet
  facet normal 0 0 1
    outer loop
      vertex 11.5 0 173
      vertex 15 0 173
      vertex 14.9429 1.30734 173
    endloop
  endfacet
  facet normal 0 0 1
    outer loop
      vertex 11.4562 1.00229 173
      vertex 14.9429 1.30734 173
      vertex 14.7721 2.60472 173
    endloop
  endfacet
  facet normal 0 0 1
    outer loop
      vertex 15 0 173
      vertex 11.5 0 173
      vertex 14.9429 -1.30734 173
    endloop
  endfacet
  facet normal 0 0 1
    outer loop
      vertex 11.3253 1.99695 173
      vertex 14.7721 2.60472 173
      vertex 14.4889 3.88229 173
    endloop
  endfacet
  facet normal -0 0 1
    outer loop
      vertex 11.4562 -1.00229 173
      vertex 14.9429 -1.30734 173
      vertex 11.5 0 173
    endloop
  endfacet
  facet normal 0 0 1
    outer loop
      vertex 11.1081 2.97642 173
      vertex 14.4889 3.88229 173
      vertex 14.0954 5.1303 173
    endloop
  endfacet
  facet normal 0 0 1
    outer loop
      vertex 14.9429 -1.30734 173
      vertex 11.4562 -1.00229 173
      vertex 14.7721 -2.60472 173
    endloop
  endfacet
  facet normal 0 0 1
    outer loop
      vertex 10.8065 3.93323 173
      vertex 14.0954 5.1303 173
      vertex 13.5946 6.33927 173
    endloop
  endfacet
  facet normal -0 0 1
    outer loop
      vertex 11.3253 -1.99695 173
      vertex 14.7721 -2.60472 173
      vertex 11.4562 -1.00229 173
    endloop
  endfacet
  facet normal 0 0 1
    outer loop
      vertex 10.4225 4.86011 173
      vertex 13.5946 6.33927 173
      vertex 12.9904 7.5 173
    endloop
  endfacet
  facet normal 0 0 1
    outer loop
      vertex 14.7721 -2.60472 173
      vertex 11.3253 -1.99695 173
      vertex 14.4889 -3.88229 173
    endloop
  endfacet
  facet normal 0 0 1
    outer loop
      vertex 9.95929 5.75 173
      vertex 12.9904 7.5 173
      vertex 12.2873 8.60365 173
    endloop
  endfacet
  facet normal -0 0 1
    outer loop
      vertex 11.1081 -2.97642 173
      vertex 14.4889 -3.88229 173
      vertex 11.3253 -1.99695 173
    endloop
  endfacet
  facet normal 0 0 1
    outer loop
      vertex 14.4889 -3.88229 173
      vertex 11.1081 -2.97642 173
      vertex 14.0954 -5.1303 173
    endloop
  endfacet
  facet normal 0 0 1
    outer loop
      vertex 9.42025 6.59613 173
      vertex 12.2873 8.60365 173
      vertex 11.4907 9.64181 173
    endloop
  endfacet
  facet normal 0 0 1
    outer loop
      vertex 14.9429 1.30734 173
      vertex 11.4562 1.00229 173
      vertex 11.5 0 173
    endloop
  endfacet
  facet normal 0 0 1
    outer loop
      vertex 14.7721 2.60472 173
      vertex 11.3253 1.99695 173
      vertex 11.4562 1.00229 173
    endloop
  endfacet
  facet normal 0 0 1
    outer loop
      vertex 14.4889 3.88229 173
      vertex 11.1081 2.97642 173
      vertex 11.3253 1.99695 173
    endloop
  endfacet
  facet normal 0 0 1
    outer loop
      vertex 14.0954 5.1303 173
      vertex 10.8065 3.93323 173
      vertex 11.1081 2.97642 173
    endloop
  endfacet
  facet normal 0 0 1
    outer loop
      vertex 8.80951 7.39206 173
      vertex 11.4907 9.64181 173
      vertex 10.6066 10.6066 173
    endloop
  endfacet
  facet normal 0 0 1
    outer loop
      vertex 13.5946 6.33927 173
      vertex 10.4225 4.86011 173
      vertex 10.8065 3.93323 173
    endloop
  endfacet
  facet normal 0 0 1
    outer loop
      vertex 12.9904 7.5 173
      vertex 9.95929 5.75 173
      vertex 10.4225 4.86011 173
    endloop
  endfacet
  facet normal 0 0 1
    outer loop
      vertex 8.13173 8.13173 173
      vertex 10.6066 10.6066 173
      vertex 9.64181 11.4907 173
    endloop
  endfacet
  facet normal 0 0 1
    outer loop
      vertex 12.2873 8.60365 173
      vertex 9.42025 6.59613 173
      vertex 9.95929 5.75 173
    endloop
  endfacet
  facet normal 0 0 1
    outer loop
      vertex 11.4907 9.64181 173
      vertex 8.80951 7.39206 173
      vertex 9.42025 6.59613 173
    endloop
  endfacet
  facet normal 0 0 1
    outer loop
      vertex 7.39206 8.80951 173
      vertex 9.64181 11.4907 173
      vertex 8.60365 12.2873 173
    endloop
  endfacet
  facet normal 0 0 1
    outer loop
      vertex 10.6066 10.6066 173
      vertex 8.13173 8.13173 173
      vertex 8.80951 7.39206 173
    endloop
  endfacet
  facet normal 0 0 1
    outer loop
      vertex 6.59613 9.42025 173
      vertex 8.60365 12.2873 173
      vertex 7.5 12.9904 173
    endloop
  endfacet
  facet normal 0 0 1
    outer loop
      vertex 9.64181 11.4907 173
      vertex 7.39206 8.80951 173
      vertex 8.13173 8.13173 173
    endloop
  endfacet
  facet normal 0 0 1
    outer loop
      vertex 8.60365 12.2873 173
      vertex 6.59613 9.42025 173
      vertex 7.39206 8.80951 173
    endloop
  endfacet
  facet normal 0 0 1
    outer loop
      vertex 5.75 9.95929 173
      vertex 7.5 12.9904 173
      vertex 6.33927 13.5946 173
    endloop
  endfacet
  facet normal 0 0 1
    outer loop
      vertex 7.5 12.9904 173
      vertex 5.75 9.95929 173
      vertex 6.59613 9.42025 173
    endloop
  endfacet
  facet normal 0 0 1
    outer loop
      vertex 4.86011 10.4225 173
      vertex 6.33927 13.5946 173
      vertex 5.1303 14.0954 173
    endloop
  endfacet
  facet normal 0 0 1
    outer loop
      vertex 6.33927 13.5946 173
      vertex 4.86011 10.4225 173
      vertex 5.75 9.95929 173
    endloop
  endfacet
  facet normal 0 0 1
    outer loop
      vertex 5.1303 14.0954 173
      vertex 3.93323 10.8065 173
      vertex 4.86011 10.4225 173
    endloop
  endfacet
  facet normal 0 0 1
    outer loop
      vertex 3.88229 14.4889 173
      vertex 3.93323 10.8065 173
      vertex 5.1303 14.0954 173
    endloop
  endfacet
  facet normal 0 0 1
    outer loop
      vertex 3.88229 14.4889 173
      vertex 2.97642 11.1081 173
      vertex 3.93323 10.8065 173
    endloop
  endfacet
  facet normal 0 0 1
    outer loop
      vertex 2.60472 14.7721 173
      vertex 2.97642 11.1081 173
      vertex 3.88229 14.4889 173
    endloop
  endfacet
  facet normal 0 0 1
    outer loop
      vertex 2.60472 14.7721 173
      vertex 1.99695 11.3253 173
      vertex 2.97642 11.1081 173
    endloop
  endfacet
  facet normal 0 0 1
    outer loop
      vertex 1.30734 14.9429 173
      vertex 1.99695 11.3253 173
      vertex 2.60472 14.7721 173
    endloop
  endfacet
  facet normal 0 0 1
    outer loop
      vertex 1.30734 14.9429 173
      vertex 1.00229 11.4562 173
      vertex 1.99695 11.3253 173
    endloop
  endfacet
  facet normal 0 0 1
    outer loop
      vertex 0 15 173
      vertex 1.00229 11.4562 173
      vertex 1.30734 14.9429 173
    endloop
  endfacet
  facet normal 0 0 1
    outer loop
      vertex 0 15 173
      vertex 0 11.5 173
      vertex 1.00229 11.4562 173
    endloop
  endfacet
  facet normal 0 0 1
    outer loop
      vertex 0 15 173
      vertex -1.00229 11.4562 173
      vertex 0 11.5 173
    endloop
  endfacet
  facet normal -0 0 1
    outer loop
      vertex -1.30734 14.9429 173
      vertex -1.00229 11.4562 173
      vertex 0 15 173
    endloop
  endfacet
  facet normal 0 0 1
    outer loop
      vertex -1.30734 14.9429 173
      vertex -1.99695 11.3253 173
      vertex -1.00229 11.4562 173
    endloop
  endfacet
  facet normal -0 0 1
    outer loop
      vertex -2.60472 14.7721 173
      vertex -1.99695 11.3253 173
      vertex -1.30734 14.9429 173
    endloop
  endfacet
  facet normal 0 0 1
    outer loop
      vertex -2.60472 14.7721 173
      vertex -2.97642 11.1081 173
      vertex -1.99695 11.3253 173
    endloop
  endfacet
  facet normal -0 0 1
    outer loop
      vertex -3.88229 14.4889 173
      vertex -2.97642 11.1081 173
      vertex -2.60472 14.7721 173
    endloop
  endfacet
  facet normal 0 0 1
    outer loop
      vertex -3.88229 14.4889 173
      vertex -3.93323 10.8065 173
      vertex -2.97642 11.1081 173
    endloop
  endfacet
  facet normal -0 0 1
    outer loop
      vertex -5.1303 14.0954 173
      vertex -3.93323 10.8065 173
      vertex -3.88229 14.4889 173
    endloop
  endfacet
  facet normal 0 0 1
    outer loop
      vertex -3.93323 10.8065 173
      vertex -5.1303 14.0954 173
      vertex -4.86011 10.4225 173
    endloop
  endfacet
  facet normal -0 0 1
    outer loop
      vertex -6.33927 13.5946 173
      vertex -4.86011 10.4225 173
      vertex -5.1303 14.0954 173
    endloop
  endfacet
  facet normal 0 0 1
    outer loop
      vertex -4.86011 10.4225 173
      vertex -6.33927 13.5946 173
      vertex -5.75 9.95929 173
    endloop
  endfacet
  facet normal -0 0 1
    outer loop
      vertex -7.5 12.9904 173
      vertex -5.75 9.95929 173
      vertex -6.33927 13.5946 173
    endloop
  endfacet
  facet normal 0 0 1
    outer loop
      vertex -5.75 9.95929 173
      vertex -7.5 12.9904 173
      vertex -6.59613 9.42025 173
    endloop
  endfacet
  facet normal -0 0 1
    outer loop
      vertex -8.60365 12.2873 173
      vertex -6.59613 9.42025 173
      vertex -7.5 12.9904 173
    endloop
  endfacet
  facet normal 0 0 1
    outer loop
      vertex -6.59613 9.42025 173
      vertex -8.60365 12.2873 173
      vertex -7.39206 8.80951 173
    endloop
  endfacet
  facet normal -0 0 1
    outer loop
      vertex -9.64181 11.4907 173
      vertex -7.39206 8.80951 173
      vertex -8.60365 12.2873 173
    endloop
  endfacet
  facet normal 0 0 1
    outer loop
      vertex -7.39206 8.80951 173
      vertex -9.64181 11.4907 173
      vertex -8.13173 8.13173 173
    endloop
  endfacet
  facet normal -0 0 1
    outer loop
      vertex -10.6066 10.6066 173
      vertex -8.13173 8.13173 173
      vertex -9.64181 11.4907 173
    endloop
  endfacet
  facet normal 0 0 1
    outer loop
      vertex -8.13173 8.13173 173
      vertex -10.6066 10.6066 173
      vertex -8.80951 7.39206 173
    endloop
  endfacet
  facet normal -0 0 1
    outer loop
      vertex -11.4907 9.64181 173
      vertex -8.80951 7.39206 173
      vertex -10.6066 10.6066 173
    endloop
  endfacet
  facet normal 0 0 1
    outer loop
      vertex -8.80951 7.39206 173
      vertex -11.4907 9.64181 173
      vertex -9.42025 6.59613 173
    endloop
  endfacet
  facet normal -0 0 1
    outer loop
      vertex -12.2873 8.60365 173
      vertex -9.42025 6.59613 173
      vertex -11.4907 9.64181 173
    endloop
  endfacet
  facet normal 0 0 1
    outer loop
      vertex -9.42025 6.59613 173
      vertex -12.2873 8.60365 173
      vertex -9.95929 5.75 173
    endloop
  endfacet
  facet normal -0 0 1
    outer loop
      vertex -12.9904 7.5 173
      vertex -9.95929 5.75 173
      vertex -12.2873 8.60365 173
    endloop
  endfacet
  facet normal 0 0 1
    outer loop
      vertex -9.95929 5.75 173
      vertex -12.9904 7.5 173
      vertex -10.4225 4.86011 173
    endloop
  endfacet
  facet normal -0 0 1
    outer loop
      vertex -13.5946 6.33927 173
      vertex -10.4225 4.86011 173
      vertex -12.9904 7.5 173
    endloop
  endfacet
  facet normal 0 0 1
    outer loop
      vertex -10.4225 4.86011 173
      vertex -13.5946 6.33927 173
      vertex -10.8065 3.93323 173
    endloop
  endfacet
  facet normal -0 0 1
    outer loop
      vertex -14.0954 5.1303 173
      vertex -10.8065 3.93323 173
      vertex -13.5946 6.33927 173
    endloop
  endfacet
  facet normal 0 0 1
    outer loop
      vertex -10.8065 3.93323 173
      vertex -14.0954 5.1303 173
      vertex -11.1081 2.97642 173
    endloop
  endfacet
  facet normal -0 0 1
    outer loop
      vertex 10.8065 -3.93323 173
      vertex 14.0954 -5.1303 173
      vertex 11.1081 -2.97642 173
    endloop
  endfacet
  facet normal 0 0 1
    outer loop
      vertex 14.0954 -5.1303 173
      vertex 10.8065 -3.93323 173
      vertex 13.5946 -6.33927 173
    endloop
  endfacet
  facet normal -0 0 1
    outer loop
      vertex 10.4225 -4.86011 173
      vertex 13.5946 -6.33927 173
      vertex 10.8065 -3.93323 173
    endloop
  endfacet
  facet normal 0 0 1
    outer loop
      vertex 13.5946 -6.33927 173
      vertex 10.4225 -4.86011 173
      vertex 12.9904 -7.5 173
    endloop
  endfacet
  facet normal -0 0 1
    outer loop
      vertex 9.95929 -5.75 173
      vertex 12.9904 -7.5 173
      vertex 10.4225 -4.86011 173
    endloop
  endfacet
  facet normal 0 0 1
    outer loop
      vertex 12.9904 -7.5 173
      vertex 9.95929 -5.75 173
      vertex 12.2873 -8.60365 173
    endloop
  endfacet
  facet normal -0 0 1
    outer loop
      vertex 9.42025 -6.59613 173
      vertex 12.2873 -8.60365 173
      vertex 9.95929 -5.75 173
    endloop
  endfacet
  facet normal 0 0 1
    outer loop
      vertex 12.2873 -8.60365 173
      vertex 9.42025 -6.59613 173
      vertex 11.4907 -9.64181 173
    endloop
  endfacet
  facet normal -0 0 1
    outer loop
      vertex 8.80951 -7.39206 173
      vertex 11.4907 -9.64181 173
      vertex 9.42025 -6.59613 173
    endloop
  endfacet
  facet normal 0 0 1
    outer loop
      vertex 11.4907 -9.64181 173
      vertex 8.80951 -7.39206 173
      vertex 10.6066 -10.6066 173
    endloop
  endfacet
  facet normal -0 0 1
    outer loop
      vertex 8.13173 -8.13173 173
      vertex 10.6066 -10.6066 173
      vertex 8.80951 -7.39206 173
    endloop
  endfacet
  facet normal 0 0 1
    outer loop
      vertex 10.6066 -10.6066 173
      vertex 8.13173 -8.13173 173
      vertex 9.64181 -11.4907 173
    endloop
  endfacet
  facet normal -0 0 1
    outer loop
      vertex 7.39206 -8.80951 173
      vertex 9.64181 -11.4907 173
      vertex 8.13173 -8.13173 173
    endloop
  endfacet
  facet normal 0 0 1
    outer loop
      vertex 9.64181 -11.4907 173
      vertex 7.39206 -8.80951 173
      vertex 8.60365 -12.2873 173
    endloop
  endfacet
  facet normal -0 0 1
    outer loop
      vertex 6.59613 -9.42025 173
      vertex 8.60365 -12.2873 173
      vertex 7.39206 -8.80951 173
    endloop
  endfacet
  facet normal 0 0 1
    outer loop
      vertex 8.60365 -12.2873 173
      vertex 6.59613 -9.42025 173
      vertex 7.5 -12.9904 173
    endloop
  endfacet
  facet normal -0 0 1
    outer loop
      vertex 5.75 -9.95929 173
      vertex 7.5 -12.9904 173
      vertex 6.59613 -9.42025 173
    endloop
  endfacet
  facet normal 0 0 1
    outer loop
      vertex 7.5 -12.9904 173
      vertex 5.75 -9.95929 173
      vertex 6.33927 -13.5946 173
    endloop
  endfacet
  facet normal -0 0 1
    outer loop
      vertex 4.86011 -10.4225 173
      vertex 6.33927 -13.5946 173
      vertex 5.75 -9.95929 173
    endloop
  endfacet
  facet normal 0 0 1
    outer loop
      vertex 6.33927 -13.5946 173
      vertex 4.86011 -10.4225 173
      vertex 5.1303 -14.0954 173
    endloop
  endfacet
  facet normal -0 0 1
    outer loop
      vertex 3.93323 -10.8065 173
      vertex 5.1303 -14.0954 173
      vertex 4.86011 -10.4225 173
    endloop
  endfacet
  facet normal 0 0 1
    outer loop
      vertex 3.93323 -10.8065 173
      vertex 3.88229 -14.4889 173
      vertex 5.1303 -14.0954 173
    endloop
  endfacet
  facet normal -0 0 1
    outer loop
      vertex 2.97642 -11.1081 173
      vertex 3.88229 -14.4889 173
      vertex 3.93323 -10.8065 173
    endloop
  endfacet
  facet normal 0 0 1
    outer loop
      vertex 2.97642 -11.1081 173
      vertex 2.60472 -14.7721 173
      vertex 3.88229 -14.4889 173
    endloop
  endfacet
  facet normal -0 0 1
    outer loop
      vertex 1.99695 -11.3253 173
      vertex 2.60472 -14.7721 173
      vertex 2.97642 -11.1081 173
    endloop
  endfacet
  facet normal 0 0 1
    outer loop
      vertex 1.99695 -11.3253 173
      vertex 1.30734 -14.9429 173
      vertex 2.60472 -14.7721 173
    endloop
  endfacet
  facet normal -0 0 1
    outer loop
      vertex 1.00229 -11.4562 173
      vertex 1.30734 -14.9429 173
      vertex 1.99695 -11.3253 173
    endloop
  endfacet
  facet normal -0 0 1
    outer loop
      vertex 0 -11.5 173
      vertex 1.30734 -14.9429 173
      vertex 1.00229 -11.4562 173
    endloop
  endfacet
  facet normal 0 0 1
    outer loop
      vertex 0 -11.5 173
      vertex 0 -15 173
      vertex 1.30734 -14.9429 173
    endloop
  endfacet
  facet normal 0 0 1
    outer loop
      vertex -1.00229 -11.4562 173
      vertex 0 -15 173
      vertex 0 -11.5 173
    endloop
  endfacet
  facet normal 0 0 1
    outer loop
      vertex -1.00229 -11.4562 173
      vertex -1.30734 -14.9429 173
      vertex 0 -15 173
    endloop
  endfacet
  facet normal 0 0 1
    outer loop
      vertex -1.99695 -11.3253 173
      vertex -1.30734 -14.9429 173
      vertex -1.00229 -11.4562 173
    endloop
  endfacet
  facet normal 0 0 1
    outer loop
      vertex -1.99695 -11.3253 173
      vertex -2.60472 -14.7721 173
      vertex -1.30734 -14.9429 173
    endloop
  endfacet
  facet normal 0 0 1
    outer loop
      vertex -2.97642 -11.1081 173
      vertex -2.60472 -14.7721 173
      vertex -1.99695 -11.3253 173
    endloop
  endfacet
  facet normal 0 0 1
    outer loop
      vertex -2.97642 -11.1081 173
      vertex -3.88229 -14.4889 173
      vertex -2.60472 -14.7721 173
    endloop
  endfacet
  facet normal 0 0 1
    outer loop
      vertex -3.93323 -10.8065 173
      vertex -3.88229 -14.4889 173
      vertex -2.97642 -11.1081 173
    endloop
  endfacet
  facet normal 0 0 1
    outer loop
      vertex -5.1303 -14.0954 173
      vertex -3.93323 -10.8065 173
      vertex -4.86011 -10.4225 173
    endloop
  endfacet
  facet normal 0 0 1
    outer loop
      vertex -3.93323 -10.8065 173
      vertex -5.1303 -14.0954 173
      vertex -3.88229 -14.4889 173
    endloop
  endfacet
  facet normal 0 0 1
    outer loop
      vertex -6.33927 -13.5946 173
      vertex -4.86011 -10.4225 173
      vertex -5.75 -9.95929 173
    endloop
  endfacet
  facet normal 0 0 1
    outer loop
      vertex -4.86011 -10.4225 173
      vertex -6.33927 -13.5946 173
      vertex -5.1303 -14.0954 173
    endloop
  endfacet
  facet normal 0 0 1
    outer loop
      vertex -7.5 -12.9904 173
      vertex -5.75 -9.95929 173
      vertex -6.59613 -9.42025 173
    endloop
  endfacet
  facet normal 0 0 1
    outer loop
      vertex -8.60365 -12.2873 173
      vertex -6.59613 -9.42025 173
      vertex -7.39206 -8.80951 173
    endloop
  endfacet
  facet normal 0 0 1
    outer loop
      vertex -5.75 -9.95929 173
      vertex -7.5 -12.9904 173
      vertex -6.33927 -13.5946 173
    endloop
  endfacet
  facet normal 0 0 1
    outer loop
      vertex -9.64181 -11.4907 173
      vertex -7.39206 -8.80951 173
      vertex -8.13173 -8.13173 173
    endloop
  endfacet
  facet normal 0 0 1
    outer loop
      vertex -6.59613 -9.42025 173
      vertex -8.60365 -12.2873 173
      vertex -7.5 -12.9904 173
    endloop
  endfacet
  facet normal 0 0 1
    outer loop
      vertex -10.6066 -10.6066 173
      vertex -8.13173 -8.13173 173
      vertex -8.80951 -7.39206 173
    endloop
  endfacet
  facet normal 0 0 1
    outer loop
      vertex -11.4907 -9.64181 173
      vertex -8.80951 -7.39206 173
      vertex -9.42025 -6.59613 173
    endloop
  endfacet
  facet normal 0 0 1
    outer loop
      vertex -7.39206 -8.80951 173
      vertex -9.64181 -11.4907 173
      vertex -8.60365 -12.2873 173
    endloop
  endfacet
  facet normal 0 0 1
    outer loop
      vertex -12.2873 -8.60365 173
      vertex -9.42025 -6.59613 173
      vertex -9.95929 -5.75 173
    endloop
  endfacet
  facet normal 0 0 1
    outer loop
      vertex -12.9904 -7.5 173
      vertex -9.95929 -5.75 173
      vertex -10.4225 -4.86011 173
    endloop
  endfacet
  facet normal 0 0 1
    outer loop
      vertex -8.13173 -8.13173 173
      vertex -10.6066 -10.6066 173
      vertex -9.64181 -11.4907 173
    endloop
  endfacet
  facet normal 0 0 1
    outer loop
      vertex -13.5946 -6.33927 173
      vertex -10.4225 -4.86011 173
      vertex -10.8065 -3.93323 173
    endloop
  endfacet
  facet normal 0 0 1
    outer loop
      vertex -14.0954 -5.1303 173
      vertex -10.8065 -3.93323 173
      vertex -11.1081 -2.97642 173
    endloop
  endfacet
  facet normal 0 0 1
    outer loop
      vertex -14.4889 -3.88229 173
      vertex -11.1081 -2.97642 173
      vertex -11.3253 -1.99695 173
    endloop
  endfacet
  facet normal 0 0 1
    outer loop
      vertex -14.7721 -2.60472 173
      vertex -11.3253 -1.99695 173
      vertex -11.4562 -1.00229 173
    endloop
  endfacet
  facet normal 0 0 1
    outer loop
      vertex -8.80951 -7.39206 173
      vertex -11.4907 -9.64181 173
      vertex -10.6066 -10.6066 173
    endloop
  endfacet
  facet normal 0 0 1
    outer loop
      vertex -14.9429 -1.30734 173
      vertex -11.4562 -1.00229 173
      vertex -11.5 0 173
    endloop
  endfacet
  facet normal -0 0 1
    outer loop
      vertex -14.4889 3.88229 173
      vertex -11.1081 2.97642 173
      vertex -14.0954 5.1303 173
    endloop
  endfacet
  facet normal 0 0 1
    outer loop
      vertex -9.42025 -6.59613 173
      vertex -12.2873 -8.60365 173
      vertex -11.4907 -9.64181 173
    endloop
  endfacet
  facet normal 0 0 1
    outer loop
      vertex -11.1081 2.97642 173
      vertex -14.4889 3.88229 173
      vertex -11.3253 1.99695 173
    endloop
  endfacet
  facet normal 0 0 1
    outer loop
      vertex -9.95929 -5.75 173
      vertex -12.9904 -7.5 173
      vertex -12.2873 -8.60365 173
    endloop
  endfacet
  facet normal -0 0 1
    outer loop
      vertex -14.7721 2.60472 173
      vertex -11.3253 1.99695 173
      vertex -14.4889 3.88229 173
    endloop
  endfacet
  facet normal 0 0 1
    outer loop
      vertex -10.4225 -4.86011 173
      vertex -13.5946 -6.33927 173
      vertex -12.9904 -7.5 173
    endloop
  endfacet
  facet normal 0 0 1
    outer loop
      vertex -11.3253 1.99695 173
      vertex -14.7721 2.60472 173
      vertex -11.4562 1.00229 173
    endloop
  endfacet
  facet normal 0 0 1
    outer loop
      vertex -10.8065 -3.93323 173
      vertex -14.0954 -5.1303 173
      vertex -13.5946 -6.33927 173
    endloop
  endfacet
  facet normal -0 0 1
    outer loop
      vertex -14.9429 1.30734 173
      vertex -11.4562 1.00229 173
      vertex -14.7721 2.60472 173
    endloop
  endfacet
  facet normal 0 0 1
    outer loop
      vertex -11.1081 -2.97642 173
      vertex -14.4889 -3.88229 173
      vertex -14.0954 -5.1303 173
    endloop
  endfacet
  facet normal 0 0 1
    outer loop
      vertex -11.4562 1.00229 173
      vertex -14.9429 1.30734 173
      vertex -11.5 0 173
    endloop
  endfacet
  facet normal 0 0 1
    outer loop
      vertex -11.3253 -1.99695 173
      vertex -14.7721 -2.60472 173
      vertex -14.4889 -3.88229 173
    endloop
  endfacet
  facet normal 0 0 1
    outer loop
      vertex -15 0 173
      vertex -11.5 0 173
      vertex -14.9429 1.30734 173
    endloop
  endfacet
  facet normal 0 0 1
    outer loop
      vertex -11.4562 -1.00229 173
      vertex -14.9429 -1.30734 173
      vertex -14.7721 -2.60472 173
    endloop
  endfacet
  facet normal 0 0 1
    outer loop
      vertex -11.5 0 173
      vertex -15 0 173
      vertex -14.9429 -1.30734 173
    endloop
  endfacet
  facet normal -0.991445 0.130524 0
    outer loop
      vertex -14.9429 1.30734 166
      vertex -14.7721 2.60472 173
      vertex -14.7721 2.60472 166
    endloop
  endfacet
  facet normal -0.991445 0.130524 0
    outer loop
      vertex -14.7721 2.60472 173
      vertex -14.9429 1.30734 166
      vertex -14.9429 1.30734 173
    endloop
  endfacet
  facet normal -0.608762 -0.793353 0
    outer loop
      vertex 6.59613 9.42025 166
      vertex 7.39206 8.80951 173
      vertex 6.59613 9.42025 173
    endloop
  endfacet
  facet normal -0.608762 -0.793353 -0
    outer loop
      vertex 7.39206 8.80951 173
      vertex 6.59613 9.42025 166
      vertex 7.39206 8.80951 166
    endloop
  endfacet
  facet normal -0.999047 0.0436583 0
    outer loop
      vertex 11.4562 -1.00229 166
      vertex 11.5 0 173
      vertex 11.5 0 166
    endloop
  endfacet
  facet normal -0.999047 0.0436583 0
    outer loop
      vertex 11.5 0 173
      vertex 11.4562 -1.00229 166
      vertex 11.4562 -1.00229 173
    endloop
  endfacet
  facet normal -0.537297 -0.843393 0
    outer loop
      vertex 5.75 9.95929 166
      vertex 6.59613 9.42025 173
      vertex 5.75 9.95929 173
    endloop
  endfacet
  facet normal -0.537297 -0.843393 -0
    outer loop
      vertex 6.59613 9.42025 173
      vertex 5.75 9.95929 166
      vertex 6.59613 9.42025 166
    endloop
  endfacet
  facet normal 0.382746 -0.923854 0
    outer loop
      vertex -4.86011 10.4225 166
      vertex -3.93323 10.8065 173
      vertex -4.86011 10.4225 173
    endloop
  endfacet
  facet normal 0.382746 -0.923854 0
    outer loop
      vertex -3.93323 10.8065 173
      vertex -4.86011 10.4225 166
      vertex -3.93323 10.8065 166
    endloop
  endfacet
  facet normal 0.887026 -0.461719 0
    outer loop
      vertex -10.4225 4.86011 173
      vertex -9.95929 5.75 166
      vertex -9.95929 5.75 173
    endloop
  endfacet
  facet normal 0.887026 -0.461719 0
    outer loop
      vertex -9.95929 5.75 166
      vertex -10.4225 4.86011 173
      vertex -10.4225 4.86011 166
    endloop
  endfacet
  facet normal 0.887026 0.461719 0
    outer loop
      vertex -9.95929 -5.75 173
      vertex -10.4225 -4.86011 166
      vertex -10.4225 -4.86011 173
    endloop
  endfacet
  facet normal 0.887026 0.461719 0
    outer loop
      vertex -10.4225 -4.86011 166
      vertex -9.95929 -5.75 173
      vertex -9.95929 -5.75 166
    endloop
  endfacet
  facet normal -0.976284 -0.216494 0
    outer loop
      vertex 11.3253 1.99695 166
      vertex 11.1081 2.97642 173
      vertex 11.1081 2.97642 166
    endloop
  endfacet
  facet normal -0.976284 -0.216494 0
    outer loop
      vertex 11.1081 2.97642 173
      vertex 11.3253 1.99695 166
      vertex 11.3253 1.99695 173
    endloop
  endfacet
  facet normal -0.95374 -0.300632 0
    outer loop
      vertex 11.1081 2.97642 166
      vertex 10.8065 3.93323 173
      vertex 10.8065 3.93323 166
    endloop
  endfacet
  facet normal -0.95374 -0.300632 0
    outer loop
      vertex 10.8065 3.93323 173
      vertex 11.1081 2.97642 166
      vertex 11.1081 2.97642 173
    endloop
  endfacet
  facet normal -0.737279 -0.675589 0
    outer loop
      vertex 8.80951 7.39206 166
      vertex 8.13173 8.13173 173
      vertex 8.13173 8.13173 166
    endloop
  endfacet
  facet normal -0.737279 -0.675589 0
    outer loop
      vertex 8.13173 8.13173 173
      vertex 8.80951 7.39206 166
      vertex 8.80951 7.39206 173
    endloop
  endfacet
  facet normal -0.461719 -0.887026 0
    outer loop
      vertex 4.86011 10.4225 166
      vertex 5.75 9.95929 173
      vertex 4.86011 10.4225 173
    endloop
  endfacet
  facet normal -0.461719 -0.887026 -0
    outer loop
      vertex 5.75 9.95929 173
      vertex 4.86011 10.4225 166
      vertex 5.75 9.95929 166
    endloop
  endfacet
  facet normal 0.991451 -0.130478 0
    outer loop
      vertex -11.4562 1.00229 173
      vertex -11.3253 1.99695 166
      vertex -11.3253 1.99695 173
    endloop
  endfacet
  facet normal 0.991451 -0.130478 0
    outer loop
      vertex -11.3253 1.99695 166
      vertex -11.4562 1.00229 173
      vertex -11.4562 1.00229 166
    endloop
  endfacet
  facet normal 0.608762 -0.793353 0
    outer loop
      vertex -7.39206 8.80951 166
      vertex -6.59613 9.42025 173
      vertex -7.39206 8.80951 173
    endloop
  endfacet
  facet normal 0.608762 -0.793353 0
    outer loop
      vertex -6.59613 9.42025 173
      vertex -7.39206 8.80951 166
      vertex -6.59613 9.42025 166
    endloop
  endfacet
  facet normal -0.300632 0.95374 0
    outer loop
      vertex 3.93323 -10.8065 166
      vertex 2.97642 -11.1081 173
      vertex 3.93323 -10.8065 173
    endloop
  endfacet
  facet normal -0.300632 0.95374 0
    outer loop
      vertex 2.97642 -11.1081 173
      vertex 3.93323 -10.8065 166
      vertex 2.97642 -11.1081 166
    endloop
  endfacet
  facet normal -0.675589 0.737279 0
    outer loop
      vertex 8.13173 -8.13173 166
      vertex 7.39206 -8.80951 173
      vertex 8.13173 -8.13173 173
    endloop
  endfacet
  facet normal -0.675589 0.737279 0
    outer loop
      vertex 7.39206 -8.80951 173
      vertex 8.13173 -8.13173 166
      vertex 7.39206 -8.80951 166
    endloop
  endfacet
  facet normal 0.130478 0.991451 -0
    outer loop
      vertex -1.00229 -11.4562 166
      vertex -1.99695 -11.3253 173
      vertex -1.00229 -11.4562 173
    endloop
  endfacet
  facet normal 0.130478 0.991451 0
    outer loop
      vertex -1.99695 -11.3253 173
      vertex -1.00229 -11.4562 166
      vertex -1.99695 -11.3253 166
    endloop
  endfacet
  facet normal 0.537297 0.843393 -0
    outer loop
      vertex -5.75 -9.95929 166
      vertex -6.59613 -9.42025 173
      vertex -5.75 -9.95929 173
    endloop
  endfacet
  facet normal 0.537297 0.843393 0
    outer loop
      vertex -6.59613 -9.42025 173
      vertex -5.75 -9.95929 166
      vertex -6.59613 -9.42025 166
    endloop
  endfacet
  facet normal -0.887026 -0.461719 0
    outer loop
      vertex 10.4225 4.86011 166
      vertex 9.95929 5.75 173
      vertex 9.95929 5.75 166
    endloop
  endfacet
  facet normal -0.887026 -0.461719 0
    outer loop
      vertex 9.95929 5.75 173
      vertex 10.4225 4.86011 166
      vertex 10.4225 4.86011 173
    endloop
  endfacet
  facet normal -0.843393 -0.537297 0
    outer loop
      vertex 9.95929 5.75 166
      vertex 9.42025 6.59613 173
      vertex 9.42025 6.59613 166
    endloop
  endfacet
  facet normal -0.843393 -0.537297 0
    outer loop
      vertex 9.42025 6.59613 173
      vertex 9.95929 5.75 166
      vertex 9.95929 5.75 173
    endloop
  endfacet
  facet normal -0.793353 -0.608762 0
    outer loop
      vertex 9.42025 6.59613 166
      vertex 8.80951 7.39206 173
      vertex 8.80951 7.39206 166
    endloop
  endfacet
  facet normal -0.793353 -0.608762 0
    outer loop
      vertex 8.80951 7.39206 173
      vertex 9.42025 6.59613 166
      vertex 9.42025 6.59613 173
    endloop
  endfacet
  facet normal -0.675589 -0.737279 0
    outer loop
      vertex 7.39206 8.80951 166
      vertex 8.13173 8.13173 173
      vertex 7.39206 8.80951 173
    endloop
  endfacet
  facet normal -0.675589 -0.737279 -0
    outer loop
      vertex 8.13173 8.13173 173
      vertex 7.39206 8.80951 166
      vertex 8.13173 8.13173 166
    endloop
  endfacet
  facet normal -0.0436583 -0.999047 0
    outer loop
      vertex 0 11.5 166
      vertex 1.00229 11.4562 173
      vertex 0 11.5 173
    endloop
  endfacet
  facet normal -0.0436583 -0.999047 -0
    outer loop
      vertex 1.00229 11.4562 173
      vertex 0 11.5 166
      vertex 1.00229 11.4562 166
    endloop
  endfacet
  facet normal -0.382746 -0.923854 0
    outer loop
      vertex 3.93323 10.8065 166
      vertex 4.86011 10.4225 173
      vertex 3.93323 10.8065 173
    endloop
  endfacet
  facet normal -0.382746 -0.923854 -0
    outer loop
      vertex 4.86011 10.4225 173
      vertex 3.93323 10.8065 166
      vertex 4.86011 10.4225 166
    endloop
  endfacet
  facet normal -0.216494 -0.976284 0
    outer loop
      vertex 1.99695 11.3253 166
      vertex 2.97642 11.1081 173
      vertex 1.99695 11.3253 173
    endloop
  endfacet
  facet normal -0.216494 -0.976284 -0
    outer loop
      vertex 2.97642 11.1081 173
      vertex 1.99695 11.3253 166
      vertex 2.97642 11.1081 166
    endloop
  endfacet
  facet normal 0.95374 -0.300632 0
    outer loop
      vertex -11.1081 2.97642 173
      vertex -10.8065 3.93323 166
      vertex -10.8065 3.93323 173
    endloop
  endfacet
  facet normal 0.95374 -0.300632 0
    outer loop
      vertex -10.8065 3.93323 166
      vertex -11.1081 2.97642 173
      vertex -11.1081 2.97642 166
    endloop
  endfacet
  facet normal 0.976284 -0.216494 0
    outer loop
      vertex -11.3253 1.99695 173
      vertex -11.1081 2.97642 166
      vertex -11.1081 2.97642 173
    endloop
  endfacet
  facet normal 0.976284 -0.216494 0
    outer loop
      vertex -11.1081 2.97642 166
      vertex -11.3253 1.99695 173
      vertex -11.3253 1.99695 166
    endloop
  endfacet
  facet normal 0.737279 -0.675589 0
    outer loop
      vertex -8.80951 7.39206 173
      vertex -8.13173 8.13173 166
      vertex -8.13173 8.13173 173
    endloop
  endfacet
  facet normal 0.737279 -0.675589 0
    outer loop
      vertex -8.13173 8.13173 166
      vertex -8.80951 7.39206 173
      vertex -8.80951 7.39206 166
    endloop
  endfacet
  facet normal 0.793353 -0.608762 0
    outer loop
      vertex -9.42025 6.59613 173
      vertex -8.80951 7.39206 166
      vertex -8.80951 7.39206 173
    endloop
  endfacet
  facet normal 0.793353 -0.608762 0
    outer loop
      vertex -8.80951 7.39206 166
      vertex -9.42025 6.59613 173
      vertex -9.42025 6.59613 166
    endloop
  endfacet
  facet normal 0.130478 -0.991451 0
    outer loop
      vertex -1.99695 11.3253 166
      vertex -1.00229 11.4562 173
      vertex -1.99695 11.3253 173
    endloop
  endfacet
  facet normal 0.130478 -0.991451 0
    outer loop
      vertex -1.00229 11.4562 173
      vertex -1.99695 11.3253 166
      vertex -1.00229 11.4562 166
    endloop
  endfacet
  facet normal 0.216494 -0.976284 0
    outer loop
      vertex -2.97642 11.1081 166
      vertex -1.99695 11.3253 173
      vertex -2.97642 11.1081 173
    endloop
  endfacet
  facet normal 0.216494 -0.976284 0
    outer loop
      vertex -1.99695 11.3253 173
      vertex -2.97642 11.1081 166
      vertex -1.99695 11.3253 166
    endloop
  endfacet
  facet normal 0.461719 -0.887026 0
    outer loop
      vertex -5.75 9.95929 166
      vertex -4.86011 10.4225 173
      vertex -5.75 9.95929 173
    endloop
  endfacet
  facet normal 0.461719 -0.887026 0
    outer loop
      vertex -4.86011 10.4225 173
      vertex -5.75 9.95929 166
      vertex -4.86011 10.4225 166
    endloop
  endfacet
  facet normal 0.537297 -0.843393 0
    outer loop
      vertex -6.59613 9.42025 166
      vertex -5.75 9.95929 173
      vertex -6.59613 9.42025 173
    endloop
  endfacet
  facet normal 0.537297 -0.843393 0
    outer loop
      vertex -5.75 9.95929 173
      vertex -6.59613 9.42025 166
      vertex -5.75 9.95929 166
    endloop
  endfacet
  facet normal 0.675589 -0.737279 0
    outer loop
      vertex -8.13173 8.13173 166
      vertex -7.39206 8.80951 173
      vertex -8.13173 8.13173 173
    endloop
  endfacet
  facet normal 0.675589 -0.737279 0
    outer loop
      vertex -7.39206 8.80951 173
      vertex -8.13173 8.13173 166
      vertex -7.39206 8.80951 166
    endloop
  endfacet
  facet normal -0.999047 -0.0436583 0
    outer loop
      vertex 11.5 0 166
      vertex 11.4562 1.00229 173
      vertex 11.4562 1.00229 166
    endloop
  endfacet
  facet normal -0.999047 -0.0436583 0
    outer loop
      vertex 11.4562 1.00229 173
      vertex 11.5 0 166
      vertex 11.5 0 173
    endloop
  endfacet
  facet normal -0.216494 0.976284 0
    outer loop
      vertex 2.97642 -11.1081 166
      vertex 1.99695 -11.3253 173
      vertex 2.97642 -11.1081 173
    endloop
  endfacet
  facet normal -0.216494 0.976284 0
    outer loop
      vertex 1.99695 -11.3253 173
      vertex 2.97642 -11.1081 166
      vertex 1.99695 -11.3253 166
    endloop
  endfacet
  facet normal -0.461719 0.887026 0
    outer loop
      vertex 5.75 -9.95929 166
      vertex 4.86011 -10.4225 173
      vertex 5.75 -9.95929 173
    endloop
  endfacet
  facet normal -0.461719 0.887026 0
    outer loop
      vertex 4.86011 -10.4225 173
      vertex 5.75 -9.95929 166
      vertex 4.86011 -10.4225 166
    endloop
  endfacet
  facet normal -0.608762 0.793353 0
    outer loop
      vertex 7.39206 -8.80951 166
      vertex 6.59613 -9.42025 173
      vertex 7.39206 -8.80951 173
    endloop
  endfacet
  facet normal -0.608762 0.793353 0
    outer loop
      vertex 6.59613 -9.42025 173
      vertex 7.39206 -8.80951 166
      vertex 6.59613 -9.42025 166
    endloop
  endfacet
  facet normal 0.300632 0.95374 -0
    outer loop
      vertex -2.97642 -11.1081 166
      vertex -3.93323 -10.8065 173
      vertex -2.97642 -11.1081 173
    endloop
  endfacet
  facet normal 0.300632 0.95374 0
    outer loop
      vertex -3.93323 -10.8065 173
      vertex -2.97642 -11.1081 166
      vertex -3.93323 -10.8065 166
    endloop
  endfacet
  facet normal 0.382746 0.923854 -0
    outer loop
      vertex -3.93323 -10.8065 166
      vertex -4.86011 -10.4225 173
      vertex -3.93323 -10.8065 173
    endloop
  endfacet
  facet normal 0.382746 0.923854 0
    outer loop
      vertex -4.86011 -10.4225 173
      vertex -3.93323 -10.8065 166
      vertex -4.86011 -10.4225 166
    endloop
  endfacet
  facet normal 0.216494 0.976284 -0
    outer loop
      vertex -1.99695 -11.3253 166
      vertex -2.97642 -11.1081 173
      vertex -1.99695 -11.3253 173
    endloop
  endfacet
  facet normal 0.216494 0.976284 0
    outer loop
      vertex -2.97642 -11.1081 173
      vertex -1.99695 -11.3253 166
      vertex -2.97642 -11.1081 166
    endloop
  endfacet
  facet normal 0.461719 0.887026 -0
    outer loop
      vertex -4.86011 -10.4225 166
      vertex -5.75 -9.95929 173
      vertex -4.86011 -10.4225 173
    endloop
  endfacet
  facet normal 0.461719 0.887026 0
    outer loop
      vertex -5.75 -9.95929 173
      vertex -4.86011 -10.4225 166
      vertex -5.75 -9.95929 166
    endloop
  endfacet
  facet normal 0.675589 0.737279 -0
    outer loop
      vertex -7.39206 -8.80951 166
      vertex -8.13173 -8.13173 173
      vertex -7.39206 -8.80951 173
    endloop
  endfacet
  facet normal 0.675589 0.737279 0
    outer loop
      vertex -8.13173 -8.13173 173
      vertex -7.39206 -8.80951 166
      vertex -8.13173 -8.13173 166
    endloop
  endfacet
  facet normal 0.95374 0.300632 0
    outer loop
      vertex -10.8065 -3.93323 173
      vertex -11.1081 -2.97642 166
      vertex -11.1081 -2.97642 173
    endloop
  endfacet
  facet normal 0.95374 0.300632 0
    outer loop
      vertex -11.1081 -2.97642 166
      vertex -10.8065 -3.93323 173
      vertex -10.8065 -3.93323 166
    endloop
  endfacet
  facet normal 0.991451 0.130478 0
    outer loop
      vertex -11.3253 -1.99695 173
      vertex -11.4562 -1.00229 166
      vertex -11.4562 -1.00229 173
    endloop
  endfacet
  facet normal 0.991451 0.130478 0
    outer loop
      vertex -11.4562 -1.00229 166
      vertex -11.3253 -1.99695 173
      vertex -11.3253 -1.99695 166
    endloop
  endfacet
  facet normal 0.793353 0.608762 0
    outer loop
      vertex -8.80951 -7.39206 173
      vertex -9.42025 -6.59613 166
      vertex -9.42025 -6.59613 173
    endloop
  endfacet
  facet normal 0.793353 0.608762 0
    outer loop
      vertex -9.42025 -6.59613 166
      vertex -8.80951 -7.39206 173
      vertex -8.80951 -7.39206 166
    endloop
  endfacet
  facet normal -0.991451 -0.130478 0
    outer loop
      vertex 11.4562 1.00229 166
      vertex 11.3253 1.99695 173
      vertex 11.3253 1.99695 166
    endloop
  endfacet
  facet normal -0.991451 -0.130478 0
    outer loop
      vertex 11.3253 1.99695 173
      vertex 11.4562 1.00229 166
      vertex 11.4562 1.00229 173
    endloop
  endfacet
  facet normal -0.923854 -0.382746 0
    outer loop
      vertex 10.8065 3.93323 166
      vertex 10.4225 4.86011 173
      vertex 10.4225 4.86011 166
    endloop
  endfacet
  facet normal -0.923854 -0.382746 0
    outer loop
      vertex 10.4225 4.86011 173
      vertex 10.8065 3.93323 166
      vertex 10.8065 3.93323 173
    endloop
  endfacet
  facet normal -0.130478 -0.991451 0
    outer loop
      vertex 1.00229 11.4562 166
      vertex 1.99695 11.3253 173
      vertex 1.00229 11.4562 173
    endloop
  endfacet
  facet normal -0.130478 -0.991451 -0
    outer loop
      vertex 1.99695 11.3253 173
      vertex 1.00229 11.4562 166
      vertex 1.99695 11.3253 166
    endloop
  endfacet
  facet normal -0.300632 -0.95374 0
    outer loop
      vertex 2.97642 11.1081 166
      vertex 3.93323 10.8065 173
      vertex 2.97642 11.1081 173
    endloop
  endfacet
  facet normal -0.300632 -0.95374 -0
    outer loop
      vertex 3.93323 10.8065 173
      vertex 2.97642 11.1081 166
      vertex 3.93323 10.8065 166
    endloop
  endfacet
  facet normal 0.999047 -0.0436583 0
    outer loop
      vertex -11.5 0 173
      vertex -11.4562 1.00229 166
      vertex -11.4562 1.00229 173
    endloop
  endfacet
  facet normal 0.999047 -0.0436583 0
    outer loop
      vertex -11.4562 1.00229 166
      vertex -11.5 0 173
      vertex -11.5 0 166
    endloop
  endfacet
  facet normal 0.923854 -0.382746 0
    outer loop
      vertex -10.8065 3.93323 173
      vertex -10.4225 4.86011 166
      vertex -10.4225 4.86011 173
    endloop
  endfacet
  facet normal 0.923854 -0.382746 0
    outer loop
      vertex -10.4225 4.86011 166
      vertex -10.8065 3.93323 173
      vertex -10.8065 3.93323 166
    endloop
  endfacet
  facet normal 0.843393 -0.537297 0
    outer loop
      vertex -9.95929 5.75 173
      vertex -9.42025 6.59613 166
      vertex -9.42025 6.59613 173
    endloop
  endfacet
  facet normal 0.843393 -0.537297 0
    outer loop
      vertex -9.42025 6.59613 166
      vertex -9.95929 5.75 173
      vertex -9.95929 5.75 166
    endloop
  endfacet
  facet normal 0.300632 -0.95374 0
    outer loop
      vertex -3.93323 10.8065 166
      vertex -2.97642 11.1081 173
      vertex -3.93323 10.8065 173
    endloop
  endfacet
  facet normal 0.300632 -0.95374 0
    outer loop
      vertex -2.97642 11.1081 173
      vertex -3.93323 10.8065 166
      vertex -2.97642 11.1081 166
    endloop
  endfacet
  facet normal 0.0436583 -0.999047 0
    outer loop
      vertex -1.00229 11.4562 166
      vertex 0 11.5 173
      vertex -1.00229 11.4562 173
    endloop
  endfacet
  facet normal 0.0436583 -0.999047 0
    outer loop
      vertex 0 11.5 173
      vertex -1.00229 11.4562 166
      vertex 0 11.5 166
    endloop
  endfacet
  facet normal -0.976284 0.216494 0
    outer loop
      vertex 11.1081 -2.97642 166
      vertex 11.3253 -1.99695 173
      vertex 11.3253 -1.99695 166
    endloop
  endfacet
  facet normal -0.976284 0.216494 0
    outer loop
      vertex 11.3253 -1.99695 173
      vertex 11.1081 -2.97642 166
      vertex 11.1081 -2.97642 173
    endloop
  endfacet
  facet normal -0.0436583 0.999047 0
    outer loop
      vertex 1.00229 -11.4562 166
      vertex 0 -11.5 173
      vertex 1.00229 -11.4562 173
    endloop
  endfacet
  facet normal -0.0436583 0.999047 0
    outer loop
      vertex 0 -11.5 173
      vertex 1.00229 -11.4562 166
      vertex 0 -11.5 166
    endloop
  endfacet
  facet normal -0.95374 0.300632 0
    outer loop
      vertex 10.8065 -3.93323 166
      vertex 11.1081 -2.97642 173
      vertex 11.1081 -2.97642 166
    endloop
  endfacet
  facet normal -0.95374 0.300632 0
    outer loop
      vertex 11.1081 -2.97642 173
      vertex 10.8065 -3.93323 166
      vertex 10.8065 -3.93323 173
    endloop
  endfacet
  facet normal -0.793353 0.608762 0
    outer loop
      vertex 8.80951 -7.39206 166
      vertex 9.42025 -6.59613 173
      vertex 9.42025 -6.59613 166
    endloop
  endfacet
  facet normal -0.793353 0.608762 0
    outer loop
      vertex 9.42025 -6.59613 173
      vertex 8.80951 -7.39206 166
      vertex 8.80951 -7.39206 173
    endloop
  endfacet
  facet normal -0.130478 0.991451 0
    outer loop
      vertex 1.99695 -11.3253 166
      vertex 1.00229 -11.4562 173
      vertex 1.99695 -11.3253 173
    endloop
  endfacet
  facet normal -0.130478 0.991451 0
    outer loop
      vertex 1.00229 -11.4562 173
      vertex 1.99695 -11.3253 166
      vertex 1.00229 -11.4562 166
    endloop
  endfacet
  facet normal -0.382746 0.923854 0
    outer loop
      vertex 4.86011 -10.4225 166
      vertex 3.93323 -10.8065 173
      vertex 4.86011 -10.4225 173
    endloop
  endfacet
  facet normal -0.382746 0.923854 0
    outer loop
      vertex 3.93323 -10.8065 173
      vertex 4.86011 -10.4225 166
      vertex 3.93323 -10.8065 166
    endloop
  endfacet
  facet normal -0.537297 0.843393 0
    outer loop
      vertex 6.59613 -9.42025 166
      vertex 5.75 -9.95929 173
      vertex 6.59613 -9.42025 173
    endloop
  endfacet
  facet normal -0.537297 0.843393 0
    outer loop
      vertex 5.75 -9.95929 173
      vertex 6.59613 -9.42025 166
      vertex 5.75 -9.95929 166
    endloop
  endfacet
  facet normal 0.0436583 0.999047 -0
    outer loop
      vertex 0 -11.5 166
      vertex -1.00229 -11.4562 173
      vertex 0 -11.5 173
    endloop
  endfacet
  facet normal 0.0436583 0.999047 0
    outer loop
      vertex -1.00229 -11.4562 173
      vertex 0 -11.5 166
      vertex -1.00229 -11.4562 166
    endloop
  endfacet
  facet normal 0.608762 0.793353 -0
    outer loop
      vertex -6.59613 -9.42025 166
      vertex -7.39206 -8.80951 173
      vertex -6.59613 -9.42025 173
    endloop
  endfacet
  facet normal 0.608762 0.793353 0
    outer loop
      vertex -7.39206 -8.80951 173
      vertex -6.59613 -9.42025 166
      vertex -7.39206 -8.80951 166
    endloop
  endfacet
  facet normal 0.976284 0.216494 0
    outer loop
      vertex -11.1081 -2.97642 173
      vertex -11.3253 -1.99695 166
      vertex -11.3253 -1.99695 173
    endloop
  endfacet
  facet normal 0.976284 0.216494 0
    outer loop
      vertex -11.3253 -1.99695 166
      vertex -11.1081 -2.97642 173
      vertex -11.1081 -2.97642 166
    endloop
  endfacet
  facet normal 0.999047 0.0436583 0
    outer loop
      vertex -11.4562 -1.00229 173
      vertex -11.5 0 166
      vertex -11.5 0 173
    endloop
  endfacet
  facet normal 0.999047 0.0436583 0
    outer loop
      vertex -11.5 0 166
      vertex -11.4562 -1.00229 173
      vertex -11.4562 -1.00229 166
    endloop
  endfacet
  facet normal 0.923854 0.382746 0
    outer loop
      vertex -10.4225 -4.86011 173
      vertex -10.8065 -3.93323 166
      vertex -10.8065 -3.93323 173
    endloop
  endfacet
  facet normal 0.923854 0.382746 0
    outer loop
      vertex -10.8065 -3.93323 166
      vertex -10.4225 -4.86011 173
      vertex -10.4225 -4.86011 166
    endloop
  endfacet
  facet normal 0.843393 0.537297 0
    outer loop
      vertex -9.42025 -6.59613 173
      vertex -9.95929 -5.75 166
      vertex -9.95929 -5.75 173
    endloop
  endfacet
  facet normal 0.843393 0.537297 0
    outer loop
      vertex -9.95929 -5.75 166
      vertex -9.42025 -6.59613 173
      vertex -9.42025 -6.59613 166
    endloop
  endfacet
  facet normal 0.737279 0.675589 0
    outer loop
      vertex -8.13173 -8.13173 173
      vertex -8.80951 -7.39206 166
      vertex -8.80951 -7.39206 173
    endloop
  endfacet
  facet normal 0.737279 0.675589 0
    outer loop
      vertex -8.80951 -7.39206 166
      vertex -8.13173 -8.13173 173
      vertex -8.13173 -8.13173 166
    endloop
  endfacet
  facet normal -0.991451 0.130478 0
    outer loop
      vertex 11.3253 -1.99695 166
      vertex 11.4562 -1.00229 173
      vertex 11.4562 -1.00229 166
    endloop
  endfacet
  facet normal -0.991451 0.130478 0
    outer loop
      vertex 11.4562 -1.00229 173
      vertex 11.3253 -1.99695 166
      vertex 11.3253 -1.99695 173
    endloop
  endfacet
  facet normal -0.887026 0.461719 0
    outer loop
      vertex 9.95929 -5.75 166
      vertex 10.4225 -4.86011 173
      vertex 10.4225 -4.86011 166
    endloop
  endfacet
  facet normal -0.887026 0.461719 0
    outer loop
      vertex 10.4225 -4.86011 173
      vertex 9.95929 -5.75 166
      vertex 9.95929 -5.75 173
    endloop
  endfacet
  facet normal -0.923854 0.382746 0
    outer loop
      vertex 10.4225 -4.86011 166
      vertex 10.8065 -3.93323 173
      vertex 10.8065 -3.93323 166
    endloop
  endfacet
  facet normal -0.923854 0.382746 0
    outer loop
      vertex 10.8065 -3.93323 173
      vertex 10.4225 -4.86011 166
      vertex 10.4225 -4.86011 173
    endloop
  endfacet
  facet normal -0.737279 0.675589 0
    outer loop
      vertex 8.13173 -8.13173 166
      vertex 8.80951 -7.39206 173
      vertex 8.80951 -7.39206 166
    endloop
  endfacet
  facet normal -0.737279 0.675589 0
    outer loop
      vertex 8.80951 -7.39206 173
      vertex 8.13173 -8.13173 166
      vertex 8.13173 -8.13173 173
    endloop
  endfacet
  facet normal -0.843393 0.537297 0
    outer loop
      vertex 9.42025 -6.59613 166
      vertex 9.95929 -5.75 173
      vertex 9.95929 -5.75 166
    endloop
  endfacet
  facet normal -0.843393 0.537297 0
    outer loop
      vertex 9.95929 -5.75 173
      vertex 9.42025 -6.59613 166
      vertex 9.42025 -6.59613 173
    endloop
  endfacet
  facet normal 0.675594 0.737274 -0
    outer loop
      vertex 7.77817 7.77817 115
      vertex 7.07066 8.42649 248
      vertex 7.77817 7.77817 248
    endloop
  endfacet
  facet normal 0.675594 0.737274 0
    outer loop
      vertex 7.07066 8.42649 248
      vertex 7.77817 7.77817 115
      vertex 7.07066 8.42649 115
    endloop
  endfacet
  facet normal 0.999046 -0.0436627 0
    outer loop
      vertex 10.9581 -0.958713 248
      vertex 11 0 115
      vertex 11 0 248
    endloop
  endfacet
  facet normal 0.999046 -0.0436627 0
    outer loop
      vertex 11 0 115
      vertex 10.9581 -0.958713 248
      vertex 10.9581 -0.958713 115
    endloop
  endfacet
  facet normal -0.382663 0.923888 0
    outer loop
      vertex -3.76222 10.3366 115
      vertex -4.6488 9.96939 248
      vertex -3.76222 10.3366 248
    endloop
  endfacet
  facet normal -0.382663 0.923888 0
    outer loop
      vertex -4.6488 9.96939 248
      vertex -3.76222 10.3366 115
      vertex -4.6488 9.96939 115
    endloop
  endfacet
  facet normal -0.887009 0.461751 0
    outer loop
      vertex -9.96939 4.6488 115
      vertex -9.52628 5.5 248
      vertex -9.52628 5.5 115
    endloop
  endfacet
  facet normal -0.887009 0.461751 0
    outer loop
      vertex -9.52628 5.5 248
      vertex -9.96939 4.6488 115
      vertex -9.96939 4.6488 248
    endloop
  endfacet
  facet normal -0.461751 -0.887009 0
    outer loop
      vertex -5.5 -9.52628 115
      vertex -4.6488 -9.96939 248
      vertex -5.5 -9.52628 248
    endloop
  endfacet
  facet normal -0.461751 -0.887009 -0
    outer loop
      vertex -4.6488 -9.96939 248
      vertex -5.5 -9.52628 115
      vertex -4.6488 -9.96939 115
    endloop
  endfacet
  facet normal 0.923888 0.382663 0
    outer loop
      vertex 10.3366 3.76222 248
      vertex 9.96939 4.6488 115
      vertex 9.96939 4.6488 248
    endloop
  endfacet
  facet normal 0.923888 0.382663 0
    outer loop
      vertex 9.96939 4.6488 115
      vertex 10.3366 3.76222 248
      vertex 10.3366 3.76222 115
    endloop
  endfacet
  facet normal 0.887009 0.461751 0
    outer loop
      vertex 9.96939 4.6488 248
      vertex 9.52628 5.5 115
      vertex 9.52628 5.5 248
    endloop
  endfacet
  facet normal 0.887009 0.461751 0
    outer loop
      vertex 9.52628 5.5 115
      vertex 9.96939 4.6488 248
      vertex 9.96939 4.6488 115
    endloop
  endfacet
  facet normal 0.461751 0.887009 -0
    outer loop
      vertex 5.5 9.52628 115
      vertex 4.6488 9.96939 248
      vertex 5.5 9.52628 248
    endloop
  endfacet
  facet normal 0.461751 0.887009 0
    outer loop
      vertex 4.6488 9.96939 248
      vertex 5.5 9.52628 115
      vertex 4.6488 9.96939 115
    endloop
  endfacet
  facet normal -0.737274 0.675594 0
    outer loop
      vertex -8.42649 7.07066 115
      vertex -7.77817 7.77817 248
      vertex -7.77817 7.77817 115
    endloop
  endfacet
  facet normal -0.737274 0.675594 0
    outer loop
      vertex -7.77817 7.77817 248
      vertex -8.42649 7.07066 115
      vertex -8.42649 7.07066 248
    endloop
  endfacet
  facet normal -0.216438 0.976296 0
    outer loop
      vertex -1.91013 10.8329 115
      vertex -2.84701 10.6252 248
      vertex -1.91013 10.8329 248
    endloop
  endfacet
  facet normal -0.216438 0.976296 0
    outer loop
      vertex -2.84701 10.6252 248
      vertex -1.91013 10.8329 115
      vertex -2.84701 10.6252 115
    endloop
  endfacet
  facet normal 0.923888 -0.382663 0
    outer loop
      vertex 9.96939 -4.6488 248
      vertex 10.3366 -3.76222 115
      vertex 10.3366 -3.76222 248
    endloop
  endfacet
  facet normal 0.923888 -0.382663 0
    outer loop
      vertex 10.3366 -3.76222 115
      vertex 9.96939 -4.6488 248
      vertex 9.96939 -4.6488 115
    endloop
  endfacet
  facet normal -0.675594 -0.737274 0
    outer loop
      vertex -7.77817 -7.77817 115
      vertex -7.07066 -8.42649 248
      vertex -7.77817 -7.77817 248
    endloop
  endfacet
  facet normal -0.675594 -0.737274 -0
    outer loop
      vertex -7.07066 -8.42649 248
      vertex -7.77817 -7.77817 115
      vertex -7.07066 -8.42649 115
    endloop
  endfacet
  facet normal -0.976296 -0.216438 0
    outer loop
      vertex -10.6252 -2.84701 115
      vertex -10.8329 -1.91013 248
      vertex -10.8329 -1.91013 115
    endloop
  endfacet
  facet normal -0.976296 -0.216438 0
    outer loop
      vertex -10.8329 -1.91013 248
      vertex -10.6252 -2.84701 115
      vertex -10.6252 -2.84701 248
    endloop
  endfacet
  facet normal 0.976296 0.216438 0
    outer loop
      vertex 10.8329 1.91013 248
      vertex 10.6252 2.84701 115
      vertex 10.6252 2.84701 248
    endloop
  endfacet
  facet normal 0.976296 0.216438 0
    outer loop
      vertex 10.6252 2.84701 115
      vertex 10.8329 1.91013 248
      vertex 10.8329 1.91013 115
    endloop
  endfacet
  facet normal 0.953706 0.300739 0
    outer loop
      vertex 10.6252 2.84701 248
      vertex 10.3366 3.76222 115
      vertex 10.3366 3.76222 248
    endloop
  endfacet
  facet normal 0.953706 0.300739 0
    outer loop
      vertex 10.3366 3.76222 115
      vertex 10.6252 2.84701 248
      vertex 10.6252 2.84701 115
    endloop
  endfacet
  facet normal 0.793354 0.608761 0
    outer loop
      vertex 9.01067 6.30934 248
      vertex 8.42649 7.07066 115
      vertex 8.42649 7.07066 248
    endloop
  endfacet
  facet normal 0.793354 0.608761 0
    outer loop
      vertex 8.42649 7.07066 115
      vertex 9.01067 6.30934 248
      vertex 9.01067 6.30934 115
    endloop
  endfacet
  facet normal 0.84339 0.537302 0
    outer loop
      vertex 9.52628 5.5 248
      vertex 9.01067 6.30934 115
      vertex 9.01067 6.30934 248
    endloop
  endfacet
  facet normal 0.84339 0.537302 0
    outer loop
      vertex 9.01067 6.30934 115
      vertex 9.52628 5.5 248
      vertex 9.52628 5.5 115
    endloop
  endfacet
  facet normal 0.737274 0.675594 0
    outer loop
      vertex 8.42649 7.07066 248
      vertex 7.77817 7.77817 115
      vertex 7.77817 7.77817 248
    endloop
  endfacet
  facet normal 0.737274 0.675594 0
    outer loop
      vertex 7.77817 7.77817 115
      vertex 8.42649 7.07066 248
      vertex 8.42649 7.07066 115
    endloop
  endfacet
  facet normal 0.608761 0.793354 -0
    outer loop
      vertex 7.07066 8.42649 115
      vertex 6.30934 9.01067 248
      vertex 7.07066 8.42649 248
    endloop
  endfacet
  facet normal 0.608761 0.793354 0
    outer loop
      vertex 6.30934 9.01067 248
      vertex 7.07066 8.42649 115
      vertex 6.30934 9.01067 115
    endloop
  endfacet
  facet normal 0.0436627 0.999046 -0
    outer loop
      vertex 0.958713 10.9581 115
      vertex 0 11 248
      vertex 0.958713 10.9581 248
    endloop
  endfacet
  facet normal 0.0436627 0.999046 0
    outer loop
      vertex 0 11 248
      vertex 0.958713 10.9581 115
      vertex 0 11 115
    endloop
  endfacet
  facet normal 0.537302 0.84339 -0
    outer loop
      vertex 6.30934 9.01067 115
      vertex 5.5 9.52628 248
      vertex 6.30934 9.01067 248
    endloop
  endfacet
  facet normal 0.537302 0.84339 0
    outer loop
      vertex 5.5 9.52628 248
      vertex 6.30934 9.01067 115
      vertex 5.5 9.52628 115
    endloop
  endfacet
  facet normal 0.382663 0.923888 -0
    outer loop
      vertex 4.6488 9.96939 115
      vertex 3.76222 10.3366 248
      vertex 4.6488 9.96939 248
    endloop
  endfacet
  facet normal 0.382663 0.923888 0
    outer loop
      vertex 3.76222 10.3366 248
      vertex 4.6488 9.96939 115
      vertex 3.76222 10.3366 115
    endloop
  endfacet
  facet normal 0.300739 0.953706 -0
    outer loop
      vertex 3.76222 10.3366 115
      vertex 2.84701 10.6252 248
      vertex 3.76222 10.3366 248
    endloop
  endfacet
  facet normal 0.300739 0.953706 0
    outer loop
      vertex 2.84701 10.6252 248
      vertex 3.76222 10.3366 115
      vertex 2.84701 10.6252 115
    endloop
  endfacet
  facet normal -0.999046 0.0436627 0
    outer loop
      vertex -11 0 115
      vertex -10.9581 0.958713 248
      vertex -10.9581 0.958713 115
    endloop
  endfacet
  facet normal -0.999046 0.0436627 0
    outer loop
      vertex -10.9581 0.958713 248
      vertex -11 0 115
      vertex -11 0 248
    endloop
  endfacet
  facet normal -0.923888 0.382663 0
    outer loop
      vertex -10.3366 3.76222 115
      vertex -9.96939 4.6488 248
      vertex -9.96939 4.6488 115
    endloop
  endfacet
  facet normal -0.923888 0.382663 0
    outer loop
      vertex -9.96939 4.6488 248
      vertex -10.3366 3.76222 115
      vertex -10.3366 3.76222 248
    endloop
  endfacet
  facet normal -0.953706 0.300739 0
    outer loop
      vertex -10.6252 2.84701 115
      vertex -10.3366 3.76222 248
      vertex -10.3366 3.76222 115
    endloop
  endfacet
  facet normal -0.953706 0.300739 0
    outer loop
      vertex -10.3366 3.76222 248
      vertex -10.6252 2.84701 115
      vertex -10.6252 2.84701 248
    endloop
  endfacet
  facet normal -0.84339 0.537302 0
    outer loop
      vertex -9.52628 5.5 115
      vertex -9.01067 6.30934 248
      vertex -9.01067 6.30934 115
    endloop
  endfacet
  facet normal -0.84339 0.537302 0
    outer loop
      vertex -9.01067 6.30934 248
      vertex -9.52628 5.5 115
      vertex -9.52628 5.5 248
    endloop
  endfacet
  facet normal -0.793354 0.608761 0
    outer loop
      vertex -9.01067 6.30934 115
      vertex -8.42649 7.07066 248
      vertex -8.42649 7.07066 115
    endloop
  endfacet
  facet normal -0.793354 0.608761 0
    outer loop
      vertex -8.42649 7.07066 248
      vertex -9.01067 6.30934 115
      vertex -9.01067 6.30934 248
    endloop
  endfacet
  facet normal -0.300739 0.953706 0
    outer loop
      vertex -2.84701 10.6252 115
      vertex -3.76222 10.3366 248
      vertex -2.84701 10.6252 248
    endloop
  endfacet
  facet normal -0.300739 0.953706 0
    outer loop
      vertex -3.76222 10.3366 248
      vertex -2.84701 10.6252 115
      vertex -3.76222 10.3366 115
    endloop
  endfacet
  facet normal -0.0436627 0.999046 0
    outer loop
      vertex 0 11 115
      vertex -0.958713 10.9581 248
      vertex 0 11 248
    endloop
  endfacet
  facet normal -0.0436627 0.999046 0
    outer loop
      vertex -0.958713 10.9581 248
      vertex 0 11 115
      vertex -0.958713 10.9581 115
    endloop
  endfacet
  facet normal -0.537302 0.84339 0
    outer loop
      vertex -5.5 9.52628 115
      vertex -6.30934 9.01067 248
      vertex -5.5 9.52628 248
    endloop
  endfacet
  facet normal -0.537302 0.84339 0
    outer loop
      vertex -6.30934 9.01067 248
      vertex -5.5 9.52628 115
      vertex -6.30934 9.01067 115
    endloop
  endfacet
  facet normal -0.608761 0.793354 0
    outer loop
      vertex -6.30934 9.01067 115
      vertex -7.07066 8.42649 248
      vertex -6.30934 9.01067 248
    endloop
  endfacet
  facet normal -0.608761 0.793354 0
    outer loop
      vertex -7.07066 8.42649 248
      vertex -6.30934 9.01067 115
      vertex -7.07066 8.42649 115
    endloop
  endfacet
  facet normal -0.461751 0.887009 0
    outer loop
      vertex -4.6488 9.96939 115
      vertex -5.5 9.52628 248
      vertex -4.6488 9.96939 248
    endloop
  endfacet
  facet normal -0.461751 0.887009 0
    outer loop
      vertex -5.5 9.52628 248
      vertex -4.6488 9.96939 115
      vertex -5.5 9.52628 115
    endloop
  endfacet
  facet normal -0.675594 0.737274 0
    outer loop
      vertex -7.07066 8.42649 115
      vertex -7.77817 7.77817 248
      vertex -7.07066 8.42649 248
    endloop
  endfacet
  facet normal -0.675594 0.737274 0
    outer loop
      vertex -7.77817 7.77817 248
      vertex -7.07066 8.42649 115
      vertex -7.77817 7.77817 115
    endloop
  endfacet
  facet normal 0.999046 0.0436627 0
    outer loop
      vertex 11 0 248
      vertex 10.9581 0.958713 115
      vertex 10.9581 0.958713 248
    endloop
  endfacet
  facet normal 0.999046 0.0436627 0
    outer loop
      vertex 10.9581 0.958713 115
      vertex 11 0 248
      vertex 11 0 115
    endloop
  endfacet
  facet normal 0.991452 -0.130468 0
    outer loop
      vertex 10.8329 -1.91013 248
      vertex 10.9581 -0.958713 115
      vertex 10.9581 -0.958713 248
    endloop
  endfacet
  facet normal 0.991452 -0.130468 0
    outer loop
      vertex 10.9581 -0.958713 115
      vertex 10.8329 -1.91013 248
      vertex 10.8329 -1.91013 115
    endloop
  endfacet
  facet normal 0.0436627 -0.999046 0
    outer loop
      vertex 0 -11 115
      vertex 0.958713 -10.9581 248
      vertex 0 -11 248
    endloop
  endfacet
  facet normal 0.0436627 -0.999046 0
    outer loop
      vertex 0.958713 -10.9581 248
      vertex 0 -11 115
      vertex 0.958713 -10.9581 115
    endloop
  endfacet
  facet normal 0.737274 -0.675594 0
    outer loop
      vertex 7.77817 -7.77817 248
      vertex 8.42649 -7.07066 115
      vertex 8.42649 -7.07066 248
    endloop
  endfacet
  facet normal 0.737274 -0.675594 0
    outer loop
      vertex 8.42649 -7.07066 115
      vertex 7.77817 -7.77817 248
      vertex 7.77817 -7.77817 115
    endloop
  endfacet
  facet normal 0.300739 -0.953706 0
    outer loop
      vertex 2.84701 -10.6252 115
      vertex 3.76222 -10.3366 248
      vertex 2.84701 -10.6252 248
    endloop
  endfacet
  facet normal 0.300739 -0.953706 0
    outer loop
      vertex 3.76222 -10.3366 248
      vertex 2.84701 -10.6252 115
      vertex 3.76222 -10.3366 115
    endloop
  endfacet
  facet normal 0.675594 -0.737274 0
    outer loop
      vertex 7.07066 -8.42649 115
      vertex 7.77817 -7.77817 248
      vertex 7.07066 -8.42649 248
    endloop
  endfacet
  facet normal 0.675594 -0.737274 0
    outer loop
      vertex 7.77817 -7.77817 248
      vertex 7.07066 -8.42649 115
      vertex 7.77817 -7.77817 115
    endloop
  endfacet
  facet normal 0.608761 -0.793354 0
    outer loop
      vertex 6.30934 -9.01067 115
      vertex 7.07066 -8.42649 248
      vertex 6.30934 -9.01067 248
    endloop
  endfacet
  facet normal 0.608761 -0.793354 0
    outer loop
      vertex 7.07066 -8.42649 248
      vertex 6.30934 -9.01067 115
      vertex 7.07066 -8.42649 115
    endloop
  endfacet
  facet normal 0.461751 -0.887009 0
    outer loop
      vertex 4.6488 -9.96939 115
      vertex 5.5 -9.52628 248
      vertex 4.6488 -9.96939 248
    endloop
  endfacet
  facet normal 0.461751 -0.887009 0
    outer loop
      vertex 5.5 -9.52628 248
      vertex 4.6488 -9.96939 115
      vertex 5.5 -9.52628 115
    endloop
  endfacet
  facet normal -0.0436627 -0.999046 0
    outer loop
      vertex -0.958713 -10.9581 115
      vertex 0 -11 248
      vertex -0.958713 -10.9581 248
    endloop
  endfacet
  facet normal -0.0436627 -0.999046 -0
    outer loop
      vertex 0 -11 248
      vertex -0.958713 -10.9581 115
      vertex 0 -11 115
    endloop
  endfacet
  facet normal -0.382663 -0.923888 0
    outer loop
      vertex -4.6488 -9.96939 115
      vertex -3.76222 -10.3366 248
      vertex -4.6488 -9.96939 248
    endloop
  endfacet
  facet normal -0.382663 -0.923888 -0
    outer loop
      vertex -3.76222 -10.3366 248
      vertex -4.6488 -9.96939 115
      vertex -3.76222 -10.3366 115
    endloop
  endfacet
  facet normal -0.537302 -0.84339 0
    outer loop
      vertex -6.30934 -9.01067 115
      vertex -5.5 -9.52628 248
      vertex -6.30934 -9.01067 248
    endloop
  endfacet
  facet normal -0.537302 -0.84339 -0
    outer loop
      vertex -5.5 -9.52628 248
      vertex -6.30934 -9.01067 115
      vertex -5.5 -9.52628 115
    endloop
  endfacet
  facet normal -0.953706 -0.300739 0
    outer loop
      vertex -10.3366 -3.76222 115
      vertex -10.6252 -2.84701 248
      vertex -10.6252 -2.84701 115
    endloop
  endfacet
  facet normal -0.953706 -0.300739 0
    outer loop
      vertex -10.6252 -2.84701 248
      vertex -10.3366 -3.76222 115
      vertex -10.3366 -3.76222 248
    endloop
  endfacet
  facet normal -0.999046 -0.0436627 0
    outer loop
      vertex -10.9581 -0.958713 115
      vertex -11 0 248
      vertex -11 0 115
    endloop
  endfacet
  facet normal -0.999046 -0.0436627 0
    outer loop
      vertex -11 0 248
      vertex -10.9581 -0.958713 115
      vertex -10.9581 -0.958713 248
    endloop
  endfacet
  facet normal -0.793354 -0.608761 0
    outer loop
      vertex -8.42649 -7.07066 115
      vertex -9.01067 -6.30934 248
      vertex -9.01067 -6.30934 115
    endloop
  endfacet
  facet normal -0.793354 -0.608761 0
    outer loop
      vertex -9.01067 -6.30934 248
      vertex -8.42649 -7.07066 115
      vertex -8.42649 -7.07066 248
    endloop
  endfacet
  facet normal -0.887009 -0.461751 0
    outer loop
      vertex -9.52628 -5.5 115
      vertex -9.96939 -4.6488 248
      vertex -9.96939 -4.6488 115
    endloop
  endfacet
  facet normal -0.887009 -0.461751 0
    outer loop
      vertex -9.96939 -4.6488 248
      vertex -9.52628 -5.5 115
      vertex -9.52628 -5.5 248
    endloop
  endfacet
  facet normal -0.737274 -0.675594 0
    outer loop
      vertex -7.77817 -7.77817 115
      vertex -8.42649 -7.07066 248
      vertex -8.42649 -7.07066 115
    endloop
  endfacet
  facet normal -0.737274 -0.675594 0
    outer loop
      vertex -8.42649 -7.07066 248
      vertex -7.77817 -7.77817 115
      vertex -7.77817 -7.77817 248
    endloop
  endfacet
  facet normal 0.991452 0.130468 0
    outer loop
      vertex 10.9581 0.958713 248
      vertex 10.8329 1.91013 115
      vertex 10.8329 1.91013 248
    endloop
  endfacet
  facet normal 0.991452 0.130468 0
    outer loop
      vertex 10.8329 1.91013 115
      vertex 10.9581 0.958713 248
      vertex 10.9581 0.958713 115
    endloop
  endfacet
  facet normal 0.216438 0.976296 -0
    outer loop
      vertex 2.84701 10.6252 115
      vertex 1.91013 10.8329 248
      vertex 2.84701 10.6252 248
    endloop
  endfacet
  facet normal 0.216438 0.976296 0
    outer loop
      vertex 1.91013 10.8329 248
      vertex 2.84701 10.6252 115
      vertex 1.91013 10.8329 115
    endloop
  endfacet
  facet normal 0.130468 0.991452 -0
    outer loop
      vertex 1.91013 10.8329 115
      vertex 0.958713 10.9581 248
      vertex 1.91013 10.8329 248
    endloop
  endfacet
  facet normal 0.130468 0.991452 0
    outer loop
      vertex 0.958713 10.9581 248
      vertex 1.91013 10.8329 115
      vertex 0.958713 10.9581 115
    endloop
  endfacet
  facet normal 0 0 1
    outer loop
      vertex 10.9581 0.958713 248
      vertex 10.9581 -0.958713 248
      vertex 11 0 248
    endloop
  endfacet
  facet normal 0 0 1
    outer loop
      vertex 10.8329 1.91013 248
      vertex 10.9581 -0.958713 248
      vertex 10.9581 0.958713 248
    endloop
  endfacet
  facet normal 0 0 1
    outer loop
      vertex 10.8329 1.91013 248
      vertex 10.8329 -1.91013 248
      vertex 10.9581 -0.958713 248
    endloop
  endfacet
  facet normal 0 0 1
    outer loop
      vertex 10.6252 2.84701 248
      vertex 10.8329 -1.91013 248
      vertex 10.8329 1.91013 248
    endloop
  endfacet
  facet normal 0 0 1
    outer loop
      vertex 10.6252 2.84701 248
      vertex 10.6252 -2.84701 248
      vertex 10.8329 -1.91013 248
    endloop
  endfacet
  facet normal 0 0 1
    outer loop
      vertex 10.3366 3.76222 248
      vertex 10.6252 -2.84701 248
      vertex 10.6252 2.84701 248
    endloop
  endfacet
  facet normal 0 0 1
    outer loop
      vertex 10.3366 3.76222 248
      vertex 10.3366 -3.76222 248
      vertex 10.6252 -2.84701 248
    endloop
  endfacet
  facet normal 0 0 1
    outer loop
      vertex 9.96939 4.6488 248
      vertex 10.3366 -3.76222 248
      vertex 10.3366 3.76222 248
    endloop
  endfacet
  facet normal 0 0 1
    outer loop
      vertex 9.96939 4.6488 248
      vertex 9.96939 -4.6488 248
      vertex 10.3366 -3.76222 248
    endloop
  endfacet
  facet normal 0 0 1
    outer loop
      vertex 9.52628 5.5 248
      vertex 9.96939 -4.6488 248
      vertex 9.96939 4.6488 248
    endloop
  endfacet
  facet normal 0 0 1
    outer loop
      vertex 9.52628 5.5 248
      vertex 9.52628 -5.5 248
      vertex 9.96939 -4.6488 248
    endloop
  endfacet
  facet normal 0 0 1
    outer loop
      vertex 9.01067 6.30934 248
      vertex 9.52628 -5.5 248
      vertex 9.52628 5.5 248
    endloop
  endfacet
  facet normal 0 0 1
    outer loop
      vertex 9.01067 6.30934 248
      vertex 9.01067 -6.30934 248
      vertex 9.52628 -5.5 248
    endloop
  endfacet
  facet normal 0 0 1
    outer loop
      vertex 8.42649 7.07066 248
      vertex 9.01067 -6.30934 248
      vertex 9.01067 6.30934 248
    endloop
  endfacet
  facet normal 0 0 1
    outer loop
      vertex 8.42649 7.07066 248
      vertex 8.42649 -7.07066 248
      vertex 9.01067 -6.30934 248
    endloop
  endfacet
  facet normal 0 0 1
    outer loop
      vertex 7.77817 7.77817 248
      vertex 8.42649 -7.07066 248
      vertex 8.42649 7.07066 248
    endloop
  endfacet
  facet normal 0 0 1
    outer loop
      vertex 7.77817 7.77817 248
      vertex 7.77817 -7.77817 248
      vertex 8.42649 -7.07066 248
    endloop
  endfacet
  facet normal 0 0 1
    outer loop
      vertex 7.07066 8.42649 248
      vertex 7.77817 -7.77817 248
      vertex 7.77817 7.77817 248
    endloop
  endfacet
  facet normal 0 0 1
    outer loop
      vertex 7.07066 8.42649 248
      vertex 7.07066 -8.42649 248
      vertex 7.77817 -7.77817 248
    endloop
  endfacet
  facet normal 0 0 1
    outer loop
      vertex 6.30934 9.01067 248
      vertex 7.07066 -8.42649 248
      vertex 7.07066 8.42649 248
    endloop
  endfacet
  facet normal 0 0 1
    outer loop
      vertex 6.30934 9.01067 248
      vertex 6.30934 -9.01067 248
      vertex 7.07066 -8.42649 248
    endloop
  endfacet
  facet normal 0 0 1
    outer loop
      vertex 5.5 9.52628 248
      vertex 6.30934 -9.01067 248
      vertex 6.30934 9.01067 248
    endloop
  endfacet
  facet normal 0 0 1
    outer loop
      vertex 5.5 9.52628 248
      vertex 5.5 -9.52628 248
      vertex 6.30934 -9.01067 248
    endloop
  endfacet
  facet normal 0 0 1
    outer loop
      vertex 4.6488 9.96939 248
      vertex 5.5 -9.52628 248
      vertex 5.5 9.52628 248
    endloop
  endfacet
  facet normal 0 0 1
    outer loop
      vertex 4.6488 9.96939 248
      vertex 4.6488 -9.96939 248
      vertex 5.5 -9.52628 248
    endloop
  endfacet
  facet normal 0 0 1
    outer loop
      vertex 3.76222 10.3366 248
      vertex 4.6488 -9.96939 248
      vertex 4.6488 9.96939 248
    endloop
  endfacet
  facet normal 0 0 1
    outer loop
      vertex 3.76222 10.3366 248
      vertex 3.76222 -10.3366 248
      vertex 4.6488 -9.96939 248
    endloop
  endfacet
  facet normal 0 0 1
    outer loop
      vertex 2.84701 10.6252 248
      vertex 3.76222 -10.3366 248
      vertex 3.76222 10.3366 248
    endloop
  endfacet
  facet normal 0 0 1
    outer loop
      vertex 2.84701 10.6252 248
      vertex 2.84701 -10.6252 248
      vertex 3.76222 -10.3366 248
    endloop
  endfacet
  facet normal 0 0 1
    outer loop
      vertex 1.91013 10.8329 248
      vertex 2.84701 -10.6252 248
      vertex 2.84701 10.6252 248
    endloop
  endfacet
  facet normal 0 0 1
    outer loop
      vertex 1.91013 10.8329 248
      vertex 1.91013 -10.8329 248
      vertex 2.84701 -10.6252 248
    endloop
  endfacet
  facet normal 0 0 1
    outer loop
      vertex 0.958713 10.9581 248
      vertex 1.91013 -10.8329 248
      vertex 1.91013 10.8329 248
    endloop
  endfacet
  facet normal 0 0 1
    outer loop
      vertex 0.958713 10.9581 248
      vertex 0.958713 -10.9581 248
      vertex 1.91013 -10.8329 248
    endloop
  endfacet
  facet normal 0 0 1
    outer loop
      vertex 0 11 248
      vertex 0.958713 -10.9581 248
      vertex 0.958713 10.9581 248
    endloop
  endfacet
  facet normal 0 0 1
    outer loop
      vertex 0 11 248
      vertex 0 -11 248
      vertex 0.958713 -10.9581 248
    endloop
  endfacet
  facet normal -0 0 1
    outer loop
      vertex -0.958713 10.9581 248
      vertex 0 -11 248
      vertex 0 11 248
    endloop
  endfacet
  facet normal 0 0 1
    outer loop
      vertex -0.958713 10.9581 248
      vertex -0.958713 -10.9581 248
      vertex 0 -11 248
    endloop
  endfacet
  facet normal -0 0 1
    outer loop
      vertex -1.91013 10.8329 248
      vertex -0.958713 -10.9581 248
      vertex -0.958713 10.9581 248
    endloop
  endfacet
  facet normal 0 0 1
    outer loop
      vertex -1.91013 10.8329 248
      vertex -1.91013 -10.8329 248
      vertex -0.958713 -10.9581 248
    endloop
  endfacet
  facet normal -0 0 1
    outer loop
      vertex -2.84701 10.6252 248
      vertex -1.91013 -10.8329 248
      vertex -1.91013 10.8329 248
    endloop
  endfacet
  facet normal 0 0 1
    outer loop
      vertex -2.84701 10.6252 248
      vertex -2.84701 -10.6252 248
      vertex -1.91013 -10.8329 248
    endloop
  endfacet
  facet normal -0 0 1
    outer loop
      vertex -3.76222 10.3366 248
      vertex -2.84701 -10.6252 248
      vertex -2.84701 10.6252 248
    endloop
  endfacet
  facet normal 0 0 1
    outer loop
      vertex -3.76222 10.3366 248
      vertex -3.76222 -10.3366 248
      vertex -2.84701 -10.6252 248
    endloop
  endfacet
  facet normal -0 0 1
    outer loop
      vertex -4.6488 9.96939 248
      vertex -3.76222 -10.3366 248
      vertex -3.76222 10.3366 248
    endloop
  endfacet
  facet normal 0 0 1
    outer loop
      vertex -4.6488 9.96939 248
      vertex -4.6488 -9.96939 248
      vertex -3.76222 -10.3366 248
    endloop
  endfacet
  facet normal -0 0 1
    outer loop
      vertex -5.5 9.52628 248
      vertex -4.6488 -9.96939 248
      vertex -4.6488 9.96939 248
    endloop
  endfacet
  facet normal 0 0 1
    outer loop
      vertex -5.5 9.52628 248
      vertex -5.5 -9.52628 248
      vertex -4.6488 -9.96939 248
    endloop
  endfacet
  facet normal -0 0 1
    outer loop
      vertex -6.30934 9.01067 248
      vertex -5.5 -9.52628 248
      vertex -5.5 9.52628 248
    endloop
  endfacet
  facet normal 0 0 1
    outer loop
      vertex -6.30934 9.01067 248
      vertex -6.30934 -9.01067 248
      vertex -5.5 -9.52628 248
    endloop
  endfacet
  facet normal -0 0 1
    outer loop
      vertex -7.07066 8.42649 248
      vertex -6.30934 -9.01067 248
      vertex -6.30934 9.01067 248
    endloop
  endfacet
  facet normal 0 0 1
    outer loop
      vertex -7.07066 8.42649 248
      vertex -7.07066 -8.42649 248
      vertex -6.30934 -9.01067 248
    endloop
  endfacet
  facet normal -0 0 1
    outer loop
      vertex -7.77817 7.77817 248
      vertex -7.07066 -8.42649 248
      vertex -7.07066 8.42649 248
    endloop
  endfacet
  facet normal 0 0 1
    outer loop
      vertex -7.77817 7.77817 248
      vertex -7.77817 -7.77817 248
      vertex -7.07066 -8.42649 248
    endloop
  endfacet
  facet normal -0 0 1
    outer loop
      vertex -8.42649 7.07066 248
      vertex -7.77817 -7.77817 248
      vertex -7.77817 7.77817 248
    endloop
  endfacet
  facet normal 0 0 1
    outer loop
      vertex -8.42649 7.07066 248
      vertex -8.42649 -7.07066 248
      vertex -7.77817 -7.77817 248
    endloop
  endfacet
  facet normal -0 0 1
    outer loop
      vertex -9.01067 6.30934 248
      vertex -8.42649 -7.07066 248
      vertex -8.42649 7.07066 248
    endloop
  endfacet
  facet normal 0 0 1
    outer loop
      vertex -9.01067 6.30934 248
      vertex -9.01067 -6.30934 248
      vertex -8.42649 -7.07066 248
    endloop
  endfacet
  facet normal -0 0 1
    outer loop
      vertex -9.52628 5.5 248
      vertex -9.01067 -6.30934 248
      vertex -9.01067 6.30934 248
    endloop
  endfacet
  facet normal 0 0 1
    outer loop
      vertex -9.52628 5.5 248
      vertex -9.52628 -5.5 248
      vertex -9.01067 -6.30934 248
    endloop
  endfacet
  facet normal -0 0 1
    outer loop
      vertex -9.96939 4.6488 248
      vertex -9.52628 -5.5 248
      vertex -9.52628 5.5 248
    endloop
  endfacet
  facet normal 0 0 1
    outer loop
      vertex -9.96939 4.6488 248
      vertex -9.96939 -4.6488 248
      vertex -9.52628 -5.5 248
    endloop
  endfacet
  facet normal -0 0 1
    outer loop
      vertex -10.3366 3.76222 248
      vertex -9.96939 -4.6488 248
      vertex -9.96939 4.6488 248
    endloop
  endfacet
  facet normal 0 0 1
    outer loop
      vertex -10.3366 3.76222 248
      vertex -10.3366 -3.76222 248
      vertex -9.96939 -4.6488 248
    endloop
  endfacet
  facet normal -0 0 1
    outer loop
      vertex -10.6252 2.84701 248
      vertex -10.3366 -3.76222 248
      vertex -10.3366 3.76222 248
    endloop
  endfacet
  facet normal 0 0 1
    outer loop
      vertex -10.6252 2.84701 248
      vertex -10.6252 -2.84701 248
      vertex -10.3366 -3.76222 248
    endloop
  endfacet
  facet normal -0 0 1
    outer loop
      vertex -10.8329 1.91013 248
      vertex -10.6252 -2.84701 248
      vertex -10.6252 2.84701 248
    endloop
  endfacet
  facet normal 0 0 1
    outer loop
      vertex -10.8329 1.91013 248
      vertex -10.8329 -1.91013 248
      vertex -10.6252 -2.84701 248
    endloop
  endfacet
  facet normal -0 0 1
    outer loop
      vertex -10.9581 0.958713 248
      vertex -10.8329 -1.91013 248
      vertex -10.8329 1.91013 248
    endloop
  endfacet
  facet normal 0 0 1
    outer loop
      vertex -10.9581 0.958713 248
      vertex -10.9581 -0.958713 248
      vertex -10.8329 -1.91013 248
    endloop
  endfacet
  facet normal 0 -0 1
    outer loop
      vertex -10.9581 -0.958713 248
      vertex -10.9581 0.958713 248
      vertex -11 0 248
    endloop
  endfacet
  facet normal -0.976296 0.216438 0
    outer loop
      vertex -10.8329 1.91013 115
      vertex -10.6252 2.84701 248
      vertex -10.6252 2.84701 115
    endloop
  endfacet
  facet normal -0.976296 0.216438 0
    outer loop
      vertex -10.6252 2.84701 248
      vertex -10.8329 1.91013 115
      vertex -10.8329 1.91013 248
    endloop
  endfacet
  facet normal -0.991452 0.130468 0
    outer loop
      vertex -10.9581 0.958713 115
      vertex -10.8329 1.91013 248
      vertex -10.8329 1.91013 115
    endloop
  endfacet
  facet normal -0.991452 0.130468 0
    outer loop
      vertex -10.8329 1.91013 248
      vertex -10.9581 0.958713 115
      vertex -10.9581 0.958713 248
    endloop
  endfacet
  facet normal -0.130468 0.991452 0
    outer loop
      vertex -0.958713 10.9581 115
      vertex -1.91013 10.8329 248
      vertex -0.958713 10.9581 248
    endloop
  endfacet
  facet normal -0.130468 0.991452 0
    outer loop
      vertex -1.91013 10.8329 248
      vertex -0.958713 10.9581 115
      vertex -1.91013 10.8329 115
    endloop
  endfacet
  facet normal 0.976296 -0.216438 0
    outer loop
      vertex 10.6252 -2.84701 248
      vertex 10.8329 -1.91013 115
      vertex 10.8329 -1.91013 248
    endloop
  endfacet
  facet normal 0.976296 -0.216438 0
    outer loop
      vertex 10.8329 -1.91013 115
      vertex 10.6252 -2.84701 248
      vertex 10.6252 -2.84701 115
    endloop
  endfacet
  facet normal 0.130468 -0.991452 0
    outer loop
      vertex 0.958713 -10.9581 115
      vertex 1.91013 -10.8329 248
      vertex 0.958713 -10.9581 248
    endloop
  endfacet
  facet normal 0.130468 -0.991452 0
    outer loop
      vertex 1.91013 -10.8329 248
      vertex 0.958713 -10.9581 115
      vertex 1.91013 -10.8329 115
    endloop
  endfacet
  facet normal 0.382663 -0.923888 0
    outer loop
      vertex 3.76222 -10.3366 115
      vertex 4.6488 -9.96939 248
      vertex 3.76222 -10.3366 248
    endloop
  endfacet
  facet normal 0.382663 -0.923888 0
    outer loop
      vertex 4.6488 -9.96939 248
      vertex 3.76222 -10.3366 115
      vertex 4.6488 -9.96939 115
    endloop
  endfacet
  facet normal 0.537302 -0.84339 0
    outer loop
      vertex 5.5 -9.52628 115
      vertex 6.30934 -9.01067 248
      vertex 5.5 -9.52628 248
    endloop
  endfacet
  facet normal 0.537302 -0.84339 0
    outer loop
      vertex 6.30934 -9.01067 248
      vertex 5.5 -9.52628 115
      vertex 6.30934 -9.01067 115
    endloop
  endfacet
  facet normal -0.216438 -0.976296 0
    outer loop
      vertex -2.84701 -10.6252 115
      vertex -1.91013 -10.8329 248
      vertex -2.84701 -10.6252 248
    endloop
  endfacet
  facet normal -0.216438 -0.976296 -0
    outer loop
      vertex -1.91013 -10.8329 248
      vertex -2.84701 -10.6252 115
      vertex -1.91013 -10.8329 115
    endloop
  endfacet
  facet normal -0.300739 -0.953706 0
    outer loop
      vertex -3.76222 -10.3366 115
      vertex -2.84701 -10.6252 248
      vertex -3.76222 -10.3366 248
    endloop
  endfacet
  facet normal -0.300739 -0.953706 -0
    outer loop
      vertex -2.84701 -10.6252 248
      vertex -3.76222 -10.3366 115
      vertex -2.84701 -10.6252 115
    endloop
  endfacet
  facet normal -0.608761 -0.793354 0
    outer loop
      vertex -7.07066 -8.42649 115
      vertex -6.30934 -9.01067 248
      vertex -7.07066 -8.42649 248
    endloop
  endfacet
  facet normal -0.608761 -0.793354 -0
    outer loop
      vertex -6.30934 -9.01067 248
      vertex -7.07066 -8.42649 115
      vertex -6.30934 -9.01067 115
    endloop
  endfacet
  facet normal -0.923888 -0.382663 0
    outer loop
      vertex -9.96939 -4.6488 115
      vertex -10.3366 -3.76222 248
      vertex -10.3366 -3.76222 115
    endloop
  endfacet
  facet normal -0.923888 -0.382663 0
    outer loop
      vertex -10.3366 -3.76222 248
      vertex -9.96939 -4.6488 115
      vertex -9.96939 -4.6488 248
    endloop
  endfacet
  facet normal -0.991452 -0.130468 0
    outer loop
      vertex -10.8329 -1.91013 115
      vertex -10.9581 -0.958713 248
      vertex -10.9581 -0.958713 115
    endloop
  endfacet
  facet normal -0.991452 -0.130468 0
    outer loop
      vertex -10.9581 -0.958713 248
      vertex -10.8329 -1.91013 115
      vertex -10.8329 -1.91013 248
    endloop
  endfacet
  facet normal -0.84339 -0.537302 0
    outer loop
      vertex -9.01067 -6.30934 115
      vertex -9.52628 -5.5 248
      vertex -9.52628 -5.5 115
    endloop
  endfacet
  facet normal -0.84339 -0.537302 0
    outer loop
      vertex -9.52628 -5.5 248
      vertex -9.01067 -6.30934 115
      vertex -9.01067 -6.30934 248
    endloop
  endfacet
  facet normal 0.953706 -0.300739 0
    outer loop
      vertex 10.3366 -3.76222 248
      vertex 10.6252 -2.84701 115
      vertex 10.6252 -2.84701 248
    endloop
  endfacet
  facet normal 0.953706 -0.300739 0
    outer loop
      vertex 10.6252 -2.84701 115
      vertex 10.3366 -3.76222 248
      vertex 10.3366 -3.76222 115
    endloop
  endfacet
  facet normal 0.887009 -0.461751 0
    outer loop
      vertex 9.52628 -5.5 248
      vertex 9.96939 -4.6488 115
      vertex 9.96939 -4.6488 248
    endloop
  endfacet
  facet normal 0.887009 -0.461751 0
    outer loop
      vertex 9.96939 -4.6488 115
      vertex 9.52628 -5.5 248
      vertex 9.52628 -5.5 115
    endloop
  endfacet
  facet normal 0.84339 -0.537302 0
    outer loop
      vertex 9.01067 -6.30934 248
      vertex 9.52628 -5.5 115
      vertex 9.52628 -5.5 248
    endloop
  endfacet
  facet normal 0.84339 -0.537302 0
    outer loop
      vertex 9.52628 -5.5 115
      vertex 9.01067 -6.30934 248
      vertex 9.01067 -6.30934 115
    endloop
  endfacet
  facet normal 0.216438 -0.976296 0
    outer loop
      vertex 1.91013 -10.8329 115
      vertex 2.84701 -10.6252 248
      vertex 1.91013 -10.8329 248
    endloop
  endfacet
  facet normal 0.216438 -0.976296 0
    outer loop
      vertex 2.84701 -10.6252 248
      vertex 1.91013 -10.8329 115
      vertex 2.84701 -10.6252 115
    endloop
  endfacet
  facet normal -0.130468 -0.991452 0
    outer loop
      vertex -1.91013 -10.8329 115
      vertex -0.958713 -10.9581 248
      vertex -1.91013 -10.8329 248
    endloop
  endfacet
  facet normal -0.130468 -0.991452 -0
    outer loop
      vertex -0.958713 -10.9581 248
      vertex -1.91013 -10.8329 115
      vertex -0.958713 -10.9581 115
    endloop
  endfacet
  facet normal 0.793354 -0.608761 0
    outer loop
      vertex 8.42649 -7.07066 248
      vertex 9.01067 -6.30934 115
      vertex 9.01067 -6.30934 248
    endloop
  endfacet
  facet normal 0.793354 -0.608761 0
    outer loop
      vertex 9.01067 -6.30934 115
      vertex 8.42649 -7.07066 248
      vertex 8.42649 -7.07066 115
    endloop
  endfacet
  facet normal -0.300685 -0.953724 0
    outer loop
      vertex -5.47232 -15.0351 105
      vertex -4.1411 -15.4548 115
      vertex -5.47232 -15.0351 115
    endloop
  endfacet
  facet normal -0.300685 -0.953724 -0
    outer loop
      vertex -4.1411 -15.4548 115
      vertex -5.47232 -15.0351 105
      vertex -4.1411 -15.4548 105
    endloop
  endfacet
  facet normal -0.300685 0.953724 0
    outer loop
      vertex -4.1411 15.4548 105
      vertex -5.47232 15.0351 115
      vertex -4.1411 15.4548 115
    endloop
  endfacet
  facet normal -0.300685 0.953724 0
    outer loop
      vertex -5.47232 15.0351 115
      vertex -4.1411 15.4548 105
      vertex -5.47232 15.0351 105
    endloop
  endfacet
  facet normal -0.923869 0.382709 0
    outer loop
      vertex -15.0351 5.47232 105
      vertex -14.5009 6.76189 115
      vertex -14.5009 6.76189 105
    endloop
  endfacet
  facet normal -0.923869 0.382709 0
    outer loop
      vertex -14.5009 6.76189 115
      vertex -15.0351 5.47232 105
      vertex -15.0351 5.47232 115
    endloop
  endfacet
  facet normal -0.923869 -0.382709 0
    outer loop
      vertex -14.5009 -6.76189 105
      vertex -15.0351 -5.47232 115
      vertex -15.0351 -5.47232 105
    endloop
  endfacet
  facet normal -0.923869 -0.382709 0
    outer loop
      vertex -15.0351 -5.47232 115
      vertex -14.5009 -6.76189 105
      vertex -14.5009 -6.76189 115
    endloop
  endfacet
  facet normal 0.976298 0.216433 0
    outer loop
      vertex 15.7569 2.77837 115
      vertex 15.4548 4.1411 105
      vertex 15.4548 4.1411 115
    endloop
  endfacet
  facet normal 0.976298 0.216433 0
    outer loop
      vertex 15.4548 4.1411 105
      vertex 15.7569 2.77837 115
      vertex 15.7569 2.77837 105
    endloop
  endfacet
  facet normal 0.953724 0.300685 0
    outer loop
      vertex 15.4548 4.1411 115
      vertex 15.0351 5.47232 105
      vertex 15.0351 5.47232 115
    endloop
  endfacet
  facet normal 0.953724 0.300685 0
    outer loop
      vertex 15.0351 5.47232 105
      vertex 15.4548 4.1411 115
      vertex 15.4548 4.1411 105
    endloop
  endfacet
  facet normal 0.793361 0.608751 0
    outer loop
      vertex 13.1064 9.17722 115
      vertex 12.2567 10.2846 105
      vertex 12.2567 10.2846 115
    endloop
  endfacet
  facet normal 0.793361 0.608751 0
    outer loop
      vertex 12.2567 10.2846 105
      vertex 13.1064 9.17722 115
      vertex 13.1064 9.17722 105
    endloop
  endfacet
  facet normal 0.461738 0.887016 -0
    outer loop
      vertex 8 13.8564 105
      vertex 6.76189 14.5009 115
      vertex 8 13.8564 115
    endloop
  endfacet
  facet normal 0.461738 0.887016 0
    outer loop
      vertex 6.76189 14.5009 115
      vertex 8 13.8564 105
      vertex 6.76189 14.5009 105
    endloop
  endfacet
  facet normal -0.537314 0.843382 0
    outer loop
      vertex -8 13.8564 105
      vertex -9.17722 13.1064 115
      vertex -8 13.8564 115
    endloop
  endfacet
  facet normal -0.537314 0.843382 0
    outer loop
      vertex -9.17722 13.1064 115
      vertex -8 13.8564 105
      vertex -9.17722 13.1064 105
    endloop
  endfacet
  facet normal 0.923869 -0.382709 0
    outer loop
      vertex 14.5009 -6.76189 115
      vertex 15.0351 -5.47232 105
      vertex 15.0351 -5.47232 115
    endloop
  endfacet
  facet normal 0.923869 -0.382709 0
    outer loop
      vertex 15.0351 -5.47232 105
      vertex 14.5009 -6.76189 115
      vertex 14.5009 -6.76189 105
    endloop
  endfacet
  facet normal 0.216433 -0.976298 0
    outer loop
      vertex 2.77837 -15.7569 105
      vertex 4.1411 -15.4548 115
      vertex 2.77837 -15.7569 115
    endloop
  endfacet
  facet normal 0.216433 -0.976298 0
    outer loop
      vertex 4.1411 -15.4548 115
      vertex 2.77837 -15.7569 105
      vertex 4.1411 -15.4548 105
    endloop
  endfacet
  facet normal 0.675592 -0.737276 0
    outer loop
      vertex 10.2846 -12.2567 105
      vertex 11.3137 -11.3137 115
      vertex 10.2846 -12.2567 115
    endloop
  endfacet
  facet normal 0.675592 -0.737276 0
    outer loop
      vertex 11.3137 -11.3137 115
      vertex 10.2846 -12.2567 105
      vertex 11.3137 -11.3137 105
    endloop
  endfacet
  facet normal 0.923869 0.382709 0
    outer loop
      vertex 15.0351 5.47232 115
      vertex 14.5009 6.76189 105
      vertex 14.5009 6.76189 115
    endloop
  endfacet
  facet normal 0.923869 0.382709 0
    outer loop
      vertex 14.5009 6.76189 105
      vertex 15.0351 5.47232 115
      vertex 15.0351 5.47232 105
    endloop
  endfacet
  facet normal 0.887016 0.461738 0
    outer loop
      vertex 14.5009 6.76189 115
      vertex 13.8564 8 105
      vertex 13.8564 8 115
    endloop
  endfacet
  facet normal 0.887016 0.461738 0
    outer loop
      vertex 13.8564 8 105
      vertex 14.5009 6.76189 115
      vertex 14.5009 6.76189 105
    endloop
  endfacet
  facet normal 0.843382 0.537314 0
    outer loop
      vertex 13.8564 8 115
      vertex 13.1064 9.17722 105
      vertex 13.1064 9.17722 115
    endloop
  endfacet
  facet normal 0.843382 0.537314 0
    outer loop
      vertex 13.1064 9.17722 105
      vertex 13.8564 8 115
      vertex 13.8564 8 105
    endloop
  endfacet
  facet normal 0.737276 0.675592 0
    outer loop
      vertex 12.2567 10.2846 115
      vertex 11.3137 11.3137 105
      vertex 11.3137 11.3137 115
    endloop
  endfacet
  facet normal 0.737276 0.675592 0
    outer loop
      vertex 11.3137 11.3137 105
      vertex 12.2567 10.2846 115
      vertex 12.2567 10.2846 105
    endloop
  endfacet
  facet normal 0.0436303 0.999048 -0
    outer loop
      vertex 1.39449 15.9391 105
      vertex 0 16 115
      vertex 1.39449 15.9391 115
    endloop
  endfacet
  facet normal 0.0436303 0.999048 0
    outer loop
      vertex 0 16 115
      vertex 1.39449 15.9391 105
      vertex 0 16 105
    endloop
  endfacet
  facet normal 0.608751 0.793361 -0
    outer loop
      vertex 10.2846 12.2567 105
      vertex 9.17722 13.1064 115
      vertex 10.2846 12.2567 115
    endloop
  endfacet
  facet normal 0.608751 0.793361 0
    outer loop
      vertex 9.17722 13.1064 115
      vertex 10.2846 12.2567 105
      vertex 9.17722 13.1064 105
    endloop
  endfacet
  facet normal 0.382709 0.923869 -0
    outer loop
      vertex 6.76189 14.5009 105
      vertex 5.47232 15.0351 115
      vertex 6.76189 14.5009 115
    endloop
  endfacet
  facet normal 0.382709 0.923869 0
    outer loop
      vertex 5.47232 15.0351 115
      vertex 6.76189 14.5009 105
      vertex 5.47232 15.0351 105
    endloop
  endfacet
  facet normal 0.216433 0.976298 -0
    outer loop
      vertex 4.1411 15.4548 105
      vertex 2.77837 15.7569 115
      vertex 4.1411 15.4548 115
    endloop
  endfacet
  facet normal 0.216433 0.976298 0
    outer loop
      vertex 2.77837 15.7569 115
      vertex 4.1411 15.4548 105
      vertex 2.77837 15.7569 105
    endloop
  endfacet
  facet normal -0.999048 0.0436303 0
    outer loop
      vertex -16 0 105
      vertex -15.9391 1.39449 115
      vertex -15.9391 1.39449 105
    endloop
  endfacet
  facet normal -0.999048 0.0436303 0
    outer loop
      vertex -15.9391 1.39449 115
      vertex -16 0 105
      vertex -16 0 115
    endloop
  endfacet
  facet normal -0.976298 0.216433 0
    outer loop
      vertex -15.7569 2.77837 105
      vertex -15.4548 4.1411 115
      vertex -15.4548 4.1411 105
    endloop
  endfacet
  facet normal -0.976298 0.216433 0
    outer loop
      vertex -15.4548 4.1411 115
      vertex -15.7569 2.77837 105
      vertex -15.7569 2.77837 115
    endloop
  endfacet
  facet normal -0.737276 0.675592 0
    outer loop
      vertex -12.2567 10.2846 105
      vertex -11.3137 11.3137 115
      vertex -11.3137 11.3137 105
    endloop
  endfacet
  facet normal -0.737276 0.675592 0
    outer loop
      vertex -11.3137 11.3137 115
      vertex -12.2567 10.2846 105
      vertex -12.2567 10.2846 115
    endloop
  endfacet
  facet normal -0.0436303 0.999048 0
    outer loop
      vertex 0 16 105
      vertex -1.39449 15.9391 115
      vertex 0 16 115
    endloop
  endfacet
  facet normal -0.0436303 0.999048 0
    outer loop
      vertex -1.39449 15.9391 115
      vertex 0 16 105
      vertex -1.39449 15.9391 105
    endloop
  endfacet
  facet normal -0.130532 0.991444 0
    outer loop
      vertex -1.39449 15.9391 105
      vertex -2.77837 15.7569 115
      vertex -1.39449 15.9391 115
    endloop
  endfacet
  facet normal -0.130532 0.991444 0
    outer loop
      vertex -2.77837 15.7569 115
      vertex -1.39449 15.9391 105
      vertex -2.77837 15.7569 105
    endloop
  endfacet
  facet normal -0.382709 0.923869 0
    outer loop
      vertex -5.47232 15.0351 105
      vertex -6.76189 14.5009 115
      vertex -5.47232 15.0351 115
    endloop
  endfacet
  facet normal -0.382709 0.923869 0
    outer loop
      vertex -6.76189 14.5009 115
      vertex -5.47232 15.0351 105
      vertex -6.76189 14.5009 105
    endloop
  endfacet
  facet normal -0.461738 0.887016 0
    outer loop
      vertex -6.76189 14.5009 105
      vertex -8 13.8564 115
      vertex -6.76189 14.5009 115
    endloop
  endfacet
  facet normal -0.461738 0.887016 0
    outer loop
      vertex -8 13.8564 115
      vertex -6.76189 14.5009 105
      vertex -8 13.8564 105
    endloop
  endfacet
  facet normal -0.675592 0.737276 0
    outer loop
      vertex -10.2846 12.2567 105
      vertex -11.3137 11.3137 115
      vertex -10.2846 12.2567 115
    endloop
  endfacet
  facet normal -0.675592 0.737276 0
    outer loop
      vertex -11.3137 11.3137 115
      vertex -10.2846 12.2567 105
      vertex -11.3137 11.3137 105
    endloop
  endfacet
  facet normal 0.999048 0.0436303 0
    outer loop
      vertex 16 0 115
      vertex 15.9391 1.39449 105
      vertex 15.9391 1.39449 115
    endloop
  endfacet
  facet normal 0.999048 0.0436303 0
    outer loop
      vertex 15.9391 1.39449 105
      vertex 16 0 115
      vertex 16 0 105
    endloop
  endfacet
  facet normal 0.0436303 -0.999048 0
    outer loop
      vertex 0 -16 105
      vertex 1.39449 -15.9391 115
      vertex 0 -16 115
    endloop
  endfacet
  facet normal 0.0436303 -0.999048 0
    outer loop
      vertex 1.39449 -15.9391 115
      vertex 0 -16 105
      vertex 1.39449 -15.9391 105
    endloop
  endfacet
  facet normal 0.953724 -0.300685 0
    outer loop
      vertex 15.0351 -5.47232 115
      vertex 15.4548 -4.1411 105
      vertex 15.4548 -4.1411 115
    endloop
  endfacet
  facet normal 0.953724 -0.300685 0
    outer loop
      vertex 15.4548 -4.1411 105
      vertex 15.0351 -5.47232 115
      vertex 15.0351 -5.47232 105
    endloop
  endfacet
  facet normal 0.130532 -0.991444 0
    outer loop
      vertex 1.39449 -15.9391 105
      vertex 2.77837 -15.7569 115
      vertex 1.39449 -15.9391 115
    endloop
  endfacet
  facet normal 0.130532 -0.991444 0
    outer loop
      vertex 2.77837 -15.7569 115
      vertex 1.39449 -15.9391 105
      vertex 2.77837 -15.7569 105
    endloop
  endfacet
  facet normal 0.382709 -0.923869 0
    outer loop
      vertex 5.47232 -15.0351 105
      vertex 6.76189 -14.5009 115
      vertex 5.47232 -15.0351 115
    endloop
  endfacet
  facet normal 0.382709 -0.923869 0
    outer loop
      vertex 6.76189 -14.5009 115
      vertex 5.47232 -15.0351 105
      vertex 6.76189 -14.5009 105
    endloop
  endfacet
  facet normal 0.737276 -0.675592 0
    outer loop
      vertex 11.3137 -11.3137 115
      vertex 12.2567 -10.2846 105
      vertex 12.2567 -10.2846 115
    endloop
  endfacet
  facet normal 0.737276 -0.675592 0
    outer loop
      vertex 12.2567 -10.2846 105
      vertex 11.3137 -11.3137 115
      vertex 11.3137 -11.3137 105
    endloop
  endfacet
  facet normal 0.887016 -0.461738 0
    outer loop
      vertex 13.8564 -8 115
      vertex 14.5009 -6.76189 105
      vertex 14.5009 -6.76189 115
    endloop
  endfacet
  facet normal 0.887016 -0.461738 0
    outer loop
      vertex 14.5009 -6.76189 105
      vertex 13.8564 -8 115
      vertex 13.8564 -8 105
    endloop
  endfacet
  facet normal -0.130532 -0.991444 0
    outer loop
      vertex -2.77837 -15.7569 105
      vertex -1.39449 -15.9391 115
      vertex -2.77837 -15.7569 115
    endloop
  endfacet
  facet normal -0.130532 -0.991444 -0
    outer loop
      vertex -1.39449 -15.9391 115
      vertex -2.77837 -15.7569 105
      vertex -1.39449 -15.9391 105
    endloop
  endfacet
  facet normal -0.0436303 -0.999048 0
    outer loop
      vertex -1.39449 -15.9391 105
      vertex 0 -16 115
      vertex -1.39449 -15.9391 115
    endloop
  endfacet
  facet normal -0.0436303 -0.999048 -0
    outer loop
      vertex 0 -16 115
      vertex -1.39449 -15.9391 105
      vertex 0 -16 105
    endloop
  endfacet
  facet normal -0.461738 -0.887016 0
    outer loop
      vertex -8 -13.8564 105
      vertex -6.76189 -14.5009 115
      vertex -8 -13.8564 115
    endloop
  endfacet
  facet normal -0.461738 -0.887016 -0
    outer loop
      vertex -6.76189 -14.5009 115
      vertex -8 -13.8564 105
      vertex -6.76189 -14.5009 105
    endloop
  endfacet
  facet normal -0.675592 -0.737276 0
    outer loop
      vertex -11.3137 -11.3137 105
      vertex -10.2846 -12.2567 115
      vertex -11.3137 -11.3137 115
    endloop
  endfacet
  facet normal -0.675592 -0.737276 -0
    outer loop
      vertex -10.2846 -12.2567 115
      vertex -11.3137 -11.3137 105
      vertex -10.2846 -12.2567 105
    endloop
  endfacet
  facet normal -0.382709 -0.923869 0
    outer loop
      vertex -6.76189 -14.5009 105
      vertex -5.47232 -15.0351 115
      vertex -6.76189 -14.5009 115
    endloop
  endfacet
  facet normal -0.382709 -0.923869 -0
    outer loop
      vertex -5.47232 -15.0351 115
      vertex -6.76189 -14.5009 105
      vertex -5.47232 -15.0351 105
    endloop
  endfacet
  facet normal -0.976298 -0.216433 0
    outer loop
      vertex -15.4548 -4.1411 105
      vertex -15.7569 -2.77837 115
      vertex -15.7569 -2.77837 105
    endloop
  endfacet
  facet normal -0.976298 -0.216433 0
    outer loop
      vertex -15.7569 -2.77837 115
      vertex -15.4548 -4.1411 105
      vertex -15.4548 -4.1411 115
    endloop
  endfacet
  facet normal -0.999048 -0.0436303 0
    outer loop
      vertex -15.9391 -1.39449 105
      vertex -16 0 115
      vertex -16 0 105
    endloop
  endfacet
  facet normal -0.999048 -0.0436303 0
    outer loop
      vertex -16 0 115
      vertex -15.9391 -1.39449 105
      vertex -15.9391 -1.39449 115
    endloop
  endfacet
  facet normal -0.737276 -0.675592 0
    outer loop
      vertex -11.3137 -11.3137 105
      vertex -12.2567 -10.2846 115
      vertex -12.2567 -10.2846 105
    endloop
  endfacet
  facet normal -0.737276 -0.675592 0
    outer loop
      vertex -12.2567 -10.2846 115
      vertex -11.3137 -11.3137 105
      vertex -11.3137 -11.3137 115
    endloop
  endfacet
  facet normal 0.991444 0.130532 0
    outer loop
      vertex 15.9391 1.39449 115
      vertex 15.7569 2.77837 105
      vertex 15.7569 2.77837 115
    endloop
  endfacet
  facet normal 0.991444 0.130532 0
    outer loop
      vertex 15.7569 2.77837 105
      vertex 15.9391 1.39449 115
      vertex 15.9391 1.39449 105
    endloop
  endfacet
  facet normal 0.537314 0.843382 -0
    outer loop
      vertex 9.17722 13.1064 105
      vertex 8 13.8564 115
      vertex 9.17722 13.1064 115
    endloop
  endfacet
  facet normal 0.537314 0.843382 0
    outer loop
      vertex 8 13.8564 115
      vertex 9.17722 13.1064 105
      vertex 8 13.8564 105
    endloop
  endfacet
  facet normal 0.675592 0.737276 -0
    outer loop
      vertex 11.3137 11.3137 105
      vertex 10.2846 12.2567 115
      vertex 11.3137 11.3137 115
    endloop
  endfacet
  facet normal 0.675592 0.737276 0
    outer loop
      vertex 10.2846 12.2567 115
      vertex 11.3137 11.3137 105
      vertex 10.2846 12.2567 105
    endloop
  endfacet
  facet normal 0.130532 0.991444 -0
    outer loop
      vertex 2.77837 15.7569 105
      vertex 1.39449 15.9391 115
      vertex 2.77837 15.7569 115
    endloop
  endfacet
  facet normal 0.130532 0.991444 0
    outer loop
      vertex 1.39449 15.9391 115
      vertex 2.77837 15.7569 105
      vertex 1.39449 15.9391 105
    endloop
  endfacet
  facet normal 0.300685 0.953724 -0
    outer loop
      vertex 5.47232 15.0351 105
      vertex 4.1411 15.4548 115
      vertex 5.47232 15.0351 115
    endloop
  endfacet
  facet normal 0.300685 0.953724 0
    outer loop
      vertex 4.1411 15.4548 115
      vertex 5.47232 15.0351 105
      vertex 4.1411 15.4548 105
    endloop
  endfacet
  facet normal 0 0 1
    outer loop
      vertex 11 0 115
      vertex 16 0 115
      vertex 15.9391 1.39449 115
    endloop
  endfacet
  facet normal 0 0 1
    outer loop
      vertex 10.9581 0.958713 115
      vertex 15.9391 1.39449 115
      vertex 15.7569 2.77837 115
    endloop
  endfacet
  facet normal 0 0 1
    outer loop
      vertex 16 0 115
      vertex 11 0 115
      vertex 15.9391 -1.39449 115
    endloop
  endfacet
  facet normal 0 0 1
    outer loop
      vertex 10.8329 1.91013 115
      vertex 15.7569 2.77837 115
      vertex 15.4548 4.1411 115
    endloop
  endfacet
  facet normal -0 0 1
    outer loop
      vertex 10.9581 -0.958713 115
      vertex 15.9391 -1.39449 115
      vertex 11 0 115
    endloop
  endfacet
  facet normal 0 0 1
    outer loop
      vertex 10.6252 2.84701 115
      vertex 15.4548 4.1411 115
      vertex 15.0351 5.47232 115
    endloop
  endfacet
  facet normal 0 0 1
    outer loop
      vertex 15.9391 -1.39449 115
      vertex 10.9581 -0.958713 115
      vertex 15.7569 -2.77837 115
    endloop
  endfacet
  facet normal 0 0 1
    outer loop
      vertex 10.3366 3.76222 115
      vertex 15.0351 5.47232 115
      vertex 14.5009 6.76189 115
    endloop
  endfacet
  facet normal -0 0 1
    outer loop
      vertex 10.8329 -1.91013 115
      vertex 15.7569 -2.77837 115
      vertex 10.9581 -0.958713 115
    endloop
  endfacet
  facet normal 0 0 1
    outer loop
      vertex 9.96939 4.6488 115
      vertex 14.5009 6.76189 115
      vertex 13.8564 8 115
    endloop
  endfacet
  facet normal 0 0 1
    outer loop
      vertex 15.7569 -2.77837 115
      vertex 10.8329 -1.91013 115
      vertex 15.4548 -4.1411 115
    endloop
  endfacet
  facet normal 0 0 1
    outer loop
      vertex 9.52628 5.5 115
      vertex 13.8564 8 115
      vertex 13.1064 9.17722 115
    endloop
  endfacet
  facet normal -0 0 1
    outer loop
      vertex 10.6252 -2.84701 115
      vertex 15.4548 -4.1411 115
      vertex 10.8329 -1.91013 115
    endloop
  endfacet
  facet normal 0 0 1
    outer loop
      vertex 9.01067 6.30934 115
      vertex 13.1064 9.17722 115
      vertex 12.2567 10.2846 115
    endloop
  endfacet
  facet normal 0 0 1
    outer loop
      vertex 15.4548 -4.1411 115
      vertex 10.6252 -2.84701 115
      vertex 15.0351 -5.47232 115
    endloop
  endfacet
  facet normal 0 0 1
    outer loop
      vertex 8.42649 7.07066 115
      vertex 12.2567 10.2846 115
      vertex 11.3137 11.3137 115
    endloop
  endfacet
  facet normal -0 0 1
    outer loop
      vertex 10.3366 -3.76222 115
      vertex 15.0351 -5.47232 115
      vertex 10.6252 -2.84701 115
    endloop
  endfacet
  facet normal 0 0 1
    outer loop
      vertex 15.0351 -5.47232 115
      vertex 10.3366 -3.76222 115
      vertex 14.5009 -6.76189 115
    endloop
  endfacet
  facet normal 0 0 1
    outer loop
      vertex 15.9391 1.39449 115
      vertex 10.9581 0.958713 115
      vertex 11 0 115
    endloop
  endfacet
  facet normal 0 0 1
    outer loop
      vertex 15.7569 2.77837 115
      vertex 10.8329 1.91013 115
      vertex 10.9581 0.958713 115
    endloop
  endfacet
  facet normal 0 0 1
    outer loop
      vertex 15.4548 4.1411 115
      vertex 10.6252 2.84701 115
      vertex 10.8329 1.91013 115
    endloop
  endfacet
  facet normal 0 0 1
    outer loop
      vertex 15.0351 5.47232 115
      vertex 10.3366 3.76222 115
      vertex 10.6252 2.84701 115
    endloop
  endfacet
  facet normal 0 0 1
    outer loop
      vertex 7.77817 7.77817 115
      vertex 11.3137 11.3137 115
      vertex 10.2846 12.2567 115
    endloop
  endfacet
  facet normal 0 0 1
    outer loop
      vertex 14.5009 6.76189 115
      vertex 9.96939 4.6488 115
      vertex 10.3366 3.76222 115
    endloop
  endfacet
  facet normal 0 0 1
    outer loop
      vertex 13.8564 8 115
      vertex 9.52628 5.5 115
      vertex 9.96939 4.6488 115
    endloop
  endfacet
  facet normal 0 0 1
    outer loop
      vertex 7.07066 8.42649 115
      vertex 10.2846 12.2567 115
      vertex 9.17722 13.1064 115
    endloop
  endfacet
  facet normal 0 0 1
    outer loop
      vertex 13.1064 9.17722 115
      vertex 9.01067 6.30934 115
      vertex 9.52628 5.5 115
    endloop
  endfacet
  facet normal 0 0 1
    outer loop
      vertex 12.2567 10.2846 115
      vertex 8.42649 7.07066 115
      vertex 9.01067 6.30934 115
    endloop
  endfacet
  facet normal 0 0 1
    outer loop
      vertex 6.30934 9.01067 115
      vertex 9.17722 13.1064 115
      vertex 8 13.8564 115
    endloop
  endfacet
  facet normal 0 0 1
    outer loop
      vertex 11.3137 11.3137 115
      vertex 7.77817 7.77817 115
      vertex 8.42649 7.07066 115
    endloop
  endfacet
  facet normal 0 0 1
    outer loop
      vertex 10.2846 12.2567 115
      vertex 7.07066 8.42649 115
      vertex 7.77817 7.77817 115
    endloop
  endfacet
  facet normal 0 0 1
    outer loop
      vertex 5.5 9.52628 115
      vertex 8 13.8564 115
      vertex 6.76189 14.5009 115
    endloop
  endfacet
  facet normal 0 0 1
    outer loop
      vertex 9.17722 13.1064 115
      vertex 6.30934 9.01067 115
      vertex 7.07066 8.42649 115
    endloop
  endfacet
  facet normal 0 0 1
    outer loop
      vertex 8 13.8564 115
      vertex 5.5 9.52628 115
      vertex 6.30934 9.01067 115
    endloop
  endfacet
  facet normal 0 0 1
    outer loop
      vertex 4.6488 9.96939 115
      vertex 6.76189 14.5009 115
      vertex 5.47232 15.0351 115
    endloop
  endfacet
  facet normal 0 0 1
    outer loop
      vertex 6.76189 14.5009 115
      vertex 4.6488 9.96939 115
      vertex 5.5 9.52628 115
    endloop
  endfacet
  facet normal 0 0 1
    outer loop
      vertex 3.76222 10.3366 115
      vertex 5.47232 15.0351 115
      vertex 4.1411 15.4548 115
    endloop
  endfacet
  facet normal 0 0 1
    outer loop
      vertex 5.47232 15.0351 115
      vertex 3.76222 10.3366 115
      vertex 4.6488 9.96939 115
    endloop
  endfacet
  facet normal 0 0 1
    outer loop
      vertex 4.1411 15.4548 115
      vertex 2.84701 10.6252 115
      vertex 3.76222 10.3366 115
    endloop
  endfacet
  facet normal 0 0 1
    outer loop
      vertex 2.77837 15.7569 115
      vertex 2.84701 10.6252 115
      vertex 4.1411 15.4548 115
    endloop
  endfacet
  facet normal 0 0 1
    outer loop
      vertex 2.77837 15.7569 115
      vertex 1.91013 10.8329 115
      vertex 2.84701 10.6252 115
    endloop
  endfacet
  facet normal 0 0 1
    outer loop
      vertex 1.39449 15.9391 115
      vertex 1.91013 10.8329 115
      vertex 2.77837 15.7569 115
    endloop
  endfacet
  facet normal 0 0 1
    outer loop
      vertex 1.39449 15.9391 115
      vertex 0.958713 10.9581 115
      vertex 1.91013 10.8329 115
    endloop
  endfacet
  facet normal 0 0 1
    outer loop
      vertex 0 16 115
      vertex 0.958713 10.9581 115
      vertex 1.39449 15.9391 115
    endloop
  endfacet
  facet normal 0 0 1
    outer loop
      vertex 0 16 115
      vertex 0 11 115
      vertex 0.958713 10.9581 115
    endloop
  endfacet
  facet normal 0 0 1
    outer loop
      vertex 0 16 115
      vertex -0.958713 10.9581 115
      vertex 0 11 115
    endloop
  endfacet
  facet normal -0 0 1
    outer loop
      vertex -1.39449 15.9391 115
      vertex -0.958713 10.9581 115
      vertex 0 16 115
    endloop
  endfacet
  facet normal 0 0 1
    outer loop
      vertex -1.39449 15.9391 115
      vertex -1.91013 10.8329 115
      vertex -0.958713 10.9581 115
    endloop
  endfacet
  facet normal -0 0 1
    outer loop
      vertex -2.77837 15.7569 115
      vertex -1.91013 10.8329 115
      vertex -1.39449 15.9391 115
    endloop
  endfacet
  facet normal 0 0 1
    outer loop
      vertex -2.77837 15.7569 115
      vertex -2.84701 10.6252 115
      vertex -1.91013 10.8329 115
    endloop
  endfacet
  facet normal -0 0 1
    outer loop
      vertex -4.1411 15.4548 115
      vertex -2.84701 10.6252 115
      vertex -2.77837 15.7569 115
    endloop
  endfacet
  facet normal 0 0 1
    outer loop
      vertex -2.84701 10.6252 115
      vertex -4.1411 15.4548 115
      vertex -3.76222 10.3366 115
    endloop
  endfacet
  facet normal -0 0 1
    outer loop
      vertex -5.47232 15.0351 115
      vertex -3.76222 10.3366 115
      vertex -4.1411 15.4548 115
    endloop
  endfacet
  facet normal 0 0 1
    outer loop
      vertex -3.76222 10.3366 115
      vertex -5.47232 15.0351 115
      vertex -4.6488 9.96939 115
    endloop
  endfacet
  facet normal -0 0 1
    outer loop
      vertex -6.76189 14.5009 115
      vertex -4.6488 9.96939 115
      vertex -5.47232 15.0351 115
    endloop
  endfacet
  facet normal 0 0 1
    outer loop
      vertex -4.6488 9.96939 115
      vertex -6.76189 14.5009 115
      vertex -5.5 9.52628 115
    endloop
  endfacet
  facet normal -0 0 1
    outer loop
      vertex -8 13.8564 115
      vertex -5.5 9.52628 115
      vertex -6.76189 14.5009 115
    endloop
  endfacet
  facet normal 0 0 1
    outer loop
      vertex -5.5 9.52628 115
      vertex -8 13.8564 115
      vertex -6.30934 9.01067 115
    endloop
  endfacet
  facet normal -0 0 1
    outer loop
      vertex -9.17722 13.1064 115
      vertex -6.30934 9.01067 115
      vertex -8 13.8564 115
    endloop
  endfacet
  facet normal 0 0 1
    outer loop
      vertex -6.30934 9.01067 115
      vertex -9.17722 13.1064 115
      vertex -7.07066 8.42649 115
    endloop
  endfacet
  facet normal -0 0 1
    outer loop
      vertex -10.2846 12.2567 115
      vertex -7.07066 8.42649 115
      vertex -9.17722 13.1064 115
    endloop
  endfacet
  facet normal 0 0 1
    outer loop
      vertex -7.07066 8.42649 115
      vertex -10.2846 12.2567 115
      vertex -7.77817 7.77817 115
    endloop
  endfacet
  facet normal -0 0 1
    outer loop
      vertex -11.3137 11.3137 115
      vertex -7.77817 7.77817 115
      vertex -10.2846 12.2567 115
    endloop
  endfacet
  facet normal 0 0 1
    outer loop
      vertex -7.77817 7.77817 115
      vertex -11.3137 11.3137 115
      vertex -8.42649 7.07066 115
    endloop
  endfacet
  facet normal -0 0 1
    outer loop
      vertex -12.2567 10.2846 115
      vertex -8.42649 7.07066 115
      vertex -11.3137 11.3137 115
    endloop
  endfacet
  facet normal 0 0 1
    outer loop
      vertex -8.42649 7.07066 115
      vertex -12.2567 10.2846 115
      vertex -9.01067 6.30934 115
    endloop
  endfacet
  facet normal -0 0 1
    outer loop
      vertex -13.1064 9.17722 115
      vertex -9.01067 6.30934 115
      vertex -12.2567 10.2846 115
    endloop
  endfacet
  facet normal 0 0 1
    outer loop
      vertex -9.01067 6.30934 115
      vertex -13.1064 9.17722 115
      vertex -9.52628 5.5 115
    endloop
  endfacet
  facet normal -0 0 1
    outer loop
      vertex -13.8564 8 115
      vertex -9.52628 5.5 115
      vertex -13.1064 9.17722 115
    endloop
  endfacet
  facet normal 0 0 1
    outer loop
      vertex -9.52628 5.5 115
      vertex -13.8564 8 115
      vertex -9.96939 4.6488 115
    endloop
  endfacet
  facet normal 0 0 1
    outer loop
      vertex -9.96939 4.6488 115
      vertex -14.5009 6.76189 115
      vertex -10.3366 3.76222 115
    endloop
  endfacet
  facet normal -0 0 1
    outer loop
      vertex -14.5009 6.76189 115
      vertex -9.96939 4.6488 115
      vertex -13.8564 8 115
    endloop
  endfacet
  facet normal -0 0 1
    outer loop
      vertex 9.96939 -4.6488 115
      vertex 14.5009 -6.76189 115
      vertex 10.3366 -3.76222 115
    endloop
  endfacet
  facet normal 0 0 1
    outer loop
      vertex 14.5009 -6.76189 115
      vertex 9.96939 -4.6488 115
      vertex 13.8564 -8 115
    endloop
  endfacet
  facet normal -0 0 1
    outer loop
      vertex 9.52628 -5.5 115
      vertex 13.8564 -8 115
      vertex 9.96939 -4.6488 115
    endloop
  endfacet
  facet normal 0 0 1
    outer loop
      vertex 13.8564 -8 115
      vertex 9.52628 -5.5 115
      vertex 13.1064 -9.17722 115
    endloop
  endfacet
  facet normal -0 0 1
    outer loop
      vertex 9.01067 -6.30934 115
      vertex 13.1064 -9.17722 115
      vertex 9.52628 -5.5 115
    endloop
  endfacet
  facet normal 0 0 1
    outer loop
      vertex 13.1064 -9.17722 115
      vertex 9.01067 -6.30934 115
      vertex 12.2567 -10.2846 115
    endloop
  endfacet
  facet normal -0 0 1
    outer loop
      vertex 8.42649 -7.07066 115
      vertex 12.2567 -10.2846 115
      vertex 9.01067 -6.30934 115
    endloop
  endfacet
  facet normal 0 0 1
    outer loop
      vertex 12.2567 -10.2846 115
      vertex 8.42649 -7.07066 115
      vertex 11.3137 -11.3137 115
    endloop
  endfacet
  facet normal -0 0 1
    outer loop
      vertex 7.77817 -7.77817 115
      vertex 11.3137 -11.3137 115
      vertex 8.42649 -7.07066 115
    endloop
  endfacet
  facet normal 0 0 1
    outer loop
      vertex 11.3137 -11.3137 115
      vertex 7.77817 -7.77817 115
      vertex 10.2846 -12.2567 115
    endloop
  endfacet
  facet normal -0 0 1
    outer loop
      vertex 7.07066 -8.42649 115
      vertex 10.2846 -12.2567 115
      vertex 7.77817 -7.77817 115
    endloop
  endfacet
  facet normal 0 0 1
    outer loop
      vertex 10.2846 -12.2567 115
      vertex 7.07066 -8.42649 115
      vertex 9.17722 -13.1064 115
    endloop
  endfacet
  facet normal -0 0 1
    outer loop
      vertex 6.30934 -9.01067 115
      vertex 9.17722 -13.1064 115
      vertex 7.07066 -8.42649 115
    endloop
  endfacet
  facet normal 0 0 1
    outer loop
      vertex 9.17722 -13.1064 115
      vertex 6.30934 -9.01067 115
      vertex 8 -13.8564 115
    endloop
  endfacet
  facet normal -0 0 1
    outer loop
      vertex 5.5 -9.52628 115
      vertex 8 -13.8564 115
      vertex 6.30934 -9.01067 115
    endloop
  endfacet
  facet normal 0 0 1
    outer loop
      vertex 8 -13.8564 115
      vertex 5.5 -9.52628 115
      vertex 6.76189 -14.5009 115
    endloop
  endfacet
  facet normal -0 0 1
    outer loop
      vertex 4.6488 -9.96939 115
      vertex 6.76189 -14.5009 115
      vertex 5.5 -9.52628 115
    endloop
  endfacet
  facet normal 0 0 1
    outer loop
      vertex 6.76189 -14.5009 115
      vertex 4.6488 -9.96939 115
      vertex 5.47232 -15.0351 115
    endloop
  endfacet
  facet normal -0 0 1
    outer loop
      vertex 3.76222 -10.3366 115
      vertex 5.47232 -15.0351 115
      vertex 4.6488 -9.96939 115
    endloop
  endfacet
  facet normal 0 0 1
    outer loop
      vertex 5.47232 -15.0351 115
      vertex 3.76222 -10.3366 115
      vertex 4.1411 -15.4548 115
    endloop
  endfacet
  facet normal -0 0 1
    outer loop
      vertex 2.84701 -10.6252 115
      vertex 4.1411 -15.4548 115
      vertex 3.76222 -10.3366 115
    endloop
  endfacet
  facet normal 0 0 1
    outer loop
      vertex 2.84701 -10.6252 115
      vertex 2.77837 -15.7569 115
      vertex 4.1411 -15.4548 115
    endloop
  endfacet
  facet normal -0 0 1
    outer loop
      vertex 1.91013 -10.8329 115
      vertex 2.77837 -15.7569 115
      vertex 2.84701 -10.6252 115
    endloop
  endfacet
  facet normal 0 0 1
    outer loop
      vertex 1.91013 -10.8329 115
      vertex 1.39449 -15.9391 115
      vertex 2.77837 -15.7569 115
    endloop
  endfacet
  facet normal -0 0 1
    outer loop
      vertex 0.958713 -10.9581 115
      vertex 1.39449 -15.9391 115
      vertex 1.91013 -10.8329 115
    endloop
  endfacet
  facet normal -0 0 1
    outer loop
      vertex 0 -11 115
      vertex 1.39449 -15.9391 115
      vertex 0.958713 -10.9581 115
    endloop
  endfacet
  facet normal 0 0 1
    outer loop
      vertex 0 -11 115
      vertex 0 -16 115
      vertex 1.39449 -15.9391 115
    endloop
  endfacet
  facet normal 0 0 1
    outer loop
      vertex -0.958713 -10.9581 115
      vertex 0 -16 115
      vertex 0 -11 115
    endloop
  endfacet
  facet normal 0 0 1
    outer loop
      vertex -0.958713 -10.9581 115
      vertex -1.39449 -15.9391 115
      vertex 0 -16 115
    endloop
  endfacet
  facet normal 0 0 1
    outer loop
      vertex -1.91013 -10.8329 115
      vertex -1.39449 -15.9391 115
      vertex -0.958713 -10.9581 115
    endloop
  endfacet
  facet normal 0 0 1
    outer loop
      vertex -1.91013 -10.8329 115
      vertex -2.77837 -15.7569 115
      vertex -1.39449 -15.9391 115
    endloop
  endfacet
  facet normal 0 0 1
    outer loop
      vertex -2.84701 -10.6252 115
      vertex -2.77837 -15.7569 115
      vertex -1.91013 -10.8329 115
    endloop
  endfacet
  facet normal 0 0 1
    outer loop
      vertex -4.1411 -15.4548 115
      vertex -2.84701 -10.6252 115
      vertex -3.76222 -10.3366 115
    endloop
  endfacet
  facet normal 0 0 1
    outer loop
      vertex -2.84701 -10.6252 115
      vertex -4.1411 -15.4548 115
      vertex -2.77837 -15.7569 115
    endloop
  endfacet
  facet normal 0 0 1
    outer loop
      vertex -5.47232 -15.0351 115
      vertex -3.76222 -10.3366 115
      vertex -4.6488 -9.96939 115
    endloop
  endfacet
  facet normal 0 0 1
    outer loop
      vertex -3.76222 -10.3366 115
      vertex -5.47232 -15.0351 115
      vertex -4.1411 -15.4548 115
    endloop
  endfacet
  facet normal 0 0 1
    outer loop
      vertex -6.76189 -14.5009 115
      vertex -4.6488 -9.96939 115
      vertex -5.5 -9.52628 115
    endloop
  endfacet
  facet normal 0 0 1
    outer loop
      vertex -8 -13.8564 115
      vertex -5.5 -9.52628 115
      vertex -6.30934 -9.01067 115
    endloop
  endfacet
  facet normal 0 0 1
    outer loop
      vertex -4.6488 -9.96939 115
      vertex -6.76189 -14.5009 115
      vertex -5.47232 -15.0351 115
    endloop
  endfacet
  facet normal 0 0 1
    outer loop
      vertex -9.17722 -13.1064 115
      vertex -6.30934 -9.01067 115
      vertex -7.07066 -8.42649 115
    endloop
  endfacet
  facet normal 0 0 1
    outer loop
      vertex -10.2846 -12.2567 115
      vertex -7.07066 -8.42649 115
      vertex -7.77817 -7.77817 115
    endloop
  endfacet
  facet normal 0 0 1
    outer loop
      vertex -5.5 -9.52628 115
      vertex -8 -13.8564 115
      vertex -6.76189 -14.5009 115
    endloop
  endfacet
  facet normal 0 0 1
    outer loop
      vertex -11.3137 -11.3137 115
      vertex -7.77817 -7.77817 115
      vertex -8.42649 -7.07066 115
    endloop
  endfacet
  facet normal 0 0 1
    outer loop
      vertex -12.2567 -10.2846 115
      vertex -8.42649 -7.07066 115
      vertex -9.01067 -6.30934 115
    endloop
  endfacet
  facet normal 0 0 1
    outer loop
      vertex -6.30934 -9.01067 115
      vertex -9.17722 -13.1064 115
      vertex -8 -13.8564 115
    endloop
  endfacet
  facet normal 0 0 1
    outer loop
      vertex -13.1064 -9.17722 115
      vertex -9.01067 -6.30934 115
      vertex -9.52628 -5.5 115
    endloop
  endfacet
  facet normal 0 0 1
    outer loop
      vertex -13.8564 -8 115
      vertex -9.52628 -5.5 115
      vertex -9.96939 -4.6488 115
    endloop
  endfacet
  facet normal 0 0 1
    outer loop
      vertex -7.07066 -8.42649 115
      vertex -10.2846 -12.2567 115
      vertex -9.17722 -13.1064 115
    endloop
  endfacet
  facet normal 0 0 1
    outer loop
      vertex -14.5009 -6.76189 115
      vertex -9.96939 -4.6488 115
      vertex -10.3366 -3.76222 115
    endloop
  endfacet
  facet normal 0 0 1
    outer loop
      vertex -15.0351 -5.47232 115
      vertex -10.3366 -3.76222 115
      vertex -10.6252 -2.84701 115
    endloop
  endfacet
  facet normal 0 0 1
    outer loop
      vertex -15.4548 -4.1411 115
      vertex -10.6252 -2.84701 115
      vertex -10.8329 -1.91013 115
    endloop
  endfacet
  facet normal 0 0 1
    outer loop
      vertex -15.7569 -2.77837 115
      vertex -10.8329 -1.91013 115
      vertex -10.9581 -0.958713 115
    endloop
  endfacet
  facet normal 0 0 1
    outer loop
      vertex -7.77817 -7.77817 115
      vertex -11.3137 -11.3137 115
      vertex -10.2846 -12.2567 115
    endloop
  endfacet
  facet normal 0 0 1
    outer loop
      vertex -15.9391 -1.39449 115
      vertex -10.9581 -0.958713 115
      vertex -11 0 115
    endloop
  endfacet
  facet normal -0 0 1
    outer loop
      vertex -15.0351 5.47232 115
      vertex -10.3366 3.76222 115
      vertex -14.5009 6.76189 115
    endloop
  endfacet
  facet normal 0 0 1
    outer loop
      vertex -10.3366 3.76222 115
      vertex -15.0351 5.47232 115
      vertex -10.6252 2.84701 115
    endloop
  endfacet
  facet normal 0 0 1
    outer loop
      vertex -8.42649 -7.07066 115
      vertex -12.2567 -10.2846 115
      vertex -11.3137 -11.3137 115
    endloop
  endfacet
  facet normal -0 0 1
    outer loop
      vertex -15.4548 4.1411 115
      vertex -10.6252 2.84701 115
      vertex -15.0351 5.47232 115
    endloop
  endfacet
  facet normal 0 0 1
    outer loop
      vertex -9.01067 -6.30934 115
      vertex -13.1064 -9.17722 115
      vertex -12.2567 -10.2846 115
    endloop
  endfacet
  facet normal 0 0 1
    outer loop
      vertex -10.6252 2.84701 115
      vertex -15.4548 4.1411 115
      vertex -10.8329 1.91013 115
    endloop
  endfacet
  facet normal 0 0 1
    outer loop
      vertex -9.52628 -5.5 115
      vertex -13.8564 -8 115
      vertex -13.1064 -9.17722 115
    endloop
  endfacet
  facet normal -0 0 1
    outer loop
      vertex -15.7569 2.77837 115
      vertex -10.8329 1.91013 115
      vertex -15.4548 4.1411 115
    endloop
  endfacet
  facet normal 0 0 1
    outer loop
      vertex -9.96939 -4.6488 115
      vertex -14.5009 -6.76189 115
      vertex -13.8564 -8 115
    endloop
  endfacet
  facet normal 0 0 1
    outer loop
      vertex -10.8329 1.91013 115
      vertex -15.7569 2.77837 115
      vertex -10.9581 0.958713 115
    endloop
  endfacet
  facet normal 0 0 1
    outer loop
      vertex -10.3366 -3.76222 115
      vertex -15.0351 -5.47232 115
      vertex -14.5009 -6.76189 115
    endloop
  endfacet
  facet normal -0 0 1
    outer loop
      vertex -15.9391 1.39449 115
      vertex -10.9581 0.958713 115
      vertex -15.7569 2.77837 115
    endloop
  endfacet
  facet normal 0 0 1
    outer loop
      vertex -10.6252 -2.84701 115
      vertex -15.4548 -4.1411 115
      vertex -15.0351 -5.47232 115
    endloop
  endfacet
  facet normal 0 0 1
    outer loop
      vertex -10.9581 0.958713 115
      vertex -15.9391 1.39449 115
      vertex -11 0 115
    endloop
  endfacet
  facet normal 0 0 1
    outer loop
      vertex -10.8329 -1.91013 115
      vertex -15.7569 -2.77837 115
      vertex -15.4548 -4.1411 115
    endloop
  endfacet
  facet normal 0 0 1
    outer loop
      vertex -16 0 115
      vertex -11 0 115
      vertex -15.9391 1.39449 115
    endloop
  endfacet
  facet normal 0 0 1
    outer loop
      vertex -10.9581 -0.958713 115
      vertex -15.9391 -1.39449 115
      vertex -15.7569 -2.77837 115
    endloop
  endfacet
  facet normal 0 0 1
    outer loop
      vertex -11 0 115
      vertex -16 0 115
      vertex -15.9391 -1.39449 115
    endloop
  endfacet
  facet normal -0.991444 0.130532 0
    outer loop
      vertex -15.9391 1.39449 105
      vertex -15.7569 2.77837 115
      vertex -15.7569 2.77837 105
    endloop
  endfacet
  facet normal -0.991444 0.130532 0
    outer loop
      vertex -15.7569 2.77837 115
      vertex -15.9391 1.39449 105
      vertex -15.9391 1.39449 115
    endloop
  endfacet
  facet normal -0.953724 0.300685 0
    outer loop
      vertex -15.4548 4.1411 105
      vertex -15.0351 5.47232 115
      vertex -15.0351 5.47232 105
    endloop
  endfacet
  facet normal -0.953724 0.300685 0
    outer loop
      vertex -15.0351 5.47232 115
      vertex -15.4548 4.1411 105
      vertex -15.4548 4.1411 115
    endloop
  endfacet
  facet normal -0.887016 0.461738 0
    outer loop
      vertex -14.5009 6.76189 105
      vertex -13.8564 8 115
      vertex -13.8564 8 105
    endloop
  endfacet
  facet normal -0.887016 0.461738 0
    outer loop
      vertex -13.8564 8 115
      vertex -14.5009 6.76189 105
      vertex -14.5009 6.76189 115
    endloop
  endfacet
  facet normal -0.793361 0.608751 0
    outer loop
      vertex -13.1064 9.17722 105
      vertex -12.2567 10.2846 115
      vertex -12.2567 10.2846 105
    endloop
  endfacet
  facet normal -0.793361 0.608751 0
    outer loop
      vertex -12.2567 10.2846 115
      vertex -13.1064 9.17722 105
      vertex -13.1064 9.17722 115
    endloop
  endfacet
  facet normal -0.843382 0.537314 0
    outer loop
      vertex -13.8564 8 105
      vertex -13.1064 9.17722 115
      vertex -13.1064 9.17722 105
    endloop
  endfacet
  facet normal -0.843382 0.537314 0
    outer loop
      vertex -13.1064 9.17722 115
      vertex -13.8564 8 105
      vertex -13.8564 8 115
    endloop
  endfacet
  facet normal -0.216433 0.976298 0
    outer loop
      vertex -2.77837 15.7569 105
      vertex -4.1411 15.4548 115
      vertex -2.77837 15.7569 115
    endloop
  endfacet
  facet normal -0.216433 0.976298 0
    outer loop
      vertex -4.1411 15.4548 115
      vertex -2.77837 15.7569 105
      vertex -4.1411 15.4548 105
    endloop
  endfacet
  facet normal -0.608751 0.793361 0
    outer loop
      vertex -9.17722 13.1064 105
      vertex -10.2846 12.2567 115
      vertex -9.17722 13.1064 115
    endloop
  endfacet
  facet normal -0.608751 0.793361 0
    outer loop
      vertex -10.2846 12.2567 115
      vertex -9.17722 13.1064 105
      vertex -10.2846 12.2567 105
    endloop
  endfacet
  facet normal 0.991444 -0.130532 0
    outer loop
      vertex 15.7569 -2.77837 115
      vertex 15.9391 -1.39449 105
      vertex 15.9391 -1.39449 115
    endloop
  endfacet
  facet normal 0.991444 -0.130532 0
    outer loop
      vertex 15.9391 -1.39449 105
      vertex 15.7569 -2.77837 115
      vertex 15.7569 -2.77837 105
    endloop
  endfacet
  facet normal 0.976298 -0.216433 0
    outer loop
      vertex 15.4548 -4.1411 115
      vertex 15.7569 -2.77837 105
      vertex 15.7569 -2.77837 115
    endloop
  endfacet
  facet normal 0.976298 -0.216433 0
    outer loop
      vertex 15.7569 -2.77837 105
      vertex 15.4548 -4.1411 115
      vertex 15.4548 -4.1411 105
    endloop
  endfacet
  facet normal 0.999048 -0.0436303 0
    outer loop
      vertex 15.9391 -1.39449 115
      vertex 16 0 105
      vertex 16 0 115
    endloop
  endfacet
  facet normal 0.999048 -0.0436303 0
    outer loop
      vertex 16 0 105
      vertex 15.9391 -1.39449 115
      vertex 15.9391 -1.39449 105
    endloop
  endfacet
  facet normal 0.300685 -0.953724 0
    outer loop
      vertex 4.1411 -15.4548 105
      vertex 5.47232 -15.0351 115
      vertex 4.1411 -15.4548 115
    endloop
  endfacet
  facet normal 0.300685 -0.953724 0
    outer loop
      vertex 5.47232 -15.0351 115
      vertex 4.1411 -15.4548 105
      vertex 5.47232 -15.0351 105
    endloop
  endfacet
  facet normal 0.537314 -0.843382 0
    outer loop
      vertex 8 -13.8564 105
      vertex 9.17722 -13.1064 115
      vertex 8 -13.8564 115
    endloop
  endfacet
  facet normal 0.537314 -0.843382 0
    outer loop
      vertex 9.17722 -13.1064 115
      vertex 8 -13.8564 105
      vertex 9.17722 -13.1064 105
    endloop
  endfacet
  facet normal 0.461738 -0.887016 0
    outer loop
      vertex 6.76189 -14.5009 105
      vertex 8 -13.8564 115
      vertex 6.76189 -14.5009 115
    endloop
  endfacet
  facet normal 0.461738 -0.887016 0
    outer loop
      vertex 8 -13.8564 115
      vertex 6.76189 -14.5009 105
      vertex 8 -13.8564 105
    endloop
  endfacet
  facet normal 0.793361 -0.608751 0
    outer loop
      vertex 12.2567 -10.2846 115
      vertex 13.1064 -9.17722 105
      vertex 13.1064 -9.17722 115
    endloop
  endfacet
  facet normal 0.793361 -0.608751 0
    outer loop
      vertex 13.1064 -9.17722 105
      vertex 12.2567 -10.2846 115
      vertex 12.2567 -10.2846 105
    endloop
  endfacet
  facet normal 0.843382 -0.537314 0
    outer loop
      vertex 13.1064 -9.17722 115
      vertex 13.8564 -8 105
      vertex 13.8564 -8 115
    endloop
  endfacet
  facet normal 0.843382 -0.537314 0
    outer loop
      vertex 13.8564 -8 105
      vertex 13.1064 -9.17722 115
      vertex 13.1064 -9.17722 105
    endloop
  endfacet
  facet normal -0.216433 -0.976298 0
    outer loop
      vertex -4.1411 -15.4548 105
      vertex -2.77837 -15.7569 115
      vertex -4.1411 -15.4548 115
    endloop
  endfacet
  facet normal -0.216433 -0.976298 -0
    outer loop
      vertex -2.77837 -15.7569 115
      vertex -4.1411 -15.4548 105
      vertex -2.77837 -15.7569 105
    endloop
  endfacet
  facet normal -0.608751 -0.793361 0
    outer loop
      vertex -10.2846 -12.2567 105
      vertex -9.17722 -13.1064 115
      vertex -10.2846 -12.2567 115
    endloop
  endfacet
  facet normal -0.608751 -0.793361 -0
    outer loop
      vertex -9.17722 -13.1064 115
      vertex -10.2846 -12.2567 105
      vertex -9.17722 -13.1064 105
    endloop
  endfacet
  facet normal -0.991444 -0.130532 0
    outer loop
      vertex -15.7569 -2.77837 105
      vertex -15.9391 -1.39449 115
      vertex -15.9391 -1.39449 105
    endloop
  endfacet
  facet normal -0.991444 -0.130532 0
    outer loop
      vertex -15.9391 -1.39449 115
      vertex -15.7569 -2.77837 105
      vertex -15.7569 -2.77837 115
    endloop
  endfacet
  facet normal -0.953724 -0.300685 0
    outer loop
      vertex -15.0351 -5.47232 105
      vertex -15.4548 -4.1411 115
      vertex -15.4548 -4.1411 105
    endloop
  endfacet
  facet normal -0.953724 -0.300685 0
    outer loop
      vertex -15.4548 -4.1411 115
      vertex -15.0351 -5.47232 105
      vertex -15.0351 -5.47232 115
    endloop
  endfacet
  facet normal -0.887016 -0.461738 0
    outer loop
      vertex -13.8564 -8 105
      vertex -14.5009 -6.76189 115
      vertex -14.5009 -6.76189 105
    endloop
  endfacet
  facet normal -0.887016 -0.461738 0
    outer loop
      vertex -14.5009 -6.76189 115
      vertex -13.8564 -8 105
      vertex -13.8564 -8 115
    endloop
  endfacet
  facet normal -0.843382 -0.537314 0
    outer loop
      vertex -13.1064 -9.17722 105
      vertex -13.8564 -8 115
      vertex -13.8564 -8 105
    endloop
  endfacet
  facet normal -0.843382 -0.537314 0
    outer loop
      vertex -13.8564 -8 115
      vertex -13.1064 -9.17722 105
      vertex -13.1064 -9.17722 115
    endloop
  endfacet
  facet normal 0.608751 -0.793361 0
    outer loop
      vertex 9.17722 -13.1064 105
      vertex 10.2846 -12.2567 115
      vertex 9.17722 -13.1064 115
    endloop
  endfacet
  facet normal 0.608751 -0.793361 0
    outer loop
      vertex 10.2846 -12.2567 115
      vertex 9.17722 -13.1064 105
      vertex 10.2846 -12.2567 105
    endloop
  endfacet
  facet normal -0.537314 -0.843382 0
    outer loop
      vertex -9.17722 -13.1064 105
      vertex -8 -13.8564 115
      vertex -9.17722 -13.1064 115
    endloop
  endfacet
  facet normal -0.537314 -0.843382 -0
    outer loop
      vertex -8 -13.8564 115
      vertex -9.17722 -13.1064 105
      vertex -8 -13.8564 105
    endloop
  endfacet
  facet normal -0.793361 -0.608751 0
    outer loop
      vertex -12.2567 -10.2846 105
      vertex -13.1064 -9.17722 115
      vertex -13.1064 -9.17722 105
    endloop
  endfacet
  facet normal -0.793361 -0.608751 0
    outer loop
      vertex -13.1064 -9.17722 115
      vertex -12.2567 -10.2846 105
      vertex -12.2567 -10.2846 115
    endloop
  endfacet
  facet normal 0.999048 0.0436189 0
    outer loop
      vertex 19 0 105
      vertex 18.9277 1.65596 101
      vertex 18.9277 1.65596 105
    endloop
  endfacet
  facet normal 0.999048 0.0436189 0
    outer loop
      vertex 18.9277 1.65596 101
      vertex 19 0 105
      vertex 19 0 101
    endloop
  endfacet
  facet normal -0.999048 0.0436189 0
    outer loop
      vertex -19 0 101
      vertex -18.9277 1.65596 105
      vertex -18.9277 1.65596 101
    endloop
  endfacet
  facet normal -0.999048 0.0436189 0
    outer loop
      vertex -18.9277 1.65596 105
      vertex -19 0 101
      vertex -19 0 105
    endloop
  endfacet
  facet normal 0.0436189 0.999048 -0
    outer loop
      vertex 1.65596 18.9277 101
      vertex 0 19 105
      vertex 1.65596 18.9277 105
    endloop
  endfacet
  facet normal 0.0436189 0.999048 0
    outer loop
      vertex 0 19 105
      vertex 1.65596 18.9277 101
      vertex 0 19 101
    endloop
  endfacet
  facet normal -0.0436189 -0.999048 0
    outer loop
      vertex -1.65596 -18.9277 101
      vertex 0 -19 105
      vertex -1.65596 -18.9277 105
    endloop
  endfacet
  facet normal -0.0436189 -0.999048 -0
    outer loop
      vertex 0 -19 105
      vertex -1.65596 -18.9277 101
      vertex 0 -19 101
    endloop
  endfacet
  facet normal -0.737264 -0.675604 0
    outer loop
      vertex -13.435 -13.435 101
      vertex -14.5548 -12.213 105
      vertex -14.5548 -12.213 101
    endloop
  endfacet
  facet normal -0.737264 -0.675604 0
    outer loop
      vertex -14.5548 -12.213 105
      vertex -13.435 -13.435 101
      vertex -13.435 -13.435 105
    endloop
  endfacet
  facet normal 0.675604 0.737264 -0
    outer loop
      vertex 13.435 13.435 101
      vertex 12.213 14.5548 105
      vertex 13.435 13.435 105
    endloop
  endfacet
  facet normal 0.675604 0.737264 0
    outer loop
      vertex 12.213 14.5548 105
      vertex 13.435 13.435 101
      vertex 12.213 14.5548 101
    endloop
  endfacet
  facet normal -0.675604 0.737264 0
    outer loop
      vertex -12.213 14.5548 101
      vertex -13.435 13.435 105
      vertex -12.213 14.5548 105
    endloop
  endfacet
  facet normal -0.675604 0.737264 0
    outer loop
      vertex -13.435 13.435 105
      vertex -12.213 14.5548 101
      vertex -13.435 13.435 101
    endloop
  endfacet
  facet normal -0.300689 0.953722 0
    outer loop
      vertex -4.91756 18.3526 101
      vertex -6.49838 17.8542 105
      vertex -4.91756 18.3526 105
    endloop
  endfacet
  facet normal -0.300689 0.953722 0
    outer loop
      vertex -6.49838 17.8542 105
      vertex -4.91756 18.3526 101
      vertex -6.49838 17.8542 101
    endloop
  endfacet
  facet normal 0.887027 0.461718 0
    outer loop
      vertex 17.2198 8.02975 105
      vertex 16.4545 9.5 101
      vertex 16.4545 9.5 105
    endloop
  endfacet
  facet normal 0.887027 0.461718 0
    outer loop
      vertex 16.4545 9.5 101
      vertex 17.2198 8.02975 105
      vertex 17.2198 8.02975 101
    endloop
  endfacet
  facet normal 0.382728 0.923861 -0
    outer loop
      vertex 8.02975 17.2198 101
      vertex 6.49838 17.8542 105
      vertex 8.02975 17.2198 105
    endloop
  endfacet
  facet normal 0.382728 0.923861 0
    outer loop
      vertex 6.49838 17.8542 105
      vertex 8.02975 17.2198 101
      vertex 6.49838 17.8542 101
    endloop
  endfacet
  facet normal 0.537289 0.843398 -0
    outer loop
      vertex 10.898 15.5639 101
      vertex 9.5 16.4545 105
      vertex 10.898 15.5639 105
    endloop
  endfacet
  facet normal 0.537289 0.843398 0
    outer loop
      vertex 9.5 16.4545 105
      vertex 10.898 15.5639 101
      vertex 9.5 16.4545 101
    endloop
  endfacet
  facet normal -0.923861 0.382728 0
    outer loop
      vertex -17.8542 6.49838 101
      vertex -17.2198 8.02975 105
      vertex -17.2198 8.02975 101
    endloop
  endfacet
  facet normal -0.923861 0.382728 0
    outer loop
      vertex -17.2198 8.02975 105
      vertex -17.8542 6.49838 101
      vertex -17.8542 6.49838 105
    endloop
  endfacet
  facet normal -0.130555 0.991441 0
    outer loop
      vertex -1.65596 18.9277 101
      vertex -3.29931 18.7113 105
      vertex -1.65596 18.9277 105
    endloop
  endfacet
  facet normal -0.130555 0.991441 0
    outer loop
      vertex -3.29931 18.7113 105
      vertex -1.65596 18.9277 101
      vertex -3.29931 18.7113 101
    endloop
  endfacet
  facet normal 0.976303 -0.216407 0
    outer loop
      vertex 18.3526 -4.91756 105
      vertex 18.7113 -3.29931 101
      vertex 18.7113 -3.29931 105
    endloop
  endfacet
  facet normal 0.976303 -0.216407 0
    outer loop
      vertex 18.7113 -3.29931 101
      vertex 18.3526 -4.91756 105
      vertex 18.3526 -4.91756 101
    endloop
  endfacet
  facet normal -0.382728 -0.923861 0
    outer loop
      vertex -8.02975 -17.2198 101
      vertex -6.49838 -17.8542 105
      vertex -8.02975 -17.2198 105
    endloop
  endfacet
  facet normal -0.382728 -0.923861 -0
    outer loop
      vertex -6.49838 -17.8542 105
      vertex -8.02975 -17.2198 101
      vertex -6.49838 -17.8542 101
    endloop
  endfacet
  facet normal 0 0 -1
    outer loop
      vertex 18.9277 -1.65596 101
      vertex 18.9277 1.65596 101
      vertex 19 0 101
    endloop
  endfacet
  facet normal 0 0 -1
    outer loop
      vertex 18.7113 -3.29931 101
      vertex 18.9277 1.65596 101
      vertex 18.9277 -1.65596 101
    endloop
  endfacet
  facet normal 0 0 -1
    outer loop
      vertex 18.7113 -3.29931 101
      vertex 18.7113 3.29931 101
      vertex 18.9277 1.65596 101
    endloop
  endfacet
  facet normal 0 0 -1
    outer loop
      vertex 18.3526 -4.91756 101
      vertex 18.7113 3.29931 101
      vertex 18.7113 -3.29931 101
    endloop
  endfacet
  facet normal 0 0 -1
    outer loop
      vertex 18.3526 -4.91756 101
      vertex 18.3526 4.91756 101
      vertex 18.7113 3.29931 101
    endloop
  endfacet
  facet normal 0 0 -1
    outer loop
      vertex 17.8542 -6.49838 101
      vertex 18.3526 4.91756 101
      vertex 18.3526 -4.91756 101
    endloop
  endfacet
  facet normal 0 0 -1
    outer loop
      vertex 17.8542 -6.49838 101
      vertex 17.8542 6.49838 101
      vertex 18.3526 4.91756 101
    endloop
  endfacet
  facet normal 0 0 -1
    outer loop
      vertex 17.2198 -8.02975 101
      vertex 17.8542 6.49838 101
      vertex 17.8542 -6.49838 101
    endloop
  endfacet
  facet normal 0 0 -1
    outer loop
      vertex 17.2198 -8.02975 101
      vertex 17.2198 8.02975 101
      vertex 17.8542 6.49838 101
    endloop
  endfacet
  facet normal 0 0 -1
    outer loop
      vertex 16.4545 -9.5 101
      vertex 17.2198 8.02975 101
      vertex 17.2198 -8.02975 101
    endloop
  endfacet
  facet normal 0 0 -1
    outer loop
      vertex 16.4545 -9.5 101
      vertex 16.4545 9.5 101
      vertex 17.2198 8.02975 101
    endloop
  endfacet
  facet normal 0 0 -1
    outer loop
      vertex 15.5639 -10.898 101
      vertex 16.4545 9.5 101
      vertex 16.4545 -9.5 101
    endloop
  endfacet
  facet normal 0 0 -1
    outer loop
      vertex 15.5639 -10.898 101
      vertex 15.5639 10.898 101
      vertex 16.4545 9.5 101
    endloop
  endfacet
  facet normal 0 0 -1
    outer loop
      vertex 14.5548 -12.213 101
      vertex 15.5639 10.898 101
      vertex 15.5639 -10.898 101
    endloop
  endfacet
  facet normal 0 0 -1
    outer loop
      vertex 14.5548 -12.213 101
      vertex 14.5548 12.213 101
      vertex 15.5639 10.898 101
    endloop
  endfacet
  facet normal 0 0 -1
    outer loop
      vertex 13.435 -13.435 101
      vertex 14.5548 12.213 101
      vertex 14.5548 -12.213 101
    endloop
  endfacet
  facet normal 0 0 -1
    outer loop
      vertex 13.435 -13.435 101
      vertex 13.435 13.435 101
      vertex 14.5548 12.213 101
    endloop
  endfacet
  facet normal 0 0 -1
    outer loop
      vertex 12.213 -14.5548 101
      vertex 13.435 13.435 101
      vertex 13.435 -13.435 101
    endloop
  endfacet
  facet normal 0 0 -1
    outer loop
      vertex 12.213 -14.5548 101
      vertex 12.213 14.5548 101
      vertex 13.435 13.435 101
    endloop
  endfacet
  facet normal 0 0 -1
    outer loop
      vertex 10.898 -15.5639 101
      vertex 12.213 14.5548 101
      vertex 12.213 -14.5548 101
    endloop
  endfacet
  facet normal 0 0 -1
    outer loop
      vertex 10.898 -15.5639 101
      vertex 10.898 15.5639 101
      vertex 12.213 14.5548 101
    endloop
  endfacet
  facet normal 0 0 -1
    outer loop
      vertex 9.5 -16.4545 101
      vertex 10.898 15.5639 101
      vertex 10.898 -15.5639 101
    endloop
  endfacet
  facet normal 0 0 -1
    outer loop
      vertex 9.5 -16.4545 101
      vertex 9.5 16.4545 101
      vertex 10.898 15.5639 101
    endloop
  endfacet
  facet normal 0 0 -1
    outer loop
      vertex 8.02975 -17.2198 101
      vertex 9.5 16.4545 101
      vertex 9.5 -16.4545 101
    endloop
  endfacet
  facet normal 0 0 -1
    outer loop
      vertex 8.02975 -17.2198 101
      vertex 8.02975 17.2198 101
      vertex 9.5 16.4545 101
    endloop
  endfacet
  facet normal 0 0 -1
    outer loop
      vertex 6.49838 -17.8542 101
      vertex 8.02975 17.2198 101
      vertex 8.02975 -17.2198 101
    endloop
  endfacet
  facet normal 0 0 -1
    outer loop
      vertex 6.49838 -17.8542 101
      vertex 6.49838 17.8542 101
      vertex 8.02975 17.2198 101
    endloop
  endfacet
  facet normal 0 0 -1
    outer loop
      vertex 4.91756 -18.3526 101
      vertex 6.49838 17.8542 101
      vertex 6.49838 -17.8542 101
    endloop
  endfacet
  facet normal 0 0 -1
    outer loop
      vertex 4.91756 -18.3526 101
      vertex 4.91756 18.3526 101
      vertex 6.49838 17.8542 101
    endloop
  endfacet
  facet normal 0 0 -1
    outer loop
      vertex 3.29931 -18.7113 101
      vertex 4.91756 18.3526 101
      vertex 4.91756 -18.3526 101
    endloop
  endfacet
  facet normal 0 0 -1
    outer loop
      vertex 3.29931 -18.7113 101
      vertex 3.29931 18.7113 101
      vertex 4.91756 18.3526 101
    endloop
  endfacet
  facet normal 0 0 -1
    outer loop
      vertex 1.65596 -18.9277 101
      vertex 3.29931 18.7113 101
      vertex 3.29931 -18.7113 101
    endloop
  endfacet
  facet normal 0 0 -1
    outer loop
      vertex 1.65596 -18.9277 101
      vertex 1.65596 18.9277 101
      vertex 3.29931 18.7113 101
    endloop
  endfacet
  facet normal 0 0 -1
    outer loop
      vertex 0 -19 101
      vertex 1.65596 18.9277 101
      vertex 1.65596 -18.9277 101
    endloop
  endfacet
  facet normal 0 0 -1
    outer loop
      vertex 0 -19 101
      vertex 0 19 101
      vertex 1.65596 18.9277 101
    endloop
  endfacet
  facet normal 0 0 -1
    outer loop
      vertex -1.65596 -18.9277 101
      vertex 0 19 101
      vertex 0 -19 101
    endloop
  endfacet
  facet normal 0 0 -1
    outer loop
      vertex -1.65596 -18.9277 101
      vertex -1.65596 18.9277 101
      vertex 0 19 101
    endloop
  endfacet
  facet normal 0 0 -1
    outer loop
      vertex -3.29931 -18.7113 101
      vertex -1.65596 18.9277 101
      vertex -1.65596 -18.9277 101
    endloop
  endfacet
  facet normal 0 0 -1
    outer loop
      vertex -3.29931 -18.7113 101
      vertex -3.29931 18.7113 101
      vertex -1.65596 18.9277 101
    endloop
  endfacet
  facet normal 0 0 -1
    outer loop
      vertex -4.91756 -18.3526 101
      vertex -3.29931 18.7113 101
      vertex -3.29931 -18.7113 101
    endloop
  endfacet
  facet normal 0 0 -1
    outer loop
      vertex -4.91756 -18.3526 101
      vertex -4.91756 18.3526 101
      vertex -3.29931 18.7113 101
    endloop
  endfacet
  facet normal 0 0 -1
    outer loop
      vertex -6.49838 -17.8542 101
      vertex -4.91756 18.3526 101
      vertex -4.91756 -18.3526 101
    endloop
  endfacet
  facet normal 0 0 -1
    outer loop
      vertex -6.49838 -17.8542 101
      vertex -6.49838 17.8542 101
      vertex -4.91756 18.3526 101
    endloop
  endfacet
  facet normal 0 0 -1
    outer loop
      vertex -8.02975 -17.2198 101
      vertex -6.49838 17.8542 101
      vertex -6.49838 -17.8542 101
    endloop
  endfacet
  facet normal 0 0 -1
    outer loop
      vertex -8.02975 -17.2198 101
      vertex -8.02975 17.2198 101
      vertex -6.49838 17.8542 101
    endloop
  endfacet
  facet normal 0 0 -1
    outer loop
      vertex -9.5 -16.4545 101
      vertex -8.02975 17.2198 101
      vertex -8.02975 -17.2198 101
    endloop
  endfacet
  facet normal 0 0 -1
    outer loop
      vertex -9.5 -16.4545 101
      vertex -9.5 16.4545 101
      vertex -8.02975 17.2198 101
    endloop
  endfacet
  facet normal 0 0 -1
    outer loop
      vertex -10.898 -15.5639 101
      vertex -9.5 16.4545 101
      vertex -9.5 -16.4545 101
    endloop
  endfacet
  facet normal 0 0 -1
    outer loop
      vertex -10.898 -15.5639 101
      vertex -10.898 15.5639 101
      vertex -9.5 16.4545 101
    endloop
  endfacet
  facet normal 0 0 -1
    outer loop
      vertex -12.213 -14.5548 101
      vertex -10.898 15.5639 101
      vertex -10.898 -15.5639 101
    endloop
  endfacet
  facet normal 0 0 -1
    outer loop
      vertex -12.213 -14.5548 101
      vertex -12.213 14.5548 101
      vertex -10.898 15.5639 101
    endloop
  endfacet
  facet normal 0 0 -1
    outer loop
      vertex -13.435 -13.435 101
      vertex -12.213 14.5548 101
      vertex -12.213 -14.5548 101
    endloop
  endfacet
  facet normal 0 0 -1
    outer loop
      vertex -13.435 -13.435 101
      vertex -13.435 13.435 101
      vertex -12.213 14.5548 101
    endloop
  endfacet
  facet normal 0 0 -1
    outer loop
      vertex -14.5548 -12.213 101
      vertex -13.435 13.435 101
      vertex -13.435 -13.435 101
    endloop
  endfacet
  facet normal 0 0 -1
    outer loop
      vertex -14.5548 -12.213 101
      vertex -14.5548 12.213 101
      vertex -13.435 13.435 101
    endloop
  endfacet
  facet normal 0 0 -1
    outer loop
      vertex -15.5639 -10.898 101
      vertex -14.5548 12.213 101
      vertex -14.5548 -12.213 101
    endloop
  endfacet
  facet normal 0 0 -1
    outer loop
      vertex -15.5639 -10.898 101
      vertex -15.5639 10.898 101
      vertex -14.5548 12.213 101
    endloop
  endfacet
  facet normal 0 0 -1
    outer loop
      vertex -16.4545 -9.5 101
      vertex -15.5639 10.898 101
      vertex -15.5639 -10.898 101
    endloop
  endfacet
  facet normal 0 0 -1
    outer loop
      vertex -16.4545 -9.5 101
      vertex -16.4545 9.5 101
      vertex -15.5639 10.898 101
    endloop
  endfacet
  facet normal 0 0 -1
    outer loop
      vertex -17.2198 -8.02975 101
      vertex -16.4545 9.5 101
      vertex -16.4545 -9.5 101
    endloop
  endfacet
  facet normal 0 0 -1
    outer loop
      vertex -17.2198 -8.02975 101
      vertex -17.2198 8.02975 101
      vertex -16.4545 9.5 101
    endloop
  endfacet
  facet normal 0 0 -1
    outer loop
      vertex -17.8542 -6.49838 101
      vertex -17.2198 8.02975 101
      vertex -17.2198 -8.02975 101
    endloop
  endfacet
  facet normal 0 0 -1
    outer loop
      vertex -17.8542 -6.49838 101
      vertex -17.8542 6.49838 101
      vertex -17.2198 8.02975 101
    endloop
  endfacet
  facet normal 0 0 -1
    outer loop
      vertex -18.3526 -4.91756 101
      vertex -17.8542 6.49838 101
      vertex -17.8542 -6.49838 101
    endloop
  endfacet
  facet normal 0 0 -1
    outer loop
      vertex -18.3526 -4.91756 101
      vertex -18.3526 4.91756 101
      vertex -17.8542 6.49838 101
    endloop
  endfacet
  facet normal 0 0 -1
    outer loop
      vertex -18.7113 -3.29931 101
      vertex -18.3526 4.91756 101
      vertex -18.3526 -4.91756 101
    endloop
  endfacet
  facet normal 0 0 -1
    outer loop
      vertex -18.7113 -3.29931 101
      vertex -18.7113 3.29931 101
      vertex -18.3526 4.91756 101
    endloop
  endfacet
  facet normal 0 0 -1
    outer loop
      vertex -18.9277 -1.65596 101
      vertex -18.7113 3.29931 101
      vertex -18.7113 -3.29931 101
    endloop
  endfacet
  facet normal 0 0 -1
    outer loop
      vertex -18.9277 -1.65596 101
      vertex -18.9277 1.65596 101
      vertex -18.7113 3.29931 101
    endloop
  endfacet
  facet normal 0 -0 -1
    outer loop
      vertex -18.9277 1.65596 101
      vertex -18.9277 -1.65596 101
      vertex -19 0 101
    endloop
  endfacet
  facet normal 0.976303 0.216407 0
    outer loop
      vertex 18.7113 3.29931 105
      vertex 18.3526 4.91756 101
      vertex 18.3526 4.91756 105
    endloop
  endfacet
  facet normal 0.976303 0.216407 0
    outer loop
      vertex 18.3526 4.91756 101
      vertex 18.7113 3.29931 105
      vertex 18.7113 3.29931 101
    endloop
  endfacet
  facet normal 0.991441 0.130555 0
    outer loop
      vertex 18.9277 1.65596 105
      vertex 18.7113 3.29931 101
      vertex 18.7113 3.29931 105
    endloop
  endfacet
  facet normal 0.991441 0.130555 0
    outer loop
      vertex 18.7113 3.29931 101
      vertex 18.9277 1.65596 105
      vertex 18.9277 1.65596 101
    endloop
  endfacet
  facet normal 0.953722 0.300689 0
    outer loop
      vertex 18.3526 4.91756 105
      vertex 17.8542 6.49838 101
      vertex 17.8542 6.49838 105
    endloop
  endfacet
  facet normal 0.953722 0.300689 0
    outer loop
      vertex 17.8542 6.49838 101
      vertex 18.3526 4.91756 105
      vertex 18.3526 4.91756 101
    endloop
  endfacet
  facet normal 0.793334 0.608786 0
    outer loop
      vertex 15.5639 10.898 105
      vertex 14.5548 12.213 101
      vertex 14.5548 12.213 105
    endloop
  endfacet
  facet normal 0.793334 0.608786 0
    outer loop
      vertex 14.5548 12.213 101
      vertex 15.5639 10.898 105
      vertex 15.5639 10.898 101
    endloop
  endfacet
  facet normal 0.737264 0.675604 0
    outer loop
      vertex 14.5548 12.213 105
      vertex 13.435 13.435 101
      vertex 13.435 13.435 105
    endloop
  endfacet
  facet normal 0.737264 0.675604 0
    outer loop
      vertex 13.435 13.435 101
      vertex 14.5548 12.213 105
      vertex 14.5548 12.213 101
    endloop
  endfacet
  facet normal 0.843398 0.537289 0
    outer loop
      vertex 16.4545 9.5 105
      vertex 15.5639 10.898 101
      vertex 15.5639 10.898 105
    endloop
  endfacet
  facet normal 0.843398 0.537289 0
    outer loop
      vertex 15.5639 10.898 101
      vertex 16.4545 9.5 105
      vertex 16.4545 9.5 101
    endloop
  endfacet
  facet normal 0.216407 0.976303 -0
    outer loop
      vertex 4.91756 18.3526 101
      vertex 3.29931 18.7113 105
      vertex 4.91756 18.3526 105
    endloop
  endfacet
  facet normal 0.216407 0.976303 0
    outer loop
      vertex 3.29931 18.7113 105
      vertex 4.91756 18.3526 101
      vertex 3.29931 18.7113 101
    endloop
  endfacet
  facet normal 0.300689 0.953722 -0
    outer loop
      vertex 6.49838 17.8542 101
      vertex 4.91756 18.3526 105
      vertex 6.49838 17.8542 105
    endloop
  endfacet
  facet normal 0.300689 0.953722 0
    outer loop
      vertex 4.91756 18.3526 105
      vertex 6.49838 17.8542 101
      vertex 4.91756 18.3526 101
    endloop
  endfacet
  facet normal 0.130555 0.991441 -0
    outer loop
      vertex 3.29931 18.7113 101
      vertex 1.65596 18.9277 105
      vertex 3.29931 18.7113 105
    endloop
  endfacet
  facet normal 0.130555 0.991441 0
    outer loop
      vertex 1.65596 18.9277 105
      vertex 3.29931 18.7113 101
      vertex 1.65596 18.9277 101
    endloop
  endfacet
  facet normal 0.461718 0.887027 -0
    outer loop
      vertex 9.5 16.4545 101
      vertex 8.02975 17.2198 105
      vertex 9.5 16.4545 105
    endloop
  endfacet
  facet normal 0.461718 0.887027 0
    outer loop
      vertex 8.02975 17.2198 105
      vertex 9.5 16.4545 101
      vertex 8.02975 17.2198 101
    endloop
  endfacet
  facet normal 0.608786 0.793334 -0
    outer loop
      vertex 12.213 14.5548 101
      vertex 10.898 15.5639 105
      vertex 12.213 14.5548 105
    endloop
  endfacet
  facet normal 0.608786 0.793334 0
    outer loop
      vertex 10.898 15.5639 105
      vertex 12.213 14.5548 101
      vertex 10.898 15.5639 101
    endloop
  endfacet
  facet normal -0.976303 0.216407 0
    outer loop
      vertex -18.7113 3.29931 101
      vertex -18.3526 4.91756 105
      vertex -18.3526 4.91756 101
    endloop
  endfacet
  facet normal -0.976303 0.216407 0
    outer loop
      vertex -18.3526 4.91756 105
      vertex -18.7113 3.29931 101
      vertex -18.7113 3.29931 105
    endloop
  endfacet
  facet normal -0.793334 0.608786 0
    outer loop
      vertex -15.5639 10.898 101
      vertex -14.5548 12.213 105
      vertex -14.5548 12.213 101
    endloop
  endfacet
  facet normal -0.793334 0.608786 0
    outer loop
      vertex -14.5548 12.213 105
      vertex -15.5639 10.898 101
      vertex -15.5639 10.898 105
    endloop
  endfacet
  facet normal -0.737264 0.675604 0
    outer loop
      vertex -14.5548 12.213 101
      vertex -13.435 13.435 105
      vertex -13.435 13.435 101
    endloop
  endfacet
  facet normal -0.737264 0.675604 0
    outer loop
      vertex -13.435 13.435 105
      vertex -14.5548 12.213 101
      vertex -14.5548 12.213 105
    endloop
  endfacet
  facet normal -0.843398 0.537289 0
    outer loop
      vertex -16.4545 9.5 101
      vertex -15.5639 10.898 105
      vertex -15.5639 10.898 101
    endloop
  endfacet
  facet normal -0.843398 0.537289 0
    outer loop
      vertex -15.5639 10.898 105
      vertex -16.4545 9.5 101
      vertex -16.4545 9.5 105
    endloop
  endfacet
  facet normal -0.953722 0.300689 0
    outer loop
      vertex -18.3526 4.91756 101
      vertex -17.8542 6.49838 105
      vertex -17.8542 6.49838 101
    endloop
  endfacet
  facet normal -0.953722 0.300689 0
    outer loop
      vertex -17.8542 6.49838 105
      vertex -18.3526 4.91756 101
      vertex -18.3526 4.91756 105
    endloop
  endfacet
  facet normal -0.991441 0.130555 0
    outer loop
      vertex -18.9277 1.65596 101
      vertex -18.7113 3.29931 105
      vertex -18.7113 3.29931 101
    endloop
  endfacet
  facet normal -0.991441 0.130555 0
    outer loop
      vertex -18.7113 3.29931 105
      vertex -18.9277 1.65596 101
      vertex -18.9277 1.65596 105
    endloop
  endfacet
  facet normal 0 0 1
    outer loop
      vertex 16 0 105
      vertex 19 0 105
      vertex 18.9277 1.65596 105
    endloop
  endfacet
  facet normal 0 0 1
    outer loop
      vertex 15.9391 1.39449 105
      vertex 18.9277 1.65596 105
      vertex 18.7113 3.29931 105
    endloop
  endfacet
  facet normal 0 0 1
    outer loop
      vertex 19 0 105
      vertex 16 0 105
      vertex 18.9277 -1.65596 105
    endloop
  endfacet
  facet normal 0 0 1
    outer loop
      vertex 15.7569 2.77837 105
      vertex 18.7113 3.29931 105
      vertex 18.3526 4.91756 105
    endloop
  endfacet
  facet normal -0 0 1
    outer loop
      vertex 15.9391 -1.39449 105
      vertex 18.9277 -1.65596 105
      vertex 16 0 105
    endloop
  endfacet
  facet normal 0 0 1
    outer loop
      vertex 15.4548 4.1411 105
      vertex 18.3526 4.91756 105
      vertex 17.8542 6.49838 105
    endloop
  endfacet
  facet normal 0 0 1
    outer loop
      vertex 18.9277 -1.65596 105
      vertex 15.9391 -1.39449 105
      vertex 18.7113 -3.29931 105
    endloop
  endfacet
  facet normal 0 0 1
    outer loop
      vertex 15.0351 5.47232 105
      vertex 17.8542 6.49838 105
      vertex 17.2198 8.02975 105
    endloop
  endfacet
  facet normal -0 0 1
    outer loop
      vertex 15.7569 -2.77837 105
      vertex 18.7113 -3.29931 105
      vertex 15.9391 -1.39449 105
    endloop
  endfacet
  facet normal 0 0 1
    outer loop
      vertex 14.5009 6.76189 105
      vertex 17.2198 8.02975 105
      vertex 16.4545 9.5 105
    endloop
  endfacet
  facet normal 0 0 1
    outer loop
      vertex 18.7113 -3.29931 105
      vertex 15.7569 -2.77837 105
      vertex 18.3526 -4.91756 105
    endloop
  endfacet
  facet normal -0 0 1
    outer loop
      vertex 15.4548 -4.1411 105
      vertex 18.3526 -4.91756 105
      vertex 15.7569 -2.77837 105
    endloop
  endfacet
  facet normal 0 0 1
    outer loop
      vertex 18.9277 1.65596 105
      vertex 15.9391 1.39449 105
      vertex 16 0 105
    endloop
  endfacet
  facet normal 0 0 1
    outer loop
      vertex 18.7113 3.29931 105
      vertex 15.7569 2.77837 105
      vertex 15.9391 1.39449 105
    endloop
  endfacet
  facet normal 0 0 1
    outer loop
      vertex 13.8564 8 105
      vertex 16.4545 9.5 105
      vertex 15.5639 10.898 105
    endloop
  endfacet
  facet normal 0 0 1
    outer loop
      vertex 18.3526 4.91756 105
      vertex 15.4548 4.1411 105
      vertex 15.7569 2.77837 105
    endloop
  endfacet
  facet normal 0 0 1
    outer loop
      vertex 17.8542 6.49838 105
      vertex 15.0351 5.47232 105
      vertex 15.4548 4.1411 105
    endloop
  endfacet
  facet normal 0 0 1
    outer loop
      vertex 13.1064 9.17722 105
      vertex 15.5639 10.898 105
      vertex 14.5548 12.213 105
    endloop
  endfacet
  facet normal 0 0 1
    outer loop
      vertex 17.2198 8.02975 105
      vertex 14.5009 6.76189 105
      vertex 15.0351 5.47232 105
    endloop
  endfacet
  facet normal 0 0 1
    outer loop
      vertex 16.4545 9.5 105
      vertex 13.8564 8 105
      vertex 14.5009 6.76189 105
    endloop
  endfacet
  facet normal 0 0 1
    outer loop
      vertex 12.2567 10.2846 105
      vertex 14.5548 12.213 105
      vertex 13.435 13.435 105
    endloop
  endfacet
  facet normal 0 0 1
    outer loop
      vertex 15.5639 10.898 105
      vertex 13.1064 9.17722 105
      vertex 13.8564 8 105
    endloop
  endfacet
  facet normal 0 0 1
    outer loop
      vertex 14.5548 12.213 105
      vertex 12.2567 10.2846 105
      vertex 13.1064 9.17722 105
    endloop
  endfacet
  facet normal 0 0 1
    outer loop
      vertex 11.3137 11.3137 105
      vertex 13.435 13.435 105
      vertex 12.213 14.5548 105
    endloop
  endfacet
  facet normal 0 0 1
    outer loop
      vertex 13.435 13.435 105
      vertex 11.3137 11.3137 105
      vertex 12.2567 10.2846 105
    endloop
  endfacet
  facet normal 0 0 1
    outer loop
      vertex 10.2846 12.2567 105
      vertex 12.213 14.5548 105
      vertex 10.898 15.5639 105
    endloop
  endfacet
  facet normal 0 0 1
    outer loop
      vertex 12.213 14.5548 105
      vertex 10.2846 12.2567 105
      vertex 11.3137 11.3137 105
    endloop
  endfacet
  facet normal 0 0 1
    outer loop
      vertex 9.17722 13.1064 105
      vertex 10.898 15.5639 105
      vertex 9.5 16.4545 105
    endloop
  endfacet
  facet normal 0 0 1
    outer loop
      vertex 10.898 15.5639 105
      vertex 9.17722 13.1064 105
      vertex 10.2846 12.2567 105
    endloop
  endfacet
  facet normal 0 0 1
    outer loop
      vertex 8 13.8564 105
      vertex 9.5 16.4545 105
      vertex 8.02975 17.2198 105
    endloop
  endfacet
  facet normal 0 0 1
    outer loop
      vertex 9.5 16.4545 105
      vertex 8 13.8564 105
      vertex 9.17722 13.1064 105
    endloop
  endfacet
  facet normal 0 0 1
    outer loop
      vertex 8.02975 17.2198 105
      vertex 6.76189 14.5009 105
      vertex 8 13.8564 105
    endloop
  endfacet
  facet normal 0 0 1
    outer loop
      vertex 6.49838 17.8542 105
      vertex 6.76189 14.5009 105
      vertex 8.02975 17.2198 105
    endloop
  endfacet
  facet normal 0 0 1
    outer loop
      vertex 6.49838 17.8542 105
      vertex 5.47232 15.0351 105
      vertex 6.76189 14.5009 105
    endloop
  endfacet
  facet normal 0 0 1
    outer loop
      vertex 4.91756 18.3526 105
      vertex 5.47232 15.0351 105
      vertex 6.49838 17.8542 105
    endloop
  endfacet
  facet normal 0 0 1
    outer loop
      vertex 4.91756 18.3526 105
      vertex 4.1411 15.4548 105
      vertex 5.47232 15.0351 105
    endloop
  endfacet
  facet normal 0 0 1
    outer loop
      vertex 3.29931 18.7113 105
      vertex 4.1411 15.4548 105
      vertex 4.91756 18.3526 105
    endloop
  endfacet
  facet normal 0 0 1
    outer loop
      vertex 3.29931 18.7113 105
      vertex 2.77837 15.7569 105
      vertex 4.1411 15.4548 105
    endloop
  endfacet
  facet normal 0 0 1
    outer loop
      vertex 1.65596 18.9277 105
      vertex 2.77837 15.7569 105
      vertex 3.29931 18.7113 105
    endloop
  endfacet
  facet normal 0 0 1
    outer loop
      vertex 1.65596 18.9277 105
      vertex 1.39449 15.9391 105
      vertex 2.77837 15.7569 105
    endloop
  endfacet
  facet normal 0 0 1
    outer loop
      vertex 0 19 105
      vertex 1.39449 15.9391 105
      vertex 1.65596 18.9277 105
    endloop
  endfacet
  facet normal 0 0 1
    outer loop
      vertex 0 19 105
      vertex 0 16 105
      vertex 1.39449 15.9391 105
    endloop
  endfacet
  facet normal 0 0 1
    outer loop
      vertex 0 19 105
      vertex -1.39449 15.9391 105
      vertex 0 16 105
    endloop
  endfacet
  facet normal -0 0 1
    outer loop
      vertex -1.65596 18.9277 105
      vertex -1.39449 15.9391 105
      vertex 0 19 105
    endloop
  endfacet
  facet normal 0 0 1
    outer loop
      vertex -1.65596 18.9277 105
      vertex -2.77837 15.7569 105
      vertex -1.39449 15.9391 105
    endloop
  endfacet
  facet normal -0 0 1
    outer loop
      vertex -3.29931 18.7113 105
      vertex -2.77837 15.7569 105
      vertex -1.65596 18.9277 105
    endloop
  endfacet
  facet normal 0 0 1
    outer loop
      vertex -3.29931 18.7113 105
      vertex -4.1411 15.4548 105
      vertex -2.77837 15.7569 105
    endloop
  endfacet
  facet normal -0 0 1
    outer loop
      vertex -4.91756 18.3526 105
      vertex -4.1411 15.4548 105
      vertex -3.29931 18.7113 105
    endloop
  endfacet
  facet normal 0 0 1
    outer loop
      vertex -4.91756 18.3526 105
      vertex -5.47232 15.0351 105
      vertex -4.1411 15.4548 105
    endloop
  endfacet
  facet normal -0 0 1
    outer loop
      vertex -6.49838 17.8542 105
      vertex -5.47232 15.0351 105
      vertex -4.91756 18.3526 105
    endloop
  endfacet
  facet normal 0 0 1
    outer loop
      vertex -6.49838 17.8542 105
      vertex -6.76189 14.5009 105
      vertex -5.47232 15.0351 105
    endloop
  endfacet
  facet normal -0 0 1
    outer loop
      vertex -8.02975 17.2198 105
      vertex -6.76189 14.5009 105
      vertex -6.49838 17.8542 105
    endloop
  endfacet
  facet normal 0 0 1
    outer loop
      vertex -6.76189 14.5009 105
      vertex -8.02975 17.2198 105
      vertex -8 13.8564 105
    endloop
  endfacet
  facet normal -0 0 1
    outer loop
      vertex -9.5 16.4545 105
      vertex -8 13.8564 105
      vertex -8.02975 17.2198 105
    endloop
  endfacet
  facet normal 0 0 1
    outer loop
      vertex -8 13.8564 105
      vertex -9.5 16.4545 105
      vertex -9.17722 13.1064 105
    endloop
  endfacet
  facet normal -0 0 1
    outer loop
      vertex -10.898 15.5639 105
      vertex -9.17722 13.1064 105
      vertex -9.5 16.4545 105
    endloop
  endfacet
  facet normal 0 0 1
    outer loop
      vertex -9.17722 13.1064 105
      vertex -10.898 15.5639 105
      vertex -10.2846 12.2567 105
    endloop
  endfacet
  facet normal -0 0 1
    outer loop
      vertex -12.213 14.5548 105
      vertex -10.2846 12.2567 105
      vertex -10.898 15.5639 105
    endloop
  endfacet
  facet normal 0 0 1
    outer loop
      vertex -10.2846 12.2567 105
      vertex -12.213 14.5548 105
      vertex -11.3137 11.3137 105
    endloop
  endfacet
  facet normal -0 0 1
    outer loop
      vertex -13.435 13.435 105
      vertex -11.3137 11.3137 105
      vertex -12.213 14.5548 105
    endloop
  endfacet
  facet normal 0 0 1
    outer loop
      vertex -11.3137 11.3137 105
      vertex -13.435 13.435 105
      vertex -12.2567 10.2846 105
    endloop
  endfacet
  facet normal -0 0 1
    outer loop
      vertex -14.5548 12.213 105
      vertex -12.2567 10.2846 105
      vertex -13.435 13.435 105
    endloop
  endfacet
  facet normal 0 0 1
    outer loop
      vertex -12.2567 10.2846 105
      vertex -14.5548 12.213 105
      vertex -13.1064 9.17722 105
    endloop
  endfacet
  facet normal -0 0 1
    outer loop
      vertex -15.5639 10.898 105
      vertex -13.1064 9.17722 105
      vertex -14.5548 12.213 105
    endloop
  endfacet
  facet normal 0 0 1
    outer loop
      vertex -13.1064 9.17722 105
      vertex -15.5639 10.898 105
      vertex -13.8564 8 105
    endloop
  endfacet
  facet normal -0 0 1
    outer loop
      vertex -16.4545 9.5 105
      vertex -13.8564 8 105
      vertex -15.5639 10.898 105
    endloop
  endfacet
  facet normal 0 0 1
    outer loop
      vertex -13.8564 8 105
      vertex -16.4545 9.5 105
      vertex -14.5009 6.76189 105
    endloop
  endfacet
  facet normal -0 0 1
    outer loop
      vertex -17.2198 8.02975 105
      vertex -14.5009 6.76189 105
      vertex -16.4545 9.5 105
    endloop
  endfacet
  facet normal 0 0 1
    outer loop
      vertex -14.5009 6.76189 105
      vertex -17.2198 8.02975 105
      vertex -15.0351 5.47232 105
    endloop
  endfacet
  facet normal -0 0 1
    outer loop
      vertex -17.8542 6.49838 105
      vertex -15.0351 5.47232 105
      vertex -17.2198 8.02975 105
    endloop
  endfacet
  facet normal 0 0 1
    outer loop
      vertex -15.0351 5.47232 105
      vertex -17.8542 6.49838 105
      vertex -15.4548 4.1411 105
    endloop
  endfacet
  facet normal -0 0 1
    outer loop
      vertex -18.3526 4.91756 105
      vertex -15.4548 4.1411 105
      vertex -17.8542 6.49838 105
    endloop
  endfacet
  facet normal 0 0 1
    outer loop
      vertex 18.3526 -4.91756 105
      vertex 15.4548 -4.1411 105
      vertex 17.8542 -6.49838 105
    endloop
  endfacet
  facet normal -0 0 1
    outer loop
      vertex 15.0351 -5.47232 105
      vertex 17.8542 -6.49838 105
      vertex 15.4548 -4.1411 105
    endloop
  endfacet
  facet normal 0 0 1
    outer loop
      vertex 17.8542 -6.49838 105
      vertex 15.0351 -5.47232 105
      vertex 17.2198 -8.02975 105
    endloop
  endfacet
  facet normal -0 0 1
    outer loop
      vertex 14.5009 -6.76189 105
      vertex 17.2198 -8.02975 105
      vertex 15.0351 -5.47232 105
    endloop
  endfacet
  facet normal 0 0 1
    outer loop
      vertex 17.2198 -8.02975 105
      vertex 14.5009 -6.76189 105
      vertex 16.4545 -9.5 105
    endloop
  endfacet
  facet normal -0 0 1
    outer loop
      vertex 13.8564 -8 105
      vertex 16.4545 -9.5 105
      vertex 14.5009 -6.76189 105
    endloop
  endfacet
  facet normal 0 0 1
    outer loop
      vertex 16.4545 -9.5 105
      vertex 13.8564 -8 105
      vertex 15.5639 -10.898 105
    endloop
  endfacet
  facet normal -0 0 1
    outer loop
      vertex 13.1064 -9.17722 105
      vertex 15.5639 -10.898 105
      vertex 13.8564 -8 105
    endloop
  endfacet
  facet normal 0 0 1
    outer loop
      vertex 15.5639 -10.898 105
      vertex 13.1064 -9.17722 105
      vertex 14.5548 -12.213 105
    endloop
  endfacet
  facet normal -0 0 1
    outer loop
      vertex 12.2567 -10.2846 105
      vertex 14.5548 -12.213 105
      vertex 13.1064 -9.17722 105
    endloop
  endfacet
  facet normal 0 0 1
    outer loop
      vertex 14.5548 -12.213 105
      vertex 12.2567 -10.2846 105
      vertex 13.435 -13.435 105
    endloop
  endfacet
  facet normal -0 0 1
    outer loop
      vertex 11.3137 -11.3137 105
      vertex 13.435 -13.435 105
      vertex 12.2567 -10.2846 105
    endloop
  endfacet
  facet normal 0 0 1
    outer loop
      vertex 13.435 -13.435 105
      vertex 11.3137 -11.3137 105
      vertex 12.213 -14.5548 105
    endloop
  endfacet
  facet normal -0 0 1
    outer loop
      vertex 10.2846 -12.2567 105
      vertex 12.213 -14.5548 105
      vertex 11.3137 -11.3137 105
    endloop
  endfacet
  facet normal 0 0 1
    outer loop
      vertex 12.213 -14.5548 105
      vertex 10.2846 -12.2567 105
      vertex 10.898 -15.5639 105
    endloop
  endfacet
  facet normal -0 0 1
    outer loop
      vertex 9.17722 -13.1064 105
      vertex 10.898 -15.5639 105
      vertex 10.2846 -12.2567 105
    endloop
  endfacet
  facet normal 0 0 1
    outer loop
      vertex 10.898 -15.5639 105
      vertex 9.17722 -13.1064 105
      vertex 9.5 -16.4545 105
    endloop
  endfacet
  facet normal -0 0 1
    outer loop
      vertex 8 -13.8564 105
      vertex 9.5 -16.4545 105
      vertex 9.17722 -13.1064 105
    endloop
  endfacet
  facet normal 0 0 1
    outer loop
      vertex 9.5 -16.4545 105
      vertex 8 -13.8564 105
      vertex 8.02975 -17.2198 105
    endloop
  endfacet
  facet normal -0 0 1
    outer loop
      vertex 6.76189 -14.5009 105
      vertex 8.02975 -17.2198 105
      vertex 8 -13.8564 105
    endloop
  endfacet
  facet normal 0 0 1
    outer loop
      vertex 6.76189 -14.5009 105
      vertex 6.49838 -17.8542 105
      vertex 8.02975 -17.2198 105
    endloop
  endfacet
  facet normal -0 0 1
    outer loop
      vertex 5.47232 -15.0351 105
      vertex 6.49838 -17.8542 105
      vertex 6.76189 -14.5009 105
    endloop
  endfacet
  facet normal 0 0 1
    outer loop
      vertex 5.47232 -15.0351 105
      vertex 4.91756 -18.3526 105
      vertex 6.49838 -17.8542 105
    endloop
  endfacet
  facet normal -0 0 1
    outer loop
      vertex 4.1411 -15.4548 105
      vertex 4.91756 -18.3526 105
      vertex 5.47232 -15.0351 105
    endloop
  endfacet
  facet normal 0 0 1
    outer loop
      vertex 4.1411 -15.4548 105
      vertex 3.29931 -18.7113 105
      vertex 4.91756 -18.3526 105
    endloop
  endfacet
  facet normal -0 0 1
    outer loop
      vertex 2.77837 -15.7569 105
      vertex 3.29931 -18.7113 105
      vertex 4.1411 -15.4548 105
    endloop
  endfacet
  facet normal 0 0 1
    outer loop
      vertex 2.77837 -15.7569 105
      vertex 1.65596 -18.9277 105
      vertex 3.29931 -18.7113 105
    endloop
  endfacet
  facet normal -0 0 1
    outer loop
      vertex 1.39449 -15.9391 105
      vertex 1.65596 -18.9277 105
      vertex 2.77837 -15.7569 105
    endloop
  endfacet
  facet normal -0 0 1
    outer loop
      vertex 0 -16 105
      vertex 1.65596 -18.9277 105
      vertex 1.39449 -15.9391 105
    endloop
  endfacet
  facet normal 0 0 1
    outer loop
      vertex 0 -16 105
      vertex 0 -19 105
      vertex 1.65596 -18.9277 105
    endloop
  endfacet
  facet normal 0 0 1
    outer loop
      vertex -1.39449 -15.9391 105
      vertex 0 -19 105
      vertex 0 -16 105
    endloop
  endfacet
  facet normal 0 0 1
    outer loop
      vertex -1.39449 -15.9391 105
      vertex -1.65596 -18.9277 105
      vertex 0 -19 105
    endloop
  endfacet
  facet normal 0 0 1
    outer loop
      vertex -2.77837 -15.7569 105
      vertex -1.65596 -18.9277 105
      vertex -1.39449 -15.9391 105
    endloop
  endfacet
  facet normal 0 0 1
    outer loop
      vertex -2.77837 -15.7569 105
      vertex -3.29931 -18.7113 105
      vertex -1.65596 -18.9277 105
    endloop
  endfacet
  facet normal 0 0 1
    outer loop
      vertex -4.1411 -15.4548 105
      vertex -3.29931 -18.7113 105
      vertex -2.77837 -15.7569 105
    endloop
  endfacet
  facet normal 0 0 1
    outer loop
      vertex -4.1411 -15.4548 105
      vertex -4.91756 -18.3526 105
      vertex -3.29931 -18.7113 105
    endloop
  endfacet
  facet normal 0 0 1
    outer loop
      vertex -5.47232 -15.0351 105
      vertex -4.91756 -18.3526 105
      vertex -4.1411 -15.4548 105
    endloop
  endfacet
  facet normal 0 0 1
    outer loop
      vertex -5.47232 -15.0351 105
      vertex -6.49838 -17.8542 105
      vertex -4.91756 -18.3526 105
    endloop
  endfacet
  facet normal 0 0 1
    outer loop
      vertex -6.76189 -14.5009 105
      vertex -6.49838 -17.8542 105
      vertex -5.47232 -15.0351 105
    endloop
  endfacet
  facet normal 0 0 1
    outer loop
      vertex -8.02975 -17.2198 105
      vertex -6.76189 -14.5009 105
      vertex -8 -13.8564 105
    endloop
  endfacet
  facet normal 0 0 1
    outer loop
      vertex -6.76189 -14.5009 105
      vertex -8.02975 -17.2198 105
      vertex -6.49838 -17.8542 105
    endloop
  endfacet
  facet normal 0 0 1
    outer loop
      vertex -9.5 -16.4545 105
      vertex -8 -13.8564 105
      vertex -9.17722 -13.1064 105
    endloop
  endfacet
  facet normal 0 0 1
    outer loop
      vertex -8 -13.8564 105
      vertex -9.5 -16.4545 105
      vertex -8.02975 -17.2198 105
    endloop
  endfacet
  facet normal 0 0 1
    outer loop
      vertex -10.898 -15.5639 105
      vertex -9.17722 -13.1064 105
      vertex -10.2846 -12.2567 105
    endloop
  endfacet
  facet normal 0 0 1
    outer loop
      vertex -9.17722 -13.1064 105
      vertex -10.898 -15.5639 105
      vertex -9.5 -16.4545 105
    endloop
  endfacet
  facet normal 0 0 1
    outer loop
      vertex -12.213 -14.5548 105
      vertex -10.2846 -12.2567 105
      vertex -11.3137 -11.3137 105
    endloop
  endfacet
  facet normal 0 0 1
    outer loop
      vertex -10.2846 -12.2567 105
      vertex -12.213 -14.5548 105
      vertex -10.898 -15.5639 105
    endloop
  endfacet
  facet normal 0 0 1
    outer loop
      vertex -13.435 -13.435 105
      vertex -11.3137 -11.3137 105
      vertex -12.2567 -10.2846 105
    endloop
  endfacet
  facet normal 0 0 1
    outer loop
      vertex -14.5548 -12.213 105
      vertex -12.2567 -10.2846 105
      vertex -13.1064 -9.17722 105
    endloop
  endfacet
  facet normal 0 0 1
    outer loop
      vertex -11.3137 -11.3137 105
      vertex -13.435 -13.435 105
      vertex -12.213 -14.5548 105
    endloop
  endfacet
  facet normal 0 0 1
    outer loop
      vertex -15.5639 -10.898 105
      vertex -13.1064 -9.17722 105
      vertex -13.8564 -8 105
    endloop
  endfacet
  facet normal 0 0 1
    outer loop
      vertex -16.4545 -9.5 105
      vertex -13.8564 -8 105
      vertex -14.5009 -6.76189 105
    endloop
  endfacet
  facet normal 0 0 1
    outer loop
      vertex -12.2567 -10.2846 105
      vertex -14.5548 -12.213 105
      vertex -13.435 -13.435 105
    endloop
  endfacet
  facet normal 0 0 1
    outer loop
      vertex -17.2198 -8.02975 105
      vertex -14.5009 -6.76189 105
      vertex -15.0351 -5.47232 105
    endloop
  endfacet
  facet normal 0 0 1
    outer loop
      vertex -17.8542 -6.49838 105
      vertex -15.0351 -5.47232 105
      vertex -15.4548 -4.1411 105
    endloop
  endfacet
  facet normal 0 0 1
    outer loop
      vertex -13.1064 -9.17722 105
      vertex -15.5639 -10.898 105
      vertex -14.5548 -12.213 105
    endloop
  endfacet
  facet normal 0 0 1
    outer loop
      vertex -18.3526 -4.91756 105
      vertex -15.4548 -4.1411 105
      vertex -15.7569 -2.77837 105
    endloop
  endfacet
  facet normal 0 0 1
    outer loop
      vertex -18.7113 -3.29931 105
      vertex -15.7569 -2.77837 105
      vertex -15.9391 -1.39449 105
    endloop
  endfacet
  facet normal 0 0 1
    outer loop
      vertex -18.9277 -1.65596 105
      vertex -15.9391 -1.39449 105
      vertex -16 0 105
    endloop
  endfacet
  facet normal 0 0 1
    outer loop
      vertex -15.4548 4.1411 105
      vertex -18.3526 4.91756 105
      vertex -15.7569 2.77837 105
    endloop
  endfacet
  facet normal 0 0 1
    outer loop
      vertex -13.8564 -8 105
      vertex -16.4545 -9.5 105
      vertex -15.5639 -10.898 105
    endloop
  endfacet
  facet normal -0 0 1
    outer loop
      vertex -18.7113 3.29931 105
      vertex -15.7569 2.77837 105
      vertex -18.3526 4.91756 105
    endloop
  endfacet
  facet normal 0 0 1
    outer loop
      vertex -14.5009 -6.76189 105
      vertex -17.2198 -8.02975 105
      vertex -16.4545 -9.5 105
    endloop
  endfacet
  facet normal 0 0 1
    outer loop
      vertex -15.7569 2.77837 105
      vertex -18.7113 3.29931 105
      vertex -15.9391 1.39449 105
    endloop
  endfacet
  facet normal 0 0 1
    outer loop
      vertex -15.0351 -5.47232 105
      vertex -17.8542 -6.49838 105
      vertex -17.2198 -8.02975 105
    endloop
  endfacet
  facet normal -0 0 1
    outer loop
      vertex -18.9277 1.65596 105
      vertex -15.9391 1.39449 105
      vertex -18.7113 3.29931 105
    endloop
  endfacet
  facet normal 0 0 1
    outer loop
      vertex -15.4548 -4.1411 105
      vertex -18.3526 -4.91756 105
      vertex -17.8542 -6.49838 105
    endloop
  endfacet
  facet normal 0 0 1
    outer loop
      vertex -15.9391 1.39449 105
      vertex -18.9277 1.65596 105
      vertex -16 0 105
    endloop
  endfacet
  facet normal 0 0 1
    outer loop
      vertex -15.7569 -2.77837 105
      vertex -18.7113 -3.29931 105
      vertex -18.3526 -4.91756 105
    endloop
  endfacet
  facet normal 0 0 1
    outer loop
      vertex -19 0 105
      vertex -16 0 105
      vertex -18.9277 1.65596 105
    endloop
  endfacet
  facet normal 0 0 1
    outer loop
      vertex -15.9391 -1.39449 105
      vertex -18.9277 -1.65596 105
      vertex -18.7113 -3.29931 105
    endloop
  endfacet
  facet normal 0 0 1
    outer loop
      vertex -16 0 105
      vertex -19 0 105
      vertex -18.9277 -1.65596 105
    endloop
  endfacet
  facet normal -0.537289 0.843398 0
    outer loop
      vertex -9.5 16.4545 101
      vertex -10.898 15.5639 105
      vertex -9.5 16.4545 105
    endloop
  endfacet
  facet normal -0.537289 0.843398 0
    outer loop
      vertex -10.898 15.5639 105
      vertex -9.5 16.4545 101
      vertex -10.898 15.5639 101
    endloop
  endfacet
  facet normal -0.608786 0.793334 0
    outer loop
      vertex -10.898 15.5639 101
      vertex -12.213 14.5548 105
      vertex -10.898 15.5639 105
    endloop
  endfacet
  facet normal -0.608786 0.793334 0
    outer loop
      vertex -12.213 14.5548 105
      vertex -10.898 15.5639 101
      vertex -12.213 14.5548 101
    endloop
  endfacet
  facet normal -0.216407 0.976303 0
    outer loop
      vertex -3.29931 18.7113 101
      vertex -4.91756 18.3526 105
      vertex -3.29931 18.7113 105
    endloop
  endfacet
  facet normal -0.216407 0.976303 0
    outer loop
      vertex -4.91756 18.3526 105
      vertex -3.29931 18.7113 101
      vertex -4.91756 18.3526 101
    endloop
  endfacet
  facet normal -0.0436189 0.999048 0
    outer loop
      vertex 0 19 101
      vertex -1.65596 18.9277 105
      vertex 0 19 105
    endloop
  endfacet
  facet normal -0.0436189 0.999048 0
    outer loop
      vertex -1.65596 18.9277 105
      vertex 0 19 101
      vertex -1.65596 18.9277 101
    endloop
  endfacet
  facet normal 0.216407 -0.976303 0
    outer loop
      vertex 3.29931 -18.7113 101
      vertex 4.91756 -18.3526 105
      vertex 3.29931 -18.7113 105
    endloop
  endfacet
  facet normal 0.216407 -0.976303 0
    outer loop
      vertex 4.91756 -18.3526 105
      vertex 3.29931 -18.7113 101
      vertex 4.91756 -18.3526 101
    endloop
  endfacet
  facet normal 0.0436189 -0.999048 0
    outer loop
      vertex 0 -19 101
      vertex 1.65596 -18.9277 105
      vertex 0 -19 105
    endloop
  endfacet
  facet normal 0.0436189 -0.999048 0
    outer loop
      vertex 1.65596 -18.9277 105
      vertex 0 -19 101
      vertex 1.65596 -18.9277 101
    endloop
  endfacet
  facet normal 0.300689 -0.953722 0
    outer loop
      vertex 4.91756 -18.3526 101
      vertex 6.49838 -17.8542 105
      vertex 4.91756 -18.3526 105
    endloop
  endfacet
  facet normal 0.300689 -0.953722 0
    outer loop
      vertex 6.49838 -17.8542 105
      vertex 4.91756 -18.3526 101
      vertex 6.49838 -17.8542 101
    endloop
  endfacet
  facet normal 0.608786 -0.793334 0
    outer loop
      vertex 10.898 -15.5639 101
      vertex 12.213 -14.5548 105
      vertex 10.898 -15.5639 105
    endloop
  endfacet
  facet normal 0.608786 -0.793334 0
    outer loop
      vertex 12.213 -14.5548 105
      vertex 10.898 -15.5639 101
      vertex 12.213 -14.5548 101
    endloop
  endfacet
  facet normal 0.461718 -0.887027 0
    outer loop
      vertex 8.02975 -17.2198 101
      vertex 9.5 -16.4545 105
      vertex 8.02975 -17.2198 105
    endloop
  endfacet
  facet normal 0.461718 -0.887027 0
    outer loop
      vertex 9.5 -16.4545 105
      vertex 8.02975 -17.2198 101
      vertex 9.5 -16.4545 101
    endloop
  endfacet
  facet normal 0.793334 -0.608786 0
    outer loop
      vertex 14.5548 -12.213 105
      vertex 15.5639 -10.898 101
      vertex 15.5639 -10.898 105
    endloop
  endfacet
  facet normal 0.793334 -0.608786 0
    outer loop
      vertex 15.5639 -10.898 101
      vertex 14.5548 -12.213 105
      vertex 14.5548 -12.213 101
    endloop
  endfacet
  facet normal -0.675604 -0.737264 0
    outer loop
      vertex -13.435 -13.435 101
      vertex -12.213 -14.5548 105
      vertex -13.435 -13.435 105
    endloop
  endfacet
  facet normal -0.675604 -0.737264 -0
    outer loop
      vertex -12.213 -14.5548 105
      vertex -13.435 -13.435 101
      vertex -12.213 -14.5548 101
    endloop
  endfacet
  facet normal -0.537289 -0.843398 0
    outer loop
      vertex -10.898 -15.5639 101
      vertex -9.5 -16.4545 105
      vertex -10.898 -15.5639 105
    endloop
  endfacet
  facet normal -0.537289 -0.843398 -0
    outer loop
      vertex -9.5 -16.4545 105
      vertex -10.898 -15.5639 101
      vertex -9.5 -16.4545 101
    endloop
  endfacet
  facet normal -0.300689 -0.953722 0
    outer loop
      vertex -6.49838 -17.8542 101
      vertex -4.91756 -18.3526 105
      vertex -6.49838 -17.8542 105
    endloop
  endfacet
  facet normal -0.300689 -0.953722 -0
    outer loop
      vertex -4.91756 -18.3526 105
      vertex -6.49838 -17.8542 101
      vertex -4.91756 -18.3526 101
    endloop
  endfacet
  facet normal -0.130555 -0.991441 0
    outer loop
      vertex -3.29931 -18.7113 101
      vertex -1.65596 -18.9277 105
      vertex -3.29931 -18.7113 105
    endloop
  endfacet
  facet normal -0.130555 -0.991441 -0
    outer loop
      vertex -1.65596 -18.9277 105
      vertex -3.29931 -18.7113 101
      vertex -1.65596 -18.9277 101
    endloop
  endfacet
  facet normal -0.793334 -0.608786 0
    outer loop
      vertex -14.5548 -12.213 101
      vertex -15.5639 -10.898 105
      vertex -15.5639 -10.898 101
    endloop
  endfacet
  facet normal -0.793334 -0.608786 0
    outer loop
      vertex -15.5639 -10.898 105
      vertex -14.5548 -12.213 101
      vertex -14.5548 -12.213 105
    endloop
  endfacet
  facet normal -0.976303 -0.216407 0
    outer loop
      vertex -18.3526 -4.91756 101
      vertex -18.7113 -3.29931 105
      vertex -18.7113 -3.29931 101
    endloop
  endfacet
  facet normal -0.976303 -0.216407 0
    outer loop
      vertex -18.7113 -3.29931 105
      vertex -18.3526 -4.91756 101
      vertex -18.3526 -4.91756 105
    endloop
  endfacet
  facet normal -0.999048 -0.0436189 0
    outer loop
      vertex -18.9277 -1.65596 101
      vertex -19 0 105
      vertex -19 0 101
    endloop
  endfacet
  facet normal -0.999048 -0.0436189 0
    outer loop
      vertex -19 0 105
      vertex -18.9277 -1.65596 101
      vertex -18.9277 -1.65596 105
    endloop
  endfacet
  facet normal 0.923861 0.382728 0
    outer loop
      vertex 17.8542 6.49838 105
      vertex 17.2198 8.02975 101
      vertex 17.2198 8.02975 105
    endloop
  endfacet
  facet normal 0.923861 0.382728 0
    outer loop
      vertex 17.2198 8.02975 101
      vertex 17.8542 6.49838 105
      vertex 17.8542 6.49838 101
    endloop
  endfacet
  facet normal -0.887027 0.461718 0
    outer loop
      vertex -17.2198 8.02975 101
      vertex -16.4545 9.5 105
      vertex -16.4545 9.5 101
    endloop
  endfacet
  facet normal -0.887027 0.461718 0
    outer loop
      vertex -16.4545 9.5 105
      vertex -17.2198 8.02975 101
      vertex -17.2198 8.02975 105
    endloop
  endfacet
  facet normal -0.461718 0.887027 0
    outer loop
      vertex -8.02975 17.2198 101
      vertex -9.5 16.4545 105
      vertex -8.02975 17.2198 105
    endloop
  endfacet
  facet normal -0.461718 0.887027 0
    outer loop
      vertex -9.5 16.4545 105
      vertex -8.02975 17.2198 101
      vertex -9.5 16.4545 101
    endloop
  endfacet
  facet normal -0.382728 0.923861 0
    outer loop
      vertex -6.49838 17.8542 101
      vertex -8.02975 17.2198 105
      vertex -6.49838 17.8542 105
    endloop
  endfacet
  facet normal -0.382728 0.923861 0
    outer loop
      vertex -8.02975 17.2198 105
      vertex -6.49838 17.8542 101
      vertex -8.02975 17.2198 101
    endloop
  endfacet
  facet normal 0.130555 -0.991441 0
    outer loop
      vertex 1.65596 -18.9277 101
      vertex 3.29931 -18.7113 105
      vertex 1.65596 -18.9277 105
    endloop
  endfacet
  facet normal 0.130555 -0.991441 0
    outer loop
      vertex 3.29931 -18.7113 105
      vertex 1.65596 -18.9277 101
      vertex 3.29931 -18.7113 101
    endloop
  endfacet
  facet normal 0.382728 -0.923861 0
    outer loop
      vertex 6.49838 -17.8542 101
      vertex 8.02975 -17.2198 105
      vertex 6.49838 -17.8542 105
    endloop
  endfacet
  facet normal 0.382728 -0.923861 0
    outer loop
      vertex 8.02975 -17.2198 105
      vertex 6.49838 -17.8542 101
      vertex 8.02975 -17.2198 101
    endloop
  endfacet
  facet normal 0.675604 -0.737264 0
    outer loop
      vertex 12.213 -14.5548 101
      vertex 13.435 -13.435 105
      vertex 12.213 -14.5548 105
    endloop
  endfacet
  facet normal 0.675604 -0.737264 0
    outer loop
      vertex 13.435 -13.435 105
      vertex 12.213 -14.5548 101
      vertex 13.435 -13.435 101
    endloop
  endfacet
  facet normal 0.537289 -0.843398 0
    outer loop
      vertex 9.5 -16.4545 101
      vertex 10.898 -15.5639 105
      vertex 9.5 -16.4545 105
    endloop
  endfacet
  facet normal 0.537289 -0.843398 0
    outer loop
      vertex 10.898 -15.5639 105
      vertex 9.5 -16.4545 101
      vertex 10.898 -15.5639 101
    endloop
  endfacet
  facet normal 0.843398 -0.537289 0
    outer loop
      vertex 15.5639 -10.898 105
      vertex 16.4545 -9.5 101
      vertex 16.4545 -9.5 105
    endloop
  endfacet
  facet normal 0.843398 -0.537289 0
    outer loop
      vertex 16.4545 -9.5 101
      vertex 15.5639 -10.898 105
      vertex 15.5639 -10.898 101
    endloop
  endfacet
  facet normal 0.953722 -0.300689 0
    outer loop
      vertex 17.8542 -6.49838 105
      vertex 18.3526 -4.91756 101
      vertex 18.3526 -4.91756 105
    endloop
  endfacet
  facet normal 0.953722 -0.300689 0
    outer loop
      vertex 18.3526 -4.91756 101
      vertex 17.8542 -6.49838 105
      vertex 17.8542 -6.49838 101
    endloop
  endfacet
  facet normal 0.887027 -0.461718 0
    outer loop
      vertex 16.4545 -9.5 105
      vertex 17.2198 -8.02975 101
      vertex 17.2198 -8.02975 105
    endloop
  endfacet
  facet normal 0.887027 -0.461718 0
    outer loop
      vertex 17.2198 -8.02975 101
      vertex 16.4545 -9.5 105
      vertex 16.4545 -9.5 101
    endloop
  endfacet
  facet normal 0.991441 -0.130555 0
    outer loop
      vertex 18.7113 -3.29931 105
      vertex 18.9277 -1.65596 101
      vertex 18.9277 -1.65596 105
    endloop
  endfacet
  facet normal 0.991441 -0.130555 0
    outer loop
      vertex 18.9277 -1.65596 101
      vertex 18.7113 -3.29931 105
      vertex 18.7113 -3.29931 101
    endloop
  endfacet
  facet normal 0.999048 -0.0436189 0
    outer loop
      vertex 18.9277 -1.65596 105
      vertex 19 0 101
      vertex 19 0 105
    endloop
  endfacet
  facet normal 0.999048 -0.0436189 0
    outer loop
      vertex 19 0 101
      vertex 18.9277 -1.65596 105
      vertex 18.9277 -1.65596 101
    endloop
  endfacet
  facet normal -0.608786 -0.793334 0
    outer loop
      vertex -12.213 -14.5548 101
      vertex -10.898 -15.5639 105
      vertex -12.213 -14.5548 105
    endloop
  endfacet
  facet normal -0.608786 -0.793334 -0
    outer loop
      vertex -10.898 -15.5639 105
      vertex -12.213 -14.5548 101
      vertex -10.898 -15.5639 101
    endloop
  endfacet
  facet normal -0.461718 -0.887027 0
    outer loop
      vertex -9.5 -16.4545 101
      vertex -8.02975 -17.2198 105
      vertex -9.5 -16.4545 105
    endloop
  endfacet
  facet normal -0.461718 -0.887027 -0
    outer loop
      vertex -8.02975 -17.2198 105
      vertex -9.5 -16.4545 101
      vertex -8.02975 -17.2198 101
    endloop
  endfacet
  facet normal -0.216407 -0.976303 0
    outer loop
      vertex -4.91756 -18.3526 101
      vertex -3.29931 -18.7113 105
      vertex -4.91756 -18.3526 105
    endloop
  endfacet
  facet normal -0.216407 -0.976303 -0
    outer loop
      vertex -3.29931 -18.7113 105
      vertex -4.91756 -18.3526 101
      vertex -3.29931 -18.7113 101
    endloop
  endfacet
  facet normal -0.923861 -0.382728 0
    outer loop
      vertex -17.2198 -8.02975 101
      vertex -17.8542 -6.49838 105
      vertex -17.8542 -6.49838 101
    endloop
  endfacet
  facet normal -0.923861 -0.382728 0
    outer loop
      vertex -17.8542 -6.49838 105
      vertex -17.2198 -8.02975 101
      vertex -17.2198 -8.02975 105
    endloop
  endfacet
  facet normal -0.843398 -0.537289 0
    outer loop
      vertex -15.5639 -10.898 101
      vertex -16.4545 -9.5 105
      vertex -16.4545 -9.5 101
    endloop
  endfacet
  facet normal -0.843398 -0.537289 0
    outer loop
      vertex -16.4545 -9.5 105
      vertex -15.5639 -10.898 101
      vertex -15.5639 -10.898 105
    endloop
  endfacet
  facet normal -0.953722 -0.300689 0
    outer loop
      vertex -17.8542 -6.49838 101
      vertex -18.3526 -4.91756 105
      vertex -18.3526 -4.91756 101
    endloop
  endfacet
  facet normal -0.953722 -0.300689 0
    outer loop
      vertex -18.3526 -4.91756 105
      vertex -17.8542 -6.49838 101
      vertex -17.8542 -6.49838 105
    endloop
  endfacet
  facet normal -0.991441 -0.130555 0
    outer loop
      vertex -18.7113 -3.29931 101
      vertex -18.9277 -1.65596 105
      vertex -18.9277 -1.65596 101
    endloop
  endfacet
  facet normal -0.991441 -0.130555 0
    outer loop
      vertex -18.9277 -1.65596 105
      vertex -18.7113 -3.29931 101
      vertex -18.7113 -3.29931 105
    endloop
  endfacet
  facet normal 0.737264 -0.675604 0
    outer loop
      vertex 13.435 -13.435 105
      vertex 14.5548 -12.213 101
      vertex 14.5548 -12.213 105
    endloop
  endfacet
  facet normal 0.737264 -0.675604 0
    outer loop
      vertex 14.5548 -12.213 101
      vertex 13.435 -13.435 105
      vertex 13.435 -13.435 101
    endloop
  endfacet
  facet normal 0.923861 -0.382728 0
    outer loop
      vertex 17.2198 -8.02975 105
      vertex 17.8542 -6.49838 101
      vertex 17.8542 -6.49838 105
    endloop
  endfacet
  facet normal 0.923861 -0.382728 0
    outer loop
      vertex 17.8542 -6.49838 101
      vertex 17.2198 -8.02975 105
      vertex 17.2198 -8.02975 101
    endloop
  endfacet
  facet normal -0.887027 -0.461718 0
    outer loop
      vertex -16.4545 -9.5 101
      vertex -17.2198 -8.02975 105
      vertex -17.2198 -8.02975 101
    endloop
  endfacet
  facet normal -0.887027 -0.461718 0
    outer loop
      vertex -17.2198 -8.02975 105
      vertex -16.4545 -9.5 101
      vertex -16.4545 -9.5 105
    endloop
  endfacet
endsolid OpenSCAD_Model
