solid OpenSCAD_Model
  facet normal 0.999048 0.0436182 0
    outer loop
      vertex 77 0 116
      vertex 76.707 6.71099 112
      vertex 76.707 6.71099 116
    endloop
  endfacet
  facet normal 0.999048 0.0436182 0
    outer loop
      vertex 76.707 6.71099 112
      vertex 77 0 116
      vertex 77 0 112
    endloop
  endfacet
  facet normal -0.999048 0.0436182 0
    outer loop
      vertex -77 0 112
      vertex -76.707 6.71099 116
      vertex -76.707 6.71099 112
    endloop
  endfacet
  facet normal -0.999048 0.0436182 0
    outer loop
      vertex -76.707 6.71099 116
      vertex -77 0 112
      vertex -77 0 116
    endloop
  endfacet
  facet normal 0.0436182 0.999048 -0
    outer loop
      vertex 6.71099 76.707 112
      vertex 0 77 116
      vertex 6.71099 76.707 116
    endloop
  endfacet
  facet normal 0.0436182 0.999048 0
    outer loop
      vertex 0 77 116
      vertex 6.71099 76.707 112
      vertex 0 77 112
    endloop
  endfacet
  facet normal 0.737279 0.675588 0
    outer loop
      vertex 58.9854 49.4946 116
      vertex 54.4472 54.4472 112
      vertex 54.4472 54.4472 116
    endloop
  endfacet
  facet normal 0.737279 0.675588 0
    outer loop
      vertex 54.4472 54.4472 112
      vertex 58.9854 49.4946 116
      vertex 58.9854 49.4946 112
    endloop
  endfacet
  facet normal -0.675588 0.737279 0
    outer loop
      vertex -49.4946 58.9854 112
      vertex -54.4472 54.4472 116
      vertex -49.4946 58.9854 116
    endloop
  endfacet
  facet normal -0.675588 0.737279 0
    outer loop
      vertex -54.4472 54.4472 116
      vertex -49.4946 58.9854 112
      vertex -54.4472 54.4472 112
    endloop
  endfacet
  facet normal -0.382682 0.92388 0
    outer loop
      vertex -26.3356 72.3563 112
      vertex -32.5416 69.7857 116
      vertex -26.3356 72.3563 116
    endloop
  endfacet
  facet normal -0.382682 0.92388 0
    outer loop
      vertex -32.5416 69.7857 116
      vertex -26.3356 72.3563 112
      vertex -32.5416 69.7857 112
    endloop
  endfacet
  facet normal 0.92388 0.382682 0
    outer loop
      vertex 72.3563 26.3356 116
      vertex 69.7857 32.5416 112
      vertex 69.7857 32.5416 116
    endloop
  endfacet
  facet normal 0.92388 0.382682 0
    outer loop
      vertex 69.7857 32.5416 112
      vertex 72.3563 26.3356 116
      vertex 72.3563 26.3356 112
    endloop
  endfacet
  facet normal 0.461743 0.887014 -0
    outer loop
      vertex 38.5 66.684 112
      vertex 32.5416 69.7857 116
      vertex 38.5 66.684 116
    endloop
  endfacet
  facet normal 0.461743 0.887014 0
    outer loop
      vertex 32.5416 69.7857 116
      vertex 38.5 66.684 112
      vertex 32.5416 69.7857 112
    endloop
  endfacet
  facet normal 0.608767 0.793349 -0
    outer loop
      vertex 49.4946 58.9854 112
      vertex 44.1654 63.0747 116
      vertex 49.4946 58.9854 116
    endloop
  endfacet
  facet normal 0.608767 0.793349 0
    outer loop
      vertex 44.1654 63.0747 116
      vertex 49.4946 58.9854 112
      vertex 44.1654 63.0747 112
    endloop
  endfacet
  facet normal -0.887014 0.461743 0
    outer loop
      vertex -69.7857 32.5416 112
      vertex -66.684 38.5 116
      vertex -66.684 38.5 112
    endloop
  endfacet
  facet normal -0.887014 0.461743 0
    outer loop
      vertex -66.684 38.5 116
      vertex -69.7857 32.5416 112
      vertex -69.7857 32.5416 116
    endloop
  endfacet
  facet normal -0.216437 0.976297 0
    outer loop
      vertex -13.3709 75.8302 112
      vertex -19.9291 74.3763 116
      vertex -13.3709 75.8302 116
    endloop
  endfacet
  facet normal -0.216437 0.976297 0
    outer loop
      vertex -19.9291 74.3763 116
      vertex -13.3709 75.8302 112
      vertex -19.9291 74.3763 112
    endloop
  endfacet
  facet normal 0.92388 -0.382682 0
    outer loop
      vertex 69.7857 -32.5416 116
      vertex 72.3563 -26.3356 112
      vertex 72.3563 -26.3356 116
    endloop
  endfacet
  facet normal 0.92388 -0.382682 0
    outer loop
      vertex 72.3563 -26.3356 112
      vertex 69.7857 -32.5416 116
      vertex 69.7857 -32.5416 112
    endloop
  endfacet
  facet normal -0.737279 -0.675588 0
    outer loop
      vertex -54.4472 -54.4472 112
      vertex -58.9854 -49.4946 116
      vertex -58.9854 -49.4946 112
    endloop
  endfacet
  facet normal -0.737279 -0.675588 0
    outer loop
      vertex -58.9854 -49.4946 116
      vertex -54.4472 -54.4472 112
      vertex -54.4472 -54.4472 116
    endloop
  endfacet
  facet normal -0.991445 -0.130527 0
    outer loop
      vertex -75.8302 -13.3709 112
      vertex -76.707 -6.71099 116
      vertex -76.707 -6.71099 112
    endloop
  endfacet
  facet normal -0.991445 -0.130527 0
    outer loop
      vertex -76.707 -6.71099 116
      vertex -75.8302 -13.3709 112
      vertex -75.8302 -13.3709 116
    endloop
  endfacet
  facet normal 0 0 -1
    outer loop
      vertex -54.4472 54.4472 112
      vertex -8 42 112
      vertex -42 8 112
    endloop
  endfacet
  facet normal 0 0 -1
    outer loop
      vertex -8 42 112
      vertex -44.1654 63.0747 112
      vertex -38.5 66.684 112
    endloop
  endfacet
  facet normal 0 0 -1
    outer loop
      vertex -8 42 112
      vertex -49.4946 58.9854 112
      vertex -44.1654 63.0747 112
    endloop
  endfacet
  facet normal 0 0 -1
    outer loop
      vertex -8 42 112
      vertex -54.4472 54.4472 112
      vertex -49.4946 58.9854 112
    endloop
  endfacet
  facet normal 0 0 -1
    outer loop
      vertex -42 8 112
      vertex -58.9854 49.4946 112
      vertex -54.4472 54.4472 112
    endloop
  endfacet
  facet normal 0 0 -1
    outer loop
      vertex -42 8 112
      vertex -63.0747 44.1654 112
      vertex -58.9854 49.4946 112
    endloop
  endfacet
  facet normal 0 0 -1
    outer loop
      vertex -69.7857 32.5416 112
      vertex -42 8 112
      vertex -66 8 112
    endloop
  endfacet
  facet normal 0 0 -1
    outer loop
      vertex -42 8 112
      vertex -66.684 38.5 112
      vertex -63.0747 44.1654 112
    endloop
  endfacet
  facet normal 0 0 -1
    outer loop
      vertex -72.3563 -26.3356 112
      vertex -66 -8 112
      vertex -69.7857 -32.5416 112
    endloop
  endfacet
  facet normal 0 0 -1
    outer loop
      vertex -74.3763 -19.9291 112
      vertex -66 -8 112
      vertex -72.3563 -26.3356 112
    endloop
  endfacet
  facet normal 0 0 -1
    outer loop
      vertex -42 8 112
      vertex -69.7857 32.5416 112
      vertex -66.684 38.5 112
    endloop
  endfacet
  facet normal 0 0 -1
    outer loop
      vertex -75.8302 -13.3709 112
      vertex -66 -8 112
      vertex -74.3763 -19.9291 112
    endloop
  endfacet
  facet normal 0 0 -1
    outer loop
      vertex -66 8 112
      vertex -72.3563 26.3356 112
      vertex -69.7857 32.5416 112
    endloop
  endfacet
  facet normal 0 0 -1
    outer loop
      vertex -76.707 -6.71099 112
      vertex -66 -8 112
      vertex -75.8302 -13.3709 112
    endloop
  endfacet
  facet normal 0 0 -1
    outer loop
      vertex -66 8 112
      vertex -74.3763 19.9291 112
      vertex -72.3563 26.3356 112
    endloop
  endfacet
  facet normal 0 0 -1
    outer loop
      vertex -77 0 112
      vertex -66 -8 112
      vertex -76.707 -6.71099 112
    endloop
  endfacet
  facet normal 0 0 -1
    outer loop
      vertex -66 8 112
      vertex -75.8302 13.3709 112
      vertex -74.3763 19.9291 112
    endloop
  endfacet
  facet normal 0 0 -1
    outer loop
      vertex -66 -8 112
      vertex -77 0 112
      vertex -66 8 112
    endloop
  endfacet
  facet normal -0 0 -1
    outer loop
      vertex -66 8 112
      vertex -76.707 6.71099 112
      vertex -75.8302 13.3709 112
    endloop
  endfacet
  facet normal 0 0 -1
    outer loop
      vertex -66 8 112
      vertex -77 0 112
      vertex -76.707 6.71099 112
    endloop
  endfacet
  facet normal 0 0 -1
    outer loop
      vertex 6.49838 17.8542 112
      vertex 8 42 112
      vertex 8.02975 17.2198 112
    endloop
  endfacet
  facet normal 0 0 -1
    outer loop
      vertex 4.91756 18.3526 112
      vertex 8 42 112
      vertex 6.49838 17.8542 112
    endloop
  endfacet
  facet normal 0 0 -1
    outer loop
      vertex 3.29931 18.7113 112
      vertex 8 42 112
      vertex 4.91756 18.3526 112
    endloop
  endfacet
  facet normal 0 0 -1
    outer loop
      vertex 1.65596 18.9277 112
      vertex 8 42 112
      vertex 3.29931 18.7113 112
    endloop
  endfacet
  facet normal 0 0 -1
    outer loop
      vertex 0 19 112
      vertex 8 42 112
      vertex 1.65596 18.9277 112
    endloop
  endfacet
  facet normal 0 0 -1
    outer loop
      vertex -8 42 112
      vertex 0 19 112
      vertex -1.65596 18.9277 112
    endloop
  endfacet
  facet normal 0 0 -1
    outer loop
      vertex -8 42 112
      vertex -1.65596 18.9277 112
      vertex -3.29931 18.7113 112
    endloop
  endfacet
  facet normal 0 0 -1
    outer loop
      vertex -8 42 112
      vertex -3.29931 18.7113 112
      vertex -4.91756 18.3526 112
    endloop
  endfacet
  facet normal 0 0 -1
    outer loop
      vertex -8 42 112
      vertex -4.91756 18.3526 112
      vertex -6.49838 17.8542 112
    endloop
  endfacet
  facet normal 0 0 -1
    outer loop
      vertex 0 19 112
      vertex -8 42 112
      vertex 8 42 112
    endloop
  endfacet
  facet normal 0 0 -1
    outer loop
      vertex -9.5 16.4545 112
      vertex -8 42 112
      vertex -8.02975 17.2198 112
    endloop
  endfacet
  facet normal 0 0 -1
    outer loop
      vertex -8.02975 17.2198 112
      vertex -8 42 112
      vertex -6.49838 17.8542 112
    endloop
  endfacet
  facet normal 0 0 -1
    outer loop
      vertex 15.5639 10.898 112
      vertex 42 8 112
      vertex 16.4545 9.5 112
    endloop
  endfacet
  facet normal 0 0 -1
    outer loop
      vertex 14.5548 12.213 112
      vertex 42 8 112
      vertex 15.5639 10.898 112
    endloop
  endfacet
  facet normal 0 0 -1
    outer loop
      vertex 13.435 13.435 112
      vertex 42 8 112
      vertex 14.5548 12.213 112
    endloop
  endfacet
  facet normal 0 0 -1
    outer loop
      vertex 42 8 112
      vertex 8 42 112
      vertex 49.4946 58.9854 112
    endloop
  endfacet
  facet normal -0 0 -1
    outer loop
      vertex 49.4946 58.9854 112
      vertex 8 42 112
      vertex 44.1654 63.0747 112
    endloop
  endfacet
  facet normal -0 0 -1
    outer loop
      vertex 38.5 66.684 112
      vertex 8 42 112
      vertex 32.5416 69.7857 112
    endloop
  endfacet
  facet normal -0 0 -1
    outer loop
      vertex 32.5416 69.7857 112
      vertex 8 42 112
      vertex 26.3356 72.3563 112
    endloop
  endfacet
  facet normal -0 0 -1
    outer loop
      vertex 44.1654 63.0747 112
      vertex 8 42 112
      vertex 38.5 66.684 112
    endloop
  endfacet
  facet normal 0 0 -1
    outer loop
      vertex 42 8 112
      vertex 13.435 13.435 112
      vertex 8 42 112
    endloop
  endfacet
  facet normal 0 0 -1
    outer loop
      vertex 8 66 112
      vertex 26.3356 72.3563 112
      vertex 8 42 112
    endloop
  endfacet
  facet normal 0 0 -1
    outer loop
      vertex 8 42 112
      vertex 13.435 13.435 112
      vertex 12.213 14.5548 112
    endloop
  endfacet
  facet normal 0 0 -1
    outer loop
      vertex 8 42 112
      vertex 12.213 14.5548 112
      vertex 10.898 15.5639 112
    endloop
  endfacet
  facet normal 0 0 -1
    outer loop
      vertex 8 42 112
      vertex 10.898 15.5639 112
      vertex 9.5 16.4545 112
    endloop
  endfacet
  facet normal 0 0 -1
    outer loop
      vertex 8 42 112
      vertex 9.5 16.4545 112
      vertex 8.02975 17.2198 112
    endloop
  endfacet
  facet normal -0 0 -1
    outer loop
      vertex 26.3356 72.3563 112
      vertex 8 66 112
      vertex 19.9291 74.3763 112
    endloop
  endfacet
  facet normal -0 0 -1
    outer loop
      vertex 19.9291 74.3763 112
      vertex 8 66 112
      vertex 13.3709 75.8302 112
    endloop
  endfacet
  facet normal 0 0 -1
    outer loop
      vertex 8 66 112
      vertex 6.71099 76.707 112
      vertex 13.3709 75.8302 112
    endloop
  endfacet
  facet normal 0 0 -1
    outer loop
      vertex 8 66 112
      vertex 0 77 112
      vertex 6.71099 76.707 112
    endloop
  endfacet
  facet normal 0 0 -1
    outer loop
      vertex -8 66 112
      vertex 0 77 112
      vertex 8 66 112
    endloop
  endfacet
  facet normal 0 0 -1
    outer loop
      vertex 0 77 112
      vertex -8 66 112
      vertex -6.71099 76.707 112
    endloop
  endfacet
  facet normal 0 0 -1
    outer loop
      vertex -10.898 15.5639 112
      vertex -8 42 112
      vertex -9.5 16.4545 112
    endloop
  endfacet
  facet normal 0 0 -1
    outer loop
      vertex -12.213 14.5548 112
      vertex -8 42 112
      vertex -10.898 15.5639 112
    endloop
  endfacet
  facet normal 0 0 -1
    outer loop
      vertex -13.435 13.435 112
      vertex -8 42 112
      vertex -12.213 14.5548 112
    endloop
  endfacet
  facet normal 0 0 -1
    outer loop
      vertex -8 66 112
      vertex -13.3709 75.8302 112
      vertex -6.71099 76.707 112
    endloop
  endfacet
  facet normal 0 -0 -1
    outer loop
      vertex -32.5416 69.7857 112
      vertex -8 42 112
      vertex -38.5 66.684 112
    endloop
  endfacet
  facet normal 0 0 -1
    outer loop
      vertex -42 8 112
      vertex -13.435 13.435 112
      vertex -14.5548 12.213 112
    endloop
  endfacet
  facet normal -0 0 -1
    outer loop
      vertex -13.435 13.435 112
      vertex -42 8 112
      vertex -8 42 112
    endloop
  endfacet
  facet normal 0 0 -1
    outer loop
      vertex -42 8 112
      vertex -14.5548 12.213 112
      vertex -15.5639 10.898 112
    endloop
  endfacet
  facet normal 0 0 -1
    outer loop
      vertex -42 8 112
      vertex -15.5639 10.898 112
      vertex -16.4545 9.5 112
    endloop
  endfacet
  facet normal 0 0 -1
    outer loop
      vertex -17.8542 6.49838 112
      vertex -42 8 112
      vertex -17.2198 8.02975 112
    endloop
  endfacet
  facet normal 0 0 -1
    outer loop
      vertex -18.3526 4.91756 112
      vertex -42 8 112
      vertex -17.8542 6.49838 112
    endloop
  endfacet
  facet normal 0 0 -1
    outer loop
      vertex -18.7113 3.29931 112
      vertex -42 8 112
      vertex -18.3526 4.91756 112
    endloop
  endfacet
  facet normal 0 0 -1
    outer loop
      vertex -18.9277 1.65596 112
      vertex -42 8 112
      vertex -18.7113 3.29931 112
    endloop
  endfacet
  facet normal 0 0 -1
    outer loop
      vertex -19 0 112
      vertex -42 8 112
      vertex -18.9277 1.65596 112
    endloop
  endfacet
  facet normal 0 0 -1
    outer loop
      vertex -8 66 112
      vertex -19.9291 74.3763 112
      vertex -13.3709 75.8302 112
    endloop
  endfacet
  facet normal 0 0 -1
    outer loop
      vertex -42 8 112
      vertex -19 0 112
      vertex -42 -8 112
    endloop
  endfacet
  facet normal 0 0 -1
    outer loop
      vertex -16.4545 -9.5 112
      vertex -42 -8 112
      vertex -17.2198 -8.02975 112
    endloop
  endfacet
  facet normal -0 0 -1
    outer loop
      vertex -17.8542 -6.49838 112
      vertex -42 -8 112
      vertex -18.3526 -4.91756 112
    endloop
  endfacet
  facet normal -0 0 -1
    outer loop
      vertex -17.2198 8.02975 112
      vertex -42 8 112
      vertex -16.4545 9.5 112
    endloop
  endfacet
  facet normal -0 0 -1
    outer loop
      vertex -18.7113 -3.29931 112
      vertex -42 -8 112
      vertex -18.9277 -1.65596 112
    endloop
  endfacet
  facet normal 0 0 -1
    outer loop
      vertex -8 66 112
      vertex -26.3356 72.3563 112
      vertex -19.9291 74.3763 112
    endloop
  endfacet
  facet normal -0 0 -1
    outer loop
      vertex -18.9277 -1.65596 112
      vertex -42 -8 112
      vertex -19 0 112
    endloop
  endfacet
  facet normal 0 0 -1
    outer loop
      vertex -8 66 112
      vertex -32.5416 69.7857 112
      vertex -26.3356 72.3563 112
    endloop
  endfacet
  facet normal 0 0 -1
    outer loop
      vertex -8 42 112
      vertex -32.5416 69.7857 112
      vertex -8 66 112
    endloop
  endfacet
  facet normal -0 0 -1
    outer loop
      vertex -18.3526 -4.91756 112
      vertex -42 -8 112
      vertex -18.7113 -3.29931 112
    endloop
  endfacet
  facet normal 0 0 -1
    outer loop
      vertex -17.2198 -8.02975 112
      vertex -42 -8 112
      vertex -17.8542 -6.49838 112
    endloop
  endfacet
  facet normal 0 0 -1
    outer loop
      vertex -54.4472 -54.4472 112
      vertex -42 -8 112
      vertex -49.4946 -58.9854 112
    endloop
  endfacet
  facet normal 0 0 -1
    outer loop
      vertex -58.9854 -49.4946 112
      vertex -42 -8 112
      vertex -54.4472 -54.4472 112
    endloop
  endfacet
  facet normal 0 0 -1
    outer loop
      vertex -63.0747 -44.1654 112
      vertex -42 -8 112
      vertex -58.9854 -49.4946 112
    endloop
  endfacet
  facet normal 0 0 -1
    outer loop
      vertex -66.684 -38.5 112
      vertex -42 -8 112
      vertex -63.0747 -44.1654 112
    endloop
  endfacet
  facet normal -0 0 -1
    outer loop
      vertex -42 -8 112
      vertex -69.7857 -32.5416 112
      vertex -66 -8 112
    endloop
  endfacet
  facet normal 0 0 -1
    outer loop
      vertex -69.7857 -32.5416 112
      vertex -42 -8 112
      vertex -66.684 -38.5 112
    endloop
  endfacet
  facet normal 0 0 -1
    outer loop
      vertex 9.5 -16.4545 112
      vertex 8 -42 112
      vertex 8.02975 -17.2198 112
    endloop
  endfacet
  facet normal 0 0 -1
    outer loop
      vertex 8 -42 112
      vertex 6.49838 -17.8542 112
      vertex 8.02975 -17.2198 112
    endloop
  endfacet
  facet normal 0 0 -1
    outer loop
      vertex 8 -42 112
      vertex 4.91756 -18.3526 112
      vertex 6.49838 -17.8542 112
    endloop
  endfacet
  facet normal 0 0 -1
    outer loop
      vertex 8 -42 112
      vertex 3.29931 -18.7113 112
      vertex 4.91756 -18.3526 112
    endloop
  endfacet
  facet normal 0 0 -1
    outer loop
      vertex 8 -42 112
      vertex 1.65596 -18.9277 112
      vertex 3.29931 -18.7113 112
    endloop
  endfacet
  facet normal 0 0 -1
    outer loop
      vertex 8 -42 112
      vertex 0 -19 112
      vertex 1.65596 -18.9277 112
    endloop
  endfacet
  facet normal 0 0 -1
    outer loop
      vertex -8 -42 112
      vertex 0 -19 112
      vertex 8 -42 112
    endloop
  endfacet
  facet normal -0 0 -1
    outer loop
      vertex 0 -19 112
      vertex -8 -42 112
      vertex -1.65596 -18.9277 112
    endloop
  endfacet
  facet normal -0 0 -1
    outer loop
      vertex -1.65596 -18.9277 112
      vertex -8 -42 112
      vertex -3.29931 -18.7113 112
    endloop
  endfacet
  facet normal -0 0 -1
    outer loop
      vertex -3.29931 -18.7113 112
      vertex -8 -42 112
      vertex -4.91756 -18.3526 112
    endloop
  endfacet
  facet normal -0 0 -1
    outer loop
      vertex -4.91756 -18.3526 112
      vertex -8 -42 112
      vertex -6.49838 -17.8542 112
    endloop
  endfacet
  facet normal -0 0 -1
    outer loop
      vertex -6.49838 -17.8542 112
      vertex -8 -42 112
      vertex -8.02975 -17.2198 112
    endloop
  endfacet
  facet normal 0 0 -1
    outer loop
      vertex 66 -8 112
      vertex 77 0 112
      vertex 76.707 -6.71099 112
    endloop
  endfacet
  facet normal 0 0 -1
    outer loop
      vertex 66 -8 112
      vertex 76.707 -6.71099 112
      vertex 75.8302 -13.3709 112
    endloop
  endfacet
  facet normal 0 0 -1
    outer loop
      vertex 66 8 112
      vertex 77 0 112
      vertex 66 -8 112
    endloop
  endfacet
  facet normal 0 0 -1
    outer loop
      vertex 66 -8 112
      vertex 75.8302 -13.3709 112
      vertex 74.3763 -19.9291 112
    endloop
  endfacet
  facet normal 0 0 -1
    outer loop
      vertex 77 0 112
      vertex 66 8 112
      vertex 76.707 6.71099 112
    endloop
  endfacet
  facet normal 0 0 -1
    outer loop
      vertex 66 -8 112
      vertex 74.3763 -19.9291 112
      vertex 72.3563 -26.3356 112
    endloop
  endfacet
  facet normal 0 0 -1
    outer loop
      vertex 76.707 6.71099 112
      vertex 66 8 112
      vertex 75.8302 13.3709 112
    endloop
  endfacet
  facet normal 0 0 -1
    outer loop
      vertex 66 -8 112
      vertex 72.3563 -26.3356 112
      vertex 69.7857 -32.5416 112
    endloop
  endfacet
  facet normal -0 0 -1
    outer loop
      vertex 75.8302 13.3709 112
      vertex 66 8 112
      vertex 74.3763 19.9291 112
    endloop
  endfacet
  facet normal 0 0 -1
    outer loop
      vertex 42 -8 112
      vertex 69.7857 -32.5416 112
      vertex 66.684 -38.5 112
    endloop
  endfacet
  facet normal -0 0 -1
    outer loop
      vertex 74.3763 19.9291 112
      vertex 66 8 112
      vertex 72.3563 26.3356 112
    endloop
  endfacet
  facet normal -0 0 -1
    outer loop
      vertex 72.3563 26.3356 112
      vertex 66 8 112
      vertex 69.7857 32.5416 112
    endloop
  endfacet
  facet normal 0 0 -1
    outer loop
      vertex 42 -8 112
      vertex 66.684 -38.5 112
      vertex 63.0747 -44.1654 112
    endloop
  endfacet
  facet normal 0 0 -1
    outer loop
      vertex 42 -8 112
      vertex 63.0747 -44.1654 112
      vertex 58.9854 -49.4946 112
    endloop
  endfacet
  facet normal 0 0 -1
    outer loop
      vertex 42 -8 112
      vertex 58.9854 -49.4946 112
      vertex 54.4472 -54.4472 112
    endloop
  endfacet
  facet normal 0 0 -1
    outer loop
      vertex 8 -42 112
      vertex 54.4472 -54.4472 112
      vertex 49.4946 -58.9854 112
    endloop
  endfacet
  facet normal 0 0 -1
    outer loop
      vertex 8 -42 112
      vertex 49.4946 -58.9854 112
      vertex 44.1654 -63.0747 112
    endloop
  endfacet
  facet normal 0 0 -1
    outer loop
      vertex 69.7857 -32.5416 112
      vertex 42 -8 112
      vertex 66 -8 112
    endloop
  endfacet
  facet normal 0 0 -1
    outer loop
      vertex 54.4472 -54.4472 112
      vertex 8 -42 112
      vertex 42 -8 112
    endloop
  endfacet
  facet normal 0 0 -1
    outer loop
      vertex 8 -42 112
      vertex 44.1654 -63.0747 112
      vertex 38.5 -66.684 112
    endloop
  endfacet
  facet normal 0 0 -1
    outer loop
      vertex 42 8 112
      vertex 69.7857 32.5416 112
      vertex 66 8 112
    endloop
  endfacet
  facet normal -0 0 -1
    outer loop
      vertex 69.7857 32.5416 112
      vertex 42 8 112
      vertex 66.684 38.5 112
    endloop
  endfacet
  facet normal -0 0 -1
    outer loop
      vertex 66.684 38.5 112
      vertex 42 8 112
      vertex 63.0747 44.1654 112
    endloop
  endfacet
  facet normal -0 0 -1
    outer loop
      vertex 63.0747 44.1654 112
      vertex 42 8 112
      vertex 58.9854 49.4946 112
    endloop
  endfacet
  facet normal -0 0 -1
    outer loop
      vertex 58.9854 49.4946 112
      vertex 42 8 112
      vertex 54.4472 54.4472 112
    endloop
  endfacet
  facet normal -0 0 -1
    outer loop
      vertex 54.4472 54.4472 112
      vertex 42 8 112
      vertex 49.4946 58.9854 112
    endloop
  endfacet
  facet normal 0 0 -1
    outer loop
      vertex 17.2198 8.02975 112
      vertex 42 8 112
      vertex 17.8542 6.49838 112
    endloop
  endfacet
  facet normal 0 -0 -1
    outer loop
      vertex 17.2198 -8.02975 112
      vertex 42 -8 112
      vertex 16.4545 -9.5 112
    endloop
  endfacet
  facet normal 0 0 -1
    outer loop
      vertex 18.9277 1.65596 112
      vertex 42 8 112
      vertex 19 0 112
    endloop
  endfacet
  facet normal 0 0 -1
    outer loop
      vertex 8 -42 112
      vertex 32.5416 -69.7857 112
      vertex 8 -66 112
    endloop
  endfacet
  facet normal 0 0 -1
    outer loop
      vertex 18.3526 4.91756 112
      vertex 42 8 112
      vertex 18.7113 3.29931 112
    endloop
  endfacet
  facet normal 0 0 -1
    outer loop
      vertex 8 -66 112
      vertex 32.5416 -69.7857 112
      vertex 26.3356 -72.3563 112
    endloop
  endfacet
  facet normal 0 0 -1
    outer loop
      vertex 18.7113 3.29931 112
      vertex 42 8 112
      vertex 18.9277 1.65596 112
    endloop
  endfacet
  facet normal 0 0 -1
    outer loop
      vertex 8 -66 112
      vertex 26.3356 -72.3563 112
      vertex 19.9291 -74.3763 112
    endloop
  endfacet
  facet normal 0 0 -1
    outer loop
      vertex 17.8542 6.49838 112
      vertex 42 8 112
      vertex 18.3526 4.91756 112
    endloop
  endfacet
  facet normal 0 0 -1
    outer loop
      vertex 16.4545 9.5 112
      vertex 42 8 112
      vertex 17.2198 8.02975 112
    endloop
  endfacet
  facet normal 0 0 -1
    outer loop
      vertex 42 -8 112
      vertex 19 0 112
      vertex 42 8 112
    endloop
  endfacet
  facet normal 0 -0 -1
    outer loop
      vertex 19 0 112
      vertex 42 -8 112
      vertex 18.9277 -1.65596 112
    endloop
  endfacet
  facet normal 0 -0 -1
    outer loop
      vertex 18.9277 -1.65596 112
      vertex 42 -8 112
      vertex 18.7113 -3.29931 112
    endloop
  endfacet
  facet normal 0 -0 -1
    outer loop
      vertex 18.7113 -3.29931 112
      vertex 42 -8 112
      vertex 18.3526 -4.91756 112
    endloop
  endfacet
  facet normal 0 -0 -1
    outer loop
      vertex 18.3526 -4.91756 112
      vertex 42 -8 112
      vertex 17.8542 -6.49838 112
    endloop
  endfacet
  facet normal 0 -0 -1
    outer loop
      vertex 17.8542 -6.49838 112
      vertex 42 -8 112
      vertex 17.2198 -8.02975 112
    endloop
  endfacet
  facet normal 0 0 -1
    outer loop
      vertex 42 -8 112
      vertex 15.5639 -10.898 112
      vertex 16.4545 -9.5 112
    endloop
  endfacet
  facet normal 0 0 -1
    outer loop
      vertex 42 -8 112
      vertex 14.5548 -12.213 112
      vertex 15.5639 -10.898 112
    endloop
  endfacet
  facet normal 0 0 -1
    outer loop
      vertex 42 -8 112
      vertex 13.435 -13.435 112
      vertex 14.5548 -12.213 112
    endloop
  endfacet
  facet normal 0 0 -1
    outer loop
      vertex 8 -66 112
      vertex 19.9291 -74.3763 112
      vertex 13.3709 -75.8302 112
    endloop
  endfacet
  facet normal 0 0 -1
    outer loop
      vertex 32.5416 -69.7857 112
      vertex 8 -42 112
      vertex 38.5 -66.684 112
    endloop
  endfacet
  facet normal 0 0 -1
    outer loop
      vertex 8 -42 112
      vertex 13.435 -13.435 112
      vertex 42 -8 112
    endloop
  endfacet
  facet normal 0 0 -1
    outer loop
      vertex 13.435 -13.435 112
      vertex 8 -42 112
      vertex 12.213 -14.5548 112
    endloop
  endfacet
  facet normal 0 0 -1
    outer loop
      vertex 12.213 -14.5548 112
      vertex 8 -42 112
      vertex 10.898 -15.5639 112
    endloop
  endfacet
  facet normal 0 0 -1
    outer loop
      vertex 10.898 -15.5639 112
      vertex 8 -42 112
      vertex 9.5 -16.4545 112
    endloop
  endfacet
  facet normal 0 0 -1
    outer loop
      vertex 6.71099 -76.707 112
      vertex 8 -66 112
      vertex 13.3709 -75.8302 112
    endloop
  endfacet
  facet normal 0 0 -1
    outer loop
      vertex 0 -77 112
      vertex 8 -66 112
      vertex 6.71099 -76.707 112
    endloop
  endfacet
  facet normal 0 0 -1
    outer loop
      vertex -8 -66 112
      vertex 0 -77 112
      vertex -6.71099 -76.707 112
    endloop
  endfacet
  facet normal 0 0 -1
    outer loop
      vertex 0 -77 112
      vertex -8 -66 112
      vertex 8 -66 112
    endloop
  endfacet
  facet normal 0 0 -1
    outer loop
      vertex -26.3356 -72.3563 112
      vertex -8 -66 112
      vertex -19.9291 -74.3763 112
    endloop
  endfacet
  facet normal 0 0 -1
    outer loop
      vertex -8 -42 112
      vertex -9.5 -16.4545 112
      vertex -8.02975 -17.2198 112
    endloop
  endfacet
  facet normal 0 0 -1
    outer loop
      vertex -8 -42 112
      vertex -10.898 -15.5639 112
      vertex -9.5 -16.4545 112
    endloop
  endfacet
  facet normal 0 0 -1
    outer loop
      vertex -8 -42 112
      vertex -12.213 -14.5548 112
      vertex -10.898 -15.5639 112
    endloop
  endfacet
  facet normal 0 0 -1
    outer loop
      vertex -13.3709 -75.8302 112
      vertex -8 -66 112
      vertex -6.71099 -76.707 112
    endloop
  endfacet
  facet normal 0 0 -1
    outer loop
      vertex -19.9291 -74.3763 112
      vertex -8 -66 112
      vertex -13.3709 -75.8302 112
    endloop
  endfacet
  facet normal -0 0 -1
    outer loop
      vertex -8 -66 112
      vertex -26.3356 -72.3563 112
      vertex -8 -42 112
    endloop
  endfacet
  facet normal 0 0 -1
    outer loop
      vertex -8 -42 112
      vertex -13.435 -13.435 112
      vertex -12.213 -14.5548 112
    endloop
  endfacet
  facet normal 0 0 -1
    outer loop
      vertex -42 -8 112
      vertex -13.435 -13.435 112
      vertex -8 -42 112
    endloop
  endfacet
  facet normal 0 0 -1
    outer loop
      vertex -44.1654 -63.0747 112
      vertex -8 -42 112
      vertex -38.5 -66.684 112
    endloop
  endfacet
  facet normal 0 0 -1
    outer loop
      vertex -32.5416 -69.7857 112
      vertex -8 -42 112
      vertex -26.3356 -72.3563 112
    endloop
  endfacet
  facet normal 0 0 -1
    outer loop
      vertex -38.5 -66.684 112
      vertex -8 -42 112
      vertex -32.5416 -69.7857 112
    endloop
  endfacet
  facet normal 0 0 -1
    outer loop
      vertex -49.4946 -58.9854 112
      vertex -8 -42 112
      vertex -44.1654 -63.0747 112
    endloop
  endfacet
  facet normal 0 -0 -1
    outer loop
      vertex -42 -8 112
      vertex -8 -42 112
      vertex -49.4946 -58.9854 112
    endloop
  endfacet
  facet normal 0 0 -1
    outer loop
      vertex -13.435 -13.435 112
      vertex -42 -8 112
      vertex -14.5548 -12.213 112
    endloop
  endfacet
  facet normal 0 0 -1
    outer loop
      vertex -15.5639 -10.898 112
      vertex -42 -8 112
      vertex -16.4545 -9.5 112
    endloop
  endfacet
  facet normal 0 0 -1
    outer loop
      vertex -14.5548 -12.213 112
      vertex -42 -8 112
      vertex -15.5639 -10.898 112
    endloop
  endfacet
  facet normal 0.976297 0.216437 0
    outer loop
      vertex 75.8302 13.3709 116
      vertex 74.3763 19.9291 112
      vertex 74.3763 19.9291 116
    endloop
  endfacet
  facet normal 0.976297 0.216437 0
    outer loop
      vertex 74.3763 19.9291 112
      vertex 75.8302 13.3709 116
      vertex 75.8302 13.3709 112
    endloop
  endfacet
  facet normal 0.991445 0.130527 0
    outer loop
      vertex 76.707 6.71099 116
      vertex 75.8302 13.3709 112
      vertex 75.8302 13.3709 116
    endloop
  endfacet
  facet normal 0.991445 0.130527 0
    outer loop
      vertex 75.8302 13.3709 112
      vertex 76.707 6.71099 116
      vertex 76.707 6.71099 112
    endloop
  endfacet
  facet normal 0.953715 0.300711 0
    outer loop
      vertex 74.3763 19.9291 116
      vertex 72.3563 26.3356 112
      vertex 72.3563 26.3356 116
    endloop
  endfacet
  facet normal 0.953715 0.300711 0
    outer loop
      vertex 72.3563 26.3356 112
      vertex 74.3763 19.9291 116
      vertex 74.3763 19.9291 112
    endloop
  endfacet
  facet normal 0.843389 0.537304 0
    outer loop
      vertex 66.684 38.5 116
      vertex 63.0747 44.1654 112
      vertex 63.0747 44.1654 116
    endloop
  endfacet
  facet normal 0.843389 0.537304 0
    outer loop
      vertex 63.0747 44.1654 112
      vertex 66.684 38.5 116
      vertex 66.684 38.5 112
    endloop
  endfacet
  facet normal 0.793349 0.608767 0
    outer loop
      vertex 63.0747 44.1654 116
      vertex 58.9854 49.4946 112
      vertex 58.9854 49.4946 116
    endloop
  endfacet
  facet normal 0.793349 0.608767 0
    outer loop
      vertex 58.9854 49.4946 112
      vertex 63.0747 44.1654 116
      vertex 63.0747 44.1654 112
    endloop
  endfacet
  facet normal 0.887014 0.461743 0
    outer loop
      vertex 69.7857 32.5416 116
      vertex 66.684 38.5 112
      vertex 66.684 38.5 116
    endloop
  endfacet
  facet normal 0.887014 0.461743 0
    outer loop
      vertex 66.684 38.5 112
      vertex 69.7857 32.5416 116
      vertex 69.7857 32.5416 112
    endloop
  endfacet
  facet normal 0.300711 0.953715 -0
    outer loop
      vertex 26.3356 72.3563 112
      vertex 19.9291 74.3763 116
      vertex 26.3356 72.3563 116
    endloop
  endfacet
  facet normal 0.300711 0.953715 0
    outer loop
      vertex 19.9291 74.3763 116
      vertex 26.3356 72.3563 112
      vertex 19.9291 74.3763 112
    endloop
  endfacet
  facet normal 0.382682 0.92388 -0
    outer loop
      vertex 32.5416 69.7857 112
      vertex 26.3356 72.3563 116
      vertex 32.5416 69.7857 116
    endloop
  endfacet
  facet normal 0.382682 0.92388 0
    outer loop
      vertex 26.3356 72.3563 116
      vertex 32.5416 69.7857 112
      vertex 26.3356 72.3563 112
    endloop
  endfacet
  facet normal 0.537304 0.843389 -0
    outer loop
      vertex 44.1654 63.0747 112
      vertex 38.5 66.684 116
      vertex 44.1654 63.0747 116
    endloop
  endfacet
  facet normal 0.537304 0.843389 0
    outer loop
      vertex 38.5 66.684 116
      vertex 44.1654 63.0747 112
      vertex 38.5 66.684 112
    endloop
  endfacet
  facet normal 0.675588 0.737279 -0
    outer loop
      vertex 54.4472 54.4472 112
      vertex 49.4946 58.9854 116
      vertex 54.4472 54.4472 116
    endloop
  endfacet
  facet normal 0.675588 0.737279 0
    outer loop
      vertex 49.4946 58.9854 116
      vertex 54.4472 54.4472 112
      vertex 49.4946 58.9854 112
    endloop
  endfacet
  facet normal -0.953715 0.300711 0
    outer loop
      vertex -74.3763 19.9291 112
      vertex -72.3563 26.3356 116
      vertex -72.3563 26.3356 112
    endloop
  endfacet
  facet normal -0.953715 0.300711 0
    outer loop
      vertex -72.3563 26.3356 116
      vertex -74.3763 19.9291 112
      vertex -74.3763 19.9291 116
    endloop
  endfacet
  facet normal -0.793349 0.608767 0
    outer loop
      vertex -63.0747 44.1654 112
      vertex -58.9854 49.4946 116
      vertex -58.9854 49.4946 112
    endloop
  endfacet
  facet normal -0.793349 0.608767 0
    outer loop
      vertex -58.9854 49.4946 116
      vertex -63.0747 44.1654 112
      vertex -63.0747 44.1654 116
    endloop
  endfacet
  facet normal -0.737279 0.675588 0
    outer loop
      vertex -58.9854 49.4946 112
      vertex -54.4472 54.4472 116
      vertex -54.4472 54.4472 112
    endloop
  endfacet
  facet normal -0.737279 0.675588 0
    outer loop
      vertex -54.4472 54.4472 116
      vertex -58.9854 49.4946 112
      vertex -58.9854 49.4946 116
    endloop
  endfacet
  facet normal -0.843389 0.537304 0
    outer loop
      vertex -66.684 38.5 112
      vertex -63.0747 44.1654 116
      vertex -63.0747 44.1654 112
    endloop
  endfacet
  facet normal -0.843389 0.537304 0
    outer loop
      vertex -63.0747 44.1654 116
      vertex -66.684 38.5 112
      vertex -66.684 38.5 116
    endloop
  endfacet
  facet normal -0.92388 0.382682 0
    outer loop
      vertex -72.3563 26.3356 112
      vertex -69.7857 32.5416 116
      vertex -69.7857 32.5416 112
    endloop
  endfacet
  facet normal -0.92388 0.382682 0
    outer loop
      vertex -69.7857 32.5416 116
      vertex -72.3563 26.3356 112
      vertex -72.3563 26.3356 116
    endloop
  endfacet
  facet normal 0 0 1
    outer loop
      vertex 24 0 116
      vertex 77 0 116
      vertex 76.707 6.71099 116
    endloop
  endfacet
  facet normal 0 0 1
    outer loop
      vertex 23.9087 2.09174 116
      vertex 76.707 6.71099 116
      vertex 75.8302 13.3709 116
    endloop
  endfacet
  facet normal 0 0 1
    outer loop
      vertex 77 0 116
      vertex 24 0 116
      vertex 76.707 -6.71099 116
    endloop
  endfacet
  facet normal 0 0 1
    outer loop
      vertex 23.6354 4.16756 116
      vertex 75.8302 13.3709 116
      vertex 74.3763 19.9291 116
    endloop
  endfacet
  facet normal -0 0 1
    outer loop
      vertex 23.9087 -2.09174 116
      vertex 76.707 -6.71099 116
      vertex 24 0 116
    endloop
  endfacet
  facet normal 0 0 1
    outer loop
      vertex 23.1822 6.21166 116
      vertex 74.3763 19.9291 116
      vertex 72.3563 26.3356 116
    endloop
  endfacet
  facet normal 0 0 1
    outer loop
      vertex 76.707 -6.71099 116
      vertex 23.9087 -2.09174 116
      vertex 75.8302 -13.3709 116
    endloop
  endfacet
  facet normal 0 0 1
    outer loop
      vertex 22.5526 8.20848 116
      vertex 72.3563 26.3356 116
      vertex 69.7857 32.5416 116
    endloop
  endfacet
  facet normal -0 0 1
    outer loop
      vertex 23.6354 -4.16756 116
      vertex 75.8302 -13.3709 116
      vertex 23.9087 -2.09174 116
    endloop
  endfacet
  facet normal 0 0 1
    outer loop
      vertex 21.7514 10.1428 116
      vertex 69.7857 32.5416 116
      vertex 66.684 38.5 116
    endloop
  endfacet
  facet normal 0 0 1
    outer loop
      vertex 75.8302 -13.3709 116
      vertex 23.6354 -4.16756 116
      vertex 74.3763 -19.9291 116
    endloop
  endfacet
  facet normal 0 0 1
    outer loop
      vertex 20.7846 12 116
      vertex 66.684 38.5 116
      vertex 63.0747 44.1654 116
    endloop
  endfacet
  facet normal -0 0 1
    outer loop
      vertex 23.1822 -6.21166 116
      vertex 74.3763 -19.9291 116
      vertex 23.6354 -4.16756 116
    endloop
  endfacet
  facet normal 0 0 1
    outer loop
      vertex 19.6596 13.7658 116
      vertex 63.0747 44.1654 116
      vertex 58.9854 49.4946 116
    endloop
  endfacet
  facet normal 0 0 1
    outer loop
      vertex 74.3763 -19.9291 116
      vertex 23.1822 -6.21166 116
      vertex 72.3563 -26.3356 116
    endloop
  endfacet
  facet normal 0 0 1
    outer loop
      vertex 18.3851 15.4269 116
      vertex 58.9854 49.4946 116
      vertex 54.4472 54.4472 116
    endloop
  endfacet
  facet normal -0 0 1
    outer loop
      vertex 22.5526 -8.20848 116
      vertex 72.3563 -26.3356 116
      vertex 23.1822 -6.21166 116
    endloop
  endfacet
  facet normal 0 0 1
    outer loop
      vertex 16.9706 16.9706 116
      vertex 54.4472 54.4472 116
      vertex 49.4946 58.9854 116
    endloop
  endfacet
  facet normal 0 0 1
    outer loop
      vertex 72.3563 -26.3356 116
      vertex 22.5526 -8.20848 116
      vertex 69.7857 -32.5416 116
    endloop
  endfacet
  facet normal 0 0 1
    outer loop
      vertex 15.4269 18.3851 116
      vertex 49.4946 58.9854 116
      vertex 44.1654 63.0747 116
    endloop
  endfacet
  facet normal -0 0 1
    outer loop
      vertex 21.7514 -10.1428 116
      vertex 69.7857 -32.5416 116
      vertex 22.5526 -8.20848 116
    endloop
  endfacet
  facet normal 0 0 1
    outer loop
      vertex 13.7658 19.6596 116
      vertex 44.1654 63.0747 116
      vertex 38.5 66.684 116
    endloop
  endfacet
  facet normal 0 0 1
    outer loop
      vertex 69.7857 -32.5416 116
      vertex 21.7514 -10.1428 116
      vertex 66.684 -38.5 116
    endloop
  endfacet
  facet normal 0 0 1
    outer loop
      vertex 12 20.7846 116
      vertex 38.5 66.684 116
      vertex 32.5416 69.7857 116
    endloop
  endfacet
  facet normal -0 0 1
    outer loop
      vertex 20.7846 -12 116
      vertex 66.684 -38.5 116
      vertex 21.7514 -10.1428 116
    endloop
  endfacet
  facet normal 0 0 1
    outer loop
      vertex 10.1428 21.7514 116
      vertex 32.5416 69.7857 116
      vertex 26.3356 72.3563 116
    endloop
  endfacet
  facet normal 0 0 1
    outer loop
      vertex 66.684 -38.5 116
      vertex 20.7846 -12 116
      vertex 63.0747 -44.1654 116
    endloop
  endfacet
  facet normal -0 0 1
    outer loop
      vertex 19.6596 -13.7658 116
      vertex 63.0747 -44.1654 116
      vertex 20.7846 -12 116
    endloop
  endfacet
  facet normal 0 0 1
    outer loop
      vertex 76.707 6.71099 116
      vertex 23.9087 2.09174 116
      vertex 24 0 116
    endloop
  endfacet
  facet normal 0 0 1
    outer loop
      vertex 75.8302 13.3709 116
      vertex 23.6354 4.16756 116
      vertex 23.9087 2.09174 116
    endloop
  endfacet
  facet normal 0 0 1
    outer loop
      vertex 74.3763 19.9291 116
      vertex 23.1822 6.21166 116
      vertex 23.6354 4.16756 116
    endloop
  endfacet
  facet normal 0 0 1
    outer loop
      vertex 72.3563 26.3356 116
      vertex 22.5526 8.20848 116
      vertex 23.1822 6.21166 116
    endloop
  endfacet
  facet normal 0 0 1
    outer loop
      vertex 69.7857 32.5416 116
      vertex 21.7514 10.1428 116
      vertex 22.5526 8.20848 116
    endloop
  endfacet
  facet normal 0 0 1
    outer loop
      vertex 66.684 38.5 116
      vertex 20.7846 12 116
      vertex 21.7514 10.1428 116
    endloop
  endfacet
  facet normal 0 0 1
    outer loop
      vertex 8.20848 22.5526 116
      vertex 26.3356 72.3563 116
      vertex 19.9291 74.3763 116
    endloop
  endfacet
  facet normal 0 0 1
    outer loop
      vertex 63.0747 44.1654 116
      vertex 19.6596 13.7658 116
      vertex 20.7846 12 116
    endloop
  endfacet
  facet normal 0 0 1
    outer loop
      vertex 58.9854 49.4946 116
      vertex 18.3851 15.4269 116
      vertex 19.6596 13.7658 116
    endloop
  endfacet
  facet normal 0 0 1
    outer loop
      vertex 54.4472 54.4472 116
      vertex 16.9706 16.9706 116
      vertex 18.3851 15.4269 116
    endloop
  endfacet
  facet normal 0 0 1
    outer loop
      vertex 49.4946 58.9854 116
      vertex 15.4269 18.3851 116
      vertex 16.9706 16.9706 116
    endloop
  endfacet
  facet normal 0 0 1
    outer loop
      vertex 44.1654 63.0747 116
      vertex 13.7658 19.6596 116
      vertex 15.4269 18.3851 116
    endloop
  endfacet
  facet normal 0 0 1
    outer loop
      vertex 6.21166 23.1822 116
      vertex 19.9291 74.3763 116
      vertex 13.3709 75.8302 116
    endloop
  endfacet
  facet normal 0 0 1
    outer loop
      vertex 38.5 66.684 116
      vertex 12 20.7846 116
      vertex 13.7658 19.6596 116
    endloop
  endfacet
  facet normal 0 0 1
    outer loop
      vertex 32.5416 69.7857 116
      vertex 10.1428 21.7514 116
      vertex 12 20.7846 116
    endloop
  endfacet
  facet normal 0 0 1
    outer loop
      vertex 26.3356 72.3563 116
      vertex 8.20848 22.5526 116
      vertex 10.1428 21.7514 116
    endloop
  endfacet
  facet normal 0 0 1
    outer loop
      vertex 4.16756 23.6354 116
      vertex 13.3709 75.8302 116
      vertex 6.71099 76.707 116
    endloop
  endfacet
  facet normal 0 0 1
    outer loop
      vertex 19.9291 74.3763 116
      vertex 6.21166 23.1822 116
      vertex 8.20848 22.5526 116
    endloop
  endfacet
  facet normal 0 0 1
    outer loop
      vertex 13.3709 75.8302 116
      vertex 4.16756 23.6354 116
      vertex 6.21166 23.1822 116
    endloop
  endfacet
  facet normal 0 0 1
    outer loop
      vertex 6.71099 76.707 116
      vertex 2.09174 23.9087 116
      vertex 4.16756 23.6354 116
    endloop
  endfacet
  facet normal 0 0 1
    outer loop
      vertex 0 77 116
      vertex 2.09174 23.9087 116
      vertex 6.71099 76.707 116
    endloop
  endfacet
  facet normal 0 0 1
    outer loop
      vertex 0 77 116
      vertex 0 24 116
      vertex 2.09174 23.9087 116
    endloop
  endfacet
  facet normal 0 0 1
    outer loop
      vertex 0 77 116
      vertex -2.09174 23.9087 116
      vertex 0 24 116
    endloop
  endfacet
  facet normal -0 0 1
    outer loop
      vertex -6.71099 76.707 116
      vertex -2.09174 23.9087 116
      vertex 0 77 116
    endloop
  endfacet
  facet normal 0 0 1
    outer loop
      vertex -2.09174 23.9087 116
      vertex -6.71099 76.707 116
      vertex -4.16756 23.6354 116
    endloop
  endfacet
  facet normal -0 0 1
    outer loop
      vertex -13.3709 75.8302 116
      vertex -4.16756 23.6354 116
      vertex -6.71099 76.707 116
    endloop
  endfacet
  facet normal 0 0 1
    outer loop
      vertex -4.16756 23.6354 116
      vertex -13.3709 75.8302 116
      vertex -6.21166 23.1822 116
    endloop
  endfacet
  facet normal -0 0 1
    outer loop
      vertex -19.9291 74.3763 116
      vertex -6.21166 23.1822 116
      vertex -13.3709 75.8302 116
    endloop
  endfacet
  facet normal 0 0 1
    outer loop
      vertex -6.21166 23.1822 116
      vertex -19.9291 74.3763 116
      vertex -8.20848 22.5526 116
    endloop
  endfacet
  facet normal -0 0 1
    outer loop
      vertex -26.3356 72.3563 116
      vertex -8.20848 22.5526 116
      vertex -19.9291 74.3763 116
    endloop
  endfacet
  facet normal 0 0 1
    outer loop
      vertex -8.20848 22.5526 116
      vertex -26.3356 72.3563 116
      vertex -10.1428 21.7514 116
    endloop
  endfacet
  facet normal -0 0 1
    outer loop
      vertex -32.5416 69.7857 116
      vertex -10.1428 21.7514 116
      vertex -26.3356 72.3563 116
    endloop
  endfacet
  facet normal 0 0 1
    outer loop
      vertex -10.1428 21.7514 116
      vertex -32.5416 69.7857 116
      vertex -12 20.7846 116
    endloop
  endfacet
  facet normal -0 0 1
    outer loop
      vertex -38.5 66.684 116
      vertex -12 20.7846 116
      vertex -32.5416 69.7857 116
    endloop
  endfacet
  facet normal 0 0 1
    outer loop
      vertex -12 20.7846 116
      vertex -38.5 66.684 116
      vertex -13.7658 19.6596 116
    endloop
  endfacet
  facet normal -0 0 1
    outer loop
      vertex -44.1654 63.0747 116
      vertex -13.7658 19.6596 116
      vertex -38.5 66.684 116
    endloop
  endfacet
  facet normal 0 0 1
    outer loop
      vertex -13.7658 19.6596 116
      vertex -44.1654 63.0747 116
      vertex -15.4269 18.3851 116
    endloop
  endfacet
  facet normal -0 0 1
    outer loop
      vertex -49.4946 58.9854 116
      vertex -15.4269 18.3851 116
      vertex -44.1654 63.0747 116
    endloop
  endfacet
  facet normal 0 0 1
    outer loop
      vertex -15.4269 18.3851 116
      vertex -49.4946 58.9854 116
      vertex -16.9706 16.9706 116
    endloop
  endfacet
  facet normal -0 0 1
    outer loop
      vertex -54.4472 54.4472 116
      vertex -16.9706 16.9706 116
      vertex -49.4946 58.9854 116
    endloop
  endfacet
  facet normal 0 0 1
    outer loop
      vertex -16.9706 16.9706 116
      vertex -54.4472 54.4472 116
      vertex -18.3851 15.4269 116
    endloop
  endfacet
  facet normal -0 0 1
    outer loop
      vertex -58.9854 49.4946 116
      vertex -18.3851 15.4269 116
      vertex -54.4472 54.4472 116
    endloop
  endfacet
  facet normal -0 0 1
    outer loop
      vertex -63.0747 44.1654 116
      vertex -19.6596 13.7658 116
      vertex -58.9854 49.4946 116
    endloop
  endfacet
  facet normal 0 0 1
    outer loop
      vertex -18.3851 15.4269 116
      vertex -58.9854 49.4946 116
      vertex -19.6596 13.7658 116
    endloop
  endfacet
  facet normal 0 0 1
    outer loop
      vertex 63.0747 -44.1654 116
      vertex 19.6596 -13.7658 116
      vertex 58.9854 -49.4946 116
    endloop
  endfacet
  facet normal -0 0 1
    outer loop
      vertex 18.3851 -15.4269 116
      vertex 58.9854 -49.4946 116
      vertex 19.6596 -13.7658 116
    endloop
  endfacet
  facet normal 0 0 1
    outer loop
      vertex 58.9854 -49.4946 116
      vertex 18.3851 -15.4269 116
      vertex 54.4472 -54.4472 116
    endloop
  endfacet
  facet normal -0 0 1
    outer loop
      vertex 16.9706 -16.9706 116
      vertex 54.4472 -54.4472 116
      vertex 18.3851 -15.4269 116
    endloop
  endfacet
  facet normal 0 0 1
    outer loop
      vertex 54.4472 -54.4472 116
      vertex 16.9706 -16.9706 116
      vertex 49.4946 -58.9854 116
    endloop
  endfacet
  facet normal -0 0 1
    outer loop
      vertex 15.4269 -18.3851 116
      vertex 49.4946 -58.9854 116
      vertex 16.9706 -16.9706 116
    endloop
  endfacet
  facet normal 0 0 1
    outer loop
      vertex 49.4946 -58.9854 116
      vertex 15.4269 -18.3851 116
      vertex 44.1654 -63.0747 116
    endloop
  endfacet
  facet normal -0 0 1
    outer loop
      vertex 13.7658 -19.6596 116
      vertex 44.1654 -63.0747 116
      vertex 15.4269 -18.3851 116
    endloop
  endfacet
  facet normal 0 0 1
    outer loop
      vertex 44.1654 -63.0747 116
      vertex 13.7658 -19.6596 116
      vertex 38.5 -66.684 116
    endloop
  endfacet
  facet normal -0 0 1
    outer loop
      vertex 12 -20.7846 116
      vertex 38.5 -66.684 116
      vertex 13.7658 -19.6596 116
    endloop
  endfacet
  facet normal 0 0 1
    outer loop
      vertex 38.5 -66.684 116
      vertex 12 -20.7846 116
      vertex 32.5416 -69.7857 116
    endloop
  endfacet
  facet normal -0 0 1
    outer loop
      vertex 10.1428 -21.7514 116
      vertex 32.5416 -69.7857 116
      vertex 12 -20.7846 116
    endloop
  endfacet
  facet normal 0 0 1
    outer loop
      vertex 32.5416 -69.7857 116
      vertex 10.1428 -21.7514 116
      vertex 26.3356 -72.3563 116
    endloop
  endfacet
  facet normal -0 0 1
    outer loop
      vertex 8.20848 -22.5526 116
      vertex 26.3356 -72.3563 116
      vertex 10.1428 -21.7514 116
    endloop
  endfacet
  facet normal 0 0 1
    outer loop
      vertex 26.3356 -72.3563 116
      vertex 8.20848 -22.5526 116
      vertex 19.9291 -74.3763 116
    endloop
  endfacet
  facet normal -0 0 1
    outer loop
      vertex 6.21166 -23.1822 116
      vertex 19.9291 -74.3763 116
      vertex 8.20848 -22.5526 116
    endloop
  endfacet
  facet normal 0 0 1
    outer loop
      vertex 19.9291 -74.3763 116
      vertex 6.21166 -23.1822 116
      vertex 13.3709 -75.8302 116
    endloop
  endfacet
  facet normal -0 0 1
    outer loop
      vertex 4.16756 -23.6354 116
      vertex 13.3709 -75.8302 116
      vertex 6.21166 -23.1822 116
    endloop
  endfacet
  facet normal 0 0 1
    outer loop
      vertex 13.3709 -75.8302 116
      vertex 4.16756 -23.6354 116
      vertex 6.71099 -76.707 116
    endloop
  endfacet
  facet normal -0 0 1
    outer loop
      vertex 2.09174 -23.9087 116
      vertex 6.71099 -76.707 116
      vertex 4.16756 -23.6354 116
    endloop
  endfacet
  facet normal -0 0 1
    outer loop
      vertex 0 -24 116
      vertex 6.71099 -76.707 116
      vertex 2.09174 -23.9087 116
    endloop
  endfacet
  facet normal 0 0 1
    outer loop
      vertex 0 -24 116
      vertex 0 -77 116
      vertex 6.71099 -76.707 116
    endloop
  endfacet
  facet normal 0 0 1
    outer loop
      vertex -2.09174 -23.9087 116
      vertex 0 -77 116
      vertex 0 -24 116
    endloop
  endfacet
  facet normal 0 0 1
    outer loop
      vertex -6.71099 -76.707 116
      vertex -2.09174 -23.9087 116
      vertex -4.16756 -23.6354 116
    endloop
  endfacet
  facet normal 0 0 1
    outer loop
      vertex -13.3709 -75.8302 116
      vertex -4.16756 -23.6354 116
      vertex -6.21166 -23.1822 116
    endloop
  endfacet
  facet normal 0 0 1
    outer loop
      vertex -2.09174 -23.9087 116
      vertex -6.71099 -76.707 116
      vertex 0 -77 116
    endloop
  endfacet
  facet normal 0 0 1
    outer loop
      vertex -19.9291 -74.3763 116
      vertex -6.21166 -23.1822 116
      vertex -8.20848 -22.5526 116
    endloop
  endfacet
  facet normal 0 0 1
    outer loop
      vertex -26.3356 -72.3563 116
      vertex -8.20848 -22.5526 116
      vertex -10.1428 -21.7514 116
    endloop
  endfacet
  facet normal 0 0 1
    outer loop
      vertex -32.5416 -69.7857 116
      vertex -10.1428 -21.7514 116
      vertex -12 -20.7846 116
    endloop
  endfacet
  facet normal 0 0 1
    outer loop
      vertex -4.16756 -23.6354 116
      vertex -13.3709 -75.8302 116
      vertex -6.71099 -76.707 116
    endloop
  endfacet
  facet normal 0 0 1
    outer loop
      vertex -38.5 -66.684 116
      vertex -12 -20.7846 116
      vertex -13.7658 -19.6596 116
    endloop
  endfacet
  facet normal 0 0 1
    outer loop
      vertex -44.1654 -63.0747 116
      vertex -13.7658 -19.6596 116
      vertex -15.4269 -18.3851 116
    endloop
  endfacet
  facet normal 0 0 1
    outer loop
      vertex -49.4946 -58.9854 116
      vertex -15.4269 -18.3851 116
      vertex -16.9706 -16.9706 116
    endloop
  endfacet
  facet normal 0 0 1
    outer loop
      vertex -54.4472 -54.4472 116
      vertex -16.9706 -16.9706 116
      vertex -18.3851 -15.4269 116
    endloop
  endfacet
  facet normal 0 0 1
    outer loop
      vertex -58.9854 -49.4946 116
      vertex -18.3851 -15.4269 116
      vertex -19.6596 -13.7658 116
    endloop
  endfacet
  facet normal 0 0 1
    outer loop
      vertex -6.21166 -23.1822 116
      vertex -19.9291 -74.3763 116
      vertex -13.3709 -75.8302 116
    endloop
  endfacet
  facet normal 0 0 1
    outer loop
      vertex -63.0747 -44.1654 116
      vertex -19.6596 -13.7658 116
      vertex -20.7846 -12 116
    endloop
  endfacet
  facet normal 0 0 1
    outer loop
      vertex -66.684 -38.5 116
      vertex -20.7846 -12 116
      vertex -21.7514 -10.1428 116
    endloop
  endfacet
  facet normal 0 0 1
    outer loop
      vertex -69.7857 -32.5416 116
      vertex -21.7514 -10.1428 116
      vertex -22.5526 -8.20848 116
    endloop
  endfacet
  facet normal 0 0 1
    outer loop
      vertex -72.3563 -26.3356 116
      vertex -22.5526 -8.20848 116
      vertex -23.1822 -6.21166 116
    endloop
  endfacet
  facet normal 0 0 1
    outer loop
      vertex -74.3763 -19.9291 116
      vertex -23.1822 -6.21166 116
      vertex -23.6354 -4.16756 116
    endloop
  endfacet
  facet normal 0 0 1
    outer loop
      vertex -75.8302 -13.3709 116
      vertex -23.6354 -4.16756 116
      vertex -23.9087 -2.09174 116
    endloop
  endfacet
  facet normal 0 0 1
    outer loop
      vertex -8.20848 -22.5526 116
      vertex -26.3356 -72.3563 116
      vertex -19.9291 -74.3763 116
    endloop
  endfacet
  facet normal 0 0 1
    outer loop
      vertex -76.707 -6.71099 116
      vertex -23.9087 -2.09174 116
      vertex -24 0 116
    endloop
  endfacet
  facet normal 0 0 1
    outer loop
      vertex -19.6596 13.7658 116
      vertex -63.0747 44.1654 116
      vertex -20.7846 12 116
    endloop
  endfacet
  facet normal -0 0 1
    outer loop
      vertex -66.684 38.5 116
      vertex -20.7846 12 116
      vertex -63.0747 44.1654 116
    endloop
  endfacet
  facet normal 0 0 1
    outer loop
      vertex -10.1428 -21.7514 116
      vertex -32.5416 -69.7857 116
      vertex -26.3356 -72.3563 116
    endloop
  endfacet
  facet normal 0 0 1
    outer loop
      vertex -20.7846 12 116
      vertex -66.684 38.5 116
      vertex -21.7514 10.1428 116
    endloop
  endfacet
  facet normal 0 0 1
    outer loop
      vertex -12 -20.7846 116
      vertex -38.5 -66.684 116
      vertex -32.5416 -69.7857 116
    endloop
  endfacet
  facet normal -0 0 1
    outer loop
      vertex -69.7857 32.5416 116
      vertex -21.7514 10.1428 116
      vertex -66.684 38.5 116
    endloop
  endfacet
  facet normal 0 0 1
    outer loop
      vertex -13.7658 -19.6596 116
      vertex -44.1654 -63.0747 116
      vertex -38.5 -66.684 116
    endloop
  endfacet
  facet normal 0 0 1
    outer loop
      vertex -21.7514 10.1428 116
      vertex -69.7857 32.5416 116
      vertex -22.5526 8.20848 116
    endloop
  endfacet
  facet normal 0 0 1
    outer loop
      vertex -15.4269 -18.3851 116
      vertex -49.4946 -58.9854 116
      vertex -44.1654 -63.0747 116
    endloop
  endfacet
  facet normal -0 0 1
    outer loop
      vertex -72.3563 26.3356 116
      vertex -22.5526 8.20848 116
      vertex -69.7857 32.5416 116
    endloop
  endfacet
  facet normal 0 0 1
    outer loop
      vertex -16.9706 -16.9706 116
      vertex -54.4472 -54.4472 116
      vertex -49.4946 -58.9854 116
    endloop
  endfacet
  facet normal 0 0 1
    outer loop
      vertex -22.5526 8.20848 116
      vertex -72.3563 26.3356 116
      vertex -23.1822 6.21166 116
    endloop
  endfacet
  facet normal 0 0 1
    outer loop
      vertex -18.3851 -15.4269 116
      vertex -58.9854 -49.4946 116
      vertex -54.4472 -54.4472 116
    endloop
  endfacet
  facet normal -0 0 1
    outer loop
      vertex -74.3763 19.9291 116
      vertex -23.1822 6.21166 116
      vertex -72.3563 26.3356 116
    endloop
  endfacet
  facet normal 0 0 1
    outer loop
      vertex -19.6596 -13.7658 116
      vertex -63.0747 -44.1654 116
      vertex -58.9854 -49.4946 116
    endloop
  endfacet
  facet normal 0 0 1
    outer loop
      vertex -23.1822 6.21166 116
      vertex -74.3763 19.9291 116
      vertex -23.6354 4.16756 116
    endloop
  endfacet
  facet normal 0 0 1
    outer loop
      vertex -20.7846 -12 116
      vertex -66.684 -38.5 116
      vertex -63.0747 -44.1654 116
    endloop
  endfacet
  facet normal -0 0 1
    outer loop
      vertex -75.8302 13.3709 116
      vertex -23.6354 4.16756 116
      vertex -74.3763 19.9291 116
    endloop
  endfacet
  facet normal 0 0 1
    outer loop
      vertex -21.7514 -10.1428 116
      vertex -69.7857 -32.5416 116
      vertex -66.684 -38.5 116
    endloop
  endfacet
  facet normal 0 0 1
    outer loop
      vertex -23.6354 4.16756 116
      vertex -75.8302 13.3709 116
      vertex -23.9087 2.09174 116
    endloop
  endfacet
  facet normal 0 0 1
    outer loop
      vertex -22.5526 -8.20848 116
      vertex -72.3563 -26.3356 116
      vertex -69.7857 -32.5416 116
    endloop
  endfacet
  facet normal -0 0 1
    outer loop
      vertex -76.707 6.71099 116
      vertex -23.9087 2.09174 116
      vertex -75.8302 13.3709 116
    endloop
  endfacet
  facet normal 0 0 1
    outer loop
      vertex -23.1822 -6.21166 116
      vertex -74.3763 -19.9291 116
      vertex -72.3563 -26.3356 116
    endloop
  endfacet
  facet normal 0 0 1
    outer loop
      vertex -23.9087 2.09174 116
      vertex -76.707 6.71099 116
      vertex -24 0 116
    endloop
  endfacet
  facet normal 0 0 1
    outer loop
      vertex -23.6354 -4.16756 116
      vertex -75.8302 -13.3709 116
      vertex -74.3763 -19.9291 116
    endloop
  endfacet
  facet normal 0 0 1
    outer loop
      vertex -77 0 116
      vertex -24 0 116
      vertex -76.707 6.71099 116
    endloop
  endfacet
  facet normal 0 0 1
    outer loop
      vertex -23.9087 -2.09174 116
      vertex -76.707 -6.71099 116
      vertex -75.8302 -13.3709 116
    endloop
  endfacet
  facet normal 0 0 1
    outer loop
      vertex -24 0 116
      vertex -77 0 116
      vertex -76.707 -6.71099 116
    endloop
  endfacet
  facet normal 0 0 -1
    outer loop
      vertex 15 0 116
      vertex 19 0 116
      vertex 18.9277 -1.65596 116
    endloop
  endfacet
  facet normal 0 0 -1
    outer loop
      vertex 14.9429 -1.30734 116
      vertex 18.9277 -1.65596 116
      vertex 18.7113 -3.29931 116
    endloop
  endfacet
  facet normal 0 0 -1
    outer loop
      vertex 19 0 116
      vertex 15 0 116
      vertex 18.9277 1.65596 116
    endloop
  endfacet
  facet normal 0 0 -1
    outer loop
      vertex 14.7721 -2.60472 116
      vertex 18.7113 -3.29931 116
      vertex 18.3526 -4.91756 116
    endloop
  endfacet
  facet normal 0 0 -1
    outer loop
      vertex 14.9429 1.30734 116
      vertex 18.9277 1.65596 116
      vertex 15 0 116
    endloop
  endfacet
  facet normal 0 0 -1
    outer loop
      vertex 14.4889 -3.88229 116
      vertex 18.3526 -4.91756 116
      vertex 17.8542 -6.49838 116
    endloop
  endfacet
  facet normal -0 0 -1
    outer loop
      vertex 18.9277 1.65596 116
      vertex 14.9429 1.30734 116
      vertex 18.7113 3.29931 116
    endloop
  endfacet
  facet normal 0 0 -1
    outer loop
      vertex 14.0954 -5.1303 116
      vertex 17.8542 -6.49838 116
      vertex 17.2198 -8.02975 116
    endloop
  endfacet
  facet normal 0 0 -1
    outer loop
      vertex 14.7721 2.60472 116
      vertex 18.7113 3.29931 116
      vertex 14.9429 1.30734 116
    endloop
  endfacet
  facet normal 0 0 -1
    outer loop
      vertex 13.5946 -6.33927 116
      vertex 17.2198 -8.02975 116
      vertex 16.4545 -9.5 116
    endloop
  endfacet
  facet normal -0 0 -1
    outer loop
      vertex 18.7113 3.29931 116
      vertex 14.7721 2.60472 116
      vertex 18.3526 4.91756 116
    endloop
  endfacet
  facet normal 0 0 -1
    outer loop
      vertex 12.9904 -7.5 116
      vertex 16.4545 -9.5 116
      vertex 15.5639 -10.898 116
    endloop
  endfacet
  facet normal 0 0 -1
    outer loop
      vertex 14.4889 3.88229 116
      vertex 18.3526 4.91756 116
      vertex 14.7721 2.60472 116
    endloop
  endfacet
  facet normal -0 0 -1
    outer loop
      vertex 18.3526 4.91756 116
      vertex 14.4889 3.88229 116
      vertex 17.8542 6.49838 116
    endloop
  endfacet
  facet normal 0 0 -1
    outer loop
      vertex 18.9277 -1.65596 116
      vertex 14.9429 -1.30734 116
      vertex 15 0 116
    endloop
  endfacet
  facet normal 0 0 -1
    outer loop
      vertex 18.7113 -3.29931 116
      vertex 14.7721 -2.60472 116
      vertex 14.9429 -1.30734 116
    endloop
  endfacet
  facet normal 0 0 -1
    outer loop
      vertex 12.2873 -8.60365 116
      vertex 15.5639 -10.898 116
      vertex 14.5548 -12.213 116
    endloop
  endfacet
  facet normal 0 0 -1
    outer loop
      vertex 18.3526 -4.91756 116
      vertex 14.4889 -3.88229 116
      vertex 14.7721 -2.60472 116
    endloop
  endfacet
  facet normal 0 0 -1
    outer loop
      vertex 17.8542 -6.49838 116
      vertex 14.0954 -5.1303 116
      vertex 14.4889 -3.88229 116
    endloop
  endfacet
  facet normal 0 0 -1
    outer loop
      vertex 17.2198 -8.02975 116
      vertex 13.5946 -6.33927 116
      vertex 14.0954 -5.1303 116
    endloop
  endfacet
  facet normal 0 0 -1
    outer loop
      vertex 11.4907 -9.64181 116
      vertex 14.5548 -12.213 116
      vertex 13.435 -13.435 116
    endloop
  endfacet
  facet normal 0 0 -1
    outer loop
      vertex 16.4545 -9.5 116
      vertex 12.9904 -7.5 116
      vertex 13.5946 -6.33927 116
    endloop
  endfacet
  facet normal 0 0 -1
    outer loop
      vertex 15.5639 -10.898 116
      vertex 12.2873 -8.60365 116
      vertex 12.9904 -7.5 116
    endloop
  endfacet
  facet normal 0 0 -1
    outer loop
      vertex 10.6066 -10.6066 116
      vertex 13.435 -13.435 116
      vertex 12.213 -14.5548 116
    endloop
  endfacet
  facet normal 0 0 -1
    outer loop
      vertex 14.5548 -12.213 116
      vertex 11.4907 -9.64181 116
      vertex 12.2873 -8.60365 116
    endloop
  endfacet
  facet normal 0 0 -1
    outer loop
      vertex 9.64181 -11.4907 116
      vertex 12.213 -14.5548 116
      vertex 10.898 -15.5639 116
    endloop
  endfacet
  facet normal 0 0 -1
    outer loop
      vertex 13.435 -13.435 116
      vertex 10.6066 -10.6066 116
      vertex 11.4907 -9.64181 116
    endloop
  endfacet
  facet normal 0 0 -1
    outer loop
      vertex 12.213 -14.5548 116
      vertex 9.64181 -11.4907 116
      vertex 10.6066 -10.6066 116
    endloop
  endfacet
  facet normal 0 0 -1
    outer loop
      vertex 8.60365 -12.2873 116
      vertex 10.898 -15.5639 116
      vertex 9.5 -16.4545 116
    endloop
  endfacet
  facet normal 0 0 -1
    outer loop
      vertex 10.898 -15.5639 116
      vertex 8.60365 -12.2873 116
      vertex 9.64181 -11.4907 116
    endloop
  endfacet
  facet normal 0 0 -1
    outer loop
      vertex 7.5 -12.9904 116
      vertex 9.5 -16.4545 116
      vertex 8.02975 -17.2198 116
    endloop
  endfacet
  facet normal 0 0 -1
    outer loop
      vertex 9.5 -16.4545 116
      vertex 7.5 -12.9904 116
      vertex 8.60365 -12.2873 116
    endloop
  endfacet
  facet normal 0 0 -1
    outer loop
      vertex 6.33927 -13.5946 116
      vertex 8.02975 -17.2198 116
      vertex 6.49838 -17.8542 116
    endloop
  endfacet
  facet normal 0 0 -1
    outer loop
      vertex 8.02975 -17.2198 116
      vertex 6.33927 -13.5946 116
      vertex 7.5 -12.9904 116
    endloop
  endfacet
  facet normal 0 0 -1
    outer loop
      vertex 6.49838 -17.8542 116
      vertex 5.1303 -14.0954 116
      vertex 6.33927 -13.5946 116
    endloop
  endfacet
  facet normal 0 0 -1
    outer loop
      vertex 4.91756 -18.3526 116
      vertex 5.1303 -14.0954 116
      vertex 6.49838 -17.8542 116
    endloop
  endfacet
  facet normal 0 0 -1
    outer loop
      vertex 4.91756 -18.3526 116
      vertex 3.88229 -14.4889 116
      vertex 5.1303 -14.0954 116
    endloop
  endfacet
  facet normal 0 0 -1
    outer loop
      vertex 3.29931 -18.7113 116
      vertex 3.88229 -14.4889 116
      vertex 4.91756 -18.3526 116
    endloop
  endfacet
  facet normal 0 0 -1
    outer loop
      vertex 3.29931 -18.7113 116
      vertex 2.60472 -14.7721 116
      vertex 3.88229 -14.4889 116
    endloop
  endfacet
  facet normal 0 0 -1
    outer loop
      vertex 1.65596 -18.9277 116
      vertex 2.60472 -14.7721 116
      vertex 3.29931 -18.7113 116
    endloop
  endfacet
  facet normal 0 0 -1
    outer loop
      vertex 1.65596 -18.9277 116
      vertex 1.30734 -14.9429 116
      vertex 2.60472 -14.7721 116
    endloop
  endfacet
  facet normal 0 0 -1
    outer loop
      vertex 0 -19 116
      vertex 1.30734 -14.9429 116
      vertex 1.65596 -18.9277 116
    endloop
  endfacet
  facet normal 0 0 -1
    outer loop
      vertex 0 -19 116
      vertex 0 -15 116
      vertex 1.30734 -14.9429 116
    endloop
  endfacet
  facet normal 0 0 -1
    outer loop
      vertex 0 -19 116
      vertex -1.30734 -14.9429 116
      vertex 0 -15 116
    endloop
  endfacet
  facet normal 0 0 -1
    outer loop
      vertex -1.65596 -18.9277 116
      vertex -1.30734 -14.9429 116
      vertex 0 -19 116
    endloop
  endfacet
  facet normal 0 0 -1
    outer loop
      vertex -1.65596 -18.9277 116
      vertex -2.60472 -14.7721 116
      vertex -1.30734 -14.9429 116
    endloop
  endfacet
  facet normal 0 0 -1
    outer loop
      vertex -3.29931 -18.7113 116
      vertex -2.60472 -14.7721 116
      vertex -1.65596 -18.9277 116
    endloop
  endfacet
  facet normal 0 0 -1
    outer loop
      vertex -3.29931 -18.7113 116
      vertex -3.88229 -14.4889 116
      vertex -2.60472 -14.7721 116
    endloop
  endfacet
  facet normal 0 0 -1
    outer loop
      vertex -4.91756 -18.3526 116
      vertex -3.88229 -14.4889 116
      vertex -3.29931 -18.7113 116
    endloop
  endfacet
  facet normal 0 0 -1
    outer loop
      vertex -4.91756 -18.3526 116
      vertex -5.1303 -14.0954 116
      vertex -3.88229 -14.4889 116
    endloop
  endfacet
  facet normal 0 0 -1
    outer loop
      vertex -6.49838 -17.8542 116
      vertex -5.1303 -14.0954 116
      vertex -4.91756 -18.3526 116
    endloop
  endfacet
  facet normal -0 0 -1
    outer loop
      vertex -5.1303 -14.0954 116
      vertex -6.49838 -17.8542 116
      vertex -6.33927 -13.5946 116
    endloop
  endfacet
  facet normal 0 0 -1
    outer loop
      vertex -8.02975 -17.2198 116
      vertex -6.33927 -13.5946 116
      vertex -6.49838 -17.8542 116
    endloop
  endfacet
  facet normal -0 0 -1
    outer loop
      vertex -6.33927 -13.5946 116
      vertex -8.02975 -17.2198 116
      vertex -7.5 -12.9904 116
    endloop
  endfacet
  facet normal 0 0 -1
    outer loop
      vertex -9.5 -16.4545 116
      vertex -7.5 -12.9904 116
      vertex -8.02975 -17.2198 116
    endloop
  endfacet
  facet normal -0 0 -1
    outer loop
      vertex -7.5 -12.9904 116
      vertex -9.5 -16.4545 116
      vertex -8.60365 -12.2873 116
    endloop
  endfacet
  facet normal 0 0 -1
    outer loop
      vertex -10.898 -15.5639 116
      vertex -8.60365 -12.2873 116
      vertex -9.5 -16.4545 116
    endloop
  endfacet
  facet normal -0 0 -1
    outer loop
      vertex -8.60365 -12.2873 116
      vertex -10.898 -15.5639 116
      vertex -9.64181 -11.4907 116
    endloop
  endfacet
  facet normal 0 0 -1
    outer loop
      vertex -12.213 -14.5548 116
      vertex -9.64181 -11.4907 116
      vertex -10.898 -15.5639 116
    endloop
  endfacet
  facet normal -0 0 -1
    outer loop
      vertex -9.64181 -11.4907 116
      vertex -12.213 -14.5548 116
      vertex -10.6066 -10.6066 116
    endloop
  endfacet
  facet normal 0 0 -1
    outer loop
      vertex -13.435 -13.435 116
      vertex -10.6066 -10.6066 116
      vertex -12.213 -14.5548 116
    endloop
  endfacet
  facet normal -0 0 -1
    outer loop
      vertex -10.6066 -10.6066 116
      vertex -13.435 -13.435 116
      vertex -11.4907 -9.64181 116
    endloop
  endfacet
  facet normal 0 0 -1
    outer loop
      vertex -14.5548 -12.213 116
      vertex -11.4907 -9.64181 116
      vertex -13.435 -13.435 116
    endloop
  endfacet
  facet normal -0 0 -1
    outer loop
      vertex -11.4907 -9.64181 116
      vertex -14.5548 -12.213 116
      vertex -12.2873 -8.60365 116
    endloop
  endfacet
  facet normal 0 0 -1
    outer loop
      vertex -15.5639 -10.898 116
      vertex -12.2873 -8.60365 116
      vertex -14.5548 -12.213 116
    endloop
  endfacet
  facet normal -0 0 -1
    outer loop
      vertex -12.2873 -8.60365 116
      vertex -15.5639 -10.898 116
      vertex -12.9904 -7.5 116
    endloop
  endfacet
  facet normal 0 0 -1
    outer loop
      vertex -16.4545 -9.5 116
      vertex -12.9904 -7.5 116
      vertex -15.5639 -10.898 116
    endloop
  endfacet
  facet normal -0 0 -1
    outer loop
      vertex -12.9904 -7.5 116
      vertex -16.4545 -9.5 116
      vertex -13.5946 -6.33927 116
    endloop
  endfacet
  facet normal 0 0 -1
    outer loop
      vertex -17.2198 -8.02975 116
      vertex -13.5946 -6.33927 116
      vertex -16.4545 -9.5 116
    endloop
  endfacet
  facet normal -0 0 -1
    outer loop
      vertex -13.5946 -6.33927 116
      vertex -17.2198 -8.02975 116
      vertex -14.0954 -5.1303 116
    endloop
  endfacet
  facet normal 0 0 -1
    outer loop
      vertex -17.8542 -6.49838 116
      vertex -14.0954 -5.1303 116
      vertex -17.2198 -8.02975 116
    endloop
  endfacet
  facet normal -0 0 -1
    outer loop
      vertex -14.0954 -5.1303 116
      vertex -17.8542 -6.49838 116
      vertex -14.4889 -3.88229 116
    endloop
  endfacet
  facet normal 0 0 -1
    outer loop
      vertex 14.0954 5.1303 116
      vertex 17.8542 6.49838 116
      vertex 14.4889 3.88229 116
    endloop
  endfacet
  facet normal -0 0 -1
    outer loop
      vertex 17.8542 6.49838 116
      vertex 14.0954 5.1303 116
      vertex 17.2198 8.02975 116
    endloop
  endfacet
  facet normal 0 0 -1
    outer loop
      vertex 13.5946 6.33927 116
      vertex 17.2198 8.02975 116
      vertex 14.0954 5.1303 116
    endloop
  endfacet
  facet normal -0 0 -1
    outer loop
      vertex 17.2198 8.02975 116
      vertex 13.5946 6.33927 116
      vertex 16.4545 9.5 116
    endloop
  endfacet
  facet normal 0 0 -1
    outer loop
      vertex 12.9904 7.5 116
      vertex 16.4545 9.5 116
      vertex 13.5946 6.33927 116
    endloop
  endfacet
  facet normal -0 0 -1
    outer loop
      vertex 16.4545 9.5 116
      vertex 12.9904 7.5 116
      vertex 15.5639 10.898 116
    endloop
  endfacet
  facet normal 0 0 -1
    outer loop
      vertex 12.2873 8.60365 116
      vertex 15.5639 10.898 116
      vertex 12.9904 7.5 116
    endloop
  endfacet
  facet normal -0 0 -1
    outer loop
      vertex 15.5639 10.898 116
      vertex 12.2873 8.60365 116
      vertex 14.5548 12.213 116
    endloop
  endfacet
  facet normal 0 0 -1
    outer loop
      vertex 11.4907 9.64181 116
      vertex 14.5548 12.213 116
      vertex 12.2873 8.60365 116
    endloop
  endfacet
  facet normal -0 0 -1
    outer loop
      vertex 14.5548 12.213 116
      vertex 11.4907 9.64181 116
      vertex 13.435 13.435 116
    endloop
  endfacet
  facet normal 0 0 -1
    outer loop
      vertex 10.6066 10.6066 116
      vertex 13.435 13.435 116
      vertex 11.4907 9.64181 116
    endloop
  endfacet
  facet normal -0 0 -1
    outer loop
      vertex 13.435 13.435 116
      vertex 10.6066 10.6066 116
      vertex 12.213 14.5548 116
    endloop
  endfacet
  facet normal 0 0 -1
    outer loop
      vertex 9.64181 11.4907 116
      vertex 12.213 14.5548 116
      vertex 10.6066 10.6066 116
    endloop
  endfacet
  facet normal -0 0 -1
    outer loop
      vertex 12.213 14.5548 116
      vertex 9.64181 11.4907 116
      vertex 10.898 15.5639 116
    endloop
  endfacet
  facet normal 0 0 -1
    outer loop
      vertex 8.60365 12.2873 116
      vertex 10.898 15.5639 116
      vertex 9.64181 11.4907 116
    endloop
  endfacet
  facet normal -0 0 -1
    outer loop
      vertex 10.898 15.5639 116
      vertex 8.60365 12.2873 116
      vertex 9.5 16.4545 116
    endloop
  endfacet
  facet normal 0 0 -1
    outer loop
      vertex 7.5 12.9904 116
      vertex 9.5 16.4545 116
      vertex 8.60365 12.2873 116
    endloop
  endfacet
  facet normal -0 0 -1
    outer loop
      vertex 9.5 16.4545 116
      vertex 7.5 12.9904 116
      vertex 8.02975 17.2198 116
    endloop
  endfacet
  facet normal 0 0 -1
    outer loop
      vertex 6.33927 13.5946 116
      vertex 8.02975 17.2198 116
      vertex 7.5 12.9904 116
    endloop
  endfacet
  facet normal -0 0 -1
    outer loop
      vertex 8.02975 17.2198 116
      vertex 6.33927 13.5946 116
      vertex 6.49838 17.8542 116
    endloop
  endfacet
  facet normal 0 0 -1
    outer loop
      vertex 5.1303 14.0954 116
      vertex 6.49838 17.8542 116
      vertex 6.33927 13.5946 116
    endloop
  endfacet
  facet normal 0 0 -1
    outer loop
      vertex 5.1303 14.0954 116
      vertex 4.91756 18.3526 116
      vertex 6.49838 17.8542 116
    endloop
  endfacet
  facet normal 0 0 -1
    outer loop
      vertex 3.88229 14.4889 116
      vertex 4.91756 18.3526 116
      vertex 5.1303 14.0954 116
    endloop
  endfacet
  facet normal 0 0 -1
    outer loop
      vertex 3.88229 14.4889 116
      vertex 3.29931 18.7113 116
      vertex 4.91756 18.3526 116
    endloop
  endfacet
  facet normal 0 0 -1
    outer loop
      vertex 2.60472 14.7721 116
      vertex 3.29931 18.7113 116
      vertex 3.88229 14.4889 116
    endloop
  endfacet
  facet normal 0 0 -1
    outer loop
      vertex 2.60472 14.7721 116
      vertex 1.65596 18.9277 116
      vertex 3.29931 18.7113 116
    endloop
  endfacet
  facet normal 0 0 -1
    outer loop
      vertex 1.30734 14.9429 116
      vertex 1.65596 18.9277 116
      vertex 2.60472 14.7721 116
    endloop
  endfacet
  facet normal 0 0 -1
    outer loop
      vertex 0 15 116
      vertex 1.65596 18.9277 116
      vertex 1.30734 14.9429 116
    endloop
  endfacet
  facet normal 0 0 -1
    outer loop
      vertex 0 15 116
      vertex 0 19 116
      vertex 1.65596 18.9277 116
    endloop
  endfacet
  facet normal 0 0 -1
    outer loop
      vertex -1.30734 14.9429 116
      vertex 0 19 116
      vertex 0 15 116
    endloop
  endfacet
  facet normal 0 0 -1
    outer loop
      vertex -1.30734 14.9429 116
      vertex -1.65596 18.9277 116
      vertex 0 19 116
    endloop
  endfacet
  facet normal 0 0 -1
    outer loop
      vertex -2.60472 14.7721 116
      vertex -1.65596 18.9277 116
      vertex -1.30734 14.9429 116
    endloop
  endfacet
  facet normal 0 0 -1
    outer loop
      vertex -2.60472 14.7721 116
      vertex -3.29931 18.7113 116
      vertex -1.65596 18.9277 116
    endloop
  endfacet
  facet normal 0 0 -1
    outer loop
      vertex -3.88229 14.4889 116
      vertex -3.29931 18.7113 116
      vertex -2.60472 14.7721 116
    endloop
  endfacet
  facet normal 0 0 -1
    outer loop
      vertex -3.88229 14.4889 116
      vertex -4.91756 18.3526 116
      vertex -3.29931 18.7113 116
    endloop
  endfacet
  facet normal 0 0 -1
    outer loop
      vertex -5.1303 14.0954 116
      vertex -4.91756 18.3526 116
      vertex -3.88229 14.4889 116
    endloop
  endfacet
  facet normal 0 0 -1
    outer loop
      vertex -6.49838 17.8542 116
      vertex -5.1303 14.0954 116
      vertex -6.33927 13.5946 116
    endloop
  endfacet
  facet normal 0 0 -1
    outer loop
      vertex -5.1303 14.0954 116
      vertex -6.49838 17.8542 116
      vertex -4.91756 18.3526 116
    endloop
  endfacet
  facet normal 0 0 -1
    outer loop
      vertex -8.02975 17.2198 116
      vertex -6.33927 13.5946 116
      vertex -7.5 12.9904 116
    endloop
  endfacet
  facet normal 0 0 -1
    outer loop
      vertex -6.33927 13.5946 116
      vertex -8.02975 17.2198 116
      vertex -6.49838 17.8542 116
    endloop
  endfacet
  facet normal 0 0 -1
    outer loop
      vertex -9.5 16.4545 116
      vertex -7.5 12.9904 116
      vertex -8.60365 12.2873 116
    endloop
  endfacet
  facet normal 0 0 -1
    outer loop
      vertex -7.5 12.9904 116
      vertex -9.5 16.4545 116
      vertex -8.02975 17.2198 116
    endloop
  endfacet
  facet normal 0 0 -1
    outer loop
      vertex -10.898 15.5639 116
      vertex -8.60365 12.2873 116
      vertex -9.64181 11.4907 116
    endloop
  endfacet
  facet normal 0 0 -1
    outer loop
      vertex -12.213 14.5548 116
      vertex -9.64181 11.4907 116
      vertex -10.6066 10.6066 116
    endloop
  endfacet
  facet normal 0 0 -1
    outer loop
      vertex -8.60365 12.2873 116
      vertex -10.898 15.5639 116
      vertex -9.5 16.4545 116
    endloop
  endfacet
  facet normal 0 0 -1
    outer loop
      vertex -13.435 13.435 116
      vertex -10.6066 10.6066 116
      vertex -11.4907 9.64181 116
    endloop
  endfacet
  facet normal 0 0 -1
    outer loop
      vertex -9.64181 11.4907 116
      vertex -12.213 14.5548 116
      vertex -10.898 15.5639 116
    endloop
  endfacet
  facet normal 0 0 -1
    outer loop
      vertex -14.5548 12.213 116
      vertex -11.4907 9.64181 116
      vertex -12.2873 8.60365 116
    endloop
  endfacet
  facet normal 0 0 -1
    outer loop
      vertex -15.5639 10.898 116
      vertex -12.2873 8.60365 116
      vertex -12.9904 7.5 116
    endloop
  endfacet
  facet normal 0 0 -1
    outer loop
      vertex -10.6066 10.6066 116
      vertex -13.435 13.435 116
      vertex -12.213 14.5548 116
    endloop
  endfacet
  facet normal 0 0 -1
    outer loop
      vertex -16.4545 9.5 116
      vertex -12.9904 7.5 116
      vertex -13.5946 6.33927 116
    endloop
  endfacet
  facet normal 0 0 -1
    outer loop
      vertex -17.2198 8.02975 116
      vertex -13.5946 6.33927 116
      vertex -14.0954 5.1303 116
    endloop
  endfacet
  facet normal 0 0 -1
    outer loop
      vertex -17.8542 6.49838 116
      vertex -14.0954 5.1303 116
      vertex -14.4889 3.88229 116
    endloop
  endfacet
  facet normal 0 0 -1
    outer loop
      vertex -11.4907 9.64181 116
      vertex -14.5548 12.213 116
      vertex -13.435 13.435 116
    endloop
  endfacet
  facet normal 0 0 -1
    outer loop
      vertex -18.3526 4.91756 116
      vertex -14.4889 3.88229 116
      vertex -14.7721 2.60472 116
    endloop
  endfacet
  facet normal 0 0 -1
    outer loop
      vertex -18.7113 3.29931 116
      vertex -14.7721 2.60472 116
      vertex -14.9429 1.30734 116
    endloop
  endfacet
  facet normal 0 0 -1
    outer loop
      vertex -18.9277 1.65596 116
      vertex -14.9429 1.30734 116
      vertex -15 0 116
    endloop
  endfacet
  facet normal 0 0 -1
    outer loop
      vertex -18.3526 -4.91756 116
      vertex -14.4889 -3.88229 116
      vertex -17.8542 -6.49838 116
    endloop
  endfacet
  facet normal 0 0 -1
    outer loop
      vertex -12.2873 8.60365 116
      vertex -15.5639 10.898 116
      vertex -14.5548 12.213 116
    endloop
  endfacet
  facet normal -0 0 -1
    outer loop
      vertex -14.4889 -3.88229 116
      vertex -18.3526 -4.91756 116
      vertex -14.7721 -2.60472 116
    endloop
  endfacet
  facet normal 0 0 -1
    outer loop
      vertex -12.9904 7.5 116
      vertex -16.4545 9.5 116
      vertex -15.5639 10.898 116
    endloop
  endfacet
  facet normal 0 0 -1
    outer loop
      vertex -18.7113 -3.29931 116
      vertex -14.7721 -2.60472 116
      vertex -18.3526 -4.91756 116
    endloop
  endfacet
  facet normal 0 0 -1
    outer loop
      vertex -13.5946 6.33927 116
      vertex -17.2198 8.02975 116
      vertex -16.4545 9.5 116
    endloop
  endfacet
  facet normal -0 0 -1
    outer loop
      vertex -14.7721 -2.60472 116
      vertex -18.7113 -3.29931 116
      vertex -14.9429 -1.30734 116
    endloop
  endfacet
  facet normal 0 0 -1
    outer loop
      vertex -14.0954 5.1303 116
      vertex -17.8542 6.49838 116
      vertex -17.2198 8.02975 116
    endloop
  endfacet
  facet normal 0 0 -1
    outer loop
      vertex -18.9277 -1.65596 116
      vertex -14.9429 -1.30734 116
      vertex -18.7113 -3.29931 116
    endloop
  endfacet
  facet normal 0 0 -1
    outer loop
      vertex -14.4889 3.88229 116
      vertex -18.3526 4.91756 116
      vertex -17.8542 6.49838 116
    endloop
  endfacet
  facet normal -0 0 -1
    outer loop
      vertex -14.9429 -1.30734 116
      vertex -18.9277 -1.65596 116
      vertex -15 0 116
    endloop
  endfacet
  facet normal 0 0 -1
    outer loop
      vertex -14.7721 2.60472 116
      vertex -18.7113 3.29931 116
      vertex -18.3526 4.91756 116
    endloop
  endfacet
  facet normal 0 0 -1
    outer loop
      vertex -19 0 116
      vertex -15 0 116
      vertex -18.9277 -1.65596 116
    endloop
  endfacet
  facet normal 0 0 -1
    outer loop
      vertex -14.9429 1.30734 116
      vertex -18.9277 1.65596 116
      vertex -18.7113 3.29931 116
    endloop
  endfacet
  facet normal 0 0 -1
    outer loop
      vertex -15 0 116
      vertex -19 0 116
      vertex -18.9277 1.65596 116
    endloop
  endfacet
  facet normal -0.537304 0.843389 0
    outer loop
      vertex -38.5 66.684 112
      vertex -44.1654 63.0747 116
      vertex -38.5 66.684 116
    endloop
  endfacet
  facet normal -0.537304 0.843389 0
    outer loop
      vertex -44.1654 63.0747 116
      vertex -38.5 66.684 112
      vertex -44.1654 63.0747 112
    endloop
  endfacet
  facet normal -0.461743 0.887014 0
    outer loop
      vertex -32.5416 69.7857 112
      vertex -38.5 66.684 116
      vertex -32.5416 69.7857 116
    endloop
  endfacet
  facet normal -0.461743 0.887014 0
    outer loop
      vertex -38.5 66.684 116
      vertex -32.5416 69.7857 112
      vertex -38.5 66.684 112
    endloop
  endfacet
  facet normal -0.608767 0.793349 0
    outer loop
      vertex -44.1654 63.0747 112
      vertex -49.4946 58.9854 116
      vertex -44.1654 63.0747 116
    endloop
  endfacet
  facet normal -0.608767 0.793349 0
    outer loop
      vertex -49.4946 58.9854 116
      vertex -44.1654 63.0747 112
      vertex -49.4946 58.9854 112
    endloop
  endfacet
  facet normal -0.300711 0.953715 0
    outer loop
      vertex -19.9291 74.3763 112
      vertex -26.3356 72.3563 116
      vertex -19.9291 74.3763 116
    endloop
  endfacet
  facet normal -0.300711 0.953715 0
    outer loop
      vertex -26.3356 72.3563 116
      vertex -19.9291 74.3763 112
      vertex -26.3356 72.3563 112
    endloop
  endfacet
  facet normal -0.0436182 0.999048 0
    outer loop
      vertex 0 77 112
      vertex -6.71099 76.707 116
      vertex 0 77 116
    endloop
  endfacet
  facet normal -0.0436182 0.999048 0
    outer loop
      vertex -6.71099 76.707 116
      vertex 0 77 112
      vertex -6.71099 76.707 112
    endloop
  endfacet
  facet normal 0.999048 -0.0436182 0
    outer loop
      vertex 76.707 -6.71099 116
      vertex 77 0 112
      vertex 77 0 116
    endloop
  endfacet
  facet normal 0.999048 -0.0436182 0
    outer loop
      vertex 77 0 112
      vertex 76.707 -6.71099 116
      vertex 76.707 -6.71099 112
    endloop
  endfacet
  facet normal 0.130527 -0.991445 0
    outer loop
      vertex 6.71099 -76.707 112
      vertex 13.3709 -75.8302 116
      vertex 6.71099 -76.707 116
    endloop
  endfacet
  facet normal 0.130527 -0.991445 0
    outer loop
      vertex 13.3709 -75.8302 116
      vertex 6.71099 -76.707 112
      vertex 13.3709 -75.8302 112
    endloop
  endfacet
  facet normal 0.0436182 -0.999048 0
    outer loop
      vertex 0 -77 112
      vertex 6.71099 -76.707 116
      vertex 0 -77 116
    endloop
  endfacet
  facet normal 0.0436182 -0.999048 0
    outer loop
      vertex 6.71099 -76.707 116
      vertex 0 -77 112
      vertex 6.71099 -76.707 112
    endloop
  endfacet
  facet normal 0.300711 -0.953715 0
    outer loop
      vertex 19.9291 -74.3763 112
      vertex 26.3356 -72.3563 116
      vertex 19.9291 -74.3763 116
    endloop
  endfacet
  facet normal 0.300711 -0.953715 0
    outer loop
      vertex 26.3356 -72.3563 116
      vertex 19.9291 -74.3763 112
      vertex 26.3356 -72.3563 112
    endloop
  endfacet
  facet normal 0.608767 -0.793349 0
    outer loop
      vertex 44.1654 -63.0747 112
      vertex 49.4946 -58.9854 116
      vertex 44.1654 -63.0747 116
    endloop
  endfacet
  facet normal 0.608767 -0.793349 0
    outer loop
      vertex 49.4946 -58.9854 116
      vertex 44.1654 -63.0747 112
      vertex 49.4946 -58.9854 112
    endloop
  endfacet
  facet normal 0.461743 -0.887014 0
    outer loop
      vertex 32.5416 -69.7857 112
      vertex 38.5 -66.684 116
      vertex 32.5416 -69.7857 116
    endloop
  endfacet
  facet normal 0.461743 -0.887014 0
    outer loop
      vertex 38.5 -66.684 116
      vertex 32.5416 -69.7857 112
      vertex 38.5 -66.684 112
    endloop
  endfacet
  facet normal 0.737279 -0.675588 0
    outer loop
      vertex 54.4472 -54.4472 116
      vertex 58.9854 -49.4946 112
      vertex 58.9854 -49.4946 116
    endloop
  endfacet
  facet normal 0.737279 -0.675588 0
    outer loop
      vertex 58.9854 -49.4946 112
      vertex 54.4472 -54.4472 116
      vertex 54.4472 -54.4472 112
    endloop
  endfacet
  facet normal -0.675588 -0.737279 0
    outer loop
      vertex -54.4472 -54.4472 112
      vertex -49.4946 -58.9854 116
      vertex -54.4472 -54.4472 116
    endloop
  endfacet
  facet normal -0.675588 -0.737279 -0
    outer loop
      vertex -49.4946 -58.9854 116
      vertex -54.4472 -54.4472 112
      vertex -49.4946 -58.9854 112
    endloop
  endfacet
  facet normal -0.537304 -0.843389 0
    outer loop
      vertex -44.1654 -63.0747 112
      vertex -38.5 -66.684 116
      vertex -44.1654 -63.0747 116
    endloop
  endfacet
  facet normal -0.537304 -0.843389 -0
    outer loop
      vertex -38.5 -66.684 116
      vertex -44.1654 -63.0747 112
      vertex -38.5 -66.684 112
    endloop
  endfacet
  facet normal -0.382682 -0.92388 0
    outer loop
      vertex -32.5416 -69.7857 112
      vertex -26.3356 -72.3563 116
      vertex -32.5416 -69.7857 116
    endloop
  endfacet
  facet normal -0.382682 -0.92388 -0
    outer loop
      vertex -26.3356 -72.3563 116
      vertex -32.5416 -69.7857 112
      vertex -26.3356 -72.3563 112
    endloop
  endfacet
  facet normal -0.843389 -0.537304 0
    outer loop
      vertex -63.0747 -44.1654 112
      vertex -66.684 -38.5 116
      vertex -66.684 -38.5 112
    endloop
  endfacet
  facet normal -0.843389 -0.537304 0
    outer loop
      vertex -66.684 -38.5 116
      vertex -63.0747 -44.1654 112
      vertex -63.0747 -44.1654 116
    endloop
  endfacet
  facet normal -0.887014 -0.461743 0
    outer loop
      vertex -66.684 -38.5 112
      vertex -69.7857 -32.5416 116
      vertex -69.7857 -32.5416 112
    endloop
  endfacet
  facet normal -0.887014 -0.461743 0
    outer loop
      vertex -69.7857 -32.5416 116
      vertex -66.684 -38.5 112
      vertex -66.684 -38.5 116
    endloop
  endfacet
  facet normal -0.793349 -0.608767 0
    outer loop
      vertex -58.9854 -49.4946 112
      vertex -63.0747 -44.1654 116
      vertex -63.0747 -44.1654 112
    endloop
  endfacet
  facet normal -0.793349 -0.608767 0
    outer loop
      vertex -63.0747 -44.1654 116
      vertex -58.9854 -49.4946 112
      vertex -58.9854 -49.4946 116
    endloop
  endfacet
  facet normal -0.953715 -0.300711 0
    outer loop
      vertex -72.3563 -26.3356 112
      vertex -74.3763 -19.9291 116
      vertex -74.3763 -19.9291 112
    endloop
  endfacet
  facet normal -0.953715 -0.300711 0
    outer loop
      vertex -74.3763 -19.9291 116
      vertex -72.3563 -26.3356 112
      vertex -72.3563 -26.3356 116
    endloop
  endfacet
  facet normal -0.92388 -0.382682 0
    outer loop
      vertex -69.7857 -32.5416 112
      vertex -72.3563 -26.3356 116
      vertex -72.3563 -26.3356 112
    endloop
  endfacet
  facet normal -0.92388 -0.382682 0
    outer loop
      vertex -72.3563 -26.3356 116
      vertex -69.7857 -32.5416 112
      vertex -69.7857 -32.5416 116
    endloop
  endfacet
  facet normal -0.999048 -0.0436182 0
    outer loop
      vertex -76.707 -6.71099 112
      vertex -77 0 116
      vertex -77 0 112
    endloop
  endfacet
  facet normal -0.999048 -0.0436182 0
    outer loop
      vertex -77 0 116
      vertex -76.707 -6.71099 112
      vertex -76.707 -6.71099 116
    endloop
  endfacet
  facet normal 0.130527 0.991445 -0
    outer loop
      vertex 13.3709 75.8302 112
      vertex 6.71099 76.707 116
      vertex 13.3709 75.8302 116
    endloop
  endfacet
  facet normal 0.130527 0.991445 0
    outer loop
      vertex 6.71099 76.707 116
      vertex 13.3709 75.8302 112
      vertex 6.71099 76.707 112
    endloop
  endfacet
  facet normal -0.991445 0.130527 0
    outer loop
      vertex -76.707 6.71099 112
      vertex -75.8302 13.3709 116
      vertex -75.8302 13.3709 112
    endloop
  endfacet
  facet normal -0.991445 0.130527 0
    outer loop
      vertex -75.8302 13.3709 116
      vertex -76.707 6.71099 112
      vertex -76.707 6.71099 116
    endloop
  endfacet
  facet normal 0.382682 -0.92388 0
    outer loop
      vertex 26.3356 -72.3563 112
      vertex 32.5416 -69.7857 116
      vertex 26.3356 -72.3563 116
    endloop
  endfacet
  facet normal 0.382682 -0.92388 0
    outer loop
      vertex 32.5416 -69.7857 116
      vertex 26.3356 -72.3563 112
      vertex 32.5416 -69.7857 112
    endloop
  endfacet
  facet normal 0.675588 -0.737279 0
    outer loop
      vertex 49.4946 -58.9854 112
      vertex 54.4472 -54.4472 116
      vertex 49.4946 -58.9854 116
    endloop
  endfacet
  facet normal 0.675588 -0.737279 0
    outer loop
      vertex 54.4472 -54.4472 116
      vertex 49.4946 -58.9854 112
      vertex 54.4472 -54.4472 112
    endloop
  endfacet
  facet normal 0.537304 -0.843389 0
    outer loop
      vertex 38.5 -66.684 112
      vertex 44.1654 -63.0747 116
      vertex 38.5 -66.684 116
    endloop
  endfacet
  facet normal 0.537304 -0.843389 0
    outer loop
      vertex 44.1654 -63.0747 116
      vertex 38.5 -66.684 112
      vertex 44.1654 -63.0747 112
    endloop
  endfacet
  facet normal 0.793349 -0.608767 0
    outer loop
      vertex 58.9854 -49.4946 116
      vertex 63.0747 -44.1654 112
      vertex 63.0747 -44.1654 116
    endloop
  endfacet
  facet normal 0.793349 -0.608767 0
    outer loop
      vertex 63.0747 -44.1654 112
      vertex 58.9854 -49.4946 116
      vertex 58.9854 -49.4946 112
    endloop
  endfacet
  facet normal 0.843389 -0.537304 0
    outer loop
      vertex 63.0747 -44.1654 116
      vertex 66.684 -38.5 112
      vertex 66.684 -38.5 116
    endloop
  endfacet
  facet normal 0.843389 -0.537304 0
    outer loop
      vertex 66.684 -38.5 112
      vertex 63.0747 -44.1654 116
      vertex 63.0747 -44.1654 112
    endloop
  endfacet
  facet normal 0.887014 -0.461743 0
    outer loop
      vertex 66.684 -38.5 116
      vertex 69.7857 -32.5416 112
      vertex 69.7857 -32.5416 116
    endloop
  endfacet
  facet normal 0.887014 -0.461743 0
    outer loop
      vertex 69.7857 -32.5416 112
      vertex 66.684 -38.5 116
      vertex 66.684 -38.5 112
    endloop
  endfacet
  facet normal 0.953715 -0.300711 0
    outer loop
      vertex 72.3563 -26.3356 116
      vertex 74.3763 -19.9291 112
      vertex 74.3763 -19.9291 116
    endloop
  endfacet
  facet normal 0.953715 -0.300711 0
    outer loop
      vertex 74.3763 -19.9291 112
      vertex 72.3563 -26.3356 116
      vertex 72.3563 -26.3356 112
    endloop
  endfacet
  facet normal 0.991445 -0.130527 0
    outer loop
      vertex 75.8302 -13.3709 116
      vertex 76.707 -6.71099 112
      vertex 76.707 -6.71099 116
    endloop
  endfacet
  facet normal 0.991445 -0.130527 0
    outer loop
      vertex 76.707 -6.71099 112
      vertex 75.8302 -13.3709 116
      vertex 75.8302 -13.3709 112
    endloop
  endfacet
  facet normal -0.608767 -0.793349 0
    outer loop
      vertex -49.4946 -58.9854 112
      vertex -44.1654 -63.0747 116
      vertex -49.4946 -58.9854 116
    endloop
  endfacet
  facet normal -0.608767 -0.793349 -0
    outer loop
      vertex -44.1654 -63.0747 116
      vertex -49.4946 -58.9854 112
      vertex -44.1654 -63.0747 112
    endloop
  endfacet
  facet normal -0.461743 -0.887014 0
    outer loop
      vertex -38.5 -66.684 112
      vertex -32.5416 -69.7857 116
      vertex -38.5 -66.684 116
    endloop
  endfacet
  facet normal -0.461743 -0.887014 -0
    outer loop
      vertex -32.5416 -69.7857 116
      vertex -38.5 -66.684 112
      vertex -32.5416 -69.7857 112
    endloop
  endfacet
  facet normal -0.300711 -0.953715 0
    outer loop
      vertex -26.3356 -72.3563 112
      vertex -19.9291 -74.3763 116
      vertex -26.3356 -72.3563 116
    endloop
  endfacet
  facet normal -0.300711 -0.953715 -0
    outer loop
      vertex -19.9291 -74.3763 116
      vertex -26.3356 -72.3563 112
      vertex -19.9291 -74.3763 112
    endloop
  endfacet
  facet normal -0.130527 -0.991445 0
    outer loop
      vertex -13.3709 -75.8302 112
      vertex -6.71099 -76.707 116
      vertex -13.3709 -75.8302 116
    endloop
  endfacet
  facet normal -0.130527 -0.991445 -0
    outer loop
      vertex -6.71099 -76.707 116
      vertex -13.3709 -75.8302 112
      vertex -6.71099 -76.707 112
    endloop
  endfacet
  facet normal -0.216437 -0.976297 0
    outer loop
      vertex -19.9291 -74.3763 112
      vertex -13.3709 -75.8302 116
      vertex -19.9291 -74.3763 116
    endloop
  endfacet
  facet normal -0.216437 -0.976297 -0
    outer loop
      vertex -13.3709 -75.8302 116
      vertex -19.9291 -74.3763 112
      vertex -13.3709 -75.8302 112
    endloop
  endfacet
  facet normal -0.0436182 -0.999048 0
    outer loop
      vertex -6.71099 -76.707 112
      vertex 0 -77 116
      vertex -6.71099 -76.707 116
    endloop
  endfacet
  facet normal -0.0436182 -0.999048 -0
    outer loop
      vertex 0 -77 116
      vertex -6.71099 -76.707 112
      vertex 0 -77 112
    endloop
  endfacet
  facet normal 0.216437 0.976297 -0
    outer loop
      vertex 19.9291 74.3763 112
      vertex 13.3709 75.8302 116
      vertex 19.9291 74.3763 116
    endloop
  endfacet
  facet normal 0.216437 0.976297 0
    outer loop
      vertex 13.3709 75.8302 116
      vertex 19.9291 74.3763 112
      vertex 13.3709 75.8302 112
    endloop
  endfacet
  facet normal -0.976297 0.216437 0
    outer loop
      vertex -75.8302 13.3709 112
      vertex -74.3763 19.9291 116
      vertex -74.3763 19.9291 112
    endloop
  endfacet
  facet normal -0.976297 0.216437 0
    outer loop
      vertex -74.3763 19.9291 116
      vertex -75.8302 13.3709 112
      vertex -75.8302 13.3709 116
    endloop
  endfacet
  facet normal -0.130527 0.991445 0
    outer loop
      vertex -6.71099 76.707 112
      vertex -13.3709 75.8302 116
      vertex -6.71099 76.707 116
    endloop
  endfacet
  facet normal -0.130527 0.991445 0
    outer loop
      vertex -13.3709 75.8302 116
      vertex -6.71099 76.707 112
      vertex -13.3709 75.8302 112
    endloop
  endfacet
  facet normal 0.216437 -0.976297 0
    outer loop
      vertex 13.3709 -75.8302 112
      vertex 19.9291 -74.3763 116
      vertex 13.3709 -75.8302 116
    endloop
  endfacet
  facet normal 0.216437 -0.976297 0
    outer loop
      vertex 19.9291 -74.3763 116
      vertex 13.3709 -75.8302 112
      vertex 19.9291 -74.3763 112
    endloop
  endfacet
  facet normal 0.976297 -0.216437 0
    outer loop
      vertex 74.3763 -19.9291 116
      vertex 75.8302 -13.3709 112
      vertex 75.8302 -13.3709 116
    endloop
  endfacet
  facet normal 0.976297 -0.216437 0
    outer loop
      vertex 75.8302 -13.3709 112
      vertex 74.3763 -19.9291 116
      vertex 74.3763 -19.9291 112
    endloop
  endfacet
  facet normal -0.976297 -0.216437 0
    outer loop
      vertex -74.3763 -19.9291 112
      vertex -75.8302 -13.3709 116
      vertex -75.8302 -13.3709 112
    endloop
  endfacet
  facet normal -0.976297 -0.216437 0
    outer loop
      vertex -75.8302 -13.3709 116
      vertex -74.3763 -19.9291 112
      vertex -74.3763 -19.9291 116
    endloop
  endfacet
  facet normal -0.608786 -0.793334 0
    outer loop
      vertex 10.898 15.5639 112
      vertex 12.213 14.5548 116
      vertex 10.898 15.5639 116
    endloop
  endfacet
  facet normal -0.608786 -0.793334 -0
    outer loop
      vertex 12.213 14.5548 116
      vertex 10.898 15.5639 112
      vertex 12.213 14.5548 112
    endloop
  endfacet
  facet normal -0.999048 0.0436189 0
    outer loop
      vertex 18.9277 -1.65596 112
      vertex 19 0 116
      vertex 19 0 112
    endloop
  endfacet
  facet normal -0.999048 0.0436189 0
    outer loop
      vertex 19 0 116
      vertex 18.9277 -1.65596 112
      vertex 18.9277 -1.65596 116
    endloop
  endfacet
  facet normal 0.300689 -0.953722 0
    outer loop
      vertex -6.49838 17.8542 112
      vertex -4.91756 18.3526 116
      vertex -6.49838 17.8542 116
    endloop
  endfacet
  facet normal 0.300689 -0.953722 0
    outer loop
      vertex -4.91756 18.3526 116
      vertex -6.49838 17.8542 112
      vertex -4.91756 18.3526 112
    endloop
  endfacet
  facet normal 0.923861 -0.382728 0
    outer loop
      vertex -17.8542 6.49838 116
      vertex -17.2198 8.02975 112
      vertex -17.2198 8.02975 116
    endloop
  endfacet
  facet normal 0.923861 -0.382728 0
    outer loop
      vertex -17.2198 8.02975 112
      vertex -17.8542 6.49838 116
      vertex -17.8542 6.49838 112
    endloop
  endfacet
  facet normal -0.843398 -0.537289 0
    outer loop
      vertex 16.4545 9.5 112
      vertex 15.5639 10.898 116
      vertex 15.5639 10.898 112
    endloop
  endfacet
  facet normal -0.843398 -0.537289 0
    outer loop
      vertex 15.5639 10.898 116
      vertex 16.4545 9.5 112
      vertex 16.4545 9.5 116
    endloop
  endfacet
  facet normal -0.382728 -0.923861 0
    outer loop
      vertex 6.49838 17.8542 112
      vertex 8.02975 17.2198 116
      vertex 6.49838 17.8542 116
    endloop
  endfacet
  facet normal -0.382728 -0.923861 -0
    outer loop
      vertex 8.02975 17.2198 116
      vertex 6.49838 17.8542 112
      vertex 8.02975 17.2198 112
    endloop
  endfacet
  facet normal -0.130555 -0.991441 0
    outer loop
      vertex 1.65596 18.9277 112
      vertex 3.29931 18.7113 116
      vertex 1.65596 18.9277 116
    endloop
  endfacet
  facet normal -0.130555 -0.991441 -0
    outer loop
      vertex 3.29931 18.7113 116
      vertex 1.65596 18.9277 112
      vertex 3.29931 18.7113 112
    endloop
  endfacet
  facet normal 0.991441 -0.130555 0
    outer loop
      vertex -18.9277 1.65596 116
      vertex -18.7113 3.29931 112
      vertex -18.7113 3.29931 116
    endloop
  endfacet
  facet normal 0.991441 -0.130555 0
    outer loop
      vertex -18.7113 3.29931 112
      vertex -18.9277 1.65596 116
      vertex -18.9277 1.65596 112
    endloop
  endfacet
  facet normal 0.737264 -0.675604 0
    outer loop
      vertex -14.5548 12.213 116
      vertex -13.435 13.435 112
      vertex -13.435 13.435 116
    endloop
  endfacet
  facet normal 0.737264 -0.675604 0
    outer loop
      vertex -13.435 13.435 112
      vertex -14.5548 12.213 116
      vertex -14.5548 12.213 112
    endloop
  endfacet
  facet normal 0.130555 -0.991441 0
    outer loop
      vertex -3.29931 18.7113 112
      vertex -1.65596 18.9277 116
      vertex -3.29931 18.7113 116
    endloop
  endfacet
  facet normal 0.130555 -0.991441 0
    outer loop
      vertex -1.65596 18.9277 116
      vertex -3.29931 18.7113 112
      vertex -1.65596 18.9277 112
    endloop
  endfacet
  facet normal 0.130555 0.991441 -0
    outer loop
      vertex -1.65596 -18.9277 112
      vertex -3.29931 -18.7113 116
      vertex -1.65596 -18.9277 116
    endloop
  endfacet
  facet normal 0.130555 0.991441 0
    outer loop
      vertex -3.29931 -18.7113 116
      vertex -1.65596 -18.9277 112
      vertex -3.29931 -18.7113 112
    endloop
  endfacet
  facet normal 0.675604 0.737264 -0
    outer loop
      vertex -12.213 -14.5548 112
      vertex -13.435 -13.435 116
      vertex -12.213 -14.5548 116
    endloop
  endfacet
  facet normal 0.675604 0.737264 0
    outer loop
      vertex -13.435 -13.435 116
      vertex -12.213 -14.5548 112
      vertex -13.435 -13.435 112
    endloop
  endfacet
  facet normal 0.793334 0.608786 0
    outer loop
      vertex -14.5548 -12.213 116
      vertex -15.5639 -10.898 112
      vertex -15.5639 -10.898 116
    endloop
  endfacet
  facet normal 0.793334 0.608786 0
    outer loop
      vertex -15.5639 -10.898 112
      vertex -14.5548 -12.213 116
      vertex -14.5548 -12.213 112
    endloop
  endfacet
  facet normal -0.991441 -0.130555 0
    outer loop
      vertex 18.9277 1.65596 112
      vertex 18.7113 3.29931 116
      vertex 18.7113 3.29931 112
    endloop
  endfacet
  facet normal -0.991441 -0.130555 0
    outer loop
      vertex 18.7113 3.29931 116
      vertex 18.9277 1.65596 112
      vertex 18.9277 1.65596 116
    endloop
  endfacet
  facet normal -0.976303 -0.216407 0
    outer loop
      vertex 18.7113 3.29931 112
      vertex 18.3526 4.91756 116
      vertex 18.3526 4.91756 112
    endloop
  endfacet
  facet normal -0.976303 -0.216407 0
    outer loop
      vertex 18.3526 4.91756 116
      vertex 18.7113 3.29931 112
      vertex 18.7113 3.29931 116
    endloop
  endfacet
  facet normal -0.953722 -0.300689 0
    outer loop
      vertex 18.3526 4.91756 112
      vertex 17.8542 6.49838 116
      vertex 17.8542 6.49838 112
    endloop
  endfacet
  facet normal -0.953722 -0.300689 0
    outer loop
      vertex 17.8542 6.49838 116
      vertex 18.3526 4.91756 112
      vertex 18.3526 4.91756 116
    endloop
  endfacet
  facet normal -0.737264 -0.675604 0
    outer loop
      vertex 14.5548 12.213 112
      vertex 13.435 13.435 116
      vertex 13.435 13.435 112
    endloop
  endfacet
  facet normal -0.737264 -0.675604 0
    outer loop
      vertex 13.435 13.435 116
      vertex 14.5548 12.213 112
      vertex 14.5548 12.213 116
    endloop
  endfacet
  facet normal -0.793334 -0.608786 0
    outer loop
      vertex 15.5639 10.898 112
      vertex 14.5548 12.213 116
      vertex 14.5548 12.213 112
    endloop
  endfacet
  facet normal -0.793334 -0.608786 0
    outer loop
      vertex 14.5548 12.213 116
      vertex 15.5639 10.898 112
      vertex 15.5639 10.898 116
    endloop
  endfacet
  facet normal -0.675604 -0.737264 0
    outer loop
      vertex 12.213 14.5548 112
      vertex 13.435 13.435 116
      vertex 12.213 14.5548 116
    endloop
  endfacet
  facet normal -0.675604 -0.737264 -0
    outer loop
      vertex 13.435 13.435 116
      vertex 12.213 14.5548 112
      vertex 13.435 13.435 112
    endloop
  endfacet
  facet normal -0.537289 -0.843398 0
    outer loop
      vertex 9.5 16.4545 112
      vertex 10.898 15.5639 116
      vertex 9.5 16.4545 116
    endloop
  endfacet
  facet normal -0.537289 -0.843398 -0
    outer loop
      vertex 10.898 15.5639 116
      vertex 9.5 16.4545 112
      vertex 10.898 15.5639 112
    endloop
  endfacet
  facet normal -0.0436189 -0.999048 0
    outer loop
      vertex 0 19 112
      vertex 1.65596 18.9277 116
      vertex 0 19 116
    endloop
  endfacet
  facet normal -0.0436189 -0.999048 -0
    outer loop
      vertex 1.65596 18.9277 116
      vertex 0 19 112
      vertex 1.65596 18.9277 112
    endloop
  endfacet
  facet normal -0.461718 -0.887027 0
    outer loop
      vertex 8.02975 17.2198 112
      vertex 9.5 16.4545 116
      vertex 8.02975 17.2198 116
    endloop
  endfacet
  facet normal -0.461718 -0.887027 -0
    outer loop
      vertex 9.5 16.4545 116
      vertex 8.02975 17.2198 112
      vertex 9.5 16.4545 112
    endloop
  endfacet
  facet normal -0.300689 -0.953722 0
    outer loop
      vertex 4.91756 18.3526 112
      vertex 6.49838 17.8542 116
      vertex 4.91756 18.3526 116
    endloop
  endfacet
  facet normal -0.300689 -0.953722 -0
    outer loop
      vertex 6.49838 17.8542 116
      vertex 4.91756 18.3526 112
      vertex 6.49838 17.8542 112
    endloop
  endfacet
  facet normal -0.216407 -0.976303 0
    outer loop
      vertex 3.29931 18.7113 112
      vertex 4.91756 18.3526 116
      vertex 3.29931 18.7113 116
    endloop
  endfacet
  facet normal -0.216407 -0.976303 -0
    outer loop
      vertex 4.91756 18.3526 116
      vertex 3.29931 18.7113 112
      vertex 4.91756 18.3526 112
    endloop
  endfacet
  facet normal 0.999048 -0.0436189 0
    outer loop
      vertex -19 0 116
      vertex -18.9277 1.65596 112
      vertex -18.9277 1.65596 116
    endloop
  endfacet
  facet normal 0.999048 -0.0436189 0
    outer loop
      vertex -18.9277 1.65596 112
      vertex -19 0 116
      vertex -19 0 112
    endloop
  endfacet
  facet normal 0.953722 -0.300689 0
    outer loop
      vertex -18.3526 4.91756 116
      vertex -17.8542 6.49838 112
      vertex -17.8542 6.49838 116
    endloop
  endfacet
  facet normal 0.953722 -0.300689 0
    outer loop
      vertex -17.8542 6.49838 112
      vertex -18.3526 4.91756 116
      vertex -18.3526 4.91756 112
    endloop
  endfacet
  facet normal 0.976303 -0.216407 0
    outer loop
      vertex -18.7113 3.29931 116
      vertex -18.3526 4.91756 112
      vertex -18.3526 4.91756 116
    endloop
  endfacet
  facet normal 0.976303 -0.216407 0
    outer loop
      vertex -18.3526 4.91756 112
      vertex -18.7113 3.29931 116
      vertex -18.7113 3.29931 112
    endloop
  endfacet
  facet normal 0.843398 -0.537289 0
    outer loop
      vertex -16.4545 9.5 116
      vertex -15.5639 10.898 112
      vertex -15.5639 10.898 116
    endloop
  endfacet
  facet normal 0.843398 -0.537289 0
    outer loop
      vertex -15.5639 10.898 112
      vertex -16.4545 9.5 116
      vertex -16.4545 9.5 112
    endloop
  endfacet
  facet normal 0.793334 -0.608786 0
    outer loop
      vertex -15.5639 10.898 116
      vertex -14.5548 12.213 112
      vertex -14.5548 12.213 116
    endloop
  endfacet
  facet normal 0.793334 -0.608786 0
    outer loop
      vertex -14.5548 12.213 112
      vertex -15.5639 10.898 116
      vertex -15.5639 10.898 112
    endloop
  endfacet
  facet normal 0.216407 -0.976303 0
    outer loop
      vertex -4.91756 18.3526 112
      vertex -3.29931 18.7113 116
      vertex -4.91756 18.3526 116
    endloop
  endfacet
  facet normal 0.216407 -0.976303 0
    outer loop
      vertex -3.29931 18.7113 116
      vertex -4.91756 18.3526 112
      vertex -3.29931 18.7113 112
    endloop
  endfacet
  facet normal 0.0436189 -0.999048 0
    outer loop
      vertex -1.65596 18.9277 112
      vertex 0 19 116
      vertex -1.65596 18.9277 116
    endloop
  endfacet
  facet normal 0.0436189 -0.999048 0
    outer loop
      vertex 0 19 116
      vertex -1.65596 18.9277 112
      vertex 0 19 112
    endloop
  endfacet
  facet normal 0.537289 -0.843398 0
    outer loop
      vertex -10.898 15.5639 112
      vertex -9.5 16.4545 116
      vertex -10.898 15.5639 116
    endloop
  endfacet
  facet normal 0.537289 -0.843398 0
    outer loop
      vertex -9.5 16.4545 116
      vertex -10.898 15.5639 112
      vertex -9.5 16.4545 112
    endloop
  endfacet
  facet normal 0.608786 -0.793334 0
    outer loop
      vertex -12.213 14.5548 112
      vertex -10.898 15.5639 116
      vertex -12.213 14.5548 116
    endloop
  endfacet
  facet normal 0.608786 -0.793334 0
    outer loop
      vertex -10.898 15.5639 116
      vertex -12.213 14.5548 112
      vertex -10.898 15.5639 112
    endloop
  endfacet
  facet normal 0.382728 -0.923861 0
    outer loop
      vertex -8.02975 17.2198 112
      vertex -6.49838 17.8542 116
      vertex -8.02975 17.2198 116
    endloop
  endfacet
  facet normal 0.382728 -0.923861 0
    outer loop
      vertex -6.49838 17.8542 116
      vertex -8.02975 17.2198 112
      vertex -6.49838 17.8542 112
    endloop
  endfacet
  facet normal 0.675604 -0.737264 0
    outer loop
      vertex -13.435 13.435 112
      vertex -12.213 14.5548 116
      vertex -13.435 13.435 116
    endloop
  endfacet
  facet normal 0.675604 -0.737264 0
    outer loop
      vertex -12.213 14.5548 116
      vertex -13.435 13.435 112
      vertex -12.213 14.5548 112
    endloop
  endfacet
  facet normal -0.999048 -0.0436189 0
    outer loop
      vertex 19 0 112
      vertex 18.9277 1.65596 116
      vertex 18.9277 1.65596 112
    endloop
  endfacet
  facet normal -0.999048 -0.0436189 0
    outer loop
      vertex 18.9277 1.65596 116
      vertex 19 0 112
      vertex 19 0 116
    endloop
  endfacet
  facet normal -0.991441 0.130555 0
    outer loop
      vertex 18.7113 -3.29931 112
      vertex 18.9277 -1.65596 116
      vertex 18.9277 -1.65596 112
    endloop
  endfacet
  facet normal -0.991441 0.130555 0
    outer loop
      vertex 18.9277 -1.65596 116
      vertex 18.7113 -3.29931 112
      vertex 18.7113 -3.29931 116
    endloop
  endfacet
  facet normal -0.0436189 0.999048 0
    outer loop
      vertex 1.65596 -18.9277 112
      vertex 0 -19 116
      vertex 1.65596 -18.9277 116
    endloop
  endfacet
  facet normal -0.0436189 0.999048 0
    outer loop
      vertex 0 -19 116
      vertex 1.65596 -18.9277 112
      vertex 0 -19 112
    endloop
  endfacet
  facet normal -0.887027 0.461718 0
    outer loop
      vertex 16.4545 -9.5 112
      vertex 17.2198 -8.02975 116
      vertex 17.2198 -8.02975 112
    endloop
  endfacet
  facet normal -0.887027 0.461718 0
    outer loop
      vertex 17.2198 -8.02975 116
      vertex 16.4545 -9.5 112
      vertex 16.4545 -9.5 116
    endloop
  endfacet
  facet normal -0.923861 0.382728 0
    outer loop
      vertex 17.2198 -8.02975 112
      vertex 17.8542 -6.49838 116
      vertex 17.8542 -6.49838 112
    endloop
  endfacet
  facet normal -0.923861 0.382728 0
    outer loop
      vertex 17.8542 -6.49838 116
      vertex 17.2198 -8.02975 112
      vertex 17.2198 -8.02975 116
    endloop
  endfacet
  facet normal -0.130555 0.991441 0
    outer loop
      vertex 3.29931 -18.7113 112
      vertex 1.65596 -18.9277 116
      vertex 3.29931 -18.7113 116
    endloop
  endfacet
  facet normal -0.130555 0.991441 0
    outer loop
      vertex 1.65596 -18.9277 116
      vertex 3.29931 -18.7113 112
      vertex 1.65596 -18.9277 112
    endloop
  endfacet
  facet normal -0.300689 0.953722 0
    outer loop
      vertex 6.49838 -17.8542 112
      vertex 4.91756 -18.3526 116
      vertex 6.49838 -17.8542 116
    endloop
  endfacet
  facet normal -0.300689 0.953722 0
    outer loop
      vertex 4.91756 -18.3526 116
      vertex 6.49838 -17.8542 112
      vertex 4.91756 -18.3526 112
    endloop
  endfacet
  facet normal -0.608786 0.793334 0
    outer loop
      vertex 12.213 -14.5548 112
      vertex 10.898 -15.5639 116
      vertex 12.213 -14.5548 116
    endloop
  endfacet
  facet normal -0.608786 0.793334 0
    outer loop
      vertex 10.898 -15.5639 116
      vertex 12.213 -14.5548 112
      vertex 10.898 -15.5639 112
    endloop
  endfacet
  facet normal -0.737264 0.675604 0
    outer loop
      vertex 13.435 -13.435 112
      vertex 14.5548 -12.213 116
      vertex 14.5548 -12.213 112
    endloop
  endfacet
  facet normal -0.737264 0.675604 0
    outer loop
      vertex 14.5548 -12.213 116
      vertex 13.435 -13.435 112
      vertex 13.435 -13.435 116
    endloop
  endfacet
  facet normal -0.461718 0.887027 0
    outer loop
      vertex 9.5 -16.4545 112
      vertex 8.02975 -17.2198 116
      vertex 9.5 -16.4545 116
    endloop
  endfacet
  facet normal -0.461718 0.887027 0
    outer loop
      vertex 8.02975 -17.2198 116
      vertex 9.5 -16.4545 112
      vertex 8.02975 -17.2198 112
    endloop
  endfacet
  facet normal 0.0436189 0.999048 -0
    outer loop
      vertex 0 -19 112
      vertex -1.65596 -18.9277 116
      vertex 0 -19 116
    endloop
  endfacet
  facet normal 0.0436189 0.999048 0
    outer loop
      vertex -1.65596 -18.9277 116
      vertex 0 -19 112
      vertex -1.65596 -18.9277 112
    endloop
  endfacet
  facet normal 0.300689 0.953722 -0
    outer loop
      vertex -4.91756 -18.3526 112
      vertex -6.49838 -17.8542 116
      vertex -4.91756 -18.3526 116
    endloop
  endfacet
  facet normal 0.300689 0.953722 0
    outer loop
      vertex -6.49838 -17.8542 116
      vertex -4.91756 -18.3526 112
      vertex -6.49838 -17.8542 112
    endloop
  endfacet
  facet normal 0.537289 0.843398 -0
    outer loop
      vertex -9.5 -16.4545 112
      vertex -10.898 -15.5639 116
      vertex -9.5 -16.4545 116
    endloop
  endfacet
  facet normal 0.537289 0.843398 0
    outer loop
      vertex -10.898 -15.5639 116
      vertex -9.5 -16.4545 112
      vertex -10.898 -15.5639 112
    endloop
  endfacet
  facet normal 0.382728 0.923861 -0
    outer loop
      vertex -6.49838 -17.8542 112
      vertex -8.02975 -17.2198 116
      vertex -6.49838 -17.8542 116
    endloop
  endfacet
  facet normal 0.382728 0.923861 0
    outer loop
      vertex -8.02975 -17.2198 116
      vertex -6.49838 -17.8542 112
      vertex -8.02975 -17.2198 112
    endloop
  endfacet
  facet normal 0.976303 0.216407 0
    outer loop
      vertex -18.3526 -4.91756 116
      vertex -18.7113 -3.29931 112
      vertex -18.7113 -3.29931 116
    endloop
  endfacet
  facet normal 0.976303 0.216407 0
    outer loop
      vertex -18.7113 -3.29931 112
      vertex -18.3526 -4.91756 116
      vertex -18.3526 -4.91756 112
    endloop
  endfacet
  facet normal 0.999048 0.0436189 0
    outer loop
      vertex -18.9277 -1.65596 116
      vertex -19 0 112
      vertex -19 0 116
    endloop
  endfacet
  facet normal 0.999048 0.0436189 0
    outer loop
      vertex -19 0 112
      vertex -18.9277 -1.65596 116
      vertex -18.9277 -1.65596 112
    endloop
  endfacet
  facet normal -0.887027 -0.461718 0
    outer loop
      vertex 17.2198 8.02975 112
      vertex 16.4545 9.5 116
      vertex 16.4545 9.5 112
    endloop
  endfacet
  facet normal -0.887027 -0.461718 0
    outer loop
      vertex 16.4545 9.5 116
      vertex 17.2198 8.02975 112
      vertex 17.2198 8.02975 116
    endloop
  endfacet
  facet normal -0.923861 -0.382728 0
    outer loop
      vertex 17.8542 6.49838 112
      vertex 17.2198 8.02975 116
      vertex 17.2198 8.02975 112
    endloop
  endfacet
  facet normal -0.923861 -0.382728 0
    outer loop
      vertex 17.2198 8.02975 116
      vertex 17.8542 6.49838 112
      vertex 17.8542 6.49838 116
    endloop
  endfacet
  facet normal 0.461718 -0.887027 0
    outer loop
      vertex -9.5 16.4545 112
      vertex -8.02975 17.2198 116
      vertex -9.5 16.4545 116
    endloop
  endfacet
  facet normal 0.461718 -0.887027 0
    outer loop
      vertex -8.02975 17.2198 116
      vertex -9.5 16.4545 112
      vertex -8.02975 17.2198 112
    endloop
  endfacet
  facet normal -0.976303 0.216407 0
    outer loop
      vertex 18.3526 -4.91756 112
      vertex 18.7113 -3.29931 116
      vertex 18.7113 -3.29931 112
    endloop
  endfacet
  facet normal -0.976303 0.216407 0
    outer loop
      vertex 18.7113 -3.29931 116
      vertex 18.3526 -4.91756 112
      vertex 18.3526 -4.91756 116
    endloop
  endfacet
  facet normal -0.793334 0.608786 0
    outer loop
      vertex 14.5548 -12.213 112
      vertex 15.5639 -10.898 116
      vertex 15.5639 -10.898 112
    endloop
  endfacet
  facet normal -0.793334 0.608786 0
    outer loop
      vertex 15.5639 -10.898 116
      vertex 14.5548 -12.213 112
      vertex 14.5548 -12.213 116
    endloop
  endfacet
  facet normal -0.843398 0.537289 0
    outer loop
      vertex 15.5639 -10.898 112
      vertex 16.4545 -9.5 116
      vertex 16.4545 -9.5 112
    endloop
  endfacet
  facet normal -0.843398 0.537289 0
    outer loop
      vertex 16.4545 -9.5 116
      vertex 15.5639 -10.898 112
      vertex 15.5639 -10.898 116
    endloop
  endfacet
  facet normal -0.382728 0.923861 0
    outer loop
      vertex 8.02975 -17.2198 112
      vertex 6.49838 -17.8542 116
      vertex 8.02975 -17.2198 116
    endloop
  endfacet
  facet normal -0.382728 0.923861 0
    outer loop
      vertex 6.49838 -17.8542 116
      vertex 8.02975 -17.2198 112
      vertex 6.49838 -17.8542 112
    endloop
  endfacet
  facet normal -0.675604 0.737264 0
    outer loop
      vertex 13.435 -13.435 112
      vertex 12.213 -14.5548 116
      vertex 13.435 -13.435 116
    endloop
  endfacet
  facet normal -0.675604 0.737264 0
    outer loop
      vertex 12.213 -14.5548 116
      vertex 13.435 -13.435 112
      vertex 12.213 -14.5548 112
    endloop
  endfacet
  facet normal -0.537289 0.843398 0
    outer loop
      vertex 10.898 -15.5639 112
      vertex 9.5 -16.4545 116
      vertex 10.898 -15.5639 116
    endloop
  endfacet
  facet normal -0.537289 0.843398 0
    outer loop
      vertex 9.5 -16.4545 116
      vertex 10.898 -15.5639 112
      vertex 9.5 -16.4545 112
    endloop
  endfacet
  facet normal 0.216407 0.976303 -0
    outer loop
      vertex -3.29931 -18.7113 112
      vertex -4.91756 -18.3526 116
      vertex -3.29931 -18.7113 116
    endloop
  endfacet
  facet normal 0.216407 0.976303 0
    outer loop
      vertex -4.91756 -18.3526 116
      vertex -3.29931 -18.7113 112
      vertex -4.91756 -18.3526 112
    endloop
  endfacet
  facet normal 0.461718 0.887027 -0
    outer loop
      vertex -8.02975 -17.2198 112
      vertex -9.5 -16.4545 116
      vertex -8.02975 -17.2198 116
    endloop
  endfacet
  facet normal 0.461718 0.887027 0
    outer loop
      vertex -9.5 -16.4545 116
      vertex -8.02975 -17.2198 112
      vertex -9.5 -16.4545 112
    endloop
  endfacet
  facet normal 0.608786 0.793334 -0
    outer loop
      vertex -10.898 -15.5639 112
      vertex -12.213 -14.5548 116
      vertex -10.898 -15.5639 116
    endloop
  endfacet
  facet normal 0.608786 0.793334 0
    outer loop
      vertex -12.213 -14.5548 116
      vertex -10.898 -15.5639 112
      vertex -12.213 -14.5548 112
    endloop
  endfacet
  facet normal 0.953722 0.300689 0
    outer loop
      vertex -17.8542 -6.49838 116
      vertex -18.3526 -4.91756 112
      vertex -18.3526 -4.91756 116
    endloop
  endfacet
  facet normal 0.953722 0.300689 0
    outer loop
      vertex -18.3526 -4.91756 112
      vertex -17.8542 -6.49838 116
      vertex -17.8542 -6.49838 112
    endloop
  endfacet
  facet normal 0.991441 0.130555 0
    outer loop
      vertex -18.7113 -3.29931 116
      vertex -18.9277 -1.65596 112
      vertex -18.9277 -1.65596 116
    endloop
  endfacet
  facet normal 0.991441 0.130555 0
    outer loop
      vertex -18.9277 -1.65596 112
      vertex -18.7113 -3.29931 116
      vertex -18.7113 -3.29931 112
    endloop
  endfacet
  facet normal 0.843398 0.537289 0
    outer loop
      vertex -15.5639 -10.898 116
      vertex -16.4545 -9.5 112
      vertex -16.4545 -9.5 116
    endloop
  endfacet
  facet normal 0.843398 0.537289 0
    outer loop
      vertex -16.4545 -9.5 112
      vertex -15.5639 -10.898 116
      vertex -15.5639 -10.898 112
    endloop
  endfacet
  facet normal 0.923861 0.382728 0
    outer loop
      vertex -17.2198 -8.02975 116
      vertex -17.8542 -6.49838 112
      vertex -17.8542 -6.49838 116
    endloop
  endfacet
  facet normal 0.923861 0.382728 0
    outer loop
      vertex -17.8542 -6.49838 112
      vertex -17.2198 -8.02975 116
      vertex -17.2198 -8.02975 112
    endloop
  endfacet
  facet normal 0.737264 0.675604 0
    outer loop
      vertex -13.435 -13.435 116
      vertex -14.5548 -12.213 112
      vertex -14.5548 -12.213 116
    endloop
  endfacet
  facet normal 0.737264 0.675604 0
    outer loop
      vertex -14.5548 -12.213 112
      vertex -13.435 -13.435 116
      vertex -13.435 -13.435 112
    endloop
  endfacet
  facet normal 0.887027 -0.461718 0
    outer loop
      vertex -17.2198 8.02975 116
      vertex -16.4545 9.5 112
      vertex -16.4545 9.5 116
    endloop
  endfacet
  facet normal 0.887027 -0.461718 0
    outer loop
      vertex -16.4545 9.5 112
      vertex -17.2198 8.02975 116
      vertex -17.2198 8.02975 112
    endloop
  endfacet
  facet normal -0.953722 0.300689 0
    outer loop
      vertex 17.8542 -6.49838 112
      vertex 18.3526 -4.91756 116
      vertex 18.3526 -4.91756 112
    endloop
  endfacet
  facet normal -0.953722 0.300689 0
    outer loop
      vertex 18.3526 -4.91756 116
      vertex 17.8542 -6.49838 112
      vertex 17.8542 -6.49838 116
    endloop
  endfacet
  facet normal -0.216407 0.976303 0
    outer loop
      vertex 4.91756 -18.3526 112
      vertex 3.29931 -18.7113 116
      vertex 4.91756 -18.3526 116
    endloop
  endfacet
  facet normal -0.216407 0.976303 0
    outer loop
      vertex 3.29931 -18.7113 116
      vertex 4.91756 -18.3526 112
      vertex 3.29931 -18.7113 112
    endloop
  endfacet
  facet normal 0.887027 0.461718 0
    outer loop
      vertex -16.4545 -9.5 116
      vertex -17.2198 -8.02975 112
      vertex -17.2198 -8.02975 116
    endloop
  endfacet
  facet normal 0.887027 0.461718 0
    outer loop
      vertex -17.2198 -8.02975 112
      vertex -16.4545 -9.5 116
      vertex -16.4545 -9.5 112
    endloop
  endfacet
  facet normal 1 -0 0
    outer loop
      vertex 42 -8 114.5
      vertex 42 8 112
      vertex 42 8 114.5
    endloop
  endfacet
  facet normal 1 0 0
    outer loop
      vertex 42 8 112
      vertex 42 -8 114.5
      vertex 42 -8 112
    endloop
  endfacet
  facet normal 0 0 -1
    outer loop
      vertex 42 -8 114.5
      vertex 66 8 114.5
      vertex 66 -8 114.5
    endloop
  endfacet
  facet normal -0 0 -1
    outer loop
      vertex 66 8 114.5
      vertex 42 -8 114.5
      vertex 42 8 114.5
    endloop
  endfacet
  facet normal -1 0 0
    outer loop
      vertex 66 -8 112
      vertex 66 8 114.5
      vertex 66 8 112
    endloop
  endfacet
  facet normal -1 -0 0
    outer loop
      vertex 66 8 114.5
      vertex 66 -8 112
      vertex 66 -8 114.5
    endloop
  endfacet
  facet normal 0 1 -0
    outer loop
      vertex 66 -8 112
      vertex 42 -8 114.5
      vertex 66 -8 114.5
    endloop
  endfacet
  facet normal 0 1 0
    outer loop
      vertex 42 -8 114.5
      vertex 66 -8 112
      vertex 42 -8 112
    endloop
  endfacet
  facet normal 0 -1 0
    outer loop
      vertex 42 8 112
      vertex 66 8 114.5
      vertex 42 8 114.5
    endloop
  endfacet
  facet normal 0 -1 -0
    outer loop
      vertex 66 8 114.5
      vertex 42 8 112
      vertex 66 8 112
    endloop
  endfacet
  facet normal 0 -1 0
    outer loop
      vertex -8 66 112
      vertex 8 66 114.5
      vertex -8 66 114.5
    endloop
  endfacet
  facet normal 0 -1 -0
    outer loop
      vertex 8 66 114.5
      vertex -8 66 112
      vertex 8 66 112
    endloop
  endfacet
  facet normal 0 0 -1
    outer loop
      vertex -8 42 114.5
      vertex 8 66 114.5
      vertex 8 42 114.5
    endloop
  endfacet
  facet normal -0 0 -1
    outer loop
      vertex 8 66 114.5
      vertex -8 42 114.5
      vertex -8 66 114.5
    endloop
  endfacet
  facet normal 1 -0 0
    outer loop
      vertex -8 42 114.5
      vertex -8 66 112
      vertex -8 66 114.5
    endloop
  endfacet
  facet normal 1 0 0
    outer loop
      vertex -8 66 112
      vertex -8 42 114.5
      vertex -8 42 112
    endloop
  endfacet
  facet normal 0 1 -0
    outer loop
      vertex 8 42 112
      vertex -8 42 114.5
      vertex 8 42 114.5
    endloop
  endfacet
  facet normal 0 1 0
    outer loop
      vertex -8 42 114.5
      vertex 8 42 112
      vertex -8 42 112
    endloop
  endfacet
  facet normal -1 0 0
    outer loop
      vertex 8 42 112
      vertex 8 66 114.5
      vertex 8 66 112
    endloop
  endfacet
  facet normal -1 -0 0
    outer loop
      vertex 8 66 114.5
      vertex 8 42 112
      vertex 8 42 114.5
    endloop
  endfacet
  facet normal 0 0 -1
    outer loop
      vertex -66 -8 114.5
      vertex -42 8 114.5
      vertex -42 -8 114.5
    endloop
  endfacet
  facet normal -0 0 -1
    outer loop
      vertex -42 8 114.5
      vertex -66 -8 114.5
      vertex -66 8 114.5
    endloop
  endfacet
  facet normal 1 -0 0
    outer loop
      vertex -66 -8 114.5
      vertex -66 8 112
      vertex -66 8 114.5
    endloop
  endfacet
  facet normal 1 0 0
    outer loop
      vertex -66 8 112
      vertex -66 -8 114.5
      vertex -66 -8 112
    endloop
  endfacet
  facet normal 0 -1 0
    outer loop
      vertex -66 8 112
      vertex -42 8 114.5
      vertex -66 8 114.5
    endloop
  endfacet
  facet normal 0 -1 -0
    outer loop
      vertex -42 8 114.5
      vertex -66 8 112
      vertex -42 8 112
    endloop
  endfacet
  facet normal -1 0 0
    outer loop
      vertex -42 -8 112
      vertex -42 8 114.5
      vertex -42 8 112
    endloop
  endfacet
  facet normal -1 -0 0
    outer loop
      vertex -42 8 114.5
      vertex -42 -8 112
      vertex -42 -8 114.5
    endloop
  endfacet
  facet normal 0 1 -0
    outer loop
      vertex -42 -8 112
      vertex -66 -8 114.5
      vertex -42 -8 114.5
    endloop
  endfacet
  facet normal 0 1 0
    outer loop
      vertex -66 -8 114.5
      vertex -42 -8 112
      vertex -66 -8 112
    endloop
  endfacet
  facet normal 0 0 -1
    outer loop
      vertex -8 -66 114.5
      vertex 8 -42 114.5
      vertex 8 -66 114.5
    endloop
  endfacet
  facet normal -0 0 -1
    outer loop
      vertex 8 -42 114.5
      vertex -8 -66 114.5
      vertex -8 -42 114.5
    endloop
  endfacet
  facet normal 0 -1 0
    outer loop
      vertex -8 -42 112
      vertex 8 -42 114.5
      vertex -8 -42 114.5
    endloop
  endfacet
  facet normal 0 -1 -0
    outer loop
      vertex 8 -42 114.5
      vertex -8 -42 112
      vertex 8 -42 112
    endloop
  endfacet
  facet normal 0 1 -0
    outer loop
      vertex 8 -66 112
      vertex -8 -66 114.5
      vertex 8 -66 114.5
    endloop
  endfacet
  facet normal 0 1 0
    outer loop
      vertex -8 -66 114.5
      vertex 8 -66 112
      vertex -8 -66 112
    endloop
  endfacet
  facet normal 1 -0 0
    outer loop
      vertex -8 -66 114.5
      vertex -8 -42 112
      vertex -8 -42 114.5
    endloop
  endfacet
  facet normal 1 0 0
    outer loop
      vertex -8 -42 112
      vertex -8 -66 114.5
      vertex -8 -66 112
    endloop
  endfacet
  facet normal -1 0 0
    outer loop
      vertex 8 -66 112
      vertex 8 -42 114.5
      vertex 8 -42 112
    endloop
  endfacet
  facet normal -1 -0 0
    outer loop
      vertex 8 -42 114.5
      vertex 8 -66 112
      vertex 8 -66 114.5
    endloop
  endfacet
  facet normal 0.976293 0.216455 0
    outer loop
      vertex 23.6354 4.16756 126
      vertex 23.1822 6.21166 116
      vertex 23.1822 6.21166 126
    endloop
  endfacet
  facet normal 0.976293 0.216455 0
    outer loop
      vertex 23.1822 6.21166 116
      vertex 23.6354 4.16756 126
      vertex 23.6354 4.16756 116
    endloop
  endfacet
  facet normal 0.999049 0.0436064 0
    outer loop
      vertex 24 0 126
      vertex 23.9087 2.09174 116
      vertex 23.9087 2.09174 126
    endloop
  endfacet
  facet normal 0.999049 0.0436064 0
    outer loop
      vertex 23.9087 2.09174 116
      vertex 24 0 126
      vertex 24 0 116
    endloop
  endfacet
  facet normal -0.999049 0.0436064 0
    outer loop
      vertex -24 0 116
      vertex -23.9087 2.09174 126
      vertex -23.9087 2.09174 116
    endloop
  endfacet
  facet normal -0.999049 0.0436064 0
    outer loop
      vertex -23.9087 2.09174 126
      vertex -24 0 116
      vertex -24 0 126
    endloop
  endfacet
  facet normal 0.0436064 0.999049 -0
    outer loop
      vertex 2.09174 23.9087 116
      vertex 0 24 126
      vertex 2.09174 23.9087 126
    endloop
  endfacet
  facet normal 0.0436064 0.999049 0
    outer loop
      vertex 0 24 126
      vertex 2.09174 23.9087 116
      vertex 0 24 116
    endloop
  endfacet
  facet normal 0.67558 0.737287 -0
    outer loop
      vertex 16.9706 16.9706 116
      vertex 15.4269 18.3851 126
      vertex 16.9706 16.9706 126
    endloop
  endfacet
  facet normal 0.67558 0.737287 0
    outer loop
      vertex 15.4269 18.3851 126
      vertex 16.9706 16.9706 116
      vertex 15.4269 18.3851 116
    endloop
  endfacet
  facet normal -0.67558 0.737287 0
    outer loop
      vertex -15.4269 18.3851 116
      vertex -16.9706 16.9706 126
      vertex -15.4269 18.3851 126
    endloop
  endfacet
  facet normal -0.67558 0.737287 0
    outer loop
      vertex -16.9706 16.9706 126
      vertex -15.4269 18.3851 116
      vertex -16.9706 16.9706 116
    endloop
  endfacet
  facet normal -0.300708 0.953716 0
    outer loop
      vertex -6.21166 23.1822 116
      vertex -8.20848 22.5526 126
      vertex -6.21166 23.1822 126
    endloop
  endfacet
  facet normal -0.300708 0.953716 0
    outer loop
      vertex -8.20848 22.5526 126
      vertex -6.21166 23.1822 116
      vertex -8.20848 22.5526 116
    endloop
  endfacet
  facet normal -0.793378 -0.608729 0
    outer loop
      vertex -18.3851 -15.4269 116
      vertex -19.6596 -13.7658 126
      vertex -19.6596 -13.7658 116
    endloop
  endfacet
  facet normal -0.793378 -0.608729 0
    outer loop
      vertex -19.6596 -13.7658 126
      vertex -18.3851 -15.4269 116
      vertex -18.3851 -15.4269 126
    endloop
  endfacet
  facet normal 0.953716 0.300708 0
    outer loop
      vertex 23.1822 6.21166 126
      vertex 22.5526 8.20848 116
      vertex 22.5526 8.20848 126
    endloop
  endfacet
  facet normal 0.953716 0.300708 0
    outer loop
      vertex 22.5526 8.20848 116
      vertex 23.1822 6.21166 126
      vertex 23.1822 6.21166 116
    endloop
  endfacet
  facet normal 0.382675 0.923883 -0
    outer loop
      vertex 10.1428 21.7514 116
      vertex 8.20848 22.5526 126
      vertex 10.1428 21.7514 126
    endloop
  endfacet
  facet normal 0.382675 0.923883 0
    outer loop
      vertex 8.20848 22.5526 126
      vertex 10.1428 21.7514 116
      vertex 8.20848 22.5526 116
    endloop
  endfacet
  facet normal -0.843378 0.53732 0
    outer loop
      vertex -20.7846 12 116
      vertex -19.6596 13.7658 126
      vertex -19.6596 13.7658 116
    endloop
  endfacet
  facet normal -0.843378 0.53732 0
    outer loop
      vertex -19.6596 13.7658 126
      vertex -20.7846 12 116
      vertex -20.7846 12 126
    endloop
  endfacet
  facet normal -0.793378 0.608729 0
    outer loop
      vertex -19.6596 13.7658 116
      vertex -18.3851 15.4269 126
      vertex -18.3851 15.4269 116
    endloop
  endfacet
  facet normal -0.793378 0.608729 0
    outer loop
      vertex -18.3851 15.4269 126
      vertex -19.6596 13.7658 116
      vertex -19.6596 13.7658 126
    endloop
  endfacet
  facet normal 0.88701 -0.46175 0
    outer loop
      vertex 20.7846 -12 126
      vertex 21.7514 -10.1428 116
      vertex 21.7514 -10.1428 126
    endloop
  endfacet
  facet normal 0.88701 -0.46175 0
    outer loop
      vertex 21.7514 -10.1428 116
      vertex 20.7846 -12 126
      vertex 20.7846 -12 116
    endloop
  endfacet
  facet normal 0.300708 -0.953716 0
    outer loop
      vertex 6.21166 -23.1822 116
      vertex 8.20848 -22.5526 126
      vertex 6.21166 -23.1822 126
    endloop
  endfacet
  facet normal 0.300708 -0.953716 0
    outer loop
      vertex 8.20848 -22.5526 126
      vertex 6.21166 -23.1822 116
      vertex 8.20848 -22.5526 116
    endloop
  endfacet
  facet normal 0.737287 -0.67558 0
    outer loop
      vertex 16.9706 -16.9706 126
      vertex 18.3851 -15.4269 116
      vertex 18.3851 -15.4269 126
    endloop
  endfacet
  facet normal 0.737287 -0.67558 0
    outer loop
      vertex 18.3851 -15.4269 116
      vertex 16.9706 -16.9706 126
      vertex 16.9706 -16.9706 116
    endloop
  endfacet
  facet normal 0.953716 -0.300708 0
    outer loop
      vertex 22.5526 -8.20848 126
      vertex 23.1822 -6.21166 116
      vertex 23.1822 -6.21166 126
    endloop
  endfacet
  facet normal 0.953716 -0.300708 0
    outer loop
      vertex 23.1822 -6.21166 116
      vertex 22.5526 -8.20848 126
      vertex 22.5526 -8.20848 116
    endloop
  endfacet
  facet normal -0.300708 -0.953716 0
    outer loop
      vertex -8.20848 -22.5526 116
      vertex -6.21166 -23.1822 126
      vertex -8.20848 -22.5526 126
    endloop
  endfacet
  facet normal -0.300708 -0.953716 -0
    outer loop
      vertex -6.21166 -23.1822 126
      vertex -8.20848 -22.5526 116
      vertex -6.21166 -23.1822 116
    endloop
  endfacet
  facet normal 0.991444 0.130532 0
    outer loop
      vertex 23.9087 2.09174 126
      vertex 23.6354 4.16756 116
      vertex 23.6354 4.16756 126
    endloop
  endfacet
  facet normal 0.991444 0.130532 0
    outer loop
      vertex 23.6354 4.16756 116
      vertex 23.9087 2.09174 126
      vertex 23.9087 2.09174 116
    endloop
  endfacet
  facet normal 0.923883 0.382675 0
    outer loop
      vertex 22.5526 8.20848 126
      vertex 21.7514 10.1428 116
      vertex 21.7514 10.1428 126
    endloop
  endfacet
  facet normal 0.923883 0.382675 0
    outer loop
      vertex 21.7514 10.1428 116
      vertex 22.5526 8.20848 126
      vertex 22.5526 8.20848 116
    endloop
  endfacet
  facet normal 0.88701 0.46175 0
    outer loop
      vertex 21.7514 10.1428 126
      vertex 20.7846 12 116
      vertex 20.7846 12 126
    endloop
  endfacet
  facet normal 0.88701 0.46175 0
    outer loop
      vertex 20.7846 12 116
      vertex 21.7514 10.1428 126
      vertex 21.7514 10.1428 116
    endloop
  endfacet
  facet normal 0.737287 0.67558 0
    outer loop
      vertex 18.3851 15.4269 126
      vertex 16.9706 16.9706 116
      vertex 16.9706 16.9706 126
    endloop
  endfacet
  facet normal 0.737287 0.67558 0
    outer loop
      vertex 16.9706 16.9706 116
      vertex 18.3851 15.4269 126
      vertex 18.3851 15.4269 116
    endloop
  endfacet
  facet normal 0.843378 0.53732 0
    outer loop
      vertex 20.7846 12 126
      vertex 19.6596 13.7658 116
      vertex 19.6596 13.7658 126
    endloop
  endfacet
  facet normal 0.843378 0.53732 0
    outer loop
      vertex 19.6596 13.7658 116
      vertex 20.7846 12 126
      vertex 20.7846 12 116
    endloop
  endfacet
  facet normal 0.300708 0.953716 -0
    outer loop
      vertex 8.20848 22.5526 116
      vertex 6.21166 23.1822 126
      vertex 8.20848 22.5526 126
    endloop
  endfacet
  facet normal 0.300708 0.953716 0
    outer loop
      vertex 6.21166 23.1822 126
      vertex 8.20848 22.5526 116
      vertex 6.21166 23.1822 116
    endloop
  endfacet
  facet normal 0.216455 0.976293 -0
    outer loop
      vertex 6.21166 23.1822 116
      vertex 4.16756 23.6354 126
      vertex 6.21166 23.1822 126
    endloop
  endfacet
  facet normal 0.216455 0.976293 0
    outer loop
      vertex 4.16756 23.6354 126
      vertex 6.21166 23.1822 116
      vertex 4.16756 23.6354 116
    endloop
  endfacet
  facet normal 0.130532 0.991444 -0
    outer loop
      vertex 4.16756 23.6354 116
      vertex 2.09174 23.9087 126
      vertex 4.16756 23.6354 126
    endloop
  endfacet
  facet normal 0.130532 0.991444 0
    outer loop
      vertex 2.09174 23.9087 126
      vertex 4.16756 23.6354 116
      vertex 2.09174 23.9087 116
    endloop
  endfacet
  facet normal 0.608729 0.793378 -0
    outer loop
      vertex 15.4269 18.3851 116
      vertex 13.7658 19.6596 126
      vertex 15.4269 18.3851 126
    endloop
  endfacet
  facet normal 0.608729 0.793378 0
    outer loop
      vertex 13.7658 19.6596 126
      vertex 15.4269 18.3851 116
      vertex 13.7658 19.6596 116
    endloop
  endfacet
  facet normal 0.53732 0.843378 -0
    outer loop
      vertex 13.7658 19.6596 116
      vertex 12 20.7846 126
      vertex 13.7658 19.6596 126
    endloop
  endfacet
  facet normal 0.53732 0.843378 0
    outer loop
      vertex 12 20.7846 126
      vertex 13.7658 19.6596 116
      vertex 12 20.7846 116
    endloop
  endfacet
  facet normal -0.737287 0.67558 0
    outer loop
      vertex -18.3851 15.4269 116
      vertex -16.9706 16.9706 126
      vertex -16.9706 16.9706 116
    endloop
  endfacet
  facet normal -0.737287 0.67558 0
    outer loop
      vertex -16.9706 16.9706 126
      vertex -18.3851 15.4269 116
      vertex -18.3851 15.4269 126
    endloop
  endfacet
  facet normal -0.923883 0.382675 0
    outer loop
      vertex -22.5526 8.20848 116
      vertex -21.7514 10.1428 126
      vertex -21.7514 10.1428 116
    endloop
  endfacet
  facet normal -0.923883 0.382675 0
    outer loop
      vertex -21.7514 10.1428 126
      vertex -22.5526 8.20848 116
      vertex -22.5526 8.20848 126
    endloop
  endfacet
  facet normal -0.953716 0.300708 0
    outer loop
      vertex -23.1822 6.21166 116
      vertex -22.5526 8.20848 126
      vertex -22.5526 8.20848 116
    endloop
  endfacet
  facet normal -0.953716 0.300708 0
    outer loop
      vertex -22.5526 8.20848 126
      vertex -23.1822 6.21166 116
      vertex -23.1822 6.21166 126
    endloop
  endfacet
  facet normal -0.976293 0.216455 0
    outer loop
      vertex -23.6354 4.16756 116
      vertex -23.1822 6.21166 126
      vertex -23.1822 6.21166 116
    endloop
  endfacet
  facet normal -0.976293 0.216455 0
    outer loop
      vertex -23.1822 6.21166 126
      vertex -23.6354 4.16756 116
      vertex -23.6354 4.16756 126
    endloop
  endfacet
  facet normal -0.991444 0.130532 0
    outer loop
      vertex -23.9087 2.09174 116
      vertex -23.6354 4.16756 126
      vertex -23.6354 4.16756 116
    endloop
  endfacet
  facet normal -0.991444 0.130532 0
    outer loop
      vertex -23.6354 4.16756 126
      vertex -23.9087 2.09174 116
      vertex -23.9087 2.09174 126
    endloop
  endfacet
  facet normal -0.53732 0.843378 0
    outer loop
      vertex -12 20.7846 116
      vertex -13.7658 19.6596 126
      vertex -12 20.7846 126
    endloop
  endfacet
  facet normal -0.53732 0.843378 0
    outer loop
      vertex -13.7658 19.6596 126
      vertex -12 20.7846 116
      vertex -13.7658 19.6596 116
    endloop
  endfacet
  facet normal -0.382675 0.923883 0
    outer loop
      vertex -8.20848 22.5526 116
      vertex -10.1428 21.7514 126
      vertex -8.20848 22.5526 126
    endloop
  endfacet
  facet normal -0.382675 0.923883 0
    outer loop
      vertex -10.1428 21.7514 126
      vertex -8.20848 22.5526 116
      vertex -10.1428 21.7514 116
    endloop
  endfacet
  facet normal -0.608729 0.793378 0
    outer loop
      vertex -13.7658 19.6596 116
      vertex -15.4269 18.3851 126
      vertex -13.7658 19.6596 126
    endloop
  endfacet
  facet normal -0.608729 0.793378 0
    outer loop
      vertex -15.4269 18.3851 126
      vertex -13.7658 19.6596 116
      vertex -15.4269 18.3851 116
    endloop
  endfacet
  facet normal -0.0436064 0.999049 0
    outer loop
      vertex 0 24 116
      vertex -2.09174 23.9087 126
      vertex 0 24 126
    endloop
  endfacet
  facet normal -0.0436064 0.999049 0
    outer loop
      vertex -2.09174 23.9087 126
      vertex 0 24 116
      vertex -2.09174 23.9087 116
    endloop
  endfacet
  facet normal -0.216455 0.976293 0
    outer loop
      vertex -4.16756 23.6354 116
      vertex -6.21166 23.1822 126
      vertex -4.16756 23.6354 126
    endloop
  endfacet
  facet normal -0.216455 0.976293 0
    outer loop
      vertex -6.21166 23.1822 126
      vertex -4.16756 23.6354 116
      vertex -6.21166 23.1822 116
    endloop
  endfacet
  facet normal -0.130532 0.991444 0
    outer loop
      vertex -2.09174 23.9087 116
      vertex -4.16756 23.6354 126
      vertex -2.09174 23.9087 126
    endloop
  endfacet
  facet normal -0.130532 0.991444 0
    outer loop
      vertex -4.16756 23.6354 126
      vertex -2.09174 23.9087 116
      vertex -4.16756 23.6354 116
    endloop
  endfacet
  facet normal 0.0436064 -0.999049 0
    outer loop
      vertex 0 -24 116
      vertex 2.09174 -23.9087 126
      vertex 0 -24 126
    endloop
  endfacet
  facet normal 0.0436064 -0.999049 0
    outer loop
      vertex 2.09174 -23.9087 126
      vertex 0 -24 116
      vertex 2.09174 -23.9087 116
    endloop
  endfacet
  facet normal 0.46175 -0.88701 0
    outer loop
      vertex 10.1428 -21.7514 116
      vertex 12 -20.7846 126
      vertex 10.1428 -21.7514 126
    endloop
  endfacet
  facet normal 0.46175 -0.88701 0
    outer loop
      vertex 12 -20.7846 126
      vertex 10.1428 -21.7514 116
      vertex 12 -20.7846 116
    endloop
  endfacet
  facet normal 0.793378 -0.608729 0
    outer loop
      vertex 18.3851 -15.4269 126
      vertex 19.6596 -13.7658 116
      vertex 19.6596 -13.7658 126
    endloop
  endfacet
  facet normal 0.793378 -0.608729 0
    outer loop
      vertex 19.6596 -13.7658 116
      vertex 18.3851 -15.4269 126
      vertex 18.3851 -15.4269 116
    endloop
  endfacet
  facet normal 0.843378 -0.53732 0
    outer loop
      vertex 19.6596 -13.7658 126
      vertex 20.7846 -12 116
      vertex 20.7846 -12 126
    endloop
  endfacet
  facet normal 0.843378 -0.53732 0
    outer loop
      vertex 20.7846 -12 116
      vertex 19.6596 -13.7658 126
      vertex 19.6596 -13.7658 116
    endloop
  endfacet
  facet normal -0.130532 -0.991444 0
    outer loop
      vertex -4.16756 -23.6354 116
      vertex -2.09174 -23.9087 126
      vertex -4.16756 -23.6354 126
    endloop
  endfacet
  facet normal -0.130532 -0.991444 -0
    outer loop
      vertex -2.09174 -23.9087 126
      vertex -4.16756 -23.6354 116
      vertex -2.09174 -23.9087 116
    endloop
  endfacet
  facet normal -0.67558 -0.737287 0
    outer loop
      vertex -16.9706 -16.9706 116
      vertex -15.4269 -18.3851 126
      vertex -16.9706 -16.9706 126
    endloop
  endfacet
  facet normal -0.67558 -0.737287 -0
    outer loop
      vertex -15.4269 -18.3851 126
      vertex -16.9706 -16.9706 116
      vertex -15.4269 -18.3851 116
    endloop
  endfacet
  facet normal -0.0436064 -0.999049 0
    outer loop
      vertex -2.09174 -23.9087 116
      vertex 0 -24 126
      vertex -2.09174 -23.9087 126
    endloop
  endfacet
  facet normal -0.0436064 -0.999049 -0
    outer loop
      vertex 0 -24 126
      vertex -2.09174 -23.9087 116
      vertex 0 -24 116
    endloop
  endfacet
  facet normal -0.608729 -0.793378 0
    outer loop
      vertex -15.4269 -18.3851 116
      vertex -13.7658 -19.6596 126
      vertex -15.4269 -18.3851 126
    endloop
  endfacet
  facet normal -0.608729 -0.793378 -0
    outer loop
      vertex -13.7658 -19.6596 126
      vertex -15.4269 -18.3851 116
      vertex -13.7658 -19.6596 116
    endloop
  endfacet
  facet normal -0.737287 -0.67558 0
    outer loop
      vertex -16.9706 -16.9706 116
      vertex -18.3851 -15.4269 126
      vertex -18.3851 -15.4269 116
    endloop
  endfacet
  facet normal -0.737287 -0.67558 0
    outer loop
      vertex -18.3851 -15.4269 126
      vertex -16.9706 -16.9706 116
      vertex -16.9706 -16.9706 126
    endloop
  endfacet
  facet normal -0.923883 -0.382675 0
    outer loop
      vertex -21.7514 -10.1428 116
      vertex -22.5526 -8.20848 126
      vertex -22.5526 -8.20848 116
    endloop
  endfacet
  facet normal -0.923883 -0.382675 0
    outer loop
      vertex -22.5526 -8.20848 126
      vertex -21.7514 -10.1428 116
      vertex -21.7514 -10.1428 126
    endloop
  endfacet
  facet normal -0.976293 -0.216455 0
    outer loop
      vertex -23.1822 -6.21166 116
      vertex -23.6354 -4.16756 126
      vertex -23.6354 -4.16756 116
    endloop
  endfacet
  facet normal -0.976293 -0.216455 0
    outer loop
      vertex -23.6354 -4.16756 126
      vertex -23.1822 -6.21166 116
      vertex -23.1822 -6.21166 126
    endloop
  endfacet
  facet normal -0.999049 -0.0436064 0
    outer loop
      vertex -23.9087 -2.09174 116
      vertex -24 0 126
      vertex -24 0 116
    endloop
  endfacet
  facet normal -0.999049 -0.0436064 0
    outer loop
      vertex -24 0 126
      vertex -23.9087 -2.09174 116
      vertex -23.9087 -2.09174 126
    endloop
  endfacet
  facet normal 0.793378 0.608729 0
    outer loop
      vertex 19.6596 13.7658 126
      vertex 18.3851 15.4269 116
      vertex 18.3851 15.4269 126
    endloop
  endfacet
  facet normal 0.793378 0.608729 0
    outer loop
      vertex 18.3851 15.4269 116
      vertex 19.6596 13.7658 126
      vertex 19.6596 13.7658 116
    endloop
  endfacet
  facet normal 0.46175 0.88701 -0
    outer loop
      vertex 12 20.7846 116
      vertex 10.1428 21.7514 126
      vertex 12 20.7846 126
    endloop
  endfacet
  facet normal 0.46175 0.88701 0
    outer loop
      vertex 10.1428 21.7514 126
      vertex 12 20.7846 116
      vertex 10.1428 21.7514 116
    endloop
  endfacet
  facet normal -0.88701 0.46175 0
    outer loop
      vertex -21.7514 10.1428 116
      vertex -20.7846 12 126
      vertex -20.7846 12 116
    endloop
  endfacet
  facet normal -0.88701 0.46175 0
    outer loop
      vertex -20.7846 12 126
      vertex -21.7514 10.1428 116
      vertex -21.7514 10.1428 126
    endloop
  endfacet
  facet normal 0 0 1
    outer loop
      vertex 15 0 126
      vertex 24 0 126
      vertex 23.9087 2.09174 126
    endloop
  endfacet
  facet normal 0 0 1
    outer loop
      vertex 14.9429 1.30734 126
      vertex 23.9087 2.09174 126
      vertex 23.6354 4.16756 126
    endloop
  endfacet
  facet normal 0 0 1
    outer loop
      vertex 24 0 126
      vertex 15 0 126
      vertex 23.9087 -2.09174 126
    endloop
  endfacet
  facet normal 0 0 1
    outer loop
      vertex 14.7721 2.60472 126
      vertex 23.6354 4.16756 126
      vertex 23.1822 6.21166 126
    endloop
  endfacet
  facet normal -0 0 1
    outer loop
      vertex 14.9429 -1.30734 126
      vertex 23.9087 -2.09174 126
      vertex 15 0 126
    endloop
  endfacet
  facet normal 0 0 1
    outer loop
      vertex 14.4889 3.88229 126
      vertex 23.1822 6.21166 126
      vertex 22.5526 8.20848 126
    endloop
  endfacet
  facet normal 0 0 1
    outer loop
      vertex 23.9087 -2.09174 126
      vertex 14.9429 -1.30734 126
      vertex 23.6354 -4.16756 126
    endloop
  endfacet
  facet normal 0 0 1
    outer loop
      vertex 14.0954 5.1303 126
      vertex 22.5526 8.20848 126
      vertex 21.7514 10.1428 126
    endloop
  endfacet
  facet normal -0 0 1
    outer loop
      vertex 14.7721 -2.60472 126
      vertex 23.6354 -4.16756 126
      vertex 14.9429 -1.30734 126
    endloop
  endfacet
  facet normal 0 0 1
    outer loop
      vertex 13.5946 6.33927 126
      vertex 21.7514 10.1428 126
      vertex 20.7846 12 126
    endloop
  endfacet
  facet normal 0 0 1
    outer loop
      vertex 23.6354 -4.16756 126
      vertex 14.7721 -2.60472 126
      vertex 23.1822 -6.21166 126
    endloop
  endfacet
  facet normal 0 0 1
    outer loop
      vertex 12.9904 7.5 126
      vertex 20.7846 12 126
      vertex 19.6596 13.7658 126
    endloop
  endfacet
  facet normal -0 0 1
    outer loop
      vertex 14.4889 -3.88229 126
      vertex 23.1822 -6.21166 126
      vertex 14.7721 -2.60472 126
    endloop
  endfacet
  facet normal 0 0 1
    outer loop
      vertex 12.2873 8.60365 126
      vertex 19.6596 13.7658 126
      vertex 18.3851 15.4269 126
    endloop
  endfacet
  facet normal 0 0 1
    outer loop
      vertex 23.1822 -6.21166 126
      vertex 14.4889 -3.88229 126
      vertex 22.5526 -8.20848 126
    endloop
  endfacet
  facet normal 0 0 1
    outer loop
      vertex 11.4907 9.64181 126
      vertex 18.3851 15.4269 126
      vertex 16.9706 16.9706 126
    endloop
  endfacet
  facet normal -0 0 1
    outer loop
      vertex 14.0954 -5.1303 126
      vertex 22.5526 -8.20848 126
      vertex 14.4889 -3.88229 126
    endloop
  endfacet
  facet normal 0 0 1
    outer loop
      vertex 10.6066 10.6066 126
      vertex 16.9706 16.9706 126
      vertex 15.4269 18.3851 126
    endloop
  endfacet
  facet normal 0 0 1
    outer loop
      vertex 22.5526 -8.20848 126
      vertex 14.0954 -5.1303 126
      vertex 21.7514 -10.1428 126
    endloop
  endfacet
  facet normal -0 0 1
    outer loop
      vertex 13.5946 -6.33927 126
      vertex 21.7514 -10.1428 126
      vertex 14.0954 -5.1303 126
    endloop
  endfacet
  facet normal 0 0 1
    outer loop
      vertex 23.9087 2.09174 126
      vertex 14.9429 1.30734 126
      vertex 15 0 126
    endloop
  endfacet
  facet normal 0 0 1
    outer loop
      vertex 23.6354 4.16756 126
      vertex 14.7721 2.60472 126
      vertex 14.9429 1.30734 126
    endloop
  endfacet
  facet normal 0 0 1
    outer loop
      vertex 23.1822 6.21166 126
      vertex 14.4889 3.88229 126
      vertex 14.7721 2.60472 126
    endloop
  endfacet
  facet normal 0 0 1
    outer loop
      vertex 22.5526 8.20848 126
      vertex 14.0954 5.1303 126
      vertex 14.4889 3.88229 126
    endloop
  endfacet
  facet normal 0 0 1
    outer loop
      vertex 9.64181 11.4907 126
      vertex 15.4269 18.3851 126
      vertex 13.7658 19.6596 126
    endloop
  endfacet
  facet normal 0 0 1
    outer loop
      vertex 21.7514 10.1428 126
      vertex 13.5946 6.33927 126
      vertex 14.0954 5.1303 126
    endloop
  endfacet
  facet normal 0 0 1
    outer loop
      vertex 20.7846 12 126
      vertex 12.9904 7.5 126
      vertex 13.5946 6.33927 126
    endloop
  endfacet
  facet normal 0 0 1
    outer loop
      vertex 19.6596 13.7658 126
      vertex 12.2873 8.60365 126
      vertex 12.9904 7.5 126
    endloop
  endfacet
  facet normal 0 0 1
    outer loop
      vertex 8.60365 12.2873 126
      vertex 13.7658 19.6596 126
      vertex 12 20.7846 126
    endloop
  endfacet
  facet normal 0 0 1
    outer loop
      vertex 18.3851 15.4269 126
      vertex 11.4907 9.64181 126
      vertex 12.2873 8.60365 126
    endloop
  endfacet
  facet normal 0 0 1
    outer loop
      vertex 16.9706 16.9706 126
      vertex 10.6066 10.6066 126
      vertex 11.4907 9.64181 126
    endloop
  endfacet
  facet normal 0 0 1
    outer loop
      vertex 7.5 12.9904 126
      vertex 12 20.7846 126
      vertex 10.1428 21.7514 126
    endloop
  endfacet
  facet normal 0 0 1
    outer loop
      vertex 15.4269 18.3851 126
      vertex 9.64181 11.4907 126
      vertex 10.6066 10.6066 126
    endloop
  endfacet
  facet normal 0 0 1
    outer loop
      vertex 13.7658 19.6596 126
      vertex 8.60365 12.2873 126
      vertex 9.64181 11.4907 126
    endloop
  endfacet
  facet normal 0 0 1
    outer loop
      vertex 6.33927 13.5946 126
      vertex 10.1428 21.7514 126
      vertex 8.20848 22.5526 126
    endloop
  endfacet
  facet normal 0 0 1
    outer loop
      vertex 12 20.7846 126
      vertex 7.5 12.9904 126
      vertex 8.60365 12.2873 126
    endloop
  endfacet
  facet normal 0 0 1
    outer loop
      vertex 10.1428 21.7514 126
      vertex 6.33927 13.5946 126
      vertex 7.5 12.9904 126
    endloop
  endfacet
  facet normal 0 0 1
    outer loop
      vertex 5.1303 14.0954 126
      vertex 8.20848 22.5526 126
      vertex 6.21166 23.1822 126
    endloop
  endfacet
  facet normal 0 0 1
    outer loop
      vertex 8.20848 22.5526 126
      vertex 5.1303 14.0954 126
      vertex 6.33927 13.5946 126
    endloop
  endfacet
  facet normal 0 0 1
    outer loop
      vertex 3.88229 14.4889 126
      vertex 6.21166 23.1822 126
      vertex 4.16756 23.6354 126
    endloop
  endfacet
  facet normal 0 0 1
    outer loop
      vertex 6.21166 23.1822 126
      vertex 3.88229 14.4889 126
      vertex 5.1303 14.0954 126
    endloop
  endfacet
  facet normal 0 0 1
    outer loop
      vertex 4.16756 23.6354 126
      vertex 2.60472 14.7721 126
      vertex 3.88229 14.4889 126
    endloop
  endfacet
  facet normal 0 0 1
    outer loop
      vertex 2.09174 23.9087 126
      vertex 2.60472 14.7721 126
      vertex 4.16756 23.6354 126
    endloop
  endfacet
  facet normal 0 0 1
    outer loop
      vertex 2.09174 23.9087 126
      vertex 1.30734 14.9429 126
      vertex 2.60472 14.7721 126
    endloop
  endfacet
  facet normal 0 0 1
    outer loop
      vertex 0 24 126
      vertex 1.30734 14.9429 126
      vertex 2.09174 23.9087 126
    endloop
  endfacet
  facet normal 0 0 1
    outer loop
      vertex 0 24 126
      vertex 0 15 126
      vertex 1.30734 14.9429 126
    endloop
  endfacet
  facet normal 0 0 1
    outer loop
      vertex 0 24 126
      vertex -1.30734 14.9429 126
      vertex 0 15 126
    endloop
  endfacet
  facet normal -0 0 1
    outer loop
      vertex -2.09174 23.9087 126
      vertex -1.30734 14.9429 126
      vertex 0 24 126
    endloop
  endfacet
  facet normal 0 0 1
    outer loop
      vertex -2.09174 23.9087 126
      vertex -2.60472 14.7721 126
      vertex -1.30734 14.9429 126
    endloop
  endfacet
  facet normal -0 0 1
    outer loop
      vertex -4.16756 23.6354 126
      vertex -2.60472 14.7721 126
      vertex -2.09174 23.9087 126
    endloop
  endfacet
  facet normal 0 0 1
    outer loop
      vertex -2.60472 14.7721 126
      vertex -4.16756 23.6354 126
      vertex -3.88229 14.4889 126
    endloop
  endfacet
  facet normal -0 0 1
    outer loop
      vertex -6.21166 23.1822 126
      vertex -3.88229 14.4889 126
      vertex -4.16756 23.6354 126
    endloop
  endfacet
  facet normal 0 0 1
    outer loop
      vertex -3.88229 14.4889 126
      vertex -6.21166 23.1822 126
      vertex -5.1303 14.0954 126
    endloop
  endfacet
  facet normal -0 0 1
    outer loop
      vertex -8.20848 22.5526 126
      vertex -5.1303 14.0954 126
      vertex -6.21166 23.1822 126
    endloop
  endfacet
  facet normal 0 0 1
    outer loop
      vertex -5.1303 14.0954 126
      vertex -8.20848 22.5526 126
      vertex -6.33927 13.5946 126
    endloop
  endfacet
  facet normal -0 0 1
    outer loop
      vertex -10.1428 21.7514 126
      vertex -6.33927 13.5946 126
      vertex -8.20848 22.5526 126
    endloop
  endfacet
  facet normal 0 0 1
    outer loop
      vertex -6.33927 13.5946 126
      vertex -10.1428 21.7514 126
      vertex -7.5 12.9904 126
    endloop
  endfacet
  facet normal -0 0 1
    outer loop
      vertex -12 20.7846 126
      vertex -7.5 12.9904 126
      vertex -10.1428 21.7514 126
    endloop
  endfacet
  facet normal 0 0 1
    outer loop
      vertex -7.5 12.9904 126
      vertex -12 20.7846 126
      vertex -8.60365 12.2873 126
    endloop
  endfacet
  facet normal -0 0 1
    outer loop
      vertex -13.7658 19.6596 126
      vertex -8.60365 12.2873 126
      vertex -12 20.7846 126
    endloop
  endfacet
  facet normal 0 0 1
    outer loop
      vertex -8.60365 12.2873 126
      vertex -13.7658 19.6596 126
      vertex -9.64181 11.4907 126
    endloop
  endfacet
  facet normal -0 0 1
    outer loop
      vertex -15.4269 18.3851 126
      vertex -9.64181 11.4907 126
      vertex -13.7658 19.6596 126
    endloop
  endfacet
  facet normal 0 0 1
    outer loop
      vertex -9.64181 11.4907 126
      vertex -15.4269 18.3851 126
      vertex -10.6066 10.6066 126
    endloop
  endfacet
  facet normal -0 0 1
    outer loop
      vertex -16.9706 16.9706 126
      vertex -10.6066 10.6066 126
      vertex -15.4269 18.3851 126
    endloop
  endfacet
  facet normal 0 0 1
    outer loop
      vertex -10.6066 10.6066 126
      vertex -16.9706 16.9706 126
      vertex -11.4907 9.64181 126
    endloop
  endfacet
  facet normal -0 0 1
    outer loop
      vertex -18.3851 15.4269 126
      vertex -11.4907 9.64181 126
      vertex -16.9706 16.9706 126
    endloop
  endfacet
  facet normal 0 0 1
    outer loop
      vertex -11.4907 9.64181 126
      vertex -18.3851 15.4269 126
      vertex -12.2873 8.60365 126
    endloop
  endfacet
  facet normal -0 0 1
    outer loop
      vertex -19.6596 13.7658 126
      vertex -12.2873 8.60365 126
      vertex -18.3851 15.4269 126
    endloop
  endfacet
  facet normal 0 0 1
    outer loop
      vertex -12.2873 8.60365 126
      vertex -19.6596 13.7658 126
      vertex -12.9904 7.5 126
    endloop
  endfacet
  facet normal -0 0 1
    outer loop
      vertex -20.7846 12 126
      vertex -12.9904 7.5 126
      vertex -19.6596 13.7658 126
    endloop
  endfacet
  facet normal -0 0 1
    outer loop
      vertex -21.7514 10.1428 126
      vertex -13.5946 6.33927 126
      vertex -20.7846 12 126
    endloop
  endfacet
  facet normal 0 0 1
    outer loop
      vertex -12.9904 7.5 126
      vertex -20.7846 12 126
      vertex -13.5946 6.33927 126
    endloop
  endfacet
  facet normal 0 0 1
    outer loop
      vertex 21.7514 -10.1428 126
      vertex 13.5946 -6.33927 126
      vertex 20.7846 -12 126
    endloop
  endfacet
  facet normal -0 0 1
    outer loop
      vertex 12.9904 -7.5 126
      vertex 20.7846 -12 126
      vertex 13.5946 -6.33927 126
    endloop
  endfacet
  facet normal 0 0 1
    outer loop
      vertex 20.7846 -12 126
      vertex 12.9904 -7.5 126
      vertex 19.6596 -13.7658 126
    endloop
  endfacet
  facet normal -0 0 1
    outer loop
      vertex 12.2873 -8.60365 126
      vertex 19.6596 -13.7658 126
      vertex 12.9904 -7.5 126
    endloop
  endfacet
  facet normal 0 0 1
    outer loop
      vertex 19.6596 -13.7658 126
      vertex 12.2873 -8.60365 126
      vertex 18.3851 -15.4269 126
    endloop
  endfacet
  facet normal -0 0 1
    outer loop
      vertex 11.4907 -9.64181 126
      vertex 18.3851 -15.4269 126
      vertex 12.2873 -8.60365 126
    endloop
  endfacet
  facet normal 0 0 1
    outer loop
      vertex 18.3851 -15.4269 126
      vertex 11.4907 -9.64181 126
      vertex 16.9706 -16.9706 126
    endloop
  endfacet
  facet normal -0 0 1
    outer loop
      vertex 10.6066 -10.6066 126
      vertex 16.9706 -16.9706 126
      vertex 11.4907 -9.64181 126
    endloop
  endfacet
  facet normal 0 0 1
    outer loop
      vertex 16.9706 -16.9706 126
      vertex 10.6066 -10.6066 126
      vertex 15.4269 -18.3851 126
    endloop
  endfacet
  facet normal -0 0 1
    outer loop
      vertex 9.64181 -11.4907 126
      vertex 15.4269 -18.3851 126
      vertex 10.6066 -10.6066 126
    endloop
  endfacet
  facet normal 0 0 1
    outer loop
      vertex 15.4269 -18.3851 126
      vertex 9.64181 -11.4907 126
      vertex 13.7658 -19.6596 126
    endloop
  endfacet
  facet normal -0 0 1
    outer loop
      vertex 8.60365 -12.2873 126
      vertex 13.7658 -19.6596 126
      vertex 9.64181 -11.4907 126
    endloop
  endfacet
  facet normal 0 0 1
    outer loop
      vertex 13.7658 -19.6596 126
      vertex 8.60365 -12.2873 126
      vertex 12 -20.7846 126
    endloop
  endfacet
  facet normal -0 0 1
    outer loop
      vertex 7.5 -12.9904 126
      vertex 12 -20.7846 126
      vertex 8.60365 -12.2873 126
    endloop
  endfacet
  facet normal 0 0 1
    outer loop
      vertex 12 -20.7846 126
      vertex 7.5 -12.9904 126
      vertex 10.1428 -21.7514 126
    endloop
  endfacet
  facet normal -0 0 1
    outer loop
      vertex 6.33927 -13.5946 126
      vertex 10.1428 -21.7514 126
      vertex 7.5 -12.9904 126
    endloop
  endfacet
  facet normal 0 0 1
    outer loop
      vertex 10.1428 -21.7514 126
      vertex 6.33927 -13.5946 126
      vertex 8.20848 -22.5526 126
    endloop
  endfacet
  facet normal -0 0 1
    outer loop
      vertex 5.1303 -14.0954 126
      vertex 8.20848 -22.5526 126
      vertex 6.33927 -13.5946 126
    endloop
  endfacet
  facet normal 0 0 1
    outer loop
      vertex 8.20848 -22.5526 126
      vertex 5.1303 -14.0954 126
      vertex 6.21166 -23.1822 126
    endloop
  endfacet
  facet normal -0 0 1
    outer loop
      vertex 3.88229 -14.4889 126
      vertex 6.21166 -23.1822 126
      vertex 5.1303 -14.0954 126
    endloop
  endfacet
  facet normal 0 0 1
    outer loop
      vertex 6.21166 -23.1822 126
      vertex 3.88229 -14.4889 126
      vertex 4.16756 -23.6354 126
    endloop
  endfacet
  facet normal -0 0 1
    outer loop
      vertex 2.60472 -14.7721 126
      vertex 4.16756 -23.6354 126
      vertex 3.88229 -14.4889 126
    endloop
  endfacet
  facet normal 0 0 1
    outer loop
      vertex 2.60472 -14.7721 126
      vertex 2.09174 -23.9087 126
      vertex 4.16756 -23.6354 126
    endloop
  endfacet
  facet normal -0 0 1
    outer loop
      vertex 1.30734 -14.9429 126
      vertex 2.09174 -23.9087 126
      vertex 2.60472 -14.7721 126
    endloop
  endfacet
  facet normal -0 0 1
    outer loop
      vertex 0 -15 126
      vertex 2.09174 -23.9087 126
      vertex 1.30734 -14.9429 126
    endloop
  endfacet
  facet normal 0 0 1
    outer loop
      vertex 0 -15 126
      vertex 0 -24 126
      vertex 2.09174 -23.9087 126
    endloop
  endfacet
  facet normal 0 0 1
    outer loop
      vertex -1.30734 -14.9429 126
      vertex 0 -24 126
      vertex 0 -15 126
    endloop
  endfacet
  facet normal 0 0 1
    outer loop
      vertex -1.30734 -14.9429 126
      vertex -2.09174 -23.9087 126
      vertex 0 -24 126
    endloop
  endfacet
  facet normal 0 0 1
    outer loop
      vertex -2.60472 -14.7721 126
      vertex -2.09174 -23.9087 126
      vertex -1.30734 -14.9429 126
    endloop
  endfacet
  facet normal 0 0 1
    outer loop
      vertex -4.16756 -23.6354 126
      vertex -2.60472 -14.7721 126
      vertex -3.88229 -14.4889 126
    endloop
  endfacet
  facet normal 0 0 1
    outer loop
      vertex -2.60472 -14.7721 126
      vertex -4.16756 -23.6354 126
      vertex -2.09174 -23.9087 126
    endloop
  endfacet
  facet normal 0 0 1
    outer loop
      vertex -6.21166 -23.1822 126
      vertex -3.88229 -14.4889 126
      vertex -5.1303 -14.0954 126
    endloop
  endfacet
  facet normal 0 0 1
    outer loop
      vertex -3.88229 -14.4889 126
      vertex -6.21166 -23.1822 126
      vertex -4.16756 -23.6354 126
    endloop
  endfacet
  facet normal 0 0 1
    outer loop
      vertex -8.20848 -22.5526 126
      vertex -5.1303 -14.0954 126
      vertex -6.33927 -13.5946 126
    endloop
  endfacet
  facet normal 0 0 1
    outer loop
      vertex -10.1428 -21.7514 126
      vertex -6.33927 -13.5946 126
      vertex -7.5 -12.9904 126
    endloop
  endfacet
  facet normal 0 0 1
    outer loop
      vertex -5.1303 -14.0954 126
      vertex -8.20848 -22.5526 126
      vertex -6.21166 -23.1822 126
    endloop
  endfacet
  facet normal 0 0 1
    outer loop
      vertex -12 -20.7846 126
      vertex -7.5 -12.9904 126
      vertex -8.60365 -12.2873 126
    endloop
  endfacet
  facet normal 0 0 1
    outer loop
      vertex -13.7658 -19.6596 126
      vertex -8.60365 -12.2873 126
      vertex -9.64181 -11.4907 126
    endloop
  endfacet
  facet normal 0 0 1
    outer loop
      vertex -6.33927 -13.5946 126
      vertex -10.1428 -21.7514 126
      vertex -8.20848 -22.5526 126
    endloop
  endfacet
  facet normal 0 0 1
    outer loop
      vertex -15.4269 -18.3851 126
      vertex -9.64181 -11.4907 126
      vertex -10.6066 -10.6066 126
    endloop
  endfacet
  facet normal 0 0 1
    outer loop
      vertex -16.9706 -16.9706 126
      vertex -10.6066 -10.6066 126
      vertex -11.4907 -9.64181 126
    endloop
  endfacet
  facet normal 0 0 1
    outer loop
      vertex -7.5 -12.9904 126
      vertex -12 -20.7846 126
      vertex -10.1428 -21.7514 126
    endloop
  endfacet
  facet normal 0 0 1
    outer loop
      vertex -18.3851 -15.4269 126
      vertex -11.4907 -9.64181 126
      vertex -12.2873 -8.60365 126
    endloop
  endfacet
  facet normal 0 0 1
    outer loop
      vertex -19.6596 -13.7658 126
      vertex -12.2873 -8.60365 126
      vertex -12.9904 -7.5 126
    endloop
  endfacet
  facet normal 0 0 1
    outer loop
      vertex -20.7846 -12 126
      vertex -12.9904 -7.5 126
      vertex -13.5946 -6.33927 126
    endloop
  endfacet
  facet normal 0 0 1
    outer loop
      vertex -8.60365 -12.2873 126
      vertex -13.7658 -19.6596 126
      vertex -12 -20.7846 126
    endloop
  endfacet
  facet normal 0 0 1
    outer loop
      vertex -21.7514 -10.1428 126
      vertex -13.5946 -6.33927 126
      vertex -14.0954 -5.1303 126
    endloop
  endfacet
  facet normal 0 0 1
    outer loop
      vertex -22.5526 -8.20848 126
      vertex -14.0954 -5.1303 126
      vertex -14.4889 -3.88229 126
    endloop
  endfacet
  facet normal 0 0 1
    outer loop
      vertex -23.1822 -6.21166 126
      vertex -14.4889 -3.88229 126
      vertex -14.7721 -2.60472 126
    endloop
  endfacet
  facet normal 0 0 1
    outer loop
      vertex -23.6354 -4.16756 126
      vertex -14.7721 -2.60472 126
      vertex -14.9429 -1.30734 126
    endloop
  endfacet
  facet normal 0 0 1
    outer loop
      vertex -9.64181 -11.4907 126
      vertex -15.4269 -18.3851 126
      vertex -13.7658 -19.6596 126
    endloop
  endfacet
  facet normal 0 0 1
    outer loop
      vertex -23.9087 -2.09174 126
      vertex -14.9429 -1.30734 126
      vertex -15 0 126
    endloop
  endfacet
  facet normal 0 0 1
    outer loop
      vertex -13.5946 6.33927 126
      vertex -21.7514 10.1428 126
      vertex -14.0954 5.1303 126
    endloop
  endfacet
  facet normal -0 0 1
    outer loop
      vertex -22.5526 8.20848 126
      vertex -14.0954 5.1303 126
      vertex -21.7514 10.1428 126
    endloop
  endfacet
  facet normal 0 0 1
    outer loop
      vertex -10.6066 -10.6066 126
      vertex -16.9706 -16.9706 126
      vertex -15.4269 -18.3851 126
    endloop
  endfacet
  facet normal 0 0 1
    outer loop
      vertex -14.0954 5.1303 126
      vertex -22.5526 8.20848 126
      vertex -14.4889 3.88229 126
    endloop
  endfacet
  facet normal 0 0 1
    outer loop
      vertex -11.4907 -9.64181 126
      vertex -18.3851 -15.4269 126
      vertex -16.9706 -16.9706 126
    endloop
  endfacet
  facet normal -0 0 1
    outer loop
      vertex -23.1822 6.21166 126
      vertex -14.4889 3.88229 126
      vertex -22.5526 8.20848 126
    endloop
  endfacet
  facet normal 0 0 1
    outer loop
      vertex -12.2873 -8.60365 126
      vertex -19.6596 -13.7658 126
      vertex -18.3851 -15.4269 126
    endloop
  endfacet
  facet normal 0 0 1
    outer loop
      vertex -14.4889 3.88229 126
      vertex -23.1822 6.21166 126
      vertex -14.7721 2.60472 126
    endloop
  endfacet
  facet normal 0 0 1
    outer loop
      vertex -12.9904 -7.5 126
      vertex -20.7846 -12 126
      vertex -19.6596 -13.7658 126
    endloop
  endfacet
  facet normal -0 0 1
    outer loop
      vertex -23.6354 4.16756 126
      vertex -14.7721 2.60472 126
      vertex -23.1822 6.21166 126
    endloop
  endfacet
  facet normal 0 0 1
    outer loop
      vertex -13.5946 -6.33927 126
      vertex -21.7514 -10.1428 126
      vertex -20.7846 -12 126
    endloop
  endfacet
  facet normal 0 0 1
    outer loop
      vertex -14.7721 2.60472 126
      vertex -23.6354 4.16756 126
      vertex -14.9429 1.30734 126
    endloop
  endfacet
  facet normal 0 0 1
    outer loop
      vertex -14.0954 -5.1303 126
      vertex -22.5526 -8.20848 126
      vertex -21.7514 -10.1428 126
    endloop
  endfacet
  facet normal -0 0 1
    outer loop
      vertex -23.9087 2.09174 126
      vertex -14.9429 1.30734 126
      vertex -23.6354 4.16756 126
    endloop
  endfacet
  facet normal 0 0 1
    outer loop
      vertex -14.4889 -3.88229 126
      vertex -23.1822 -6.21166 126
      vertex -22.5526 -8.20848 126
    endloop
  endfacet
  facet normal 0 0 1
    outer loop
      vertex -14.9429 1.30734 126
      vertex -23.9087 2.09174 126
      vertex -15 0 126
    endloop
  endfacet
  facet normal 0 0 1
    outer loop
      vertex -14.7721 -2.60472 126
      vertex -23.6354 -4.16756 126
      vertex -23.1822 -6.21166 126
    endloop
  endfacet
  facet normal 0 0 1
    outer loop
      vertex -24 0 126
      vertex -15 0 126
      vertex -23.9087 2.09174 126
    endloop
  endfacet
  facet normal 0 0 1
    outer loop
      vertex -14.9429 -1.30734 126
      vertex -23.9087 -2.09174 126
      vertex -23.6354 -4.16756 126
    endloop
  endfacet
  facet normal 0 0 1
    outer loop
      vertex -15 0 126
      vertex -24 0 126
      vertex -23.9087 -2.09174 126
    endloop
  endfacet
  facet normal -0.46175 0.88701 0
    outer loop
      vertex -10.1428 21.7514 116
      vertex -12 20.7846 126
      vertex -10.1428 21.7514 126
    endloop
  endfacet
  facet normal -0.46175 0.88701 0
    outer loop
      vertex -12 20.7846 126
      vertex -10.1428 21.7514 116
      vertex -12 20.7846 116
    endloop
  endfacet
  facet normal 0.130532 -0.991444 0
    outer loop
      vertex 2.09174 -23.9087 116
      vertex 4.16756 -23.6354 126
      vertex 2.09174 -23.9087 126
    endloop
  endfacet
  facet normal 0.130532 -0.991444 0
    outer loop
      vertex 4.16756 -23.6354 126
      vertex 2.09174 -23.9087 116
      vertex 4.16756 -23.6354 116
    endloop
  endfacet
  facet normal 0.382675 -0.923883 0
    outer loop
      vertex 8.20848 -22.5526 116
      vertex 10.1428 -21.7514 126
      vertex 8.20848 -22.5526 126
    endloop
  endfacet
  facet normal 0.382675 -0.923883 0
    outer loop
      vertex 10.1428 -21.7514 126
      vertex 8.20848 -22.5526 116
      vertex 10.1428 -21.7514 116
    endloop
  endfacet
  facet normal 0.608729 -0.793378 0
    outer loop
      vertex 13.7658 -19.6596 116
      vertex 15.4269 -18.3851 126
      vertex 13.7658 -19.6596 126
    endloop
  endfacet
  facet normal 0.608729 -0.793378 0
    outer loop
      vertex 15.4269 -18.3851 126
      vertex 13.7658 -19.6596 116
      vertex 15.4269 -18.3851 116
    endloop
  endfacet
  facet normal 0.53732 -0.843378 0
    outer loop
      vertex 12 -20.7846 116
      vertex 13.7658 -19.6596 126
      vertex 12 -20.7846 126
    endloop
  endfacet
  facet normal 0.53732 -0.843378 0
    outer loop
      vertex 13.7658 -19.6596 126
      vertex 12 -20.7846 116
      vertex 13.7658 -19.6596 116
    endloop
  endfacet
  facet normal 0.923883 -0.382675 0
    outer loop
      vertex 21.7514 -10.1428 126
      vertex 22.5526 -8.20848 116
      vertex 22.5526 -8.20848 126
    endloop
  endfacet
  facet normal 0.923883 -0.382675 0
    outer loop
      vertex 22.5526 -8.20848 116
      vertex 21.7514 -10.1428 126
      vertex 21.7514 -10.1428 116
    endloop
  endfacet
  facet normal 0.976293 -0.216455 0
    outer loop
      vertex 23.1822 -6.21166 126
      vertex 23.6354 -4.16756 116
      vertex 23.6354 -4.16756 126
    endloop
  endfacet
  facet normal 0.976293 -0.216455 0
    outer loop
      vertex 23.6354 -4.16756 116
      vertex 23.1822 -6.21166 126
      vertex 23.1822 -6.21166 116
    endloop
  endfacet
  facet normal 0.999049 -0.0436064 0
    outer loop
      vertex 23.9087 -2.09174 126
      vertex 24 0 116
      vertex 24 0 126
    endloop
  endfacet
  facet normal 0.999049 -0.0436064 0
    outer loop
      vertex 24 0 116
      vertex 23.9087 -2.09174 126
      vertex 23.9087 -2.09174 116
    endloop
  endfacet
  facet normal -0.216455 -0.976293 0
    outer loop
      vertex -6.21166 -23.1822 116
      vertex -4.16756 -23.6354 126
      vertex -6.21166 -23.1822 126
    endloop
  endfacet
  facet normal -0.216455 -0.976293 -0
    outer loop
      vertex -4.16756 -23.6354 126
      vertex -6.21166 -23.1822 116
      vertex -4.16756 -23.6354 116
    endloop
  endfacet
  facet normal -0.53732 -0.843378 0
    outer loop
      vertex -13.7658 -19.6596 116
      vertex -12 -20.7846 126
      vertex -13.7658 -19.6596 126
    endloop
  endfacet
  facet normal -0.53732 -0.843378 -0
    outer loop
      vertex -12 -20.7846 126
      vertex -13.7658 -19.6596 116
      vertex -12 -20.7846 116
    endloop
  endfacet
  facet normal -0.382675 -0.923883 0
    outer loop
      vertex -10.1428 -21.7514 116
      vertex -8.20848 -22.5526 126
      vertex -10.1428 -21.7514 126
    endloop
  endfacet
  facet normal -0.382675 -0.923883 -0
    outer loop
      vertex -8.20848 -22.5526 126
      vertex -10.1428 -21.7514 116
      vertex -8.20848 -22.5526 116
    endloop
  endfacet
  facet normal -0.88701 -0.46175 0
    outer loop
      vertex -20.7846 -12 116
      vertex -21.7514 -10.1428 126
      vertex -21.7514 -10.1428 116
    endloop
  endfacet
  facet normal -0.88701 -0.46175 0
    outer loop
      vertex -21.7514 -10.1428 126
      vertex -20.7846 -12 116
      vertex -20.7846 -12 126
    endloop
  endfacet
  facet normal -0.991444 -0.130532 0
    outer loop
      vertex -23.6354 -4.16756 116
      vertex -23.9087 -2.09174 126
      vertex -23.9087 -2.09174 116
    endloop
  endfacet
  facet normal -0.991444 -0.130532 0
    outer loop
      vertex -23.9087 -2.09174 126
      vertex -23.6354 -4.16756 116
      vertex -23.6354 -4.16756 126
    endloop
  endfacet
  facet normal -0.953716 -0.300708 0
    outer loop
      vertex -22.5526 -8.20848 116
      vertex -23.1822 -6.21166 126
      vertex -23.1822 -6.21166 116
    endloop
  endfacet
  facet normal -0.953716 -0.300708 0
    outer loop
      vertex -23.1822 -6.21166 126
      vertex -22.5526 -8.20848 116
      vertex -22.5526 -8.20848 126
    endloop
  endfacet
  facet normal 0.216455 -0.976293 0
    outer loop
      vertex 4.16756 -23.6354 116
      vertex 6.21166 -23.1822 126
      vertex 4.16756 -23.6354 126
    endloop
  endfacet
  facet normal 0.216455 -0.976293 0
    outer loop
      vertex 6.21166 -23.1822 126
      vertex 4.16756 -23.6354 116
      vertex 6.21166 -23.1822 116
    endloop
  endfacet
  facet normal 0.67558 -0.737287 0
    outer loop
      vertex 15.4269 -18.3851 116
      vertex 16.9706 -16.9706 126
      vertex 15.4269 -18.3851 126
    endloop
  endfacet
  facet normal 0.67558 -0.737287 0
    outer loop
      vertex 16.9706 -16.9706 126
      vertex 15.4269 -18.3851 116
      vertex 16.9706 -16.9706 116
    endloop
  endfacet
  facet normal -0.46175 -0.88701 0
    outer loop
      vertex -12 -20.7846 116
      vertex -10.1428 -21.7514 126
      vertex -12 -20.7846 126
    endloop
  endfacet
  facet normal -0.46175 -0.88701 -0
    outer loop
      vertex -10.1428 -21.7514 126
      vertex -12 -20.7846 116
      vertex -10.1428 -21.7514 116
    endloop
  endfacet
  facet normal -0.843378 -0.53732 0
    outer loop
      vertex -19.6596 -13.7658 116
      vertex -20.7846 -12 126
      vertex -20.7846 -12 116
    endloop
  endfacet
  facet normal -0.843378 -0.53732 0
    outer loop
      vertex -20.7846 -12 126
      vertex -19.6596 -13.7658 116
      vertex -19.6596 -13.7658 126
    endloop
  endfacet
  facet normal 0.991444 -0.130532 0
    outer loop
      vertex 23.6354 -4.16756 126
      vertex 23.9087 -2.09174 116
      vertex 23.9087 -2.09174 126
    endloop
  endfacet
  facet normal 0.991444 -0.130532 0
    outer loop
      vertex 23.9087 -2.09174 116
      vertex 23.6354 -4.16756 126
      vertex 23.6354 -4.16756 116
    endloop
  endfacet
  facet normal -0.999048 -0.0436349 0
    outer loop
      vertex 15 0 116
      vertex 14.9429 1.30734 126
      vertex 14.9429 1.30734 116
    endloop
  endfacet
  facet normal -0.999048 -0.0436349 0
    outer loop
      vertex 14.9429 1.30734 126
      vertex 15 0 116
      vertex 15 0 126
    endloop
  endfacet
  facet normal 0.999048 -0.0436349 0
    outer loop
      vertex -15 0 126
      vertex -14.9429 1.30734 116
      vertex -14.9429 1.30734 126
    endloop
  endfacet
  facet normal 0.999048 -0.0436349 0
    outer loop
      vertex -14.9429 1.30734 116
      vertex -15 0 126
      vertex -15 0 116
    endloop
  endfacet
  facet normal -0.0436349 -0.999048 0
    outer loop
      vertex 0 15 116
      vertex 1.30734 14.9429 126
      vertex 0 15 126
    endloop
  endfacet
  facet normal -0.0436349 -0.999048 -0
    outer loop
      vertex 1.30734 14.9429 126
      vertex 0 15 116
      vertex 1.30734 14.9429 116
    endloop
  endfacet
  facet normal -0.737265 -0.675604 0
    outer loop
      vertex 11.4907 9.64181 116
      vertex 10.6066 10.6066 126
      vertex 10.6066 10.6066 116
    endloop
  endfacet
  facet normal -0.737265 -0.675604 0
    outer loop
      vertex 10.6066 10.6066 126
      vertex 11.4907 9.64181 116
      vertex 11.4907 9.64181 126
    endloop
  endfacet
  facet normal 0.675604 -0.737265 0
    outer loop
      vertex -10.6066 10.6066 116
      vertex -9.64181 11.4907 126
      vertex -10.6066 10.6066 126
    endloop
  endfacet
  facet normal 0.675604 -0.737265 0
    outer loop
      vertex -9.64181 11.4907 126
      vertex -10.6066 10.6066 116
      vertex -9.64181 11.4907 116
    endloop
  endfacet
  facet normal 0.382702 -0.923872 0
    outer loop
      vertex -6.33927 13.5946 116
      vertex -5.1303 14.0954 126
      vertex -6.33927 13.5946 126
    endloop
  endfacet
  facet normal 0.382702 -0.923872 0
    outer loop
      vertex -5.1303 14.0954 126
      vertex -6.33927 13.5946 116
      vertex -5.1303 14.0954 116
    endloop
  endfacet
  facet normal -0.923872 -0.382702 0
    outer loop
      vertex 14.0954 5.1303 116
      vertex 13.5946 6.33927 126
      vertex 13.5946 6.33927 116
    endloop
  endfacet
  facet normal -0.923872 -0.382702 0
    outer loop
      vertex 13.5946 6.33927 126
      vertex 14.0954 5.1303 116
      vertex 14.0954 5.1303 126
    endloop
  endfacet
  facet normal -0.461726 -0.887023 0
    outer loop
      vertex 6.33927 13.5946 116
      vertex 7.5 12.9904 126
      vertex 6.33927 13.5946 126
    endloop
  endfacet
  facet normal -0.461726 -0.887023 -0
    outer loop
      vertex 7.5 12.9904 126
      vertex 6.33927 13.5946 116
      vertex 7.5 12.9904 116
    endloop
  endfacet
  facet normal -0.608757 -0.793356 0
    outer loop
      vertex 8.60365 12.2873 116
      vertex 9.64181 11.4907 126
      vertex 8.60365 12.2873 126
    endloop
  endfacet
  facet normal -0.608757 -0.793356 -0
    outer loop
      vertex 9.64181 11.4907 126
      vertex 8.60365 12.2873 116
      vertex 9.64181 11.4907 116
    endloop
  endfacet
  facet normal 0.887023 -0.461726 0
    outer loop
      vertex -13.5946 6.33927 126
      vertex -12.9904 7.5 116
      vertex -12.9904 7.5 126
    endloop
  endfacet
  facet normal 0.887023 -0.461726 0
    outer loop
      vertex -12.9904 7.5 116
      vertex -13.5946 6.33927 126
      vertex -13.5946 6.33927 116
    endloop
  endfacet
  facet normal 0.216417 -0.976301 0
    outer loop
      vertex -3.88229 14.4889 116
      vertex -2.60472 14.7721 126
      vertex -3.88229 14.4889 126
    endloop
  endfacet
  facet normal 0.216417 -0.976301 0
    outer loop
      vertex -2.60472 14.7721 126
      vertex -3.88229 14.4889 116
      vertex -2.60472 14.7721 116
    endloop
  endfacet
  facet normal -0.953716 0.300709 0
    outer loop
      vertex 14.0954 -5.1303 116
      vertex 14.4889 -3.88229 126
      vertex 14.4889 -3.88229 116
    endloop
  endfacet
  facet normal -0.953716 0.300709 0
    outer loop
      vertex 14.4889 -3.88229 126
      vertex 14.0954 -5.1303 116
      vertex 14.0954 -5.1303 126
    endloop
  endfacet
  facet normal 0.737265 0.675604 0
    outer loop
      vertex -10.6066 -10.6066 126
      vertex -11.4907 -9.64181 116
      vertex -11.4907 -9.64181 126
    endloop
  endfacet
  facet normal 0.737265 0.675604 0
    outer loop
      vertex -11.4907 -9.64181 116
      vertex -10.6066 -10.6066 126
      vertex -10.6066 -10.6066 116
    endloop
  endfacet
  facet normal -0.976301 -0.216417 0
    outer loop
      vertex 14.7721 2.60472 116
      vertex 14.4889 3.88229 126
      vertex 14.4889 3.88229 116
    endloop
  endfacet
  facet normal -0.976301 -0.216417 0
    outer loop
      vertex 14.4889 3.88229 126
      vertex 14.7721 2.60472 116
      vertex 14.7721 2.60472 126
    endloop
  endfacet
  facet normal -0.991445 -0.130524 0
    outer loop
      vertex 14.9429 1.30734 116
      vertex 14.7721 2.60472 126
      vertex 14.7721 2.60472 116
    endloop
  endfacet
  facet normal -0.991445 -0.130524 0
    outer loop
      vertex 14.7721 2.60472 126
      vertex 14.9429 1.30734 116
      vertex 14.9429 1.30734 126
    endloop
  endfacet
  facet normal -0.953716 -0.300709 0
    outer loop
      vertex 14.4889 3.88229 116
      vertex 14.0954 5.1303 126
      vertex 14.0954 5.1303 116
    endloop
  endfacet
  facet normal -0.953716 -0.300709 0
    outer loop
      vertex 14.0954 5.1303 126
      vertex 14.4889 3.88229 116
      vertex 14.4889 3.88229 126
    endloop
  endfacet
  facet normal -0.843392 -0.537298 0
    outer loop
      vertex 12.9904 7.5 116
      vertex 12.2873 8.60365 126
      vertex 12.2873 8.60365 116
    endloop
  endfacet
  facet normal -0.843392 -0.537298 0
    outer loop
      vertex 12.2873 8.60365 126
      vertex 12.9904 7.5 116
      vertex 12.9904 7.5 126
    endloop
  endfacet
  facet normal -0.793356 -0.608757 0
    outer loop
      vertex 12.2873 8.60365 116
      vertex 11.4907 9.64181 126
      vertex 11.4907 9.64181 116
    endloop
  endfacet
  facet normal -0.793356 -0.608757 0
    outer loop
      vertex 11.4907 9.64181 126
      vertex 12.2873 8.60365 116
      vertex 12.2873 8.60365 126
    endloop
  endfacet
  facet normal -0.887023 -0.461726 0
    outer loop
      vertex 13.5946 6.33927 116
      vertex 12.9904 7.5 126
      vertex 12.9904 7.5 116
    endloop
  endfacet
  facet normal -0.887023 -0.461726 0
    outer loop
      vertex 12.9904 7.5 126
      vertex 13.5946 6.33927 116
      vertex 13.5946 6.33927 126
    endloop
  endfacet
  facet normal -0.300709 -0.953716 0
    outer loop
      vertex 3.88229 14.4889 116
      vertex 5.1303 14.0954 126
      vertex 3.88229 14.4889 126
    endloop
  endfacet
  facet normal -0.300709 -0.953716 -0
    outer loop
      vertex 5.1303 14.0954 126
      vertex 3.88229 14.4889 116
      vertex 5.1303 14.0954 116
    endloop
  endfacet
  facet normal -0.382702 -0.923872 0
    outer loop
      vertex 5.1303 14.0954 116
      vertex 6.33927 13.5946 126
      vertex 5.1303 14.0954 126
    endloop
  endfacet
  facet normal -0.382702 -0.923872 -0
    outer loop
      vertex 6.33927 13.5946 126
      vertex 5.1303 14.0954 116
      vertex 6.33927 13.5946 116
    endloop
  endfacet
  facet normal -0.216417 -0.976301 0
    outer loop
      vertex 2.60472 14.7721 116
      vertex 3.88229 14.4889 126
      vertex 2.60472 14.7721 126
    endloop
  endfacet
  facet normal -0.216417 -0.976301 -0
    outer loop
      vertex 3.88229 14.4889 126
      vertex 2.60472 14.7721 116
      vertex 3.88229 14.4889 116
    endloop
  endfacet
  facet normal -0.537298 -0.843392 0
    outer loop
      vertex 7.5 12.9904 116
      vertex 8.60365 12.2873 126
      vertex 7.5 12.9904 126
    endloop
  endfacet
  facet normal -0.537298 -0.843392 -0
    outer loop
      vertex 8.60365 12.2873 126
      vertex 7.5 12.9904 116
      vertex 8.60365 12.2873 116
    endloop
  endfacet
  facet normal -0.675604 -0.737265 0
    outer loop
      vertex 9.64181 11.4907 116
      vertex 10.6066 10.6066 126
      vertex 9.64181 11.4907 126
    endloop
  endfacet
  facet normal -0.675604 -0.737265 -0
    outer loop
      vertex 10.6066 10.6066 126
      vertex 9.64181 11.4907 116
      vertex 10.6066 10.6066 116
    endloop
  endfacet
  facet normal 0.953716 -0.300709 0
    outer loop
      vertex -14.4889 3.88229 126
      vertex -14.0954 5.1303 116
      vertex -14.0954 5.1303 126
    endloop
  endfacet
  facet normal 0.953716 -0.300709 0
    outer loop
      vertex -14.0954 5.1303 116
      vertex -14.4889 3.88229 126
      vertex -14.4889 3.88229 116
    endloop
  endfacet
  facet normal 0.793356 -0.608757 0
    outer loop
      vertex -12.2873 8.60365 126
      vertex -11.4907 9.64181 116
      vertex -11.4907 9.64181 126
    endloop
  endfacet
  facet normal 0.793356 -0.608757 0
    outer loop
      vertex -11.4907 9.64181 116
      vertex -12.2873 8.60365 126
      vertex -12.2873 8.60365 116
    endloop
  endfacet
  facet normal 0.737265 -0.675604 0
    outer loop
      vertex -11.4907 9.64181 126
      vertex -10.6066 10.6066 116
      vertex -10.6066 10.6066 126
    endloop
  endfacet
  facet normal 0.737265 -0.675604 0
    outer loop
      vertex -10.6066 10.6066 116
      vertex -11.4907 9.64181 126
      vertex -11.4907 9.64181 116
    endloop
  endfacet
  facet normal 0.843392 -0.537298 0
    outer loop
      vertex -12.9904 7.5 126
      vertex -12.2873 8.60365 116
      vertex -12.2873 8.60365 126
    endloop
  endfacet
  facet normal 0.843392 -0.537298 0
    outer loop
      vertex -12.2873 8.60365 116
      vertex -12.9904 7.5 126
      vertex -12.9904 7.5 116
    endloop
  endfacet
  facet normal 0.923872 -0.382702 0
    outer loop
      vertex -14.0954 5.1303 126
      vertex -13.5946 6.33927 116
      vertex -13.5946 6.33927 126
    endloop
  endfacet
  facet normal 0.923872 -0.382702 0
    outer loop
      vertex -13.5946 6.33927 116
      vertex -14.0954 5.1303 126
      vertex -14.0954 5.1303 116
    endloop
  endfacet
  facet normal 0.976301 -0.216417 0
    outer loop
      vertex -14.7721 2.60472 126
      vertex -14.4889 3.88229 116
      vertex -14.4889 3.88229 126
    endloop
  endfacet
  facet normal 0.976301 -0.216417 0
    outer loop
      vertex -14.4889 3.88229 116
      vertex -14.7721 2.60472 126
      vertex -14.7721 2.60472 116
    endloop
  endfacet
  facet normal 0.537298 -0.843392 0
    outer loop
      vertex -8.60365 12.2873 116
      vertex -7.5 12.9904 126
      vertex -8.60365 12.2873 126
    endloop
  endfacet
  facet normal 0.537298 -0.843392 0
    outer loop
      vertex -7.5 12.9904 126
      vertex -8.60365 12.2873 116
      vertex -7.5 12.9904 116
    endloop
  endfacet
  facet normal 0.461726 -0.887023 0
    outer loop
      vertex -7.5 12.9904 116
      vertex -6.33927 13.5946 126
      vertex -7.5 12.9904 126
    endloop
  endfacet
  facet normal 0.461726 -0.887023 0
    outer loop
      vertex -6.33927 13.5946 126
      vertex -7.5 12.9904 116
      vertex -6.33927 13.5946 116
    endloop
  endfacet
  facet normal 0.608757 -0.793356 0
    outer loop
      vertex -9.64181 11.4907 116
      vertex -8.60365 12.2873 126
      vertex -9.64181 11.4907 126
    endloop
  endfacet
  facet normal 0.608757 -0.793356 0
    outer loop
      vertex -8.60365 12.2873 126
      vertex -9.64181 11.4907 116
      vertex -8.60365 12.2873 116
    endloop
  endfacet
  facet normal 0.300709 -0.953716 0
    outer loop
      vertex -5.1303 14.0954 116
      vertex -3.88229 14.4889 126
      vertex -5.1303 14.0954 126
    endloop
  endfacet
  facet normal 0.300709 -0.953716 0
    outer loop
      vertex -3.88229 14.4889 126
      vertex -5.1303 14.0954 116
      vertex -3.88229 14.4889 116
    endloop
  endfacet
  facet normal 0.130524 -0.991445 0
    outer loop
      vertex -2.60472 14.7721 116
      vertex -1.30734 14.9429 126
      vertex -2.60472 14.7721 126
    endloop
  endfacet
  facet normal 0.130524 -0.991445 0
    outer loop
      vertex -1.30734 14.9429 126
      vertex -2.60472 14.7721 116
      vertex -1.30734 14.9429 116
    endloop
  endfacet
  facet normal -0.300709 0.953716 0
    outer loop
      vertex 5.1303 -14.0954 116
      vertex 3.88229 -14.4889 126
      vertex 5.1303 -14.0954 126
    endloop
  endfacet
  facet normal -0.300709 0.953716 0
    outer loop
      vertex 3.88229 -14.4889 126
      vertex 5.1303 -14.0954 116
      vertex 3.88229 -14.4889 116
    endloop
  endfacet
  facet normal -0.608757 0.793356 0
    outer loop
      vertex 9.64181 -11.4907 116
      vertex 8.60365 -12.2873 126
      vertex 9.64181 -11.4907 126
    endloop
  endfacet
  facet normal -0.608757 0.793356 0
    outer loop
      vertex 8.60365 -12.2873 126
      vertex 9.64181 -11.4907 116
      vertex 8.60365 -12.2873 116
    endloop
  endfacet
  facet normal -0.461726 0.887023 0
    outer loop
      vertex 7.5 -12.9904 116
      vertex 6.33927 -13.5946 126
      vertex 7.5 -12.9904 126
    endloop
  endfacet
  facet normal -0.461726 0.887023 0
    outer loop
      vertex 6.33927 -13.5946 126
      vertex 7.5 -12.9904 116
      vertex 6.33927 -13.5946 116
    endloop
  endfacet
  facet normal -0.887023 0.461726 0
    outer loop
      vertex 12.9904 -7.5 116
      vertex 13.5946 -6.33927 126
      vertex 13.5946 -6.33927 116
    endloop
  endfacet
  facet normal -0.887023 0.461726 0
    outer loop
      vertex 13.5946 -6.33927 126
      vertex 12.9904 -7.5 116
      vertex 12.9904 -7.5 126
    endloop
  endfacet
  facet normal 0.675604 0.737265 -0
    outer loop
      vertex -9.64181 -11.4907 116
      vertex -10.6066 -10.6066 126
      vertex -9.64181 -11.4907 126
    endloop
  endfacet
  facet normal 0.675604 0.737265 0
    outer loop
      vertex -10.6066 -10.6066 126
      vertex -9.64181 -11.4907 116
      vertex -10.6066 -10.6066 116
    endloop
  endfacet
  facet normal 0.537298 0.843392 -0
    outer loop
      vertex -7.5 -12.9904 116
      vertex -8.60365 -12.2873 126
      vertex -7.5 -12.9904 126
    endloop
  endfacet
  facet normal 0.537298 0.843392 0
    outer loop
      vertex -8.60365 -12.2873 126
      vertex -7.5 -12.9904 116
      vertex -8.60365 -12.2873 116
    endloop
  endfacet
  facet normal 0.382702 0.923872 -0
    outer loop
      vertex -5.1303 -14.0954 116
      vertex -6.33927 -13.5946 126
      vertex -5.1303 -14.0954 126
    endloop
  endfacet
  facet normal 0.382702 0.923872 0
    outer loop
      vertex -6.33927 -13.5946 126
      vertex -5.1303 -14.0954 116
      vertex -6.33927 -13.5946 116
    endloop
  endfacet
  facet normal 0.216417 0.976301 -0
    outer loop
      vertex -2.60472 -14.7721 116
      vertex -3.88229 -14.4889 126
      vertex -2.60472 -14.7721 126
    endloop
  endfacet
  facet normal 0.216417 0.976301 0
    outer loop
      vertex -3.88229 -14.4889 126
      vertex -2.60472 -14.7721 116
      vertex -3.88229 -14.4889 116
    endloop
  endfacet
  facet normal 0.843392 0.537298 0
    outer loop
      vertex -12.2873 -8.60365 126
      vertex -12.9904 -7.5 116
      vertex -12.9904 -7.5 126
    endloop
  endfacet
  facet normal 0.843392 0.537298 0
    outer loop
      vertex -12.9904 -7.5 116
      vertex -12.2873 -8.60365 126
      vertex -12.2873 -8.60365 116
    endloop
  endfacet
  facet normal 0.887023 0.461726 0
    outer loop
      vertex -12.9904 -7.5 126
      vertex -13.5946 -6.33927 116
      vertex -13.5946 -6.33927 126
    endloop
  endfacet
  facet normal 0.887023 0.461726 0
    outer loop
      vertex -13.5946 -6.33927 116
      vertex -12.9904 -7.5 126
      vertex -12.9904 -7.5 116
    endloop
  endfacet
  facet normal 0.793356 0.608757 0
    outer loop
      vertex -11.4907 -9.64181 126
      vertex -12.2873 -8.60365 116
      vertex -12.2873 -8.60365 126
    endloop
  endfacet
  facet normal 0.793356 0.608757 0
    outer loop
      vertex -12.2873 -8.60365 116
      vertex -11.4907 -9.64181 126
      vertex -11.4907 -9.64181 116
    endloop
  endfacet
  facet normal 0.953716 0.300709 0
    outer loop
      vertex -14.0954 -5.1303 126
      vertex -14.4889 -3.88229 116
      vertex -14.4889 -3.88229 126
    endloop
  endfacet
  facet normal 0.953716 0.300709 0
    outer loop
      vertex -14.4889 -3.88229 116
      vertex -14.0954 -5.1303 126
      vertex -14.0954 -5.1303 116
    endloop
  endfacet
  facet normal 0.923872 0.382702 0
    outer loop
      vertex -13.5946 -6.33927 126
      vertex -14.0954 -5.1303 116
      vertex -14.0954 -5.1303 126
    endloop
  endfacet
  facet normal 0.923872 0.382702 0
    outer loop
      vertex -14.0954 -5.1303 116
      vertex -13.5946 -6.33927 126
      vertex -13.5946 -6.33927 116
    endloop
  endfacet
  facet normal -0.130524 -0.991445 0
    outer loop
      vertex 1.30734 14.9429 116
      vertex 2.60472 14.7721 126
      vertex 1.30734 14.9429 126
    endloop
  endfacet
  facet normal -0.130524 -0.991445 -0
    outer loop
      vertex 2.60472 14.7721 126
      vertex 1.30734 14.9429 116
      vertex 2.60472 14.7721 116
    endloop
  endfacet
  facet normal 0.991445 -0.130524 0
    outer loop
      vertex -14.9429 1.30734 126
      vertex -14.7721 2.60472 116
      vertex -14.7721 2.60472 126
    endloop
  endfacet
  facet normal 0.991445 -0.130524 0
    outer loop
      vertex -14.7721 2.60472 116
      vertex -14.9429 1.30734 126
      vertex -14.9429 1.30734 116
    endloop
  endfacet
  facet normal 0.0436349 -0.999048 0
    outer loop
      vertex -1.30734 14.9429 116
      vertex 0 15 126
      vertex -1.30734 14.9429 126
    endloop
  endfacet
  facet normal 0.0436349 -0.999048 0
    outer loop
      vertex 0 15 126
      vertex -1.30734 14.9429 116
      vertex 0 15 116
    endloop
  endfacet
  facet normal -0.0436349 0.999048 0
    outer loop
      vertex 1.30734 -14.9429 116
      vertex 0 -15 126
      vertex 1.30734 -14.9429 126
    endloop
  endfacet
  facet normal -0.0436349 0.999048 0
    outer loop
      vertex 0 -15 126
      vertex 1.30734 -14.9429 116
      vertex 0 -15 116
    endloop
  endfacet
  facet normal -0.216417 0.976301 0
    outer loop
      vertex 3.88229 -14.4889 116
      vertex 2.60472 -14.7721 126
      vertex 3.88229 -14.4889 126
    endloop
  endfacet
  facet normal -0.216417 0.976301 0
    outer loop
      vertex 2.60472 -14.7721 126
      vertex 3.88229 -14.4889 116
      vertex 2.60472 -14.7721 116
    endloop
  endfacet
  facet normal -0.382702 0.923872 0
    outer loop
      vertex 6.33927 -13.5946 116
      vertex 5.1303 -14.0954 126
      vertex 6.33927 -13.5946 126
    endloop
  endfacet
  facet normal -0.382702 0.923872 0
    outer loop
      vertex 5.1303 -14.0954 126
      vertex 6.33927 -13.5946 116
      vertex 5.1303 -14.0954 116
    endloop
  endfacet
  facet normal -0.675604 0.737265 0
    outer loop
      vertex 10.6066 -10.6066 116
      vertex 9.64181 -11.4907 126
      vertex 10.6066 -10.6066 126
    endloop
  endfacet
  facet normal -0.675604 0.737265 0
    outer loop
      vertex 9.64181 -11.4907 126
      vertex 10.6066 -10.6066 116
      vertex 9.64181 -11.4907 116
    endloop
  endfacet
  facet normal -0.537298 0.843392 0
    outer loop
      vertex 8.60365 -12.2873 116
      vertex 7.5 -12.9904 126
      vertex 8.60365 -12.2873 126
    endloop
  endfacet
  facet normal -0.537298 0.843392 0
    outer loop
      vertex 7.5 -12.9904 126
      vertex 8.60365 -12.2873 116
      vertex 7.5 -12.9904 116
    endloop
  endfacet
  facet normal -0.843392 0.537298 0
    outer loop
      vertex 12.2873 -8.60365 116
      vertex 12.9904 -7.5 126
      vertex 12.9904 -7.5 116
    endloop
  endfacet
  facet normal -0.843392 0.537298 0
    outer loop
      vertex 12.9904 -7.5 126
      vertex 12.2873 -8.60365 116
      vertex 12.2873 -8.60365 126
    endloop
  endfacet
  facet normal -0.737265 0.675604 0
    outer loop
      vertex 10.6066 -10.6066 116
      vertex 11.4907 -9.64181 126
      vertex 11.4907 -9.64181 116
    endloop
  endfacet
  facet normal -0.737265 0.675604 0
    outer loop
      vertex 11.4907 -9.64181 126
      vertex 10.6066 -10.6066 116
      vertex 10.6066 -10.6066 126
    endloop
  endfacet
  facet normal -0.793356 0.608757 0
    outer loop
      vertex 11.4907 -9.64181 116
      vertex 12.2873 -8.60365 126
      vertex 12.2873 -8.60365 116
    endloop
  endfacet
  facet normal -0.793356 0.608757 0
    outer loop
      vertex 12.2873 -8.60365 126
      vertex 11.4907 -9.64181 116
      vertex 11.4907 -9.64181 126
    endloop
  endfacet
  facet normal -0.923872 0.382702 0
    outer loop
      vertex 13.5946 -6.33927 116
      vertex 14.0954 -5.1303 126
      vertex 14.0954 -5.1303 116
    endloop
  endfacet
  facet normal -0.923872 0.382702 0
    outer loop
      vertex 14.0954 -5.1303 126
      vertex 13.5946 -6.33927 116
      vertex 13.5946 -6.33927 126
    endloop
  endfacet
  facet normal -0.976301 0.216417 0
    outer loop
      vertex 14.4889 -3.88229 116
      vertex 14.7721 -2.60472 126
      vertex 14.7721 -2.60472 116
    endloop
  endfacet
  facet normal -0.976301 0.216417 0
    outer loop
      vertex 14.7721 -2.60472 126
      vertex 14.4889 -3.88229 116
      vertex 14.4889 -3.88229 126
    endloop
  endfacet
  facet normal -0.991445 0.130524 0
    outer loop
      vertex 14.7721 -2.60472 116
      vertex 14.9429 -1.30734 126
      vertex 14.9429 -1.30734 116
    endloop
  endfacet
  facet normal -0.991445 0.130524 0
    outer loop
      vertex 14.9429 -1.30734 126
      vertex 14.7721 -2.60472 116
      vertex 14.7721 -2.60472 126
    endloop
  endfacet
  facet normal 0.608757 0.793356 -0
    outer loop
      vertex -8.60365 -12.2873 116
      vertex -9.64181 -11.4907 126
      vertex -8.60365 -12.2873 126
    endloop
  endfacet
  facet normal 0.608757 0.793356 0
    outer loop
      vertex -9.64181 -11.4907 126
      vertex -8.60365 -12.2873 116
      vertex -9.64181 -11.4907 116
    endloop
  endfacet
  facet normal 0.461726 0.887023 -0
    outer loop
      vertex -6.33927 -13.5946 116
      vertex -7.5 -12.9904 126
      vertex -6.33927 -13.5946 126
    endloop
  endfacet
  facet normal 0.461726 0.887023 0
    outer loop
      vertex -7.5 -12.9904 126
      vertex -6.33927 -13.5946 116
      vertex -7.5 -12.9904 116
    endloop
  endfacet
  facet normal 0.300709 0.953716 -0
    outer loop
      vertex -3.88229 -14.4889 116
      vertex -5.1303 -14.0954 126
      vertex -3.88229 -14.4889 126
    endloop
  endfacet
  facet normal 0.300709 0.953716 0
    outer loop
      vertex -5.1303 -14.0954 126
      vertex -3.88229 -14.4889 116
      vertex -5.1303 -14.0954 116
    endloop
  endfacet
  facet normal 0.130524 0.991445 -0
    outer loop
      vertex -1.30734 -14.9429 116
      vertex -2.60472 -14.7721 126
      vertex -1.30734 -14.9429 126
    endloop
  endfacet
  facet normal 0.130524 0.991445 0
    outer loop
      vertex -2.60472 -14.7721 126
      vertex -1.30734 -14.9429 116
      vertex -2.60472 -14.7721 116
    endloop
  endfacet
  facet normal 0.976301 0.216417 0
    outer loop
      vertex -14.4889 -3.88229 126
      vertex -14.7721 -2.60472 116
      vertex -14.7721 -2.60472 126
    endloop
  endfacet
  facet normal 0.976301 0.216417 0
    outer loop
      vertex -14.7721 -2.60472 116
      vertex -14.4889 -3.88229 126
      vertex -14.4889 -3.88229 116
    endloop
  endfacet
  facet normal 0.999048 0.0436349 0
    outer loop
      vertex -14.9429 -1.30734 126
      vertex -15 0 116
      vertex -15 0 126
    endloop
  endfacet
  facet normal 0.999048 0.0436349 0
    outer loop
      vertex -15 0 116
      vertex -14.9429 -1.30734 126
      vertex -14.9429 -1.30734 116
    endloop
  endfacet
  facet normal -0.130524 0.991445 0
    outer loop
      vertex 2.60472 -14.7721 116
      vertex 1.30734 -14.9429 126
      vertex 2.60472 -14.7721 126
    endloop
  endfacet
  facet normal -0.130524 0.991445 0
    outer loop
      vertex 1.30734 -14.9429 126
      vertex 2.60472 -14.7721 116
      vertex 1.30734 -14.9429 116
    endloop
  endfacet
  facet normal -0.999048 0.0436349 0
    outer loop
      vertex 14.9429 -1.30734 116
      vertex 15 0 126
      vertex 15 0 116
    endloop
  endfacet
  facet normal -0.999048 0.0436349 0
    outer loop
      vertex 15 0 126
      vertex 14.9429 -1.30734 116
      vertex 14.9429 -1.30734 126
    endloop
  endfacet
  facet normal 0.0436349 0.999048 -0
    outer loop
      vertex 0 -15 116
      vertex -1.30734 -14.9429 126
      vertex 0 -15 126
    endloop
  endfacet
  facet normal 0.0436349 0.999048 0
    outer loop
      vertex -1.30734 -14.9429 126
      vertex 0 -15 116
      vertex -1.30734 -14.9429 116
    endloop
  endfacet
  facet normal 0.991445 0.130524 0
    outer loop
      vertex -14.7721 -2.60472 126
      vertex -14.9429 -1.30734 116
      vertex -14.9429 -1.30734 126
    endloop
  endfacet
  facet normal 0.991445 0.130524 0
    outer loop
      vertex -14.9429 -1.30734 116
      vertex -14.7721 -2.60472 126
      vertex -14.7721 -2.60472 116
    endloop
  endfacet
endsolid OpenSCAD_Model
