solid OpenSCAD_Model
  facet normal 0.043494 -0.996307 -0.074038
    outer loop
      vertex 1.18428 -74.1373 29
      vertex 0 -74.189 29
      vertex 0 -73 13
    endloop
  endfacet
  facet normal 0.0435137 -0.996306 -0.0740358
    outer loop
      vertex 4 -77.8784 81
      vertex 0 -79.7771 104.2
      vertex 0 -78.0531 81
    endloop
  endfacet
  facet normal 0.0435101 -0.996306 -0.0740365
    outer loop
      vertex 0 -79.7771 104.2
      vertex 4 -77.8784 81
      vertex 6.75041 -79.4823 104.2
    endloop
  endfacet
  facet normal 0.0434549 -0.996309 -0.0740301
    outer loop
      vertex 6.75041 -79.4823 104.2
      vertex 4 -77.8784 81
      vertex 4 -76.8412 67.0412
    endloop
  endfacet
  facet normal 0.996306 0.0435101 -0.0740358
    outer loop
      vertex 79.7771 0 104.2
      vertex 73 0 13
      vertex 79.4823 6.75041 104.2
    endloop
  endfacet
  facet normal 0.996316 0.0432711 -0.074035
    outer loop
      vertex 79.4823 6.75041 104.2
      vertex 72.7222 6.36237 13
      vertex 79.4735 6.95303 104.2
    endloop
  endfacet
  facet normal 0.996306 0.0435017 -0.0740352
    outer loop
      vertex 72.7222 6.36237 13
      vertex 79.4823 6.75041 104.2
      vertex 73 0 13
    endloop
  endfacet
  facet normal 0.996306 -0.0435017 -0.0740352
    outer loop
      vertex 79.4823 -6.75041 104.2
      vertex 72.7222 -6.36237 13
      vertex 73 0 13
    endloop
  endfacet
  facet normal 0.996316 -0.0432711 -0.074035
    outer loop
      vertex 72.7222 -6.36237 13
      vertex 79.4823 -6.75041 104.2
      vertex 79.4735 -6.95303 104.2
    endloop
  endfacet
  facet normal -0.988707 -0.1303 -0.0740353
    outer loop
      vertex -72.7222 -6.36237 13
      vertex -79.447 -7.15411 104.2
      vertex -79.4735 -6.95303 104.2
    endloop
  endfacet
  facet normal -0.988725 -0.130161 -0.0740354
    outer loop
      vertex -79.447 -7.15411 104.2
      vertex -72.7222 -6.36237 13
      vertex -71.891 -12.6763 13
    endloop
  endfacet
  facet normal -0.1303 0.988707 -0.0740353
    outer loop
      vertex -6.36237 72.7222 13
      vertex -7.15411 79.447 104.2
      vertex -6.95303 79.4735 104.2
    endloop
  endfacet
  facet normal -0.130161 0.988725 -0.0740354
    outer loop
      vertex -7.15411 79.447 104.2
      vertex -6.36237 72.7222 13
      vertex -12.6763 71.891 13
    endloop
  endfacet
  facet normal 0.973615 -0.215852 -0.0740353
    outer loop
      vertex 77.1026 -20.4498 104.2
      vertex 71.891 -12.6763 13
      vertex 78.5651 -13.8531 104.2
    endloop
  endfacet
  facet normal 0.735258 -0.673732 -0.0740354
    outer loop
      vertex 56.5479 -56.2614 104.2
      vertex 51.6188 -51.6188 13
      vertex 55.9212 -46.9235 13
    endloop
  endfacet
  facet normal 0.735233 -0.673759 -0.0740354
    outer loop
      vertex 51.6188 -51.6188 13
      vertex 56.5479 -56.2614 104.2
      vertex 56.4109 -56.4109 104.2
    endloop
  endfacet
  facet normal 0.884476 -0.460675 -0.0740346
    outer loop
      vertex 72.2089 -33.8951 104.2
      vertex 66.1605 -30.8511 13
      vertex 72.3026 -33.7152 104.2
    endloop
  endfacet
  facet normal 0.884579 -0.460478 -0.0740349
    outer loop
      vertex 66.1605 -30.8511 13
      vertex 72.2089 -33.8951 104.2
      vertex 63.2199 -36.5 13
    endloop
  endfacet
  facet normal 0.215852 -0.973615 -0.0740353
    outer loop
      vertex 13.8531 -78.5651 104.2
      vertex 12.6763 -71.891 13
      vertex 20.4498 -77.1026 104.2
    endloop
  endfacet
  facet normal 0.38163 -0.921346 -0.0740353
    outer loop
      vertex 33.7152 -72.3026 104.2
      vertex 27.4727 -74.8883 104.2
      vertex 30.8511 -66.1605 13
    endloop
  endfacet
  facet normal -0.921346 -0.38163 -0.0740353
    outer loop
      vertex -72.3026 -33.7152 104.2
      vertex -74.8883 -27.4727 104.2
      vertex -66.1605 -30.8511 13
    endloop
  endfacet
  facet normal -0.673737 -0.735253 -0.0740359
    outer loop
      vertex -51.2797 -61.1128 104.2
      vertex -56.2614 -56.5479 104.2
      vertex -46.9235 -55.9212 13
    endloop
  endfacet
  facet normal 0.606896 0.791325 -0.0740352
    outer loop
      vertex 46.9235 55.9212 13
      vertex 51.1188 61.2362 104.2
      vertex 51.2797 61.1128 104.2
    endloop
  endfacet
  facet normal 0.607096 0.791172 -0.0740354
    outer loop
      vertex 51.1188 61.2362 104.2
      vertex 46.9235 55.9212 13
      vertex 41.8711 59.7981 13
    endloop
  endfacet
  facet normal -0.791178 0.607088 -0.0740346
    outer loop
      vertex -59.7981 41.8711 13
      vertex -65.3495 45.7582 104.2
      vertex -61.2362 51.1188 104.2
    endloop
  endfacet
  facet normal 0.996306 -0.0435101 -0.0740358
    outer loop
      vertex 79.4823 -6.75041 104.2
      vertex 73 0 13
      vertex 79.7771 0 104.2
    endloop
  endfacet
  facet normal 0.921313 -0.381708 -0.0740346
    outer loop
      vertex 74.8883 -27.4727 104.2
      vertex 68.5976 -24.9675 13
      vertex 74.9659 -27.2854 104.2
    endloop
  endfacet
  facet normal 0.921342 -0.381638 -0.0740347
    outer loop
      vertex 68.5976 -24.9675 13
      vertex 74.8883 -27.4727 104.2
      vertex 66.1605 -30.8511 13
    endloop
  endfacet
  facet normal 0.215848 -0.973616 -0.074035
    outer loop
      vertex 18.8938 -70.5126 13
      vertex 20.4498 -77.1026 104.2
      vertex 12.6763 -71.891 13
    endloop
  endfacet
  facet normal 0.215867 -0.973612 -0.074035
    outer loop
      vertex 20.4498 -77.1026 104.2
      vertex 18.8938 -70.5126 13
      vertex 20.6478 -77.0587 104.2
    endloop
  endfacet
  facet normal -0.299878 -0.9511 -0.0740349
    outer loop
      vertex -20.8413 -76.9977 104.2
      vertex -27.2854 -74.9659 104.2
      vertex -24.9675 -68.5976 13
    endloop
  endfacet
  facet normal 0.215867 0.973612 -0.074035
    outer loop
      vertex 18.8938 70.5126 13
      vertex 20.4498 77.1026 104.2
      vertex 20.6478 77.0587 104.2
    endloop
  endfacet
  facet normal 0.215848 0.973616 -0.074035
    outer loop
      vertex 20.4498 77.1026 104.2
      vertex 18.8938 70.5126 13
      vertex 12.6763 71.891 13
    endloop
  endfacet
  facet normal -0.973612 0.215867 -0.074035
    outer loop
      vertex -70.5126 18.8938 13
      vertex -77.1026 20.4498 104.2
      vertex -77.0587 20.6478 104.2
    endloop
  endfacet
  facet normal -0.973616 0.215848 -0.074035
    outer loop
      vertex -77.1026 20.4498 104.2
      vertex -70.5126 18.8938 13
      vertex -71.891 12.6763 13
    endloop
  endfacet
  facet normal -0.299878 0.9511 -0.0740349
    outer loop
      vertex -24.9675 68.5976 13
      vertex -27.2854 74.9659 104.2
      vertex -20.8413 76.9977 104.2
    endloop
  endfacet
  facet normal 0.973616 -0.215848 -0.074035
    outer loop
      vertex 77.1026 -20.4498 104.2
      vertex 70.5126 -18.8938 13
      vertex 71.891 -12.6763 13
    endloop
  endfacet
  facet normal 0.973612 -0.215867 -0.074035
    outer loop
      vertex 70.5126 -18.8938 13
      vertex 77.1026 -20.4498 104.2
      vertex 77.0587 -20.6478 104.2
    endloop
  endfacet
  facet normal 0.951114 -0.299834 -0.0740351
    outer loop
      vertex 76.9977 -20.8413 104.2
      vertex 70.5126 -18.8938 13
      vertex 77.0587 -20.6478 104.2
    endloop
  endfacet
  facet normal 0.951101 -0.299876 -0.074035
    outer loop
      vertex 70.5126 -18.8938 13
      vertex 76.9977 -20.8413 104.2
      vertex 68.5976 -24.9675 13
    endloop
  endfacet
  facet normal 0.9511 -0.299878 -0.0740349
    outer loop
      vertex 74.9659 -27.2854 104.2
      vertex 68.5976 -24.9675 13
      vertex 76.9977 -20.8413 104.2
    endloop
  endfacet
  facet normal 0.921346 -0.38163 -0.0740353
    outer loop
      vertex 72.3026 -33.7152 104.2
      vertex 66.1605 -30.8511 13
      vertex 74.8883 -27.4727 104.2
    endloop
  endfacet
  facet normal 0.535829 -0.841075 -0.0740352
    outer loop
      vertex 41.8711 -59.7981 13
      vertex 39.8885 -69.089 104.2
      vertex 36.5 -63.2199 13
    endloop
  endfacet
  facet normal 0.535815 -0.841083 -0.0740363
    outer loop
      vertex 39.8885 -69.089 104.2
      vertex 41.8711 -59.7981 13
      vertex 40.0596 -68.98 104.2
    endloop
  endfacet
  facet normal 0.535835 -0.841071 -0.0740347
    outer loop
      vertex 45.7582 -65.3495 104.2
      vertex 40.0596 -68.98 104.2
      vertex 41.8711 -59.7981 13
    endloop
  endfacet
  facet normal 0.381708 -0.921313 -0.0740346
    outer loop
      vertex 24.9675 -68.5976 13
      vertex 27.4727 -74.8883 104.2
      vertex 27.2854 -74.9659 104.2
    endloop
  endfacet
  facet normal 0.381638 -0.921342 -0.0740347
    outer loop
      vertex 27.4727 -74.8883 104.2
      vertex 24.9675 -68.5976 13
      vertex 30.8511 -66.1605 13
    endloop
  endfacet
  facet normal 0.299834 -0.951114 -0.0740351
    outer loop
      vertex 18.8938 -70.5126 13
      vertex 20.8413 -76.9977 104.2
      vertex 20.6478 -77.0587 104.2
    endloop
  endfacet
  facet normal 0.299876 -0.951101 -0.074035
    outer loop
      vertex 20.8413 -76.9977 104.2
      vertex 18.8938 -70.5126 13
      vertex 24.9675 -68.5976 13
    endloop
  endfacet
  facet normal 0.299878 -0.9511 -0.0740349
    outer loop
      vertex 27.2854 -74.9659 104.2
      vertex 20.8413 -76.9977 104.2
      vertex 24.9675 -68.5976 13
    endloop
  endfacet
  facet normal 0.130162 -0.988725 -0.0740353
    outer loop
      vertex 13.8531 -78.5651 104.2
      vertex 7.15411 -79.447 104.2
      vertex 12.6763 -71.891 13
    endloop
  endfacet
  facet normal -0.735258 -0.673732 -0.0740354
    outer loop
      vertex -51.6188 -51.6188 13
      vertex -56.5479 -56.2614 104.2
      vertex -55.9212 -46.9235 13
    endloop
  endfacet
  facet normal -0.735233 -0.673759 -0.0740354
    outer loop
      vertex -56.5479 -56.2614 104.2
      vertex -51.6188 -51.6188 13
      vertex -56.4109 -56.4109 104.2
    endloop
  endfacet
  facet normal -0.791178 -0.607088 -0.0740346
    outer loop
      vertex -61.2362 -51.1188 104.2
      vertex -65.3495 -45.7582 104.2
      vertex -59.7981 -41.8711 13
    endloop
  endfacet
  facet normal -0.973616 -0.215848 -0.074035
    outer loop
      vertex -70.5126 -18.8938 13
      vertex -77.1026 -20.4498 104.2
      vertex -71.891 -12.6763 13
    endloop
  endfacet
  facet normal -0.973612 -0.215867 -0.074035
    outer loop
      vertex -77.1026 -20.4498 104.2
      vertex -70.5126 -18.8938 13
      vertex -77.0587 -20.6478 104.2
    endloop
  endfacet
  facet normal 0.841056 0.535859 -0.0740313
    outer loop
      vertex 62.0983 40.4713 29
      vertex 59.7981 41.8711 13
      vertex 63.3195 41.1763 47.9768
    endloop
  endfacet
  facet normal 0.841084 0.535815 -0.0740326
    outer loop
      vertex 63.2199 36.5 13
      vertex 62.0983 40.4713 29
      vertex 64.2495 37.0945 29
    endloop
  endfacet
  facet normal 0.841075 0.535829 -0.0740367
    outer loop
      vertex 62.0983 40.4713 29
      vertex 63.2199 36.5 13
      vertex 59.7981 41.8711 13
    endloop
  endfacet
  facet normal 0.841083 0.535815 -0.0740387
    outer loop
      vertex 69.089 39.8885 104.2
      vertex 66.6442 40.5204 81
      vertex 68.98 40.0596 104.2
    endloop
  endfacet
  facet normal 0.841082 0.535817 -0.0740385
    outer loop
      vertex 66.6442 40.5204 81
      vertex 69.089 39.8885 104.2
      vertex 67.5959 39.0265 81
    endloop
  endfacet
  facet normal 0.130161 0.988725 -0.0740354
    outer loop
      vertex 6.36237 72.7222 13
      vertex 7.15411 79.447 104.2
      vertex 12.6763 71.891 13
    endloop
  endfacet
  facet normal 0.1303 0.988707 -0.0740353
    outer loop
      vertex 7.15411 79.447 104.2
      vertex 6.36237 72.7222 13
      vertex 6.95303 79.4735 104.2
    endloop
  endfacet
  facet normal -0.215848 0.973616 -0.074035
    outer loop
      vertex -18.8938 70.5126 13
      vertex -20.4498 77.1026 104.2
      vertex -12.6763 71.891 13
    endloop
  endfacet
  facet normal -0.215867 0.973612 -0.074035
    outer loop
      vertex -20.4498 77.1026 104.2
      vertex -18.8938 70.5126 13
      vertex -20.6478 77.0587 104.2
    endloop
  endfacet
  facet normal -0.9511 0.299878 -0.0740349
    outer loop
      vertex -68.5976 24.9675 13
      vertex -76.9977 20.8413 104.2
      vertex -74.9659 27.2854 104.2
    endloop
  endfacet
  facet normal -0.988725 0.130161 -0.0740354
    outer loop
      vertex -72.7222 6.36237 13
      vertex -79.447 7.15411 104.2
      vertex -71.891 12.6763 13
    endloop
  endfacet
  facet normal -0.988707 0.1303 -0.0740353
    outer loop
      vertex -79.447 7.15411 104.2
      vertex -72.7222 6.36237 13
      vertex -79.4735 6.95303 104.2
    endloop
  endfacet
  facet normal -0.791325 0.606896 -0.0740352
    outer loop
      vertex -55.9212 46.9235 13
      vertex -61.2362 51.1188 104.2
      vertex -61.1128 51.2797 104.2
    endloop
  endfacet
  facet normal -0.791172 0.607096 -0.0740354
    outer loop
      vertex -61.2362 51.1188 104.2
      vertex -55.9212 46.9235 13
      vertex -59.7981 41.8711 13
    endloop
  endfacet
  facet normal -0.673737 0.735253 -0.0740359
    outer loop
      vertex -46.9235 55.9212 13
      vertex -56.2614 56.5479 104.2
      vertex -51.2797 61.1128 104.2
    endloop
  endfacet
  facet normal 0.988707 -0.1303 -0.0740353
    outer loop
      vertex 79.447 -7.15411 104.2
      vertex 72.7222 -6.36237 13
      vertex 79.4735 -6.95303 104.2
    endloop
  endfacet
  facet normal 0.988725 -0.130161 -0.0740354
    outer loop
      vertex 72.7222 -6.36237 13
      vertex 79.447 -7.15411 104.2
      vertex 71.891 -12.6763 13
    endloop
  endfacet
  facet normal 0.988725 -0.130162 -0.0740353
    outer loop
      vertex 78.5651 -13.8531 104.2
      vertex 71.891 -12.6763 13
      vertex 79.447 -7.15411 104.2
    endloop
  endfacet
  facet normal 0.884581 -0.460474 -0.0740352
    outer loop
      vertex 69.089 -39.8885 104.2
      vertex 63.2199 -36.5 13
      vertex 72.2089 -33.8951 104.2
    endloop
  endfacet
  facet normal 0.735253 -0.673737 -0.0740359
    outer loop
      vertex 56.5479 -56.2614 104.2
      vertex 55.9212 -46.9235 13
      vertex 61.1128 -51.2797 104.2
    endloop
  endfacet
  facet normal 0.673737 -0.735253 -0.0740359
    outer loop
      vertex 51.2797 -61.1128 104.2
      vertex 46.9235 -55.9212 13
      vertex 56.2614 -56.5479 104.2
    endloop
  endfacet
  facet normal 0.607096 -0.791172 -0.0740354
    outer loop
      vertex 46.9235 -55.9212 13
      vertex 51.1188 -61.2362 104.2
      vertex 41.8711 -59.7981 13
    endloop
  endfacet
  facet normal 0.606896 -0.791325 -0.0740352
    outer loop
      vertex 51.1188 -61.2362 104.2
      vertex 46.9235 -55.9212 13
      vertex 51.2797 -61.1128 104.2
    endloop
  endfacet
  facet normal 0.460474 -0.884581 -0.0740352
    outer loop
      vertex 39.8885 -69.089 104.2
      vertex 33.8951 -72.2089 104.2
      vertex 36.5 -63.2199 13
    endloop
  endfacet
  facet normal 0.460675 -0.884476 -0.0740346
    outer loop
      vertex 30.8511 -66.1605 13
      vertex 33.8951 -72.2089 104.2
      vertex 33.7152 -72.3026 104.2
    endloop
  endfacet
  facet normal 0.460478 -0.884579 -0.0740349
    outer loop
      vertex 33.8951 -72.2089 104.2
      vertex 30.8511 -66.1605 13
      vertex 36.5 -63.2199 13
    endloop
  endfacet
  facet normal 0.1303 -0.988707 -0.0740353
    outer loop
      vertex 6.36237 -72.7222 13
      vertex 7.15411 -79.447 104.2
      vertex 6.95303 -79.4735 104.2
    endloop
  endfacet
  facet normal 0.130161 -0.988725 -0.0740354
    outer loop
      vertex 7.15411 -79.447 104.2
      vertex 6.36237 -72.7222 13
      vertex 12.6763 -71.891 13
    endloop
  endfacet
  facet normal 0.0435219 -0.996305 -0.07404
    outer loop
      vertex 1.18428 -74.1373 29
      vertex 0 -73 13
      vertex 4 -74.0143 29
    endloop
  endfacet
  facet normal 0.0432711 -0.996318 -0.0740171
    outer loop
      vertex 4 -76.8412 67.0412
      vertex 6.95303 -79.4735 104.2
      vertex 6.75041 -79.4823 104.2
    endloop
  endfacet
  facet normal 0.0434879 -0.996307 -0.0740371
    outer loop
      vertex 6.36237 -72.7222 13
      vertex 4 -76.8412 67.0412
      vertex 4 -74.0143 29
    endloop
  endfacet
  facet normal 0.0435162 -0.996306 -0.0740358
    outer loop
      vertex 4 -76.8412 67.0412
      vertex 6.36237 -72.7222 13
      vertex 6.95303 -79.4735 104.2
    endloop
  endfacet
  facet normal 0.0435017 -0.996306 -0.074035
    outer loop
      vertex 6.36237 -72.7222 13
      vertex 4 -74.0143 29
      vertex 0 -73 13
    endloop
  endfacet
  facet normal -0.973615 -0.215852 -0.0740353
    outer loop
      vertex -77.1026 -20.4498 104.2
      vertex -78.5651 -13.8531 104.2
      vertex -71.891 -12.6763 13
    endloop
  endfacet
  facet normal -0.988725 -0.130162 -0.0740353
    outer loop
      vertex -78.5651 -13.8531 104.2
      vertex -79.447 -7.15411 104.2
      vertex -71.891 -12.6763 13
    endloop
  endfacet
  facet normal -0.535815 -0.841083 -0.0740363
    outer loop
      vertex -41.8711 -59.7981 13
      vertex -39.8885 -69.089 104.2
      vertex -40.0596 -68.98 104.2
    endloop
  endfacet
  facet normal -0.535829 -0.841075 -0.0740352
    outer loop
      vertex -39.8885 -69.089 104.2
      vertex -41.8711 -59.7981 13
      vertex -36.5 -63.2199 13
    endloop
  endfacet
  facet normal -0.460675 -0.884477 -0.0740192
    outer loop
      vertex -36.5 -63.2199 13
      vertex -33.7152 -72.3026 104.2
      vertex -33.8951 -72.2089 104.2
    endloop
  endfacet
  facet normal -0.460478 -0.884579 -0.0740353
    outer loop
      vertex -33.7152 -72.3026 104.2
      vertex -36.5 -63.2199 13
      vertex -30.8511 -66.1605 13
    endloop
  endfacet
  facet normal -0.606896 -0.791325 -0.0740352
    outer loop
      vertex -46.9235 -55.9212 13
      vertex -51.1188 -61.2362 104.2
      vertex -51.2797 -61.1128 104.2
    endloop
  endfacet
  facet normal -0.607096 -0.791172 -0.0740354
    outer loop
      vertex -51.1188 -61.2362 104.2
      vertex -46.9235 -55.9212 13
      vertex -41.8711 -59.7981 13
    endloop
  endfacet
  facet normal -0.130161 -0.988725 -0.0740354
    outer loop
      vertex -6.36237 -72.7222 13
      vertex -7.15411 -79.447 104.2
      vertex -12.6763 -71.891 13
    endloop
  endfacet
  facet normal -0.1303 -0.988707 -0.0740353
    outer loop
      vertex -7.15411 -79.447 104.2
      vertex -6.36237 -72.7222 13
      vertex -6.95303 -79.4735 104.2
    endloop
  endfacet
  facet normal -0.130162 -0.988725 -0.0740353
    outer loop
      vertex -7.15411 -79.447 104.2
      vertex -13.8531 -78.5651 104.2
      vertex -12.6763 -71.891 13
    endloop
  endfacet
  facet normal -0.673759 -0.735233 -0.0740354
    outer loop
      vertex -51.6188 -51.6188 13
      vertex -56.2614 -56.5479 104.2
      vertex -56.4109 -56.4109 104.2
    endloop
  endfacet
  facet normal -0.673732 -0.735258 -0.0740354
    outer loop
      vertex -56.2614 -56.5479 104.2
      vertex -51.6188 -51.6188 13
      vertex -46.9235 -55.9212 13
    endloop
  endfacet
  facet normal -0.841071 -0.535835 -0.0740347
    outer loop
      vertex -65.3495 -45.7582 104.2
      vertex -68.98 -40.0596 104.2
      vertex -59.7981 -41.8711 13
    endloop
  endfacet
  facet normal -0.791172 -0.607096 -0.0740354
    outer loop
      vertex -55.9212 -46.9235 13
      vertex -61.2362 -51.1188 104.2
      vertex -59.7981 -41.8711 13
    endloop
  endfacet
  facet normal -0.791325 -0.606896 -0.0740352
    outer loop
      vertex -61.2362 -51.1188 104.2
      vertex -55.9212 -46.9235 13
      vertex -61.1128 -51.2797 104.2
    endloop
  endfacet
  facet normal -0.735253 -0.673737 -0.0740359
    outer loop
      vertex -56.5479 -56.2614 104.2
      vertex -61.1128 -51.2797 104.2
      vertex -55.9212 -46.9235 13
    endloop
  endfacet
  facet normal -0.9511 -0.299878 -0.0740349
    outer loop
      vertex -74.9659 -27.2854 104.2
      vertex -76.9977 -20.8413 104.2
      vertex -68.5976 -24.9675 13
    endloop
  endfacet
  facet normal -0.921313 -0.381708 -0.0740346
    outer loop
      vertex -68.5976 -24.9675 13
      vertex -74.8883 -27.4727 104.2
      vertex -74.9659 -27.2854 104.2
    endloop
  endfacet
  facet normal -0.921342 -0.381638 -0.0740347
    outer loop
      vertex -74.8883 -27.4727 104.2
      vertex -68.5976 -24.9675 13
      vertex -66.1605 -30.8511 13
    endloop
  endfacet
  facet normal 0.735253 0.673737 -0.0740359
    outer loop
      vertex 61.1128 51.2797 104.2
      vertex 55.9212 46.9235 13
      vertex 56.5479 56.2614 104.2
    endloop
  endfacet
  facet normal 0.535815 0.841083 -0.0740363
    outer loop
      vertex 41.8711 59.7981 13
      vertex 39.8885 69.089 104.2
      vertex 40.0596 68.98 104.2
    endloop
  endfacet
  facet normal 0.535829 0.841075 -0.0740352
    outer loop
      vertex 39.8885 69.089 104.2
      vertex 41.8711 59.7981 13
      vertex 36.5 63.2199 13
    endloop
  endfacet
  facet normal 0.381638 0.921342 -0.0740347
    outer loop
      vertex 24.9675 68.5976 13
      vertex 27.4727 74.8883 104.2
      vertex 30.8511 66.1605 13
    endloop
  endfacet
  facet normal 0.381708 0.921313 -0.0740346
    outer loop
      vertex 27.4727 74.8883 104.2
      vertex 24.9675 68.5976 13
      vertex 27.2854 74.9659 104.2
    endloop
  endfacet
  facet normal -0.0435017 0.996306 -0.0740352
    outer loop
      vertex -6.36237 72.7222 13
      vertex -6.75041 79.4823 104.2
      vertex 0 73 13
    endloop
  endfacet
  facet normal -0.0432711 0.996316 -0.074035
    outer loop
      vertex -6.75041 79.4823 104.2
      vertex -6.36237 72.7222 13
      vertex -6.95303 79.4735 104.2
    endloop
  endfacet
  facet normal -0.215852 0.973615 -0.0740353
    outer loop
      vertex -12.6763 71.891 13
      vertex -20.4498 77.1026 104.2
      vertex -13.8531 78.5651 104.2
    endloop
  endfacet
  facet normal -0.130162 0.988725 -0.0740353
    outer loop
      vertex -12.6763 71.891 13
      vertex -13.8531 78.5651 104.2
      vertex -7.15411 79.447 104.2
    endloop
  endfacet
  facet normal -0.535829 0.841075 -0.0740352
    outer loop
      vertex -41.8711 59.7981 13
      vertex -39.8885 69.089 104.2
      vertex -36.5 63.2199 13
    endloop
  endfacet
  facet normal -0.535815 0.841083 -0.0740363
    outer loop
      vertex -39.8885 69.089 104.2
      vertex -41.8711 59.7981 13
      vertex -40.0596 68.98 104.2
    endloop
  endfacet
  facet normal -0.841081 0.535819 -0.0740346
    outer loop
      vertex -63.3195 41.1763 47.9768
      vertex -65.3495 45.7582 104.2
      vertex -59.7981 41.8711 13
    endloop
  endfacet
  facet normal -0.841064 0.535846 -0.0740362
    outer loop
      vertex -65.3495 45.7582 104.2
      vertex -63.3195 41.1763 47.9768
      vertex -65.4447 42.4033 81
    endloop
  endfacet
  facet normal -0.841085 0.535812 -0.0740389
    outer loop
      vertex -68.98 40.0596 104.2
      vertex -65.4447 42.4033 81
      vertex -66.6442 40.5204 81
    endloop
  endfacet
  facet normal -0.841071 0.535835 -0.0740346
    outer loop
      vertex -65.4447 42.4033 81
      vertex -68.98 40.0596 104.2
      vertex -65.3495 45.7582 104.2
    endloop
  endfacet
  facet normal -0.921342 0.381638 -0.0740347
    outer loop
      vertex -68.5976 24.9675 13
      vertex -74.8883 27.4727 104.2
      vertex -66.1605 30.8511 13
    endloop
  endfacet
  facet normal -0.921313 0.381708 -0.0740346
    outer loop
      vertex -74.8883 27.4727 104.2
      vertex -68.5976 24.9675 13
      vertex -74.9659 27.2854 104.2
    endloop
  endfacet
  facet normal 0 0 -1
    outer loop
      vertex 72.7222 -6.36237 13
      vertex 72.7222 6.36237 13
      vertex 73 0 13
    endloop
  endfacet
  facet normal 0 0 -1
    outer loop
      vertex 71.891 -12.6763 13
      vertex 72.7222 6.36237 13
      vertex 72.7222 -6.36237 13
    endloop
  endfacet
  facet normal 0 0 -1
    outer loop
      vertex 71.891 -12.6763 13
      vertex 71.891 12.6763 13
      vertex 72.7222 6.36237 13
    endloop
  endfacet
  facet normal 0 0 -1
    outer loop
      vertex 70.5126 -18.8938 13
      vertex 71.891 12.6763 13
      vertex 71.891 -12.6763 13
    endloop
  endfacet
  facet normal 0 0 -1
    outer loop
      vertex 70.5126 -18.8938 13
      vertex 70.5126 18.8938 13
      vertex 71.891 12.6763 13
    endloop
  endfacet
  facet normal 0 0 -1
    outer loop
      vertex 68.5976 -24.9675 13
      vertex 70.5126 18.8938 13
      vertex 70.5126 -18.8938 13
    endloop
  endfacet
  facet normal 0 0 -1
    outer loop
      vertex 68.5976 -24.9675 13
      vertex 68.5976 24.9675 13
      vertex 70.5126 18.8938 13
    endloop
  endfacet
  facet normal 0 0 -1
    outer loop
      vertex 66.1605 -30.8511 13
      vertex 68.5976 24.9675 13
      vertex 68.5976 -24.9675 13
    endloop
  endfacet
  facet normal 0 0 -1
    outer loop
      vertex 66.1605 -30.8511 13
      vertex 66.1605 30.8511 13
      vertex 68.5976 24.9675 13
    endloop
  endfacet
  facet normal 0 0 -1
    outer loop
      vertex 63.2199 -36.5 13
      vertex 66.1605 30.8511 13
      vertex 66.1605 -30.8511 13
    endloop
  endfacet
  facet normal 0 0 -1
    outer loop
      vertex 63.2199 -36.5 13
      vertex 63.2199 36.5 13
      vertex 66.1605 30.8511 13
    endloop
  endfacet
  facet normal 0 0 -1
    outer loop
      vertex 59.7981 -41.8711 13
      vertex 63.2199 36.5 13
      vertex 63.2199 -36.5 13
    endloop
  endfacet
  facet normal 0 0 -1
    outer loop
      vertex 59.7981 -41.8711 13
      vertex 59.7981 41.8711 13
      vertex 63.2199 36.5 13
    endloop
  endfacet
  facet normal 0 0 -1
    outer loop
      vertex 55.9212 -46.9235 13
      vertex 59.7981 41.8711 13
      vertex 59.7981 -41.8711 13
    endloop
  endfacet
  facet normal 0 0 -1
    outer loop
      vertex 55.9212 -46.9235 13
      vertex 55.9212 46.9235 13
      vertex 59.7981 41.8711 13
    endloop
  endfacet
  facet normal 0 0 -1
    outer loop
      vertex 51.6188 -51.6188 13
      vertex 55.9212 46.9235 13
      vertex 55.9212 -46.9235 13
    endloop
  endfacet
  facet normal 0 0 -1
    outer loop
      vertex 51.6188 -51.6188 13
      vertex 51.6188 51.6188 13
      vertex 55.9212 46.9235 13
    endloop
  endfacet
  facet normal 0 0 -1
    outer loop
      vertex 46.9235 -55.9212 13
      vertex 51.6188 51.6188 13
      vertex 51.6188 -51.6188 13
    endloop
  endfacet
  facet normal 0 0 -1
    outer loop
      vertex 46.9235 -55.9212 13
      vertex 46.9235 55.9212 13
      vertex 51.6188 51.6188 13
    endloop
  endfacet
  facet normal 0 0 -1
    outer loop
      vertex 41.8711 -59.7981 13
      vertex 46.9235 55.9212 13
      vertex 46.9235 -55.9212 13
    endloop
  endfacet
  facet normal 0 0 -1
    outer loop
      vertex 41.8711 -59.7981 13
      vertex 41.8711 59.7981 13
      vertex 46.9235 55.9212 13
    endloop
  endfacet
  facet normal 0 0 -1
    outer loop
      vertex 36.5 -63.2199 13
      vertex 41.8711 59.7981 13
      vertex 41.8711 -59.7981 13
    endloop
  endfacet
  facet normal 0 0 -1
    outer loop
      vertex 36.5 -63.2199 13
      vertex 36.5 63.2199 13
      vertex 41.8711 59.7981 13
    endloop
  endfacet
  facet normal 0 0 -1
    outer loop
      vertex 30.8511 -66.1605 13
      vertex 36.5 63.2199 13
      vertex 36.5 -63.2199 13
    endloop
  endfacet
  facet normal 0 0 -1
    outer loop
      vertex 30.8511 -66.1605 13
      vertex 30.8511 66.1605 13
      vertex 36.5 63.2199 13
    endloop
  endfacet
  facet normal 0 0 -1
    outer loop
      vertex 24.9675 -68.5976 13
      vertex 30.8511 66.1605 13
      vertex 30.8511 -66.1605 13
    endloop
  endfacet
  facet normal 0 0 -1
    outer loop
      vertex 24.9675 -68.5976 13
      vertex 24.9675 68.5976 13
      vertex 30.8511 66.1605 13
    endloop
  endfacet
  facet normal 0 0 -1
    outer loop
      vertex 18.8938 -70.5126 13
      vertex 24.9675 68.5976 13
      vertex 24.9675 -68.5976 13
    endloop
  endfacet
  facet normal 0 0 -1
    outer loop
      vertex 18.8938 -70.5126 13
      vertex 18.8938 70.5126 13
      vertex 24.9675 68.5976 13
    endloop
  endfacet
  facet normal 0 0 -1
    outer loop
      vertex 12.6763 -71.891 13
      vertex 18.8938 70.5126 13
      vertex 18.8938 -70.5126 13
    endloop
  endfacet
  facet normal 0 0 -1
    outer loop
      vertex 12.6763 -71.891 13
      vertex 12.6763 71.891 13
      vertex 18.8938 70.5126 13
    endloop
  endfacet
  facet normal 0 0 -1
    outer loop
      vertex 6.36237 -72.7222 13
      vertex 12.6763 71.891 13
      vertex 12.6763 -71.891 13
    endloop
  endfacet
  facet normal 0 0 -1
    outer loop
      vertex 6.36237 -72.7222 13
      vertex 6.36237 72.7222 13
      vertex 12.6763 71.891 13
    endloop
  endfacet
  facet normal 0 0 -1
    outer loop
      vertex 0 -73 13
      vertex 6.36237 72.7222 13
      vertex 6.36237 -72.7222 13
    endloop
  endfacet
  facet normal 0 0 -1
    outer loop
      vertex 0 -73 13
      vertex 0 73 13
      vertex 6.36237 72.7222 13
    endloop
  endfacet
  facet normal 0 0 -1
    outer loop
      vertex -6.36237 -72.7222 13
      vertex 0 73 13
      vertex 0 -73 13
    endloop
  endfacet
  facet normal 0 0 -1
    outer loop
      vertex -6.36237 -72.7222 13
      vertex -6.36237 72.7222 13
      vertex 0 73 13
    endloop
  endfacet
  facet normal 0 0 -1
    outer loop
      vertex -12.6763 -71.891 13
      vertex -6.36237 72.7222 13
      vertex -6.36237 -72.7222 13
    endloop
  endfacet
  facet normal 0 0 -1
    outer loop
      vertex -12.6763 -71.891 13
      vertex -12.6763 71.891 13
      vertex -6.36237 72.7222 13
    endloop
  endfacet
  facet normal 0 0 -1
    outer loop
      vertex -18.8938 -70.5126 13
      vertex -12.6763 71.891 13
      vertex -12.6763 -71.891 13
    endloop
  endfacet
  facet normal 0 0 -1
    outer loop
      vertex -18.8938 -70.5126 13
      vertex -18.8938 70.5126 13
      vertex -12.6763 71.891 13
    endloop
  endfacet
  facet normal 0 0 -1
    outer loop
      vertex -24.9675 -68.5976 13
      vertex -18.8938 70.5126 13
      vertex -18.8938 -70.5126 13
    endloop
  endfacet
  facet normal 0 0 -1
    outer loop
      vertex -24.9675 -68.5976 13
      vertex -24.9675 68.5976 13
      vertex -18.8938 70.5126 13
    endloop
  endfacet
  facet normal 0 0 -1
    outer loop
      vertex -30.8511 -66.1605 13
      vertex -24.9675 68.5976 13
      vertex -24.9675 -68.5976 13
    endloop
  endfacet
  facet normal 0 0 -1
    outer loop
      vertex -30.8511 -66.1605 13
      vertex -30.8511 66.1605 13
      vertex -24.9675 68.5976 13
    endloop
  endfacet
  facet normal 0 0 -1
    outer loop
      vertex -36.5 -63.2199 13
      vertex -30.8511 66.1605 13
      vertex -30.8511 -66.1605 13
    endloop
  endfacet
  facet normal 0 0 -1
    outer loop
      vertex -36.5 -63.2199 13
      vertex -36.5 63.2199 13
      vertex -30.8511 66.1605 13
    endloop
  endfacet
  facet normal 0 0 -1
    outer loop
      vertex -41.8711 -59.7981 13
      vertex -36.5 63.2199 13
      vertex -36.5 -63.2199 13
    endloop
  endfacet
  facet normal 0 0 -1
    outer loop
      vertex -41.8711 -59.7981 13
      vertex -41.8711 59.7981 13
      vertex -36.5 63.2199 13
    endloop
  endfacet
  facet normal 0 0 -1
    outer loop
      vertex -46.9235 -55.9212 13
      vertex -41.8711 59.7981 13
      vertex -41.8711 -59.7981 13
    endloop
  endfacet
  facet normal 0 0 -1
    outer loop
      vertex -46.9235 -55.9212 13
      vertex -46.9235 55.9212 13
      vertex -41.8711 59.7981 13
    endloop
  endfacet
  facet normal 0 0 -1
    outer loop
      vertex -51.6188 -51.6188 13
      vertex -46.9235 55.9212 13
      vertex -46.9235 -55.9212 13
    endloop
  endfacet
  facet normal 0 0 -1
    outer loop
      vertex -51.6188 -51.6188 13
      vertex -51.6188 51.6188 13
      vertex -46.9235 55.9212 13
    endloop
  endfacet
  facet normal 0 0 -1
    outer loop
      vertex -55.9212 -46.9235 13
      vertex -51.6188 51.6188 13
      vertex -51.6188 -51.6188 13
    endloop
  endfacet
  facet normal 0 0 -1
    outer loop
      vertex -55.9212 -46.9235 13
      vertex -55.9212 46.9235 13
      vertex -51.6188 51.6188 13
    endloop
  endfacet
  facet normal 0 0 -1
    outer loop
      vertex -59.7981 -41.8711 13
      vertex -55.9212 46.9235 13
      vertex -55.9212 -46.9235 13
    endloop
  endfacet
  facet normal 0 0 -1
    outer loop
      vertex -59.7981 -41.8711 13
      vertex -59.7981 41.8711 13
      vertex -55.9212 46.9235 13
    endloop
  endfacet
  facet normal 0 0 -1
    outer loop
      vertex -63.2199 -36.5 13
      vertex -59.7981 41.8711 13
      vertex -59.7981 -41.8711 13
    endloop
  endfacet
  facet normal 0 0 -1
    outer loop
      vertex -63.2199 -36.5 13
      vertex -63.2199 36.5 13
      vertex -59.7981 41.8711 13
    endloop
  endfacet
  facet normal 0 0 -1
    outer loop
      vertex -66.1605 -30.8511 13
      vertex -63.2199 36.5 13
      vertex -63.2199 -36.5 13
    endloop
  endfacet
  facet normal 0 0 -1
    outer loop
      vertex -66.1605 -30.8511 13
      vertex -66.1605 30.8511 13
      vertex -63.2199 36.5 13
    endloop
  endfacet
  facet normal 0 0 -1
    outer loop
      vertex -68.5976 -24.9675 13
      vertex -66.1605 30.8511 13
      vertex -66.1605 -30.8511 13
    endloop
  endfacet
  facet normal 0 0 -1
    outer loop
      vertex -68.5976 -24.9675 13
      vertex -68.5976 24.9675 13
      vertex -66.1605 30.8511 13
    endloop
  endfacet
  facet normal 0 0 -1
    outer loop
      vertex -70.5126 -18.8938 13
      vertex -68.5976 24.9675 13
      vertex -68.5976 -24.9675 13
    endloop
  endfacet
  facet normal 0 0 -1
    outer loop
      vertex -70.5126 -18.8938 13
      vertex -70.5126 18.8938 13
      vertex -68.5976 24.9675 13
    endloop
  endfacet
  facet normal 0 0 -1
    outer loop
      vertex -71.891 -12.6763 13
      vertex -70.5126 18.8938 13
      vertex -70.5126 -18.8938 13
    endloop
  endfacet
  facet normal 0 0 -1
    outer loop
      vertex -71.891 -12.6763 13
      vertex -71.891 12.6763 13
      vertex -70.5126 18.8938 13
    endloop
  endfacet
  facet normal 0 0 -1
    outer loop
      vertex -72.7222 -6.36237 13
      vertex -71.891 12.6763 13
      vertex -71.891 -12.6763 13
    endloop
  endfacet
  facet normal 0 0 -1
    outer loop
      vertex -72.7222 -6.36237 13
      vertex -72.7222 6.36237 13
      vertex -71.891 12.6763 13
    endloop
  endfacet
  facet normal 0 -0 -1
    outer loop
      vertex -72.7222 6.36237 13
      vertex -72.7222 -6.36237 13
      vertex -73 0 13
    endloop
  endfacet
  facet normal -0.996306 -0.0435017 -0.0740352
    outer loop
      vertex -72.7222 -6.36237 13
      vertex -79.4823 -6.75041 104.2
      vertex -73 0 13
    endloop
  endfacet
  facet normal -0.996316 -0.0432711 -0.074035
    outer loop
      vertex -79.4823 -6.75041 104.2
      vertex -72.7222 -6.36237 13
      vertex -79.4735 -6.95303 104.2
    endloop
  endfacet
  facet normal -0.735253 0.673737 -0.0740359
    outer loop
      vertex -55.9212 46.9235 13
      vertex -61.1128 51.2797 104.2
      vertex -56.5479 56.2614 104.2
    endloop
  endfacet
  facet normal 0.841071 -0.535835 -0.0740347
    outer loop
      vertex 65.3495 -45.7582 104.2
      vertex 59.7981 -41.8711 13
      vertex 68.98 -40.0596 104.2
    endloop
  endfacet
  facet normal 0.607088 -0.791178 -0.0740346
    outer loop
      vertex 45.7582 -65.3495 104.2
      vertex 41.8711 -59.7981 13
      vertex 51.1188 -61.2362 104.2
    endloop
  endfacet
  facet normal 0.673732 -0.735258 -0.0740354
    outer loop
      vertex 51.6188 -51.6188 13
      vertex 56.2614 -56.5479 104.2
      vertex 46.9235 -55.9212 13
    endloop
  endfacet
  facet normal 0.673759 -0.735233 -0.0740354
    outer loop
      vertex 56.2614 -56.5479 104.2
      vertex 51.6188 -51.6188 13
      vertex 56.4109 -56.4109 104.2
    endloop
  endfacet
  facet normal -0.951114 -0.299834 -0.0740351
    outer loop
      vertex -70.5126 -18.8938 13
      vertex -76.9977 -20.8413 104.2
      vertex -77.0587 -20.6478 104.2
    endloop
  endfacet
  facet normal -0.951101 -0.299876 -0.074035
    outer loop
      vertex -76.9977 -20.8413 104.2
      vertex -70.5126 -18.8938 13
      vertex -68.5976 -24.9675 13
    endloop
  endfacet
  facet normal -0.38163 -0.921346 -0.0740353
    outer loop
      vertex -27.4727 -74.8883 104.2
      vertex -33.7152 -72.3026 104.2
      vertex -30.8511 -66.1605 13
    endloop
  endfacet
  facet normal -0.460474 -0.884581 -0.0740352
    outer loop
      vertex -33.8951 -72.2089 104.2
      vertex -39.8885 -69.089 104.2
      vertex -36.5 -63.2199 13
    endloop
  endfacet
  facet normal -0.607088 -0.791178 -0.0740346
    outer loop
      vertex -45.7582 -65.3495 104.2
      vertex -51.1188 -61.2362 104.2
      vertex -41.8711 -59.7981 13
    endloop
  endfacet
  facet normal -0.535835 -0.841071 -0.0740347
    outer loop
      vertex -40.0596 -68.98 104.2
      vertex -45.7582 -65.3495 104.2
      vertex -41.8711 -59.7981 13
    endloop
  endfacet
  facet normal -0.0432711 -0.996318 -0.0740171
    outer loop
      vertex -6.95303 -79.4735 104.2
      vertex -4 -76.8412 67.0412
      vertex -6.75041 -79.4823 104.2
    endloop
  endfacet
  facet normal -0.0435162 -0.996306 -0.0740358
    outer loop
      vertex -6.36237 -72.7222 13
      vertex -4 -76.8412 67.0412
      vertex -6.95303 -79.4735 104.2
    endloop
  endfacet
  facet normal -0.0434879 -0.996307 -0.0740371
    outer loop
      vertex -4 -76.8412 67.0412
      vertex -6.36237 -72.7222 13
      vertex -4 -74.0143 29
    endloop
  endfacet
  facet normal -0.0435017 -0.996306 -0.074035
    outer loop
      vertex 0 -73 13
      vertex -4 -74.0143 29
      vertex -6.36237 -72.7222 13
    endloop
  endfacet
  facet normal -0.0435219 -0.996305 -0.07404
    outer loop
      vertex -4 -74.0143 29
      vertex 0 -73 13
      vertex -1.18428 -74.1373 29
    endloop
  endfacet
  facet normal -0.043494 -0.996307 -0.074038
    outer loop
      vertex 0 -74.189 29
      vertex -1.18428 -74.1373 29
      vertex 0 -73 13
    endloop
  endfacet
  facet normal -0.0435101 -0.996306 -0.0740365
    outer loop
      vertex -6.75041 -79.4823 104.2
      vertex -4 -77.8784 81
      vertex 0 -79.7771 104.2
    endloop
  endfacet
  facet normal -0.0434549 -0.996309 -0.0740301
    outer loop
      vertex -4 -77.8784 81
      vertex -6.75041 -79.4823 104.2
      vertex -4 -76.8412 67.0412
    endloop
  endfacet
  facet normal -0.0435137 -0.996306 -0.0740358
    outer loop
      vertex 0 -79.7771 104.2
      vertex -4 -77.8784 81
      vertex 0 -78.0531 81
    endloop
  endfacet
  facet normal -0.215852 -0.973615 -0.0740353
    outer loop
      vertex -13.8531 -78.5651 104.2
      vertex -20.4498 -77.1026 104.2
      vertex -12.6763 -71.891 13
    endloop
  endfacet
  facet normal -0.841075 -0.535829 -0.0740352
    outer loop
      vertex -59.7981 -41.8711 13
      vertex -69.089 -39.8885 104.2
      vertex -63.2199 -36.5 13
    endloop
  endfacet
  facet normal -0.841083 -0.535815 -0.0740363
    outer loop
      vertex -69.089 -39.8885 104.2
      vertex -59.7981 -41.8711 13
      vertex -68.98 -40.0596 104.2
    endloop
  endfacet
  facet normal -0.884581 -0.460474 -0.0740352
    outer loop
      vertex -69.089 -39.8885 104.2
      vertex -72.2089 -33.8951 104.2
      vertex -63.2199 -36.5 13
    endloop
  endfacet
  facet normal 0.951114 0.299834 -0.0740351
    outer loop
      vertex 70.5126 18.8938 13
      vertex 76.9977 20.8413 104.2
      vertex 77.0587 20.6478 104.2
    endloop
  endfacet
  facet normal 0.951101 0.299876 -0.074035
    outer loop
      vertex 76.9977 20.8413 104.2
      vertex 70.5126 18.8938 13
      vertex 68.5976 24.9675 13
    endloop
  endfacet
  facet normal 0.791325 0.606896 -0.0740352
    outer loop
      vertex 61.2362 51.1188 104.2
      vertex 55.9212 46.9235 13
      vertex 61.1128 51.2797 104.2
    endloop
  endfacet
  facet normal 0.791172 0.607096 -0.0740354
    outer loop
      vertex 55.9212 46.9235 13
      vertex 61.2362 51.1188 104.2
      vertex 59.7981 41.8711 13
    endloop
  endfacet
  facet normal 0.673759 0.735233 -0.0740354
    outer loop
      vertex 51.6188 51.6188 13
      vertex 56.2614 56.5479 104.2
      vertex 56.4109 56.4109 104.2
    endloop
  endfacet
  facet normal 0.673732 0.735258 -0.0740354
    outer loop
      vertex 56.2614 56.5479 104.2
      vertex 51.6188 51.6188 13
      vertex 46.9235 55.9212 13
    endloop
  endfacet
  facet normal 0.673737 0.735253 -0.0740359
    outer loop
      vertex 56.2614 56.5479 104.2
      vertex 46.9235 55.9212 13
      vertex 51.2797 61.1128 104.2
    endloop
  endfacet
  facet normal 0.535835 0.841071 -0.0740347
    outer loop
      vertex 41.8711 59.7981 13
      vertex 40.0596 68.98 104.2
      vertex 45.7582 65.3495 104.2
    endloop
  endfacet
  facet normal 0.607088 0.791178 -0.0740346
    outer loop
      vertex 51.1188 61.2362 104.2
      vertex 41.8711 59.7981 13
      vertex 45.7582 65.3495 104.2
    endloop
  endfacet
  facet normal 0.299878 0.9511 -0.0740349
    outer loop
      vertex 24.9675 68.5976 13
      vertex 20.8413 76.9977 104.2
      vertex 27.2854 74.9659 104.2
    endloop
  endfacet
  facet normal 0.460474 0.884581 -0.0740352
    outer loop
      vertex 36.5 63.2199 13
      vertex 33.8951 72.2089 104.2
      vertex 39.8885 69.089 104.2
    endloop
  endfacet
  facet normal 0.130162 0.988725 -0.0740353
    outer loop
      vertex 12.6763 71.891 13
      vertex 7.15411 79.447 104.2
      vertex 13.8531 78.5651 104.2
    endloop
  endfacet
  facet normal 0.215852 0.973615 -0.0740353
    outer loop
      vertex 20.4498 77.1026 104.2
      vertex 12.6763 71.891 13
      vertex 13.8531 78.5651 104.2
    endloop
  endfacet
  facet normal 0.0435101 0.996306 -0.0740358
    outer loop
      vertex 6.75041 79.4823 104.2
      vertex 0 73 13
      vertex 0 79.7771 104.2
    endloop
  endfacet
  facet normal -0.0435101 0.996306 -0.0740358
    outer loop
      vertex 0 73 13
      vertex -6.75041 79.4823 104.2
      vertex 0 79.7771 104.2
    endloop
  endfacet
  facet normal -0.299834 0.951114 -0.0740351
    outer loop
      vertex -18.8938 70.5126 13
      vertex -20.8413 76.9977 104.2
      vertex -20.6478 77.0587 104.2
    endloop
  endfacet
  facet normal -0.299876 0.951101 -0.074035
    outer loop
      vertex -20.8413 76.9977 104.2
      vertex -18.8938 70.5126 13
      vertex -24.9675 68.5976 13
    endloop
  endfacet
  facet normal -0.607096 0.791172 -0.0740354
    outer loop
      vertex -46.9235 55.9212 13
      vertex -51.1188 61.2362 104.2
      vertex -41.8711 59.7981 13
    endloop
  endfacet
  facet normal -0.606896 0.791325 -0.0740352
    outer loop
      vertex -51.1188 61.2362 104.2
      vertex -46.9235 55.9212 13
      vertex -51.2797 61.1128 104.2
    endloop
  endfacet
  facet normal -0.460675 0.884476 -0.0740346
    outer loop
      vertex -30.8511 66.1605 13
      vertex -33.8951 72.2089 104.2
      vertex -33.7152 72.3026 104.2
    endloop
  endfacet
  facet normal -0.460478 0.884579 -0.0740349
    outer loop
      vertex -33.8951 72.2089 104.2
      vertex -30.8511 66.1605 13
      vertex -36.5 63.2199 13
    endloop
  endfacet
  facet normal -0.460474 0.884581 -0.0740352
    outer loop
      vertex -36.5 63.2199 13
      vertex -39.8885 69.089 104.2
      vertex -33.8951 72.2089 104.2
    endloop
  endfacet
  facet normal -0.884572 0.460491 -0.0740328
    outer loop
      vertex -63.2199 36.5 13
      vertex -66.0983 33.5431 29
      vertex -64.7969 36.043 29
    endloop
  endfacet
  facet normal -0.884578 0.460478 -0.0740365
    outer loop
      vertex -66.0983 33.5431 29
      vertex -63.2199 36.5 13
      vertex -66.1605 30.8511 13
    endloop
  endfacet
  facet normal -0.884477 0.460675 -0.0740184
    outer loop
      vertex -68.5464 34.9565 67.0412
      vertex -72.3026 33.7152 104.2
      vertex -72.2089 33.8951 104.2
    endloop
  endfacet
  facet normal -0.884584 0.460468 -0.0740348
    outer loop
      vertex -66.1605 30.8511 13
      vertex -68.5464 34.9565 67.0412
      vertex -66.0983 33.5431 29
    endloop
  endfacet
  facet normal -0.884579 0.460477 -0.0740353
    outer loop
      vertex -68.5464 34.9565 67.0412
      vertex -66.1605 30.8511 13
      vertex -72.3026 33.7152 104.2
    endloop
  endfacet
  facet normal -0.988725 0.130162 -0.0740353
    outer loop
      vertex -71.891 12.6763 13
      vertex -79.447 7.15411 104.2
      vertex -78.5651 13.8531 104.2
    endloop
  endfacet
  facet normal -0.973615 0.215852 -0.0740353
    outer loop
      vertex -71.891 12.6763 13
      vertex -78.5651 13.8531 104.2
      vertex -77.1026 20.4498 104.2
    endloop
  endfacet
  facet normal -0.996306 0.0435101 -0.0740358
    outer loop
      vertex -73 0 13
      vertex -79.7771 0 104.2
      vertex -79.4823 6.75041 104.2
    endloop
  endfacet
  facet normal -0.996306 -0.0435101 -0.0740358
    outer loop
      vertex -79.4823 -6.75041 104.2
      vertex -79.7771 0 104.2
      vertex -73 0 13
    endloop
  endfacet
  facet normal -0.735233 0.673759 -0.0740354
    outer loop
      vertex -51.6188 51.6188 13
      vertex -56.5479 56.2614 104.2
      vertex -56.4109 56.4109 104.2
    endloop
  endfacet
  facet normal -0.735258 0.673732 -0.0740354
    outer loop
      vertex -56.5479 56.2614 104.2
      vertex -51.6188 51.6188 13
      vertex -55.9212 46.9235 13
    endloop
  endfacet
  facet normal -0.673732 0.735258 -0.0740354
    outer loop
      vertex -51.6188 51.6188 13
      vertex -56.2614 56.5479 104.2
      vertex -46.9235 55.9212 13
    endloop
  endfacet
  facet normal -0.673759 0.735233 -0.0740354
    outer loop
      vertex -56.2614 56.5479 104.2
      vertex -51.6188 51.6188 13
      vertex -56.4109 56.4109 104.2
    endloop
  endfacet
  facet normal 0.791178 -0.607088 -0.0740346
    outer loop
      vertex 61.2362 -51.1188 104.2
      vertex 59.7981 -41.8711 13
      vertex 65.3495 -45.7582 104.2
    endloop
  endfacet
  facet normal 0.791172 -0.607096 -0.0740354
    outer loop
      vertex 61.2362 -51.1188 104.2
      vertex 55.9212 -46.9235 13
      vertex 59.7981 -41.8711 13
    endloop
  endfacet
  facet normal 0.791325 -0.606896 -0.0740352
    outer loop
      vertex 55.9212 -46.9235 13
      vertex 61.2362 -51.1188 104.2
      vertex 61.1128 -51.2797 104.2
    endloop
  endfacet
  facet normal -0.381638 -0.921342 -0.0740347
    outer loop
      vertex -24.9675 -68.5976 13
      vertex -27.4727 -74.8883 104.2
      vertex -30.8511 -66.1605 13
    endloop
  endfacet
  facet normal -0.381708 -0.921313 -0.0740346
    outer loop
      vertex -27.4727 -74.8883 104.2
      vertex -24.9675 -68.5976 13
      vertex -27.2854 -74.9659 104.2
    endloop
  endfacet
  facet normal -0.215867 -0.973612 -0.074035
    outer loop
      vertex -18.8938 -70.5126 13
      vertex -20.4498 -77.1026 104.2
      vertex -20.6478 -77.0587 104.2
    endloop
  endfacet
  facet normal -0.215848 -0.973616 -0.074035
    outer loop
      vertex -20.4498 -77.1026 104.2
      vertex -18.8938 -70.5126 13
      vertex -12.6763 -71.891 13
    endloop
  endfacet
  facet normal -0.299876 -0.951101 -0.074035
    outer loop
      vertex -18.8938 -70.5126 13
      vertex -20.8413 -76.9977 104.2
      vertex -24.9675 -68.5976 13
    endloop
  endfacet
  facet normal -0.299834 -0.951114 -0.0740351
    outer loop
      vertex -20.8413 -76.9977 104.2
      vertex -18.8938 -70.5126 13
      vertex -20.6478 -77.0587 104.2
    endloop
  endfacet
  facet normal -0.884476 -0.460675 -0.0740346
    outer loop
      vertex -66.1605 -30.8511 13
      vertex -72.2089 -33.8951 104.2
      vertex -72.3026 -33.7152 104.2
    endloop
  endfacet
  facet normal -0.884579 -0.460478 -0.0740349
    outer loop
      vertex -72.2089 -33.8951 104.2
      vertex -66.1605 -30.8511 13
      vertex -63.2199 -36.5 13
    endloop
  endfacet
  facet normal 0.9511 0.299878 -0.0740349
    outer loop
      vertex 76.9977 20.8413 104.2
      vertex 68.5976 24.9675 13
      vertex 74.9659 27.2854 104.2
    endloop
  endfacet
  facet normal 0.973615 0.215852 -0.0740353
    outer loop
      vertex 78.5651 13.8531 104.2
      vertex 71.891 12.6763 13
      vertex 77.1026 20.4498 104.2
    endloop
  endfacet
  facet normal 0.791178 0.607088 -0.0740346
    outer loop
      vertex 65.3495 45.7582 104.2
      vertex 59.7981 41.8711 13
      vertex 61.2362 51.1188 104.2
    endloop
  endfacet
  facet normal 0.841071 0.535835 -0.0740346
    outer loop
      vertex 68.98 40.0596 104.2
      vertex 65.4447 42.4033 81
      vertex 65.3495 45.7582 104.2
    endloop
  endfacet
  facet normal 0.841085 0.535812 -0.0740389
    outer loop
      vertex 65.4447 42.4033 81
      vertex 68.98 40.0596 104.2
      vertex 66.6442 40.5204 81
    endloop
  endfacet
  facet normal 0.841064 0.535846 -0.0740362
    outer loop
      vertex 63.3195 41.1763 47.9768
      vertex 65.3495 45.7582 104.2
      vertex 65.4447 42.4033 81
    endloop
  endfacet
  facet normal 0.841081 0.535819 -0.0740346
    outer loop
      vertex 65.3495 45.7582 104.2
      vertex 63.3195 41.1763 47.9768
      vertex 59.7981 41.8711 13
    endloop
  endfacet
  facet normal 0.735233 0.673759 -0.0740354
    outer loop
      vertex 56.5479 56.2614 104.2
      vertex 51.6188 51.6188 13
      vertex 56.4109 56.4109 104.2
    endloop
  endfacet
  facet normal 0.735258 0.673732 -0.0740354
    outer loop
      vertex 51.6188 51.6188 13
      vertex 56.5479 56.2614 104.2
      vertex 55.9212 46.9235 13
    endloop
  endfacet
  facet normal 0.460675 0.884477 -0.0740192
    outer loop
      vertex 36.5 63.2199 13
      vertex 33.7152 72.3026 104.2
      vertex 33.8951 72.2089 104.2
    endloop
  endfacet
  facet normal 0.460478 0.884579 -0.0740353
    outer loop
      vertex 33.7152 72.3026 104.2
      vertex 36.5 63.2199 13
      vertex 30.8511 66.1605 13
    endloop
  endfacet
  facet normal 0.299876 0.951101 -0.074035
    outer loop
      vertex 18.8938 70.5126 13
      vertex 20.8413 76.9977 104.2
      vertex 24.9675 68.5976 13
    endloop
  endfacet
  facet normal 0.299834 0.951114 -0.0740351
    outer loop
      vertex 20.8413 76.9977 104.2
      vertex 18.8938 70.5126 13
      vertex 20.6478 77.0587 104.2
    endloop
  endfacet
  facet normal 0.38163 0.921346 -0.0740353
    outer loop
      vertex 30.8511 66.1605 13
      vertex 27.4727 74.8883 104.2
      vertex 33.7152 72.3026 104.2
    endloop
  endfacet
  facet normal 0.0432711 0.996316 -0.074035
    outer loop
      vertex 6.36237 72.7222 13
      vertex 6.75041 79.4823 104.2
      vertex 6.95303 79.4735 104.2
    endloop
  endfacet
  facet normal 0.0435017 0.996306 -0.0740352
    outer loop
      vertex 6.75041 79.4823 104.2
      vertex 6.36237 72.7222 13
      vertex 0 73 13
    endloop
  endfacet
  facet normal -0.607088 0.791178 -0.0740346
    outer loop
      vertex -41.8711 59.7981 13
      vertex -51.1188 61.2362 104.2
      vertex -45.7582 65.3495 104.2
    endloop
  endfacet
  facet normal -0.535835 0.841071 -0.0740347
    outer loop
      vertex -41.8711 59.7981 13
      vertex -45.7582 65.3495 104.2
      vertex -40.0596 68.98 104.2
    endloop
  endfacet
  facet normal -0.38163 0.921346 -0.0740353
    outer loop
      vertex -30.8511 66.1605 13
      vertex -33.7152 72.3026 104.2
      vertex -27.4727 74.8883 104.2
    endloop
  endfacet
  facet normal -0.381708 0.921313 -0.0740346
    outer loop
      vertex -24.9675 68.5976 13
      vertex -27.4727 74.8883 104.2
      vertex -27.2854 74.9659 104.2
    endloop
  endfacet
  facet normal -0.381638 0.921342 -0.0740347
    outer loop
      vertex -27.4727 74.8883 104.2
      vertex -24.9675 68.5976 13
      vertex -30.8511 66.1605 13
    endloop
  endfacet
  facet normal -0.951101 0.299876 -0.074035
    outer loop
      vertex -70.5126 18.8938 13
      vertex -76.9977 20.8413 104.2
      vertex -68.5976 24.9675 13
    endloop
  endfacet
  facet normal -0.951114 0.299834 -0.0740351
    outer loop
      vertex -76.9977 20.8413 104.2
      vertex -70.5126 18.8938 13
      vertex -77.0587 20.6478 104.2
    endloop
  endfacet
  facet normal -0.921346 0.38163 -0.0740353
    outer loop
      vertex -66.1605 30.8511 13
      vertex -74.8883 27.4727 104.2
      vertex -72.3026 33.7152 104.2
    endloop
  endfacet
  facet normal -0.884569 0.460497 -0.0740323
    outer loop
      vertex -63.2199 36.5 13
      vertex -64.7969 36.043 29
      vertex -64.2495 37.0945 29
    endloop
  endfacet
  facet normal -0.88457 0.460493 -0.0740387
    outer loop
      vertex -69.4447 35.4751 81
      vertex -69.089 39.8885 104.2
      vertex -67.5959 39.0265 81
    endloop
  endfacet
  facet normal -0.884581 0.460474 -0.0740349
    outer loop
      vertex -69.4447 35.4751 81
      vertex -72.2089 33.8951 104.2
      vertex -69.089 39.8885 104.2
    endloop
  endfacet
  facet normal -0.884576 0.460483 -0.0740337
    outer loop
      vertex -72.2089 33.8951 104.2
      vertex -69.4447 35.4751 81
      vertex -68.5464 34.9565 67.0412
    endloop
  endfacet
  facet normal -0.841056 0.535859 -0.0740313
    outer loop
      vertex -59.7981 41.8711 13
      vertex -62.0983 40.4713 29
      vertex -63.3195 41.1763 47.9768
    endloop
  endfacet
  facet normal -0.841075 0.535829 -0.0740367
    outer loop
      vertex -63.2199 36.5 13
      vertex -62.0983 40.4713 29
      vertex -59.7981 41.8711 13
    endloop
  endfacet
  facet normal -0.841084 0.535815 -0.0740326
    outer loop
      vertex -62.0983 40.4713 29
      vertex -63.2199 36.5 13
      vertex -64.2495 37.0945 29
    endloop
  endfacet
  facet normal -0.841083 0.535815 -0.0740387
    outer loop
      vertex -66.6442 40.5204 81
      vertex -69.089 39.8885 104.2
      vertex -68.98 40.0596 104.2
    endloop
  endfacet
  facet normal -0.841082 0.535817 -0.0740385
    outer loop
      vertex -69.089 39.8885 104.2
      vertex -66.6442 40.5204 81
      vertex -67.5959 39.0265 81
    endloop
  endfacet
  facet normal -0.996316 0.0432711 -0.074035
    outer loop
      vertex -72.7222 6.36237 13
      vertex -79.4823 6.75041 104.2
      vertex -79.4735 6.95303 104.2
    endloop
  endfacet
  facet normal -0.996306 0.0435017 -0.0740352
    outer loop
      vertex -79.4823 6.75041 104.2
      vertex -72.7222 6.36237 13
      vertex -73 0 13
    endloop
  endfacet
  facet normal 0.841083 -0.535815 -0.0740363
    outer loop
      vertex 59.7981 -41.8711 13
      vertex 69.089 -39.8885 104.2
      vertex 68.98 -40.0596 104.2
    endloop
  endfacet
  facet normal 0.841075 -0.535829 -0.0740352
    outer loop
      vertex 69.089 -39.8885 104.2
      vertex 59.7981 -41.8711 13
      vertex 63.2199 -36.5 13
    endloop
  endfacet
  facet normal 0.884477 0.460675 -0.0740184
    outer loop
      vertex 72.3026 33.7152 104.2
      vertex 68.5464 34.9565 67.0412
      vertex 72.2089 33.8951 104.2
    endloop
  endfacet
  facet normal 0.884579 0.460477 -0.0740353
    outer loop
      vertex 66.1605 30.8511 13
      vertex 68.5464 34.9565 67.0412
      vertex 72.3026 33.7152 104.2
    endloop
  endfacet
  facet normal 0.884584 0.460468 -0.0740348
    outer loop
      vertex 68.5464 34.9565 67.0412
      vertex 66.1605 30.8511 13
      vertex 66.0983 33.5431 29
    endloop
  endfacet
  facet normal 0.884572 0.460491 -0.0740328
    outer loop
      vertex 66.0983 33.5431 29
      vertex 63.2199 36.5 13
      vertex 64.7969 36.043 29
    endloop
  endfacet
  facet normal 0.884578 0.460478 -0.0740365
    outer loop
      vertex 63.2199 36.5 13
      vertex 66.0983 33.5431 29
      vertex 66.1605 30.8511 13
    endloop
  endfacet
  facet normal 0.884569 0.460497 -0.0740323
    outer loop
      vertex 64.7969 36.043 29
      vertex 63.2199 36.5 13
      vertex 64.2495 37.0945 29
    endloop
  endfacet
  facet normal 0.88457 0.460493 -0.0740387
    outer loop
      vertex 69.089 39.8885 104.2
      vertex 69.4447 35.4751 81
      vertex 67.5959 39.0265 81
    endloop
  endfacet
  facet normal 0.884576 0.460483 -0.0740337
    outer loop
      vertex 69.4447 35.4751 81
      vertex 72.2089 33.8951 104.2
      vertex 68.5464 34.9565 67.0412
    endloop
  endfacet
  facet normal 0.884581 0.460474 -0.0740349
    outer loop
      vertex 72.2089 33.8951 104.2
      vertex 69.4447 35.4751 81
      vertex 69.089 39.8885 104.2
    endloop
  endfacet
  facet normal 0.973612 0.215867 -0.074035
    outer loop
      vertex 77.1026 20.4498 104.2
      vertex 70.5126 18.8938 13
      vertex 77.0587 20.6478 104.2
    endloop
  endfacet
  facet normal 0.973616 0.215848 -0.074035
    outer loop
      vertex 70.5126 18.8938 13
      vertex 77.1026 20.4498 104.2
      vertex 71.891 12.6763 13
    endloop
  endfacet
  facet normal 0.921346 0.38163 -0.0740353
    outer loop
      vertex 74.8883 27.4727 104.2
      vertex 66.1605 30.8511 13
      vertex 72.3026 33.7152 104.2
    endloop
  endfacet
  facet normal 0.921313 0.381708 -0.0740346
    outer loop
      vertex 68.5976 24.9675 13
      vertex 74.8883 27.4727 104.2
      vertex 74.9659 27.2854 104.2
    endloop
  endfacet
  facet normal 0.921342 0.381638 -0.0740347
    outer loop
      vertex 74.8883 27.4727 104.2
      vertex 68.5976 24.9675 13
      vertex 66.1605 30.8511 13
    endloop
  endfacet
  facet normal 0.988725 0.130162 -0.0740353
    outer loop
      vertex 79.447 7.15411 104.2
      vertex 71.891 12.6763 13
      vertex 78.5651 13.8531 104.2
    endloop
  endfacet
  facet normal 0.988707 0.1303 -0.0740353
    outer loop
      vertex 72.7222 6.36237 13
      vertex 79.447 7.15411 104.2
      vertex 79.4735 6.95303 104.2
    endloop
  endfacet
  facet normal 0.988725 0.130161 -0.0740354
    outer loop
      vertex 79.447 7.15411 104.2
      vertex 72.7222 6.36237 13
      vertex 71.891 12.6763 13
    endloop
  endfacet
  facet normal -0.996187 -0.0434919 0.0756324
    outer loop
      vertex 70.8 0 15.2
      vertex 77.5477 0.214165 104.2
      vertex 70.5306 6.17063 15.2
    endloop
  endfacet
  facet normal -0.996177 -0.0437236 0.0756322
    outer loop
      vertex 77.5477 0.214165 104.2
      vertex 70.8 0 15.2
      vertex 77.5571 0 104.2
    endloop
  endfacet
  facet normal 0.996187 0.0434979 0.075632
    outer loop
      vertex -77.2619 -6.75954 104.2
      vertex -70.5306 -6.17063 15.2
      vertex -77.5477 -0.214165 104.2
    endloop
  endfacet
  facet normal -0.996187 0.0434979 0.075632
    outer loop
      vertex 77.2619 -6.75954 104.2
      vertex 77.5477 -0.214165 104.2
      vertex 70.5306 -6.17063 15.2
    endloop
  endfacet
  facet normal -0.735162 0.673659 0.0756315
    outer loop
      vertex 54.8411 -54.8411 104.2
      vertex 59.2673 -50.0108 104.2
      vertex 50.0632 -50.0632 15.2
    endloop
  endfacet
  facet normal -0.0435151 0.996186 0.0756295
    outer loop
      vertex 6.17063 -70.5306 15.2
      vertex 4 -71.6731 29
      vertex 4 -73.0877 47.633
    endloop
  endfacet
  facet normal -0.0434919 0.996187 0.0756332
    outer loop
      vertex 0 -70.8 15.2
      vertex 4 -71.6731 29
      vertex 6.17063 -70.5306 15.2
    endloop
  endfacet
  facet normal -0.0434836 0.996187 0.0756308
    outer loop
      vertex 4 -71.6731 29
      vertex 0 -70.8 15.2
      vertex 0 -71.8477 29
    endloop
  endfacet
  facet normal -0.0435267 0.996185 0.075631
    outer loop
      vertex 0 -75.7957 81
      vertex 0.214165 -77.5477 104.2
      vertex 1.76686 -75.7185 81
    endloop
  endfacet
  facet normal -0.0437236 0.996177 0.0756321
    outer loop
      vertex 0.214165 -77.5477 104.2
      vertex 0 -75.7957 81
      vertex 0 -77.5571 104.2
    endloop
  endfacet
  facet normal 0.988606 -0.130144 0.075632
    outer loop
      vertex -70.5306 6.17063 15.2
      vertex -76.4068 13.2551 104.2
      vertex -77.2619 6.75954 104.2
    endloop
  endfacet
  facet normal 0.735162 -0.673659 0.0756315
    outer loop
      vertex -50.0632 50.0632 15.2
      vertex -54.8411 54.8411 104.2
      vertex -59.2673 50.0108 104.2
    endloop
  endfacet
  facet normal 0.0434919 -0.996187 0.0756324
    outer loop
      vertex 0 70.8 15.2
      vertex -0.214165 77.5477 104.2
      vertex -6.17063 70.5306 15.2
    endloop
  endfacet
  facet normal 0.0437236 -0.996177 0.0756322
    outer loop
      vertex -0.214165 77.5477 104.2
      vertex 0 70.8 15.2
      vertex 0 77.5571 104.2
    endloop
  endfacet
  facet normal -0.535758 -0.840978 0.0756322
    outer loop
      vertex 40.6092 57.996 15.2
      vertex 44.3041 63.6462 104.2
      vertex 35.4 61.3146 15.2
    endloop
  endfacet
  facet normal -0.535819 -0.840938 0.0756322
    outer loop
      vertex 44.3041 63.6462 104.2
      vertex 40.6092 57.996 15.2
      vertex 44.4849 63.531 104.2
    endloop
  endfacet
  facet normal -0.988606 -0.130144 0.075632
    outer loop
      vertex 77.2619 6.75954 104.2
      vertex 76.4068 13.2551 104.2
      vertex 70.5306 6.17063 15.2
    endloop
  endfacet
  facet normal -0.950981 0.299859 0.0756333
    outer loop
      vertex 66.5302 -24.215 15.2
      vertex 72.9443 -26.3216 104.2
      vertex 68.3876 -18.3244 15.2
    endloop
  endfacet
  facet normal -0.950957 0.299935 0.0756334
    outer loop
      vertex 72.9443 -26.3216 104.2
      vertex 66.5302 -24.215 15.2
      vertex 72.8798 -26.5261 104.2
    endloop
  endfacet
  facet normal 0.996177 0.0437236 0.0756322
    outer loop
      vertex -77.5477 -0.214165 104.2
      vertex -70.8 0 15.2
      vertex -77.5571 0 104.2
    endloop
  endfacet
  facet normal 0.996187 0.0434919 0.0756324
    outer loop
      vertex -70.8 0 15.2
      vertex -77.5477 -0.214165 104.2
      vertex -70.5306 -6.17063 15.2
    endloop
  endfacet
  facet normal 0.607024 0.791076 0.075632
    outer loop
      vertex -44.4849 -63.531 104.2
      vertex -40.6092 -57.996 15.2
      vertex -49.6826 -59.5426 104.2
    endloop
  endfacet
  facet normal 0.735331 0.673472 0.0756491
    outer loop
      vertex -50.0632 -50.0632 15.2
      vertex -59.4121 -49.8527 104.2
      vertex -59.2673 -50.0108 104.2
    endloop
  endfacet
  facet normal 0.735173 0.673647 0.0756321
    outer loop
      vertex -59.4121 -49.8527 104.2
      vertex -50.0632 -50.0632 15.2
      vertex -54.2359 -45.5094 15.2
    endloop
  endfacet
  facet normal 0.9735 -0.215817 0.0756323
    outer loop
      vertex -69.7244 12.2943 15.2
      vertex -76.3324 13.6769 104.2
      vertex -76.3788 13.4676 104.2
    endloop
  endfacet
  facet normal 0.973501 -0.215813 0.0756323
    outer loop
      vertex -76.3324 13.6769 104.2
      vertex -69.7244 12.2943 15.2
      vertex -68.3876 18.3244 15.2
    endloop
  endfacet
  facet normal 0.735331 -0.673472 0.0756491
    outer loop
      vertex -59.4121 49.8527 104.2
      vertex -50.0632 50.0632 15.2
      vertex -59.2673 50.0108 104.2
    endloop
  endfacet
  facet normal 0.735173 -0.673647 0.0756321
    outer loop
      vertex -50.0632 50.0632 15.2
      vertex -59.4121 49.8527 104.2
      vertex -54.2359 45.5094 15.2
    endloop
  endfacet
  facet normal -0.130144 -0.988606 0.075632
    outer loop
      vertex 13.2551 76.4068 104.2
      vertex 6.75954 77.2619 104.2
      vertex 6.17063 70.5306 15.2
    endloop
  endfacet
  facet normal -0.215816 -0.973501 0.0756322
    outer loop
      vertex 18.3244 68.3876 15.2
      vertex 20.0732 74.9144 104.2
      vertex 13.6769 76.3324 104.2
    endloop
  endfacet
  facet normal -0.840921 -0.535846 0.0756363
    outer loop
      vertex 62.222 35.9239 29
      vertex 61.6761 36.7806 29
      vertex 61.3146 35.4 15.2
    endloop
  endfacet
  facet normal -0.84101 -0.535708 0.0756269
    outer loop
      vertex 63.6462 44.3041 104.2
      vertex 62.7395 40.8415 69.5895
      vertex 63.4897 41.2746 81
    endloop
  endfacet
  facet normal -0.840975 -0.535761 0.0756337
    outer loop
      vertex 63.4897 41.2746 81
      vertex 67.1664 38.7785 104.2
      vertex 63.6462 44.3041 104.2
    endloop
  endfacet
  facet normal -0.840971 -0.535768 0.0756323
    outer loop
      vertex 67.1664 38.7785 104.2
      vertex 63.4897 41.2746 81
      vertex 65.641 37.8978 81
    endloop
  endfacet
  facet normal -0.973501 -0.215816 0.0756322
    outer loop
      vertex 76.3324 13.6769 104.2
      vertex 74.9144 20.0732 104.2
      vertex 68.3876 18.3244 15.2
    endloop
  endfacet
  facet normal -0.996187 -0.0434979 0.075632
    outer loop
      vertex 77.5477 0.214165 104.2
      vertex 77.2619 6.75954 104.2
      vertex 70.5306 6.17063 15.2
    endloop
  endfacet
  facet normal -0.988606 0.130144 0.075632
    outer loop
      vertex 76.4068 -13.2551 104.2
      vertex 77.2619 -6.75954 104.2
      vertex 70.5306 -6.17063 15.2
    endloop
  endfacet
  facet normal -0.988605 0.130153 0.0756326
    outer loop
      vertex 69.7244 -12.2943 15.2
      vertex 76.4068 -13.2551 104.2
      vertex 70.5306 -6.17063 15.2
    endloop
  endfacet
  facet normal -0.988591 0.130261 0.0756327
    outer loop
      vertex 76.4068 -13.2551 104.2
      vertex 69.7244 -12.2943 15.2
      vertex 76.3788 -13.4676 104.2
    endloop
  endfacet
  facet normal -0.9735 0.215817 0.0756323
    outer loop
      vertex 69.7244 -12.2943 15.2
      vertex 76.3324 -13.6769 104.2
      vertex 76.3788 -13.4676 104.2
    endloop
  endfacet
  facet normal -0.973501 0.215813 0.0756323
    outer loop
      vertex 76.3324 -13.6769 104.2
      vertex 69.7244 -12.2943 15.2
      vertex 68.3876 -18.3244 15.2
    endloop
  endfacet
  facet normal -0.840978 0.535758 0.0756322
    outer loop
      vertex 57.996 -40.6092 15.2
      vertex 63.6462 -44.3041 104.2
      vertex 61.3146 -35.4 15.2
    endloop
  endfacet
  facet normal -0.840938 0.535819 0.0756322
    outer loop
      vertex 63.6462 -44.3041 104.2
      vertex 57.996 -40.6092 15.2
      vertex 63.531 -44.4849 104.2
    endloop
  endfacet
  facet normal -0.884468 0.460429 0.0756325
    outer loop
      vertex 67.1664 -38.7785 104.2
      vertex 70.1916 -32.9672 104.2
      vertex 61.3146 -35.4 15.2
    endloop
  endfacet
  facet normal -0.535819 0.840938 0.0756322
    outer loop
      vertex 40.6092 -57.996 15.2
      vertex 44.3041 -63.6462 104.2
      vertex 44.4849 -63.531 104.2
    endloop
  endfacet
  facet normal -0.535758 0.840978 0.0756322
    outer loop
      vertex 44.3041 -63.6462 104.2
      vertex 40.6092 -57.996 15.2
      vertex 35.4 -61.3146 15.2
    endloop
  endfacet
  facet normal -0.215813 0.973501 0.0756323
    outer loop
      vertex 12.2943 -69.7244 15.2
      vertex 13.6769 -76.3324 104.2
      vertex 18.3244 -68.3876 15.2
    endloop
  endfacet
  facet normal -0.215817 0.9735 0.0756323
    outer loop
      vertex 13.6769 -76.3324 104.2
      vertex 12.2943 -69.7244 15.2
      vertex 13.4676 -76.3788 104.2
    endloop
  endfacet
  facet normal 0.950986 0.299843 0.0756321
    outer loop
      vertex -72.9443 -26.3216 104.2
      vertex -68.3876 -18.3244 15.2
      vertex -74.9144 -20.0732 104.2
    endloop
  endfacet
  facet normal 0 0 1
    outer loop
      vertex 70.5306 6.17063 15.2
      vertex 70.5306 -6.17063 15.2
      vertex 70.8 0 15.2
    endloop
  endfacet
  facet normal 0 0 1
    outer loop
      vertex 69.7244 12.2943 15.2
      vertex 70.5306 -6.17063 15.2
      vertex 70.5306 6.17063 15.2
    endloop
  endfacet
  facet normal 0 0 1
    outer loop
      vertex 69.7244 12.2943 15.2
      vertex 69.7244 -12.2943 15.2
      vertex 70.5306 -6.17063 15.2
    endloop
  endfacet
  facet normal 0 0 1
    outer loop
      vertex 68.3876 18.3244 15.2
      vertex 69.7244 -12.2943 15.2
      vertex 69.7244 12.2943 15.2
    endloop
  endfacet
  facet normal 0 0 1
    outer loop
      vertex 68.3876 18.3244 15.2
      vertex 68.3876 -18.3244 15.2
      vertex 69.7244 -12.2943 15.2
    endloop
  endfacet
  facet normal 0 0 1
    outer loop
      vertex 66.5302 24.215 15.2
      vertex 68.3876 -18.3244 15.2
      vertex 68.3876 18.3244 15.2
    endloop
  endfacet
  facet normal 0 0 1
    outer loop
      vertex 66.5302 24.215 15.2
      vertex 66.5302 -24.215 15.2
      vertex 68.3876 -18.3244 15.2
    endloop
  endfacet
  facet normal 0 0 1
    outer loop
      vertex 64.1666 29.9214 15.2
      vertex 66.5302 -24.215 15.2
      vertex 66.5302 24.215 15.2
    endloop
  endfacet
  facet normal 0 0 1
    outer loop
      vertex 64.1666 29.9214 15.2
      vertex 64.1666 -29.9214 15.2
      vertex 66.5302 -24.215 15.2
    endloop
  endfacet
  facet normal 0 0 1
    outer loop
      vertex 61.3146 35.4 15.2
      vertex 64.1666 -29.9214 15.2
      vertex 64.1666 29.9214 15.2
    endloop
  endfacet
  facet normal 0 0 1
    outer loop
      vertex 61.3146 35.4 15.2
      vertex 61.3146 -35.4 15.2
      vertex 64.1666 -29.9214 15.2
    endloop
  endfacet
  facet normal 0 0 1
    outer loop
      vertex 57.996 40.6092 15.2
      vertex 61.3146 -35.4 15.2
      vertex 61.3146 35.4 15.2
    endloop
  endfacet
  facet normal 0 0 1
    outer loop
      vertex 57.996 40.6092 15.2
      vertex 57.996 -40.6092 15.2
      vertex 61.3146 -35.4 15.2
    endloop
  endfacet
  facet normal 0 0 1
    outer loop
      vertex 54.2359 45.5094 15.2
      vertex 57.996 -40.6092 15.2
      vertex 57.996 40.6092 15.2
    endloop
  endfacet
  facet normal 0 0 1
    outer loop
      vertex 54.2359 45.5094 15.2
      vertex 54.2359 -45.5094 15.2
      vertex 57.996 -40.6092 15.2
    endloop
  endfacet
  facet normal 0 0 1
    outer loop
      vertex 50.0632 50.0632 15.2
      vertex 54.2359 -45.5094 15.2
      vertex 54.2359 45.5094 15.2
    endloop
  endfacet
  facet normal 0 0 1
    outer loop
      vertex 50.0632 50.0632 15.2
      vertex 50.0632 -50.0632 15.2
      vertex 54.2359 -45.5094 15.2
    endloop
  endfacet
  facet normal 0 0 1
    outer loop
      vertex 45.5094 54.2359 15.2
      vertex 50.0632 -50.0632 15.2
      vertex 50.0632 50.0632 15.2
    endloop
  endfacet
  facet normal 0 0 1
    outer loop
      vertex 45.5094 54.2359 15.2
      vertex 45.5094 -54.2359 15.2
      vertex 50.0632 -50.0632 15.2
    endloop
  endfacet
  facet normal 0 0 1
    outer loop
      vertex 40.6092 57.996 15.2
      vertex 45.5094 -54.2359 15.2
      vertex 45.5094 54.2359 15.2
    endloop
  endfacet
  facet normal 0 0 1
    outer loop
      vertex 40.6092 57.996 15.2
      vertex 40.6092 -57.996 15.2
      vertex 45.5094 -54.2359 15.2
    endloop
  endfacet
  facet normal 0 0 1
    outer loop
      vertex 35.4 61.3146 15.2
      vertex 40.6092 -57.996 15.2
      vertex 40.6092 57.996 15.2
    endloop
  endfacet
  facet normal 0 0 1
    outer loop
      vertex 35.4 61.3146 15.2
      vertex 35.4 -61.3146 15.2
      vertex 40.6092 -57.996 15.2
    endloop
  endfacet
  facet normal 0 0 1
    outer loop
      vertex 29.9214 64.1666 15.2
      vertex 35.4 -61.3146 15.2
      vertex 35.4 61.3146 15.2
    endloop
  endfacet
  facet normal 0 0 1
    outer loop
      vertex 29.9214 64.1666 15.2
      vertex 29.9214 -64.1666 15.2
      vertex 35.4 -61.3146 15.2
    endloop
  endfacet
  facet normal 0 0 1
    outer loop
      vertex 24.215 66.5302 15.2
      vertex 29.9214 -64.1666 15.2
      vertex 29.9214 64.1666 15.2
    endloop
  endfacet
  facet normal 0 0 1
    outer loop
      vertex 24.215 66.5302 15.2
      vertex 24.215 -66.5302 15.2
      vertex 29.9214 -64.1666 15.2
    endloop
  endfacet
  facet normal 0 0 1
    outer loop
      vertex 18.3244 68.3876 15.2
      vertex 24.215 -66.5302 15.2
      vertex 24.215 66.5302 15.2
    endloop
  endfacet
  facet normal 0 0 1
    outer loop
      vertex 18.3244 68.3876 15.2
      vertex 18.3244 -68.3876 15.2
      vertex 24.215 -66.5302 15.2
    endloop
  endfacet
  facet normal 0 0 1
    outer loop
      vertex 12.2943 69.7244 15.2
      vertex 18.3244 -68.3876 15.2
      vertex 18.3244 68.3876 15.2
    endloop
  endfacet
  facet normal 0 0 1
    outer loop
      vertex 12.2943 69.7244 15.2
      vertex 12.2943 -69.7244 15.2
      vertex 18.3244 -68.3876 15.2
    endloop
  endfacet
  facet normal 0 0 1
    outer loop
      vertex 6.17063 70.5306 15.2
      vertex 12.2943 -69.7244 15.2
      vertex 12.2943 69.7244 15.2
    endloop
  endfacet
  facet normal 0 0 1
    outer loop
      vertex 6.17063 70.5306 15.2
      vertex 6.17063 -70.5306 15.2
      vertex 12.2943 -69.7244 15.2
    endloop
  endfacet
  facet normal 0 0 1
    outer loop
      vertex 0 70.8 15.2
      vertex 6.17063 -70.5306 15.2
      vertex 6.17063 70.5306 15.2
    endloop
  endfacet
  facet normal 0 0 1
    outer loop
      vertex 0 70.8 15.2
      vertex 0 -70.8 15.2
      vertex 6.17063 -70.5306 15.2
    endloop
  endfacet
  facet normal -0 0 1
    outer loop
      vertex -6.17063 70.5306 15.2
      vertex 0 -70.8 15.2
      vertex 0 70.8 15.2
    endloop
  endfacet
  facet normal 0 0 1
    outer loop
      vertex -6.17063 70.5306 15.2
      vertex -6.17063 -70.5306 15.2
      vertex 0 -70.8 15.2
    endloop
  endfacet
  facet normal -0 0 1
    outer loop
      vertex -12.2943 69.7244 15.2
      vertex -6.17063 -70.5306 15.2
      vertex -6.17063 70.5306 15.2
    endloop
  endfacet
  facet normal 0 0 1
    outer loop
      vertex -12.2943 69.7244 15.2
      vertex -12.2943 -69.7244 15.2
      vertex -6.17063 -70.5306 15.2
    endloop
  endfacet
  facet normal -0 0 1
    outer loop
      vertex -18.3244 68.3876 15.2
      vertex -12.2943 -69.7244 15.2
      vertex -12.2943 69.7244 15.2
    endloop
  endfacet
  facet normal 0 0 1
    outer loop
      vertex -18.3244 68.3876 15.2
      vertex -18.3244 -68.3876 15.2
      vertex -12.2943 -69.7244 15.2
    endloop
  endfacet
  facet normal -0 0 1
    outer loop
      vertex -24.215 66.5302 15.2
      vertex -18.3244 -68.3876 15.2
      vertex -18.3244 68.3876 15.2
    endloop
  endfacet
  facet normal 0 0 1
    outer loop
      vertex -24.215 66.5302 15.2
      vertex -24.215 -66.5302 15.2
      vertex -18.3244 -68.3876 15.2
    endloop
  endfacet
  facet normal -0 0 1
    outer loop
      vertex -29.9214 64.1666 15.2
      vertex -24.215 -66.5302 15.2
      vertex -24.215 66.5302 15.2
    endloop
  endfacet
  facet normal 0 0 1
    outer loop
      vertex -29.9214 64.1666 15.2
      vertex -29.9214 -64.1666 15.2
      vertex -24.215 -66.5302 15.2
    endloop
  endfacet
  facet normal -0 0 1
    outer loop
      vertex -35.4 61.3146 15.2
      vertex -29.9214 -64.1666 15.2
      vertex -29.9214 64.1666 15.2
    endloop
  endfacet
  facet normal 0 0 1
    outer loop
      vertex -35.4 61.3146 15.2
      vertex -35.4 -61.3146 15.2
      vertex -29.9214 -64.1666 15.2
    endloop
  endfacet
  facet normal -0 0 1
    outer loop
      vertex -40.6092 57.996 15.2
      vertex -35.4 -61.3146 15.2
      vertex -35.4 61.3146 15.2
    endloop
  endfacet
  facet normal 0 0 1
    outer loop
      vertex -40.6092 57.996 15.2
      vertex -40.6092 -57.996 15.2
      vertex -35.4 -61.3146 15.2
    endloop
  endfacet
  facet normal -0 0 1
    outer loop
      vertex -45.5094 54.2359 15.2
      vertex -40.6092 -57.996 15.2
      vertex -40.6092 57.996 15.2
    endloop
  endfacet
  facet normal 0 0 1
    outer loop
      vertex -45.5094 54.2359 15.2
      vertex -45.5094 -54.2359 15.2
      vertex -40.6092 -57.996 15.2
    endloop
  endfacet
  facet normal -0 0 1
    outer loop
      vertex -50.0632 50.0632 15.2
      vertex -45.5094 -54.2359 15.2
      vertex -45.5094 54.2359 15.2
    endloop
  endfacet
  facet normal 0 0 1
    outer loop
      vertex -50.0632 50.0632 15.2
      vertex -50.0632 -50.0632 15.2
      vertex -45.5094 -54.2359 15.2
    endloop
  endfacet
  facet normal -0 0 1
    outer loop
      vertex -54.2359 45.5094 15.2
      vertex -50.0632 -50.0632 15.2
      vertex -50.0632 50.0632 15.2
    endloop
  endfacet
  facet normal 0 0 1
    outer loop
      vertex -54.2359 45.5094 15.2
      vertex -54.2359 -45.5094 15.2
      vertex -50.0632 -50.0632 15.2
    endloop
  endfacet
  facet normal -0 0 1
    outer loop
      vertex -57.996 40.6092 15.2
      vertex -54.2359 -45.5094 15.2
      vertex -54.2359 45.5094 15.2
    endloop
  endfacet
  facet normal 0 0 1
    outer loop
      vertex -57.996 40.6092 15.2
      vertex -57.996 -40.6092 15.2
      vertex -54.2359 -45.5094 15.2
    endloop
  endfacet
  facet normal -0 0 1
    outer loop
      vertex -61.3146 35.4 15.2
      vertex -57.996 -40.6092 15.2
      vertex -57.996 40.6092 15.2
    endloop
  endfacet
  facet normal 0 0 1
    outer loop
      vertex -61.3146 35.4 15.2
      vertex -61.3146 -35.4 15.2
      vertex -57.996 -40.6092 15.2
    endloop
  endfacet
  facet normal -0 0 1
    outer loop
      vertex -64.1666 29.9214 15.2
      vertex -61.3146 -35.4 15.2
      vertex -61.3146 35.4 15.2
    endloop
  endfacet
  facet normal 0 0 1
    outer loop
      vertex -64.1666 29.9214 15.2
      vertex -64.1666 -29.9214 15.2
      vertex -61.3146 -35.4 15.2
    endloop
  endfacet
  facet normal -0 0 1
    outer loop
      vertex -66.5302 24.215 15.2
      vertex -64.1666 -29.9214 15.2
      vertex -64.1666 29.9214 15.2
    endloop
  endfacet
  facet normal 0 0 1
    outer loop
      vertex -66.5302 24.215 15.2
      vertex -66.5302 -24.215 15.2
      vertex -64.1666 -29.9214 15.2
    endloop
  endfacet
  facet normal -0 0 1
    outer loop
      vertex -68.3876 18.3244 15.2
      vertex -66.5302 -24.215 15.2
      vertex -66.5302 24.215 15.2
    endloop
  endfacet
  facet normal 0 0 1
    outer loop
      vertex -68.3876 18.3244 15.2
      vertex -68.3876 -18.3244 15.2
      vertex -66.5302 -24.215 15.2
    endloop
  endfacet
  facet normal -0 0 1
    outer loop
      vertex -69.7244 12.2943 15.2
      vertex -68.3876 -18.3244 15.2
      vertex -68.3876 18.3244 15.2
    endloop
  endfacet
  facet normal 0 0 1
    outer loop
      vertex -69.7244 12.2943 15.2
      vertex -69.7244 -12.2943 15.2
      vertex -68.3876 -18.3244 15.2
    endloop
  endfacet
  facet normal -0 0 1
    outer loop
      vertex -70.5306 6.17063 15.2
      vertex -69.7244 -12.2943 15.2
      vertex -69.7244 12.2943 15.2
    endloop
  endfacet
  facet normal 0 0 1
    outer loop
      vertex -70.5306 6.17063 15.2
      vertex -70.5306 -6.17063 15.2
      vertex -69.7244 -12.2943 15.2
    endloop
  endfacet
  facet normal 0 -0 1
    outer loop
      vertex -70.5306 -6.17063 15.2
      vertex -70.5306 6.17063 15.2
      vertex -70.8 0 15.2
    endloop
  endfacet
  facet normal 0.130153 0.988605 0.0756326
    outer loop
      vertex -12.2943 -69.7244 15.2
      vertex -13.2551 -76.4068 104.2
      vertex -6.17063 -70.5306 15.2
    endloop
  endfacet
  facet normal 0.130261 0.988591 0.0756327
    outer loop
      vertex -13.2551 -76.4068 104.2
      vertex -12.2943 -69.7244 15.2
      vertex -13.4676 -76.3788 104.2
    endloop
  endfacet
  facet normal 0.791078 0.607022 0.0756319
    outer loop
      vertex -59.5426 -49.6826 104.2
      vertex -54.2359 -45.5094 15.2
      vertex -57.996 -40.6092 15.2
    endloop
  endfacet
  facet normal 0.791131 0.606952 0.0756318
    outer loop
      vertex -54.2359 -45.5094 15.2
      vertex -59.5426 -49.6826 104.2
      vertex -59.4121 -49.8527 104.2
    endloop
  endfacet
  facet normal 0.535819 -0.840938 0.0756322
    outer loop
      vertex -40.6092 57.996 15.2
      vertex -44.3041 63.6462 104.2
      vertex -44.4849 63.531 104.2
    endloop
  endfacet
  facet normal 0.535758 -0.840978 0.0756322
    outer loop
      vertex -44.3041 63.6462 104.2
      vertex -40.6092 57.996 15.2
      vertex -35.4 61.3146 15.2
    endloop
  endfacet
  facet normal 0.215813 -0.973501 0.0756323
    outer loop
      vertex -12.2943 69.7244 15.2
      vertex -13.6769 76.3324 104.2
      vertex -18.3244 68.3876 15.2
    endloop
  endfacet
  facet normal 0.215817 -0.9735 0.0756323
    outer loop
      vertex -13.6769 76.3324 104.2
      vertex -12.2943 69.7244 15.2
      vertex -13.4676 76.3788 104.2
    endloop
  endfacet
  facet normal 0.988591 -0.130261 0.0756327
    outer loop
      vertex -76.4068 13.2551 104.2
      vertex -69.7244 12.2943 15.2
      vertex -76.3788 13.4676 104.2
    endloop
  endfacet
  facet normal 0.988605 -0.130153 0.0756326
    outer loop
      vertex -69.7244 12.2943 15.2
      vertex -76.4068 13.2551 104.2
      vertex -70.5306 6.17063 15.2
    endloop
  endfacet
  facet normal 0.950986 -0.299843 0.0756321
    outer loop
      vertex -68.3876 18.3244 15.2
      vertex -72.9443 26.3216 104.2
      vertex -74.9144 20.0732 104.2
    endloop
  endfacet
  facet normal 0.973501 -0.215816 0.0756322
    outer loop
      vertex -68.3876 18.3244 15.2
      vertex -74.9144 20.0732 104.2
      vertex -76.3324 13.6769 104.2
    endloop
  endfacet
  facet normal 0.921257 -0.38153 0.0756369
    outer loop
      vertex -72.8798 26.5261 104.2
      vertex -64.1666 29.9214 15.2
      vertex -72.7978 26.7241 104.2
    endloop
  endfacet
  facet normal 0.921237 -0.381578 0.0756332
    outer loop
      vertex -64.1666 29.9214 15.2
      vertex -72.8798 26.5261 104.2
      vertex -66.5302 24.215 15.2
    endloop
  endfacet
  facet normal -0.299859 -0.950981 0.0756333
    outer loop
      vertex 24.215 66.5302 15.2
      vertex 26.3216 72.9443 104.2
      vertex 18.3244 68.3876 15.2
    endloop
  endfacet
  facet normal -0.299935 -0.950957 0.0756334
    outer loop
      vertex 26.3216 72.9443 104.2
      vertex 24.215 66.5302 15.2
      vertex 26.5261 72.8798 104.2
    endloop
  endfacet
  facet normal -0.460429 -0.884468 0.0756325
    outer loop
      vertex 35.4 61.3146 15.2
      vertex 38.7785 67.1664 104.2
      vertex 32.9672 70.1916 104.2
    endloop
  endfacet
  facet normal -0.840938 -0.535819 0.0756362
    outer loop
      vertex 63.531 44.4849 104.2
      vertex 62.7395 40.8415 69.5895
      vertex 63.6462 44.3041 104.2
    endloop
  endfacet
  facet normal -0.840968 -0.535774 0.0756321
    outer loop
      vertex 57.996 40.6092 15.2
      vertex 62.7395 40.8415 69.5895
      vertex 63.531 44.4849 104.2
    endloop
  endfacet
  facet normal -0.840994 -0.535732 0.0756342
    outer loop
      vertex 57.996 40.6092 15.2
      vertex 60.0707 39.3006 29
      vertex 62.7395 40.8415 69.5895
    endloop
  endfacet
  facet normal -0.840979 -0.535757 0.0756295
    outer loop
      vertex 57.996 40.6092 15.2
      vertex 61.6761 36.7806 29
      vertex 60.0707 39.3006 29
    endloop
  endfacet
  facet normal -0.840978 -0.535758 0.075629
    outer loop
      vertex 61.6761 36.7806 29
      vertex 57.996 40.6092 15.2
      vertex 61.3146 35.4 15.2
    endloop
  endfacet
  facet normal -0.735162 -0.673659 0.0756315
    outer loop
      vertex 59.2673 50.0108 104.2
      vertex 54.8411 54.8411 104.2
      vertex 50.0632 50.0632 15.2
    endloop
  endfacet
  facet normal -0.791076 -0.607024 0.075632
    outer loop
      vertex 63.531 44.4849 104.2
      vertex 59.5426 49.6826 104.2
      vertex 57.996 40.6092 15.2
    endloop
  endfacet
  facet normal -0.988591 -0.130261 0.0756327
    outer loop
      vertex 69.7244 12.2943 15.2
      vertex 76.4068 13.2551 104.2
      vertex 76.3788 13.4676 104.2
    endloop
  endfacet
  facet normal -0.988605 -0.130153 0.0756326
    outer loop
      vertex 76.4068 13.2551 104.2
      vertex 69.7244 12.2943 15.2
      vertex 70.5306 6.17063 15.2
    endloop
  endfacet
  facet normal -0.973501 -0.215813 0.0756323
    outer loop
      vertex 69.7244 12.2943 15.2
      vertex 76.3324 13.6769 104.2
      vertex 68.3876 18.3244 15.2
    endloop
  endfacet
  facet normal -0.9735 -0.215817 0.0756323
    outer loop
      vertex 76.3324 13.6769 104.2
      vertex 69.7244 12.2943 15.2
      vertex 76.3788 13.4676 104.2
    endloop
  endfacet
  facet normal -0.996177 0.0437236 0.0756322
    outer loop
      vertex 70.8 0 15.2
      vertex 77.5477 -0.214165 104.2
      vertex 77.5571 0 104.2
    endloop
  endfacet
  facet normal -0.996187 0.0434919 0.0756324
    outer loop
      vertex 77.5477 -0.214165 104.2
      vertex 70.8 0 15.2
      vertex 70.5306 -6.17063 15.2
    endloop
  endfacet
  facet normal -0.973501 0.215816 0.0756322
    outer loop
      vertex 74.9144 -20.0732 104.2
      vertex 76.3324 -13.6769 104.2
      vertex 68.3876 -18.3244 15.2
    endloop
  endfacet
  facet normal -0.950986 0.299843 0.0756321
    outer loop
      vertex 72.9443 -26.3216 104.2
      vertex 74.9144 -20.0732 104.2
      vertex 68.3876 -18.3244 15.2
    endloop
  endfacet
  facet normal -0.840975 0.535761 0.0756325
    outer loop
      vertex 63.6462 -44.3041 104.2
      vertex 67.1664 -38.7785 104.2
      vertex 61.3146 -35.4 15.2
    endloop
  endfacet
  facet normal -0.791076 0.607024 0.075632
    outer loop
      vertex 59.5426 -49.6826 104.2
      vertex 63.531 -44.4849 104.2
      vertex 57.996 -40.6092 15.2
    endloop
  endfacet
  facet normal -0.791078 0.607022 0.0756319
    outer loop
      vertex 54.2359 -45.5094 15.2
      vertex 59.5426 -49.6826 104.2
      vertex 57.996 -40.6092 15.2
    endloop
  endfacet
  facet normal -0.791131 0.606952 0.0756318
    outer loop
      vertex 59.5426 -49.6826 104.2
      vertex 54.2359 -45.5094 15.2
      vertex 59.4121 -49.8527 104.2
    endloop
  endfacet
  facet normal -0.921257 0.381531 0.0756333
    outer loop
      vertex 66.5302 -24.215 15.2
      vertex 72.7978 -26.7241 104.2
      vertex 72.8798 -26.5261 104.2
    endloop
  endfacet
  facet normal -0.921237 0.381578 0.0756333
    outer loop
      vertex 72.7978 -26.7241 104.2
      vertex 66.5302 -24.215 15.2
      vertex 64.1666 -29.9214 15.2
    endloop
  endfacet
  facet normal -0.884493 0.460383 0.0756326
    outer loop
      vertex 64.1666 -29.9214 15.2
      vertex 70.1916 -32.9672 104.2
      vertex 70.2906 -32.777 104.2
    endloop
  endfacet
  facet normal -0.884469 0.460429 0.0756326
    outer loop
      vertex 70.1916 -32.9672 104.2
      vertex 64.1666 -29.9214 15.2
      vertex 61.3146 -35.4 15.2
    endloop
  endfacet
  facet normal -0.130144 0.988606 0.075632
    outer loop
      vertex 6.75954 -77.2619 104.2
      vertex 13.2551 -76.4068 104.2
      vertex 6.17063 -70.5306 15.2
    endloop
  endfacet
  facet normal -0.0434979 0.996187 0.0756326
    outer loop
      vertex 6.75954 -77.2619 104.2
      vertex 4 -75.621 81
      vertex 0.214165 -77.5477 104.2
    endloop
  endfacet
  facet normal -0.0434994 0.996186 0.0756328
    outer loop
      vertex 6.75954 -77.2619 104.2
      vertex 4 -73.0877 47.633
      vertex 4 -75.621 81
    endloop
  endfacet
  facet normal -0.0434806 0.996187 0.0756319
    outer loop
      vertex 4 -73.0877 47.633
      vertex 6.75954 -77.2619 104.2
      vertex 6.17063 -70.5306 15.2
    endloop
  endfacet
  facet normal -0.043494 0.996187 0.0756333
    outer loop
      vertex 0.214165 -77.5477 104.2
      vertex 4 -75.621 81
      vertex 1.76686 -75.7185 81
    endloop
  endfacet
  facet normal -0.299935 0.950957 0.0756334
    outer loop
      vertex 24.215 -66.5302 15.2
      vertex 26.3216 -72.9443 104.2
      vertex 26.5261 -72.8798 104.2
    endloop
  endfacet
  facet normal -0.299859 0.950981 0.0756333
    outer loop
      vertex 26.3216 -72.9443 104.2
      vertex 24.215 -66.5302 15.2
      vertex 18.3244 -68.3876 15.2
    endloop
  endfacet
  facet normal -0.673659 0.735162 0.0756315
    outer loop
      vertex 54.8411 -54.8411 104.2
      vertex 50.0632 -50.0632 15.2
      vertex 50.0108 -59.2673 104.2
    endloop
  endfacet
  facet normal 0.9735 0.215817 0.0756323
    outer loop
      vertex -76.3324 -13.6769 104.2
      vertex -69.7244 -12.2943 15.2
      vertex -76.3788 -13.4676 104.2
    endloop
  endfacet
  facet normal 0.973501 0.215813 0.0756323
    outer loop
      vertex -69.7244 -12.2943 15.2
      vertex -76.3324 -13.6769 104.2
      vertex -68.3876 -18.3244 15.2
    endloop
  endfacet
  facet normal 0.988606 0.130144 0.075632
    outer loop
      vertex -76.4068 -13.2551 104.2
      vertex -70.5306 -6.17063 15.2
      vertex -77.2619 -6.75954 104.2
    endloop
  endfacet
  facet normal 0.950981 0.299859 0.0756333
    outer loop
      vertex -72.9443 -26.3216 104.2
      vertex -66.5302 -24.215 15.2
      vertex -68.3876 -18.3244 15.2
    endloop
  endfacet
  facet normal 0.950957 0.299935 0.0756334
    outer loop
      vertex -66.5302 -24.215 15.2
      vertex -72.9443 -26.3216 104.2
      vertex -72.8798 -26.5261 104.2
    endloop
  endfacet
  facet normal 0.973501 0.215816 0.0756322
    outer loop
      vertex -74.9144 -20.0732 104.2
      vertex -68.3876 -18.3244 15.2
      vertex -76.3324 -13.6769 104.2
    endloop
  endfacet
  facet normal 0.673647 0.735173 0.0756321
    outer loop
      vertex -50.0632 -50.0632 15.2
      vertex -49.8527 -59.4121 104.2
      vertex -45.5094 -54.2359 15.2
    endloop
  endfacet
  facet normal 0.673472 0.735331 0.0756491
    outer loop
      vertex -49.8527 -59.4121 104.2
      vertex -50.0632 -50.0632 15.2
      vertex -50.0108 -59.2673 104.2
    endloop
  endfacet
  facet normal 0.607022 0.791078 0.0756319
    outer loop
      vertex -45.5094 -54.2359 15.2
      vertex -49.6826 -59.5426 104.2
      vertex -40.6092 -57.996 15.2
    endloop
  endfacet
  facet normal 0.606952 0.791131 0.0756318
    outer loop
      vertex -49.6826 -59.5426 104.2
      vertex -45.5094 -54.2359 15.2
      vertex -49.8527 -59.4121 104.2
    endloop
  endfacet
  facet normal 0.535761 0.840975 0.0756325
    outer loop
      vertex -38.7785 -67.1664 104.2
      vertex -35.4 -61.3146 15.2
      vertex -44.3041 -63.6462 104.2
    endloop
  endfacet
  facet normal 0.381531 0.921257 0.0756333
    outer loop
      vertex -24.215 -66.5302 15.2
      vertex -26.7241 -72.7978 104.2
      vertex -26.5261 -72.8798 104.2
    endloop
  endfacet
  facet normal 0.381578 0.921237 0.0756333
    outer loop
      vertex -26.7241 -72.7978 104.2
      vertex -24.215 -66.5302 15.2
      vertex -29.9214 -64.1666 15.2
    endloop
  endfacet
  facet normal 0.215817 0.9735 0.0756323
    outer loop
      vertex -12.2943 -69.7244 15.2
      vertex -13.6769 -76.3324 104.2
      vertex -13.4676 -76.3788 104.2
    endloop
  endfacet
  facet normal 0.215813 0.973501 0.0756323
    outer loop
      vertex -13.6769 -76.3324 104.2
      vertex -12.2943 -69.7244 15.2
      vertex -18.3244 -68.3876 15.2
    endloop
  endfacet
  facet normal 0.0434836 0.996187 0.0756308
    outer loop
      vertex 0 -71.8477 29
      vertex 0 -70.8 15.2
      vertex -4 -71.6731 29
    endloop
  endfacet
  facet normal 0.0435151 0.996186 0.0756295
    outer loop
      vertex -4 -71.6731 29
      vertex -6.17063 -70.5306 15.2
      vertex -4 -73.0877 47.633
    endloop
  endfacet
  facet normal 0.0434919 0.996187 0.0756332
    outer loop
      vertex -6.17063 -70.5306 15.2
      vertex -4 -71.6731 29
      vertex 0 -70.8 15.2
    endloop
  endfacet
  facet normal 0.0437236 0.996177 0.0756321
    outer loop
      vertex 0 -75.7957 81
      vertex -0.214165 -77.5477 104.2
      vertex 0 -77.5571 104.2
    endloop
  endfacet
  facet normal 0.0435267 0.996185 0.075631
    outer loop
      vertex -0.214165 -77.5477 104.2
      vertex 0 -75.7957 81
      vertex -1.76686 -75.7185 81
    endloop
  endfacet
  facet normal 0.215816 0.973501 0.0756322
    outer loop
      vertex -13.6769 -76.3324 104.2
      vertex -18.3244 -68.3876 15.2
      vertex -20.0732 -74.9144 104.2
    endloop
  endfacet
  facet normal 0.673659 0.735162 0.0756315
    outer loop
      vertex -50.0108 -59.2673 104.2
      vertex -50.0632 -50.0632 15.2
      vertex -54.8411 -54.8411 104.2
    endloop
  endfacet
  facet normal 0.735162 0.673659 0.0756315
    outer loop
      vertex -54.8411 -54.8411 104.2
      vertex -50.0632 -50.0632 15.2
      vertex -59.2673 -50.0108 104.2
    endloop
  endfacet
  facet normal 0.791076 0.607024 0.075632
    outer loop
      vertex -59.5426 -49.6826 104.2
      vertex -57.996 -40.6092 15.2
      vertex -63.531 -44.4849 104.2
    endloop
  endfacet
  facet normal 0.840975 0.535761 0.0756325
    outer loop
      vertex -63.6462 -44.3041 104.2
      vertex -61.3146 -35.4 15.2
      vertex -67.1664 -38.7785 104.2
    endloop
  endfacet
  facet normal 0.840978 0.535758 0.0756322
    outer loop
      vertex -63.6462 -44.3041 104.2
      vertex -57.996 -40.6092 15.2
      vertex -61.3146 -35.4 15.2
    endloop
  endfacet
  facet normal 0.840938 0.535819 0.0756322
    outer loop
      vertex -57.996 -40.6092 15.2
      vertex -63.6462 -44.3041 104.2
      vertex -63.531 -44.4849 104.2
    endloop
  endfacet
  facet normal 0.130144 -0.988606 0.075632
    outer loop
      vertex -6.17063 70.5306 15.2
      vertex -6.75954 77.2619 104.2
      vertex -13.2551 76.4068 104.2
    endloop
  endfacet
  facet normal 0.0434979 -0.996187 0.075632
    outer loop
      vertex -6.17063 70.5306 15.2
      vertex -0.214165 77.5477 104.2
      vertex -6.75954 77.2619 104.2
    endloop
  endfacet
  facet normal 0.299935 -0.950957 0.0756334
    outer loop
      vertex -24.215 66.5302 15.2
      vertex -26.3216 72.9443 104.2
      vertex -26.5261 72.8798 104.2
    endloop
  endfacet
  facet normal 0.299859 -0.950981 0.0756333
    outer loop
      vertex -26.3216 72.9443 104.2
      vertex -24.215 66.5302 15.2
      vertex -18.3244 68.3876 15.2
    endloop
  endfacet
  facet normal 0.673659 -0.735162 0.0756315
    outer loop
      vertex -50.0632 50.0632 15.2
      vertex -50.0108 59.2673 104.2
      vertex -54.8411 54.8411 104.2
    endloop
  endfacet
  facet normal 0.996177 -0.0437236 0.0756322
    outer loop
      vertex -70.8 0 15.2
      vertex -77.5477 0.214165 104.2
      vertex -77.5571 0 104.2
    endloop
  endfacet
  facet normal 0.996187 -0.0434919 0.0756324
    outer loop
      vertex -77.5477 0.214165 104.2
      vertex -70.8 0 15.2
      vertex -70.5306 6.17063 15.2
    endloop
  endfacet
  facet normal 0.996187 -0.0434979 0.075632
    outer loop
      vertex -70.5306 6.17063 15.2
      vertex -77.2619 6.75954 104.2
      vertex -77.5477 0.214165 104.2
    endloop
  endfacet
  facet normal 0.950957 -0.299935 0.0756334
    outer loop
      vertex -72.9443 26.3216 104.2
      vertex -66.5302 24.215 15.2
      vertex -72.8798 26.5261 104.2
    endloop
  endfacet
  facet normal 0.950981 -0.299859 0.0756333
    outer loop
      vertex -66.5302 24.215 15.2
      vertex -72.9443 26.3216 104.2
      vertex -68.3876 18.3244 15.2
    endloop
  endfacet
  facet normal 0.840938 -0.535819 0.0756362
    outer loop
      vertex -62.7395 40.8415 69.5895
      vertex -63.531 44.4849 104.2
      vertex -63.6462 44.3041 104.2
    endloop
  endfacet
  facet normal 0.840968 -0.535774 0.0756321
    outer loop
      vertex -62.7395 40.8415 69.5895
      vertex -57.996 40.6092 15.2
      vertex -63.531 44.4849 104.2
    endloop
  endfacet
  facet normal 0.840994 -0.535732 0.0756342
    outer loop
      vertex -60.0707 39.3006 29
      vertex -57.996 40.6092 15.2
      vertex -62.7395 40.8415 69.5895
    endloop
  endfacet
  facet normal 0.840979 -0.535757 0.0756295
    outer loop
      vertex -61.6761 36.7806 29
      vertex -57.996 40.6092 15.2
      vertex -60.0707 39.3006 29
    endloop
  endfacet
  facet normal 0.840978 -0.535758 0.075629
    outer loop
      vertex -57.996 40.6092 15.2
      vertex -61.6761 36.7806 29
      vertex -61.3146 35.4 15.2
    endloop
  endfacet
  facet normal 0.791076 -0.607024 0.075632
    outer loop
      vertex -57.996 40.6092 15.2
      vertex -59.5426 49.6826 104.2
      vertex -63.531 44.4849 104.2
    endloop
  endfacet
  facet normal 0.884503 -0.460362 0.0756364
    outer loop
      vertex -61.3146 35.4 15.2
      vertex -62.222 35.9239 29
      vertex -62.691 35.0228 29
    endloop
  endfacet
  facet normal 0.884475 -0.460418 0.0756322
    outer loop
      vertex -67.1664 38.7785 104.2
      vertex -67.4897 34.3464 81
      vertex -65.641 37.8978 81
    endloop
  endfacet
  facet normal 0.884437 -0.460492 0.0756271
    outer loop
      vertex -67.4897 34.3464 81
      vertex -70.1916 32.9672 104.2
      vertex -66.7395 33.9133 69.5895
    endloop
  endfacet
  facet normal 0.884468 -0.460429 0.0756345
    outer loop
      vertex -70.1916 32.9672 104.2
      vertex -67.4897 34.3464 81
      vertex -67.1664 38.7785 104.2
    endloop
  endfacet
  facet normal -0.735331 -0.673472 0.0756491
    outer loop
      vertex 50.0632 50.0632 15.2
      vertex 59.4121 49.8527 104.2
      vertex 59.2673 50.0108 104.2
    endloop
  endfacet
  facet normal -0.735173 -0.673647 0.0756321
    outer loop
      vertex 59.4121 49.8527 104.2
      vertex 50.0632 50.0632 15.2
      vertex 54.2359 45.5094 15.2
    endloop
  endfacet
  facet normal -0.0437236 -0.996177 0.0756322
    outer loop
      vertex 0 70.8 15.2
      vertex 0.214165 77.5477 104.2
      vertex 0 77.5571 104.2
    endloop
  endfacet
  facet normal -0.0434919 -0.996187 0.0756324
    outer loop
      vertex 0.214165 77.5477 104.2
      vertex 0 70.8 15.2
      vertex 6.17063 70.5306 15.2
    endloop
  endfacet
  facet normal -0.0434979 -0.996187 0.075632
    outer loop
      vertex 6.17063 70.5306 15.2
      vertex 6.75954 77.2619 104.2
      vertex 0.214165 77.5477 104.2
    endloop
  endfacet
  facet normal -0.299843 -0.950986 0.0756321
    outer loop
      vertex 26.3216 72.9443 104.2
      vertex 20.0732 74.9144 104.2
      vertex 18.3244 68.3876 15.2
    endloop
  endfacet
  facet normal -0.381531 -0.921257 0.0756333
    outer loop
      vertex 24.215 66.5302 15.2
      vertex 26.7241 72.7978 104.2
      vertex 26.5261 72.8798 104.2
    endloop
  endfacet
  facet normal -0.381578 -0.921237 0.0756333
    outer loop
      vertex 26.7241 72.7978 104.2
      vertex 24.215 66.5302 15.2
      vertex 29.9214 64.1666 15.2
    endloop
  endfacet
  facet normal -0.884472 -0.460423 0.0756315
    outer loop
      vertex 61.3146 35.4 15.2
      vertex 64.0707 32.3724 29
      vertex 62.691 35.0228 29
    endloop
  endfacet
  facet normal -0.884469 -0.460429 0.0756298
    outer loop
      vertex 64.0707 32.3724 29
      vertex 61.3146 35.4 15.2
      vertex 64.1666 29.9214 15.2
    endloop
  endfacet
  facet normal -0.884493 -0.460383 0.0756357
    outer loop
      vertex 66.7395 33.9133 69.5895
      vertex 70.2906 32.777 104.2
      vertex 70.1916 32.9672 104.2
    endloop
  endfacet
  facet normal -0.884456 -0.460453 0.0756341
    outer loop
      vertex 64.1666 29.9214 15.2
      vertex 66.7395 33.9133 69.5895
      vertex 64.0707 32.3724 29
    endloop
  endfacet
  facet normal -0.884473 -0.46042 0.0756325
    outer loop
      vertex 66.7395 33.9133 69.5895
      vertex 64.1666 29.9214 15.2
      vertex 70.2906 32.777 104.2
    endloop
  endfacet
  facet normal -0.921233 -0.381588 0.0756325
    outer loop
      vertex 72.7978 26.7241 104.2
      vertex 70.2906 32.777 104.2
      vertex 64.1666 29.9214 15.2
    endloop
  endfacet
  facet normal -0.791131 -0.606952 0.0756318
    outer loop
      vertex 54.2359 45.5094 15.2
      vertex 59.5426 49.6826 104.2
      vertex 59.4121 49.8527 104.2
    endloop
  endfacet
  facet normal -0.791078 -0.607022 0.0756319
    outer loop
      vertex 59.5426 49.6826 104.2
      vertex 54.2359 45.5094 15.2
      vertex 57.996 40.6092 15.2
    endloop
  endfacet
  facet normal -0.950957 -0.299935 0.0756334
    outer loop
      vertex 66.5302 24.215 15.2
      vertex 72.9443 26.3216 104.2
      vertex 72.8798 26.5261 104.2
    endloop
  endfacet
  facet normal -0.950981 -0.299859 0.0756333
    outer loop
      vertex 72.9443 26.3216 104.2
      vertex 66.5302 24.215 15.2
      vertex 68.3876 18.3244 15.2
    endloop
  endfacet
  facet normal -0.950986 -0.299843 0.0756321
    outer loop
      vertex 74.9144 20.0732 104.2
      vertex 72.9443 26.3216 104.2
      vertex 68.3876 18.3244 15.2
    endloop
  endfacet
  facet normal -0.735173 0.673647 0.0756321
    outer loop
      vertex 50.0632 -50.0632 15.2
      vertex 59.4121 -49.8527 104.2
      vertex 54.2359 -45.5094 15.2
    endloop
  endfacet
  facet normal -0.735331 0.673472 0.0756491
    outer loop
      vertex 59.4121 -49.8527 104.2
      vertex 50.0632 -50.0632 15.2
      vertex 59.2673 -50.0108 104.2
    endloop
  endfacet
  facet normal -0.921233 0.381588 0.0756325
    outer loop
      vertex 70.2906 -32.777 104.2
      vertex 72.7978 -26.7241 104.2
      vertex 64.1666 -29.9214 15.2
    endloop
  endfacet
  facet normal -0.130261 0.988591 0.0756327
    outer loop
      vertex 12.2943 -69.7244 15.2
      vertex 13.2551 -76.4068 104.2
      vertex 13.4676 -76.3788 104.2
    endloop
  endfacet
  facet normal -0.130153 0.988605 0.0756326
    outer loop
      vertex 13.2551 -76.4068 104.2
      vertex 12.2943 -69.7244 15.2
      vertex 6.17063 -70.5306 15.2
    endloop
  endfacet
  facet normal -0.299843 0.950986 0.0756321
    outer loop
      vertex 20.0732 -74.9144 104.2
      vertex 26.3216 -72.9443 104.2
      vertex 18.3244 -68.3876 15.2
    endloop
  endfacet
  facet normal -0.215816 0.973501 0.0756322
    outer loop
      vertex 20.0732 -74.9144 104.2
      vertex 18.3244 -68.3876 15.2
      vertex 13.6769 -76.3324 104.2
    endloop
  endfacet
  facet normal -0.460429 0.884468 0.0756325
    outer loop
      vertex 38.7785 -67.1664 104.2
      vertex 35.4 -61.3146 15.2
      vertex 32.9672 -70.1916 104.2
    endloop
  endfacet
  facet normal -0.535761 0.840975 0.0756325
    outer loop
      vertex 38.7785 -67.1664 104.2
      vertex 44.3041 -63.6462 104.2
      vertex 35.4 -61.3146 15.2
    endloop
  endfacet
  facet normal -0.38153 0.921257 0.0756369
    outer loop
      vertex 29.9214 -64.1666 15.2
      vertex 26.5261 -72.8798 104.2
      vertex 26.7241 -72.7978 104.2
    endloop
  endfacet
  facet normal -0.381578 0.921237 0.0756332
    outer loop
      vertex 26.5261 -72.8798 104.2
      vertex 29.9214 -64.1666 15.2
      vertex 24.215 -66.5302 15.2
    endloop
  endfacet
  facet normal -0.606952 0.791131 0.0756318
    outer loop
      vertex 45.5094 -54.2359 15.2
      vertex 49.6826 -59.5426 104.2
      vertex 49.8527 -59.4121 104.2
    endloop
  endfacet
  facet normal -0.607022 0.791078 0.0756319
    outer loop
      vertex 49.6826 -59.5426 104.2
      vertex 45.5094 -54.2359 15.2
      vertex 40.6092 -57.996 15.2
    endloop
  endfacet
  facet normal -0.607024 0.791076 0.075632
    outer loop
      vertex 44.4849 -63.531 104.2
      vertex 49.6826 -59.5426 104.2
      vertex 40.6092 -57.996 15.2
    endloop
  endfacet
  facet normal 0.988605 0.130153 0.0756326
    outer loop
      vertex -76.4068 -13.2551 104.2
      vertex -69.7244 -12.2943 15.2
      vertex -70.5306 -6.17063 15.2
    endloop
  endfacet
  facet normal 0.988591 0.130261 0.0756327
    outer loop
      vertex -69.7244 -12.2943 15.2
      vertex -76.4068 -13.2551 104.2
      vertex -76.3788 -13.4676 104.2
    endloop
  endfacet
  facet normal 0.921233 0.381588 0.0756325
    outer loop
      vertex -70.2906 -32.777 104.2
      vertex -64.1666 -29.9214 15.2
      vertex -72.7978 -26.7241 104.2
    endloop
  endfacet
  facet normal 0.921257 0.381531 0.0756333
    outer loop
      vertex -72.7978 -26.7241 104.2
      vertex -66.5302 -24.215 15.2
      vertex -72.8798 -26.5261 104.2
    endloop
  endfacet
  facet normal 0.921237 0.381578 0.0756333
    outer loop
      vertex -66.5302 -24.215 15.2
      vertex -72.7978 -26.7241 104.2
      vertex -64.1666 -29.9214 15.2
    endloop
  endfacet
  facet normal 0.535758 0.840978 0.0756322
    outer loop
      vertex -40.6092 -57.996 15.2
      vertex -44.3041 -63.6462 104.2
      vertex -35.4 -61.3146 15.2
    endloop
  endfacet
  facet normal 0.535819 0.840938 0.0756322
    outer loop
      vertex -44.3041 -63.6462 104.2
      vertex -40.6092 -57.996 15.2
      vertex -44.4849 -63.531 104.2
    endloop
  endfacet
  facet normal 0.381588 0.921233 0.0756325
    outer loop
      vertex -26.7241 -72.7978 104.2
      vertex -29.9214 -64.1666 15.2
      vertex -32.777 -70.2906 104.2
    endloop
  endfacet
  facet normal 0.043494 0.996187 0.0756333
    outer loop
      vertex -4 -75.621 81
      vertex -0.214165 -77.5477 104.2
      vertex -1.76686 -75.7185 81
    endloop
  endfacet
  facet normal 0.0434979 0.996187 0.0756326
    outer loop
      vertex -0.214165 -77.5477 104.2
      vertex -4 -75.621 81
      vertex -6.75954 -77.2619 104.2
    endloop
  endfacet
  facet normal 0.0434994 0.996186 0.0756328
    outer loop
      vertex -4 -73.0877 47.633
      vertex -6.75954 -77.2619 104.2
      vertex -4 -75.621 81
    endloop
  endfacet
  facet normal 0.0434806 0.996187 0.0756319
    outer loop
      vertex -6.75954 -77.2619 104.2
      vertex -4 -73.0877 47.633
      vertex -6.17063 -70.5306 15.2
    endloop
  endfacet
  facet normal 0.130144 0.988606 0.075632
    outer loop
      vertex -6.75954 -77.2619 104.2
      vertex -6.17063 -70.5306 15.2
      vertex -13.2551 -76.4068 104.2
    endloop
  endfacet
  facet normal 0.299843 0.950986 0.0756321
    outer loop
      vertex -20.0732 -74.9144 104.2
      vertex -18.3244 -68.3876 15.2
      vertex -26.3216 -72.9443 104.2
    endloop
  endfacet
  facet normal 0.299859 0.950981 0.0756333
    outer loop
      vertex -24.215 -66.5302 15.2
      vertex -26.3216 -72.9443 104.2
      vertex -18.3244 -68.3876 15.2
    endloop
  endfacet
  facet normal 0.299935 0.950957 0.0756334
    outer loop
      vertex -26.3216 -72.9443 104.2
      vertex -24.215 -66.5302 15.2
      vertex -26.5261 -72.8798 104.2
    endloop
  endfacet
  facet normal 0.130261 -0.988591 0.0756327
    outer loop
      vertex -12.2943 69.7244 15.2
      vertex -13.2551 76.4068 104.2
      vertex -13.4676 76.3788 104.2
    endloop
  endfacet
  facet normal 0.130153 -0.988605 0.0756326
    outer loop
      vertex -13.2551 76.4068 104.2
      vertex -12.2943 69.7244 15.2
      vertex -6.17063 70.5306 15.2
    endloop
  endfacet
  facet normal 0.299843 -0.950986 0.0756321
    outer loop
      vertex -18.3244 68.3876 15.2
      vertex -20.0732 74.9144 104.2
      vertex -26.3216 72.9443 104.2
    endloop
  endfacet
  facet normal 0.215816 -0.973501 0.0756322
    outer loop
      vertex -18.3244 68.3876 15.2
      vertex -13.6769 76.3324 104.2
      vertex -20.0732 74.9144 104.2
    endloop
  endfacet
  facet normal 0.460429 -0.884468 0.0756325
    outer loop
      vertex -35.4 61.3146 15.2
      vertex -32.9672 70.1916 104.2
      vertex -38.7785 67.1664 104.2
    endloop
  endfacet
  facet normal 0.535761 -0.840975 0.0756325
    outer loop
      vertex -35.4 61.3146 15.2
      vertex -38.7785 67.1664 104.2
      vertex -44.3041 63.6462 104.2
    endloop
  endfacet
  facet normal 0.38153 -0.921257 0.0756369
    outer loop
      vertex -29.9214 64.1666 15.2
      vertex -26.5261 72.8798 104.2
      vertex -26.7241 72.7978 104.2
    endloop
  endfacet
  facet normal 0.381578 -0.921237 0.0756332
    outer loop
      vertex -26.5261 72.8798 104.2
      vertex -29.9214 64.1666 15.2
      vertex -24.215 66.5302 15.2
    endloop
  endfacet
  facet normal 0.606952 -0.791131 0.0756318
    outer loop
      vertex -45.5094 54.2359 15.2
      vertex -49.6826 59.5426 104.2
      vertex -49.8527 59.4121 104.2
    endloop
  endfacet
  facet normal 0.607022 -0.791078 0.0756319
    outer loop
      vertex -49.6826 59.5426 104.2
      vertex -45.5094 54.2359 15.2
      vertex -40.6092 57.996 15.2
    endloop
  endfacet
  facet normal 0.607024 -0.791076 0.075632
    outer loop
      vertex -40.6092 57.996 15.2
      vertex -44.4849 63.531 104.2
      vertex -49.6826 59.5426 104.2
    endloop
  endfacet
  facet normal 0.791131 -0.606952 0.0756318
    outer loop
      vertex -59.5426 49.6826 104.2
      vertex -54.2359 45.5094 15.2
      vertex -59.4121 49.8527 104.2
    endloop
  endfacet
  facet normal 0.791078 -0.607022 0.0756319
    outer loop
      vertex -54.2359 45.5094 15.2
      vertex -59.5426 49.6826 104.2
      vertex -57.996 40.6092 15.2
    endloop
  endfacet
  facet normal 0.921233 -0.381588 0.0756325
    outer loop
      vertex -64.1666 29.9214 15.2
      vertex -70.2906 32.777 104.2
      vertex -72.7978 26.7241 104.2
    endloop
  endfacet
  facet normal 0.884493 -0.460383 0.0756357
    outer loop
      vertex -70.2906 32.777 104.2
      vertex -66.7395 33.9133 69.5895
      vertex -70.1916 32.9672 104.2
    endloop
  endfacet
  facet normal 0.884473 -0.46042 0.0756325
    outer loop
      vertex -64.1666 29.9214 15.2
      vertex -66.7395 33.9133 69.5895
      vertex -70.2906 32.777 104.2
    endloop
  endfacet
  facet normal 0.884456 -0.460453 0.0756341
    outer loop
      vertex -66.7395 33.9133 69.5895
      vertex -64.1666 29.9214 15.2
      vertex -64.0707 32.3724 29
    endloop
  endfacet
  facet normal 0.884472 -0.460423 0.0756315
    outer loop
      vertex -64.0707 32.3724 29
      vertex -61.3146 35.4 15.2
      vertex -62.691 35.0228 29
    endloop
  endfacet
  facet normal 0.884469 -0.460429 0.0756298
    outer loop
      vertex -61.3146 35.4 15.2
      vertex -64.0707 32.3724 29
      vertex -64.1666 29.9214 15.2
    endloop
  endfacet
  facet normal 0.840921 -0.535846 0.0756363
    outer loop
      vertex -61.3146 35.4 15.2
      vertex -61.6761 36.7806 29
      vertex -62.222 35.9239 29
    endloop
  endfacet
  facet normal 0.840975 -0.535761 0.0756337
    outer loop
      vertex -67.1664 38.7785 104.2
      vertex -63.4897 41.2746 81
      vertex -63.6462 44.3041 104.2
    endloop
  endfacet
  facet normal 0.840971 -0.535768 0.0756323
    outer loop
      vertex -63.4897 41.2746 81
      vertex -67.1664 38.7785 104.2
      vertex -65.641 37.8978 81
    endloop
  endfacet
  facet normal 0.84101 -0.535708 0.0756269
    outer loop
      vertex -63.6462 44.3041 104.2
      vertex -63.4897 41.2746 81
      vertex -62.7395 40.8415 69.5895
    endloop
  endfacet
  facet normal -0.673659 -0.735162 0.0756315
    outer loop
      vertex 50.0632 50.0632 15.2
      vertex 54.8411 54.8411 104.2
      vertex 50.0108 59.2673 104.2
    endloop
  endfacet
  facet normal -0.607022 -0.791078 0.0756319
    outer loop
      vertex 45.5094 54.2359 15.2
      vertex 49.6826 59.5426 104.2
      vertex 40.6092 57.996 15.2
    endloop
  endfacet
  facet normal -0.606952 -0.791131 0.0756318
    outer loop
      vertex 49.6826 59.5426 104.2
      vertex 45.5094 54.2359 15.2
      vertex 49.8527 59.4121 104.2
    endloop
  endfacet
  facet normal -0.460383 -0.884493 0.0756326
    outer loop
      vertex 29.9214 64.1666 15.2
      vertex 32.9672 70.1916 104.2
      vertex 32.777 70.2906 104.2
    endloop
  endfacet
  facet normal -0.460429 -0.884469 0.0756326
    outer loop
      vertex 32.9672 70.1916 104.2
      vertex 29.9214 64.1666 15.2
      vertex 35.4 61.3146 15.2
    endloop
  endfacet
  facet normal -0.535761 -0.840975 0.0756325
    outer loop
      vertex 44.3041 63.6462 104.2
      vertex 38.7785 67.1664 104.2
      vertex 35.4 61.3146 15.2
    endloop
  endfacet
  facet normal -0.381588 -0.921233 0.0756325
    outer loop
      vertex 29.9214 64.1666 15.2
      vertex 32.777 70.2906 104.2
      vertex 26.7241 72.7978 104.2
    endloop
  endfacet
  facet normal -0.130153 -0.988605 0.0756326
    outer loop
      vertex 12.2943 69.7244 15.2
      vertex 13.2551 76.4068 104.2
      vertex 6.17063 70.5306 15.2
    endloop
  endfacet
  facet normal -0.130261 -0.988591 0.0756327
    outer loop
      vertex 13.2551 76.4068 104.2
      vertex 12.2943 69.7244 15.2
      vertex 13.4676 76.3788 104.2
    endloop
  endfacet
  facet normal -0.215817 -0.9735 0.0756323
    outer loop
      vertex 12.2943 69.7244 15.2
      vertex 13.6769 76.3324 104.2
      vertex 13.4676 76.3788 104.2
    endloop
  endfacet
  facet normal -0.215813 -0.973501 0.0756323
    outer loop
      vertex 13.6769 76.3324 104.2
      vertex 12.2943 69.7244 15.2
      vertex 18.3244 68.3876 15.2
    endloop
  endfacet
  facet normal -0.884503 -0.460362 0.0756364
    outer loop
      vertex 62.691 35.0228 29
      vertex 62.222 35.9239 29
      vertex 61.3146 35.4 15.2
    endloop
  endfacet
  facet normal -0.884475 -0.460418 0.0756322
    outer loop
      vertex 67.4897 34.3464 81
      vertex 67.1664 38.7785 104.2
      vertex 65.641 37.8978 81
    endloop
  endfacet
  facet normal -0.884468 -0.460429 0.0756345
    outer loop
      vertex 67.4897 34.3464 81
      vertex 70.1916 32.9672 104.2
      vertex 67.1664 38.7785 104.2
    endloop
  endfacet
  facet normal -0.884437 -0.460492 0.0756271
    outer loop
      vertex 70.1916 32.9672 104.2
      vertex 67.4897 34.3464 81
      vertex 66.7395 33.9133 69.5895
    endloop
  endfacet
  facet normal -0.921257 -0.38153 0.0756369
    outer loop
      vertex 64.1666 29.9214 15.2
      vertex 72.8798 26.5261 104.2
      vertex 72.7978 26.7241 104.2
    endloop
  endfacet
  facet normal -0.921237 -0.381578 0.0756332
    outer loop
      vertex 72.8798 26.5261 104.2
      vertex 64.1666 29.9214 15.2
      vertex 66.5302 24.215 15.2
    endloop
  endfacet
  facet normal -0.381588 0.921233 0.0756325
    outer loop
      vertex 32.777 -70.2906 104.2
      vertex 29.9214 -64.1666 15.2
      vertex 26.7241 -72.7978 104.2
    endloop
  endfacet
  facet normal -0.460383 0.884493 0.0756362
    outer loop
      vertex 35.4 -61.3146 15.2
      vertex 32.777 -70.2906 104.2
      vertex 32.9672 -70.1916 104.2
    endloop
  endfacet
  facet normal -0.460429 0.884469 0.0756324
    outer loop
      vertex 32.777 -70.2906 104.2
      vertex 35.4 -61.3146 15.2
      vertex 29.9214 -64.1666 15.2
    endloop
  endfacet
  facet normal -0.673472 0.735331 0.0756491
    outer loop
      vertex 50.0632 -50.0632 15.2
      vertex 49.8527 -59.4121 104.2
      vertex 50.0108 -59.2673 104.2
    endloop
  endfacet
  facet normal -0.673647 0.735173 0.0756321
    outer loop
      vertex 49.8527 -59.4121 104.2
      vertex 50.0632 -50.0632 15.2
      vertex 45.5094 -54.2359 15.2
    endloop
  endfacet
  facet normal 0.884493 0.460383 0.0756326
    outer loop
      vertex -70.1916 -32.9672 104.2
      vertex -64.1666 -29.9214 15.2
      vertex -70.2906 -32.777 104.2
    endloop
  endfacet
  facet normal 0.884469 0.460429 0.0756326
    outer loop
      vertex -64.1666 -29.9214 15.2
      vertex -70.1916 -32.9672 104.2
      vertex -61.3146 -35.4 15.2
    endloop
  endfacet
  facet normal 0.884468 0.460429 0.0756325
    outer loop
      vertex -67.1664 -38.7785 104.2
      vertex -61.3146 -35.4 15.2
      vertex -70.1916 -32.9672 104.2
    endloop
  endfacet
  facet normal 0.460429 0.884468 0.0756325
    outer loop
      vertex -32.9672 -70.1916 104.2
      vertex -35.4 -61.3146 15.2
      vertex -38.7785 -67.1664 104.2
    endloop
  endfacet
  facet normal 0.460383 0.884493 0.0756326
    outer loop
      vertex -29.9214 -64.1666 15.2
      vertex -32.9672 -70.1916 104.2
      vertex -32.777 -70.2906 104.2
    endloop
  endfacet
  facet normal 0.460429 0.884469 0.0756326
    outer loop
      vertex -32.9672 -70.1916 104.2
      vertex -29.9214 -64.1666 15.2
      vertex -35.4 -61.3146 15.2
    endloop
  endfacet
  facet normal 0.381588 -0.921233 0.0756325
    outer loop
      vertex -29.9214 64.1666 15.2
      vertex -26.7241 72.7978 104.2
      vertex -32.777 70.2906 104.2
    endloop
  endfacet
  facet normal 0.460383 -0.884493 0.0756362
    outer loop
      vertex -35.4 61.3146 15.2
      vertex -32.777 70.2906 104.2
      vertex -32.9672 70.1916 104.2
    endloop
  endfacet
  facet normal 0.460429 -0.884469 0.0756324
    outer loop
      vertex -32.777 70.2906 104.2
      vertex -35.4 61.3146 15.2
      vertex -29.9214 64.1666 15.2
    endloop
  endfacet
  facet normal 0.673472 -0.735331 0.0756491
    outer loop
      vertex -50.0632 50.0632 15.2
      vertex -49.8527 59.4121 104.2
      vertex -50.0108 59.2673 104.2
    endloop
  endfacet
  facet normal 0.673647 -0.735173 0.0756321
    outer loop
      vertex -49.8527 59.4121 104.2
      vertex -50.0632 50.0632 15.2
      vertex -45.5094 54.2359 15.2
    endloop
  endfacet
  facet normal -0.607024 -0.791076 0.075632
    outer loop
      vertex 49.6826 59.5426 104.2
      vertex 44.4849 63.531 104.2
      vertex 40.6092 57.996 15.2
    endloop
  endfacet
  facet normal -0.673647 -0.735173 0.0756321
    outer loop
      vertex 50.0632 50.0632 15.2
      vertex 49.8527 59.4121 104.2
      vertex 45.5094 54.2359 15.2
    endloop
  endfacet
  facet normal -0.673472 -0.735331 0.0756491
    outer loop
      vertex 49.8527 59.4121 104.2
      vertex 50.0632 50.0632 15.2
      vertex 50.0108 59.2673 104.2
    endloop
  endfacet
  facet normal 0.999049 0.0436126 0
    outer loop
      vertex 85 0 109.2
      vertex 84.6766 7.40824 104.2
      vertex 84.6766 7.40824 109.2
    endloop
  endfacet
  facet normal 0.999049 0.0436126 0
    outer loop
      vertex 84.6766 7.40824 104.2
      vertex 85 0 109.2
      vertex 85 0 104.2
    endloop
  endfacet
  facet normal -0.999049 0.0436126 0
    outer loop
      vertex -85 0 104.2
      vertex -84.6766 7.40824 109.2
      vertex -84.6766 7.40824 104.2
    endloop
  endfacet
  facet normal -0.999049 0.0436126 0
    outer loop
      vertex -84.6766 7.40824 109.2
      vertex -85 0 104.2
      vertex -85 0 109.2
    endloop
  endfacet
  facet normal 0.0436126 0.999049 -0
    outer loop
      vertex 7.40824 84.6766 104.2
      vertex 0 85 109.2
      vertex 7.40824 84.6766 109.2
    endloop
  endfacet
  facet normal 0.0436126 0.999049 0
    outer loop
      vertex 0 85 109.2
      vertex 7.40824 84.6766 104.2
      vertex 0 85 104.2
    endloop
  endfacet
  facet normal -0.0436126 -0.999049 0
    outer loop
      vertex -7.40824 -84.6766 104.2
      vertex 0 -85 109.2
      vertex -7.40824 -84.6766 109.2
    endloop
  endfacet
  facet normal -0.0436126 -0.999049 -0
    outer loop
      vertex 0 -85 109.2
      vertex -7.40824 -84.6766 104.2
      vertex 0 -85 104.2
    endloop
  endfacet
  facet normal 0.737282 0.675585 0
    outer loop
      vertex 65.1138 54.6369 109.2
      vertex 60.1041 60.1041 104.2
      vertex 60.1041 60.1041 109.2
    endloop
  endfacet
  facet normal 0.737282 0.675585 0
    outer loop
      vertex 60.1041 60.1041 104.2
      vertex 65.1138 54.6369 109.2
      vertex 65.1138 54.6369 104.2
    endloop
  endfacet
  facet normal -0.675585 0.737282 0
    outer loop
      vertex -54.6369 65.1138 104.2
      vertex -60.1041 60.1041 109.2
      vertex -54.6369 65.1138 109.2
    endloop
  endfacet
  facet normal -0.675585 0.737282 0
    outer loop
      vertex -60.1041 60.1041 109.2
      vertex -54.6369 65.1138 104.2
      vertex -60.1041 60.1041 104.2
    endloop
  endfacet
  facet normal -0.300703 0.953718 0
    outer loop
      vertex -21.9996 82.1037 104.2
      vertex -29.0717 79.8739 109.2
      vertex -21.9996 82.1037 109.2
    endloop
  endfacet
  facet normal -0.300703 0.953718 0
    outer loop
      vertex -29.0717 79.8739 109.2
      vertex -21.9996 82.1037 104.2
      vertex -29.0717 79.8739 104.2
    endloop
  endfacet
  facet normal 0.923881 0.382679 0
    outer loop
      vertex 79.8739 29.0717 109.2
      vertex 77.0362 35.9226 104.2
      vertex 77.0362 35.9226 109.2
    endloop
  endfacet
  facet normal 0.923881 0.382679 0
    outer loop
      vertex 77.0362 35.9226 104.2
      vertex 79.8739 29.0717 109.2
      vertex 79.8739 29.0717 104.2
    endloop
  endfacet
  facet normal 0.382679 0.923881 -0
    outer loop
      vertex 35.9226 77.0362 104.2
      vertex 29.0717 79.8739 109.2
      vertex 35.9226 77.0362 109.2
    endloop
  endfacet
  facet normal 0.382679 0.923881 0
    outer loop
      vertex 29.0717 79.8739 109.2
      vertex 35.9226 77.0362 104.2
      vertex 29.0717 79.8739 104.2
    endloop
  endfacet
  facet normal 0.537306 0.843388 -0
    outer loop
      vertex 48.754 69.6279 104.2
      vertex 42.5 73.6122 109.2
      vertex 48.754 69.6279 109.2
    endloop
  endfacet
  facet normal 0.537306 0.843388 0
    outer loop
      vertex 42.5 73.6122 109.2
      vertex 48.754 69.6279 104.2
      vertex 42.5 73.6122 104.2
    endloop
  endfacet
  facet normal -0.923881 0.382679 0
    outer loop
      vertex -79.8739 29.0717 104.2
      vertex -77.0362 35.9226 109.2
      vertex -77.0362 35.9226 104.2
    endloop
  endfacet
  facet normal -0.923881 0.382679 0
    outer loop
      vertex -77.0362 35.9226 109.2
      vertex -79.8739 29.0717 104.2
      vertex -79.8739 29.0717 109.2
    endloop
  endfacet
  facet normal -0.130527 0.991445 0
    outer loop
      vertex -7.40824 84.6766 104.2
      vertex -14.7601 83.7087 109.2
      vertex -7.40824 84.6766 109.2
    endloop
  endfacet
  facet normal -0.130527 0.991445 0
    outer loop
      vertex -14.7601 83.7087 109.2
      vertex -7.40824 84.6766 104.2
      vertex -14.7601 83.7087 104.2
    endloop
  endfacet
  facet normal 0.953718 -0.300703 0
    outer loop
      vertex 79.8739 -29.0717 109.2
      vertex 82.1037 -21.9996 104.2
      vertex 82.1037 -21.9996 109.2
    endloop
  endfacet
  facet normal 0.953718 -0.300703 0
    outer loop
      vertex 82.1037 -21.9996 104.2
      vertex 79.8739 -29.0717 109.2
      vertex 79.8739 -29.0717 104.2
    endloop
  endfacet
  facet normal -0.737282 -0.675585 0
    outer loop
      vertex -60.1041 -60.1041 104.2
      vertex -65.1138 -54.6369 109.2
      vertex -65.1138 -54.6369 104.2
    endloop
  endfacet
  facet normal -0.737282 -0.675585 0
    outer loop
      vertex -65.1138 -54.6369 109.2
      vertex -60.1041 -60.1041 104.2
      vertex -60.1041 -60.1041 109.2
    endloop
  endfacet
  facet normal 0 0 -1
    outer loop
      vertex 79.4823 -6.75041 104.2
      vertex 85 0 104.2
      vertex 84.6766 -7.40824 104.2
    endloop
  endfacet
  facet normal 0 0 -1
    outer loop
      vertex 79.447 -7.15411 104.2
      vertex 84.6766 -7.40824 104.2
      vertex 83.7087 -14.7601 104.2
    endloop
  endfacet
  facet normal -0 0 -1
    outer loop
      vertex 85 0 104.2
      vertex 79.4823 -6.75041 104.2
      vertex 79.7771 0 104.2
    endloop
  endfacet
  facet normal 0 0 -1
    outer loop
      vertex 77.1026 -20.4498 104.2
      vertex 83.7087 -14.7601 104.2
      vertex 82.1037 -21.9996 104.2
    endloop
  endfacet
  facet normal 0 0 -1
    outer loop
      vertex 85 0 104.2
      vertex 79.4823 6.75041 104.2
      vertex 84.6766 7.40824 104.2
    endloop
  endfacet
  facet normal 0 0 -1
    outer loop
      vertex 76.9977 -20.8413 104.2
      vertex 82.1037 -21.9996 104.2
      vertex 79.8739 -29.0717 104.2
    endloop
  endfacet
  facet normal 0 0 -1
    outer loop
      vertex 79.4735 6.95303 104.2
      vertex 84.6766 7.40824 104.2
      vertex 79.4823 6.75041 104.2
    endloop
  endfacet
  facet normal 0 0 -1
    outer loop
      vertex 79.447 7.15411 104.2
      vertex 84.6766 7.40824 104.2
      vertex 79.4735 6.95303 104.2
    endloop
  endfacet
  facet normal 0 0 -1
    outer loop
      vertex 79.4823 6.75041 104.2
      vertex 85 0 104.2
      vertex 79.7771 0 104.2
    endloop
  endfacet
  facet normal 0 0 -1
    outer loop
      vertex 84.6766 -7.40824 104.2
      vertex 79.4735 -6.95303 104.2
      vertex 79.4823 -6.75041 104.2
    endloop
  endfacet
  facet normal 0 0 -1
    outer loop
      vertex 84.6766 -7.40824 104.2
      vertex 79.447 -7.15411 104.2
      vertex 79.4735 -6.95303 104.2
    endloop
  endfacet
  facet normal 0 0 -1
    outer loop
      vertex 83.7087 -14.7601 104.2
      vertex 78.5651 -13.8531 104.2
      vertex 79.447 -7.15411 104.2
    endloop
  endfacet
  facet normal -0 0 -1
    outer loop
      vertex 83.7087 -14.7601 104.2
      vertex 77.1026 -20.4498 104.2
      vertex 78.5651 -13.8531 104.2
    endloop
  endfacet
  facet normal 0 0 -1
    outer loop
      vertex 82.1037 -21.9996 104.2
      vertex 77.0587 -20.6478 104.2
      vertex 77.1026 -20.4498 104.2
    endloop
  endfacet
  facet normal 0 0 -1
    outer loop
      vertex 74.8883 -27.4727 104.2
      vertex 79.8739 -29.0717 104.2
      vertex 77.0362 -35.9226 104.2
    endloop
  endfacet
  facet normal 0 0 -1
    outer loop
      vertex 82.1037 -21.9996 104.2
      vertex 76.9977 -20.8413 104.2
      vertex 77.0587 -20.6478 104.2
    endloop
  endfacet
  facet normal 0 0 -1
    outer loop
      vertex 79.8739 -29.0717 104.2
      vertex 74.9659 -27.2854 104.2
      vertex 76.9977 -20.8413 104.2
    endloop
  endfacet
  facet normal 0 0 -1
    outer loop
      vertex 79.8739 -29.0717 104.2
      vertex 74.8883 -27.4727 104.2
      vertex 74.9659 -27.2854 104.2
    endloop
  endfacet
  facet normal 0 0 -1
    outer loop
      vertex 72.2089 -33.8951 104.2
      vertex 77.0362 -35.9226 104.2
      vertex 73.6122 -42.5 104.2
    endloop
  endfacet
  facet normal 0 0 -1
    outer loop
      vertex 77.0362 -35.9226 104.2
      vertex 72.3026 -33.7152 104.2
      vertex 74.8883 -27.4727 104.2
    endloop
  endfacet
  facet normal 0 0 -1
    outer loop
      vertex 77.0362 -35.9226 104.2
      vertex 72.2089 -33.8951 104.2
      vertex 72.3026 -33.7152 104.2
    endloop
  endfacet
  facet normal 0 0 -1
    outer loop
      vertex 68.98 -40.0596 104.2
      vertex 73.6122 -42.5 104.2
      vertex 69.6279 -48.754 104.2
    endloop
  endfacet
  facet normal 0 0 -1
    outer loop
      vertex 73.6122 -42.5 104.2
      vertex 69.089 -39.8885 104.2
      vertex 72.2089 -33.8951 104.2
    endloop
  endfacet
  facet normal 0 0 -1
    outer loop
      vertex 73.6122 -42.5 104.2
      vertex 68.98 -40.0596 104.2
      vertex 69.089 -39.8885 104.2
    endloop
  endfacet
  facet normal 0 0 -1
    outer loop
      vertex 69.6279 -48.754 104.2
      vertex 65.3495 -45.7582 104.2
      vertex 68.98 -40.0596 104.2
    endloop
  endfacet
  facet normal 0 0 -1
    outer loop
      vertex 61.2362 -51.1188 104.2
      vertex 69.6279 -48.754 104.2
      vertex 65.1138 -54.6369 104.2
    endloop
  endfacet
  facet normal -0 0 -1
    outer loop
      vertex 69.6279 -48.754 104.2
      vertex 61.2362 -51.1188 104.2
      vertex 65.3495 -45.7582 104.2
    endloop
  endfacet
  facet normal 0 0 -1
    outer loop
      vertex 65.1138 -54.6369 104.2
      vertex 61.1128 -51.2797 104.2
      vertex 61.2362 -51.1188 104.2
    endloop
  endfacet
  facet normal 0 0 -1
    outer loop
      vertex 56.5479 -56.2614 104.2
      vertex 65.1138 -54.6369 104.2
      vertex 60.1041 -60.1041 104.2
    endloop
  endfacet
  facet normal -0 0 -1
    outer loop
      vertex 65.1138 -54.6369 104.2
      vertex 56.5479 -56.2614 104.2
      vertex 61.1128 -51.2797 104.2
    endloop
  endfacet
  facet normal 0 0 -1
    outer loop
      vertex 60.1041 -60.1041 104.2
      vertex 56.4109 -56.4109 104.2
      vertex 56.5479 -56.2614 104.2
    endloop
  endfacet
  facet normal 0 0 -1
    outer loop
      vertex 60.1041 -60.1041 104.2
      vertex 56.2614 -56.5479 104.2
      vertex 56.4109 -56.4109 104.2
    endloop
  endfacet
  facet normal 0 0 -1
    outer loop
      vertex 54.6369 -65.1138 104.2
      vertex 56.2614 -56.5479 104.2
      vertex 60.1041 -60.1041 104.2
    endloop
  endfacet
  facet normal 0 0 -1
    outer loop
      vertex 54.6369 -65.1138 104.2
      vertex 51.2797 -61.1128 104.2
      vertex 56.2614 -56.5479 104.2
    endloop
  endfacet
  facet normal 0 0 -1
    outer loop
      vertex 54.6369 -65.1138 104.2
      vertex 51.1188 -61.2362 104.2
      vertex 51.2797 -61.1128 104.2
    endloop
  endfacet
  facet normal 0 0 -1
    outer loop
      vertex 48.754 -69.6279 104.2
      vertex 51.1188 -61.2362 104.2
      vertex 54.6369 -65.1138 104.2
    endloop
  endfacet
  facet normal 0 0 -1
    outer loop
      vertex 48.754 -69.6279 104.2
      vertex 45.7582 -65.3495 104.2
      vertex 51.1188 -61.2362 104.2
    endloop
  endfacet
  facet normal 0 0 -1
    outer loop
      vertex 40.0596 -68.98 104.2
      vertex 48.754 -69.6279 104.2
      vertex 42.5 -73.6122 104.2
    endloop
  endfacet
  facet normal 0 0 -1
    outer loop
      vertex 48.754 -69.6279 104.2
      vertex 40.0596 -68.98 104.2
      vertex 45.7582 -65.3495 104.2
    endloop
  endfacet
  facet normal 0 0 -1
    outer loop
      vertex 42.5 -73.6122 104.2
      vertex 39.8885 -69.089 104.2
      vertex 40.0596 -68.98 104.2
    endloop
  endfacet
  facet normal 0 0 -1
    outer loop
      vertex 33.8951 -72.2089 104.2
      vertex 42.5 -73.6122 104.2
      vertex 35.9226 -77.0362 104.2
    endloop
  endfacet
  facet normal 0 0 -1
    outer loop
      vertex 42.5 -73.6122 104.2
      vertex 33.8951 -72.2089 104.2
      vertex 39.8885 -69.089 104.2
    endloop
  endfacet
  facet normal 0 0 -1
    outer loop
      vertex 35.9226 -77.0362 104.2
      vertex 33.7152 -72.3026 104.2
      vertex 33.8951 -72.2089 104.2
    endloop
  endfacet
  facet normal 0 0 -1
    outer loop
      vertex 27.4727 -74.8883 104.2
      vertex 35.9226 -77.0362 104.2
      vertex 29.0717 -79.8739 104.2
    endloop
  endfacet
  facet normal 0 0 -1
    outer loop
      vertex 35.9226 -77.0362 104.2
      vertex 27.4727 -74.8883 104.2
      vertex 33.7152 -72.3026 104.2
    endloop
  endfacet
  facet normal 0 0 -1
    outer loop
      vertex 29.0717 -79.8739 104.2
      vertex 27.2854 -74.9659 104.2
      vertex 27.4727 -74.8883 104.2
    endloop
  endfacet
  facet normal 0 0 -1
    outer loop
      vertex 20.8413 -76.9977 104.2
      vertex 29.0717 -79.8739 104.2
      vertex 21.9996 -82.1037 104.2
    endloop
  endfacet
  facet normal 0 0 -1
    outer loop
      vertex 29.0717 -79.8739 104.2
      vertex 20.8413 -76.9977 104.2
      vertex 27.2854 -74.9659 104.2
    endloop
  endfacet
  facet normal 0 0 -1
    outer loop
      vertex 21.9996 -82.1037 104.2
      vertex 20.6478 -77.0587 104.2
      vertex 20.8413 -76.9977 104.2
    endloop
  endfacet
  facet normal 0 0 -1
    outer loop
      vertex 21.9996 -82.1037 104.2
      vertex 20.4498 -77.1026 104.2
      vertex 20.6478 -77.0587 104.2
    endloop
  endfacet
  facet normal 0 0 -1
    outer loop
      vertex 14.7601 -83.7087 104.2
      vertex 20.4498 -77.1026 104.2
      vertex 21.9996 -82.1037 104.2
    endloop
  endfacet
  facet normal 0 0 -1
    outer loop
      vertex 14.7601 -83.7087 104.2
      vertex 13.8531 -78.5651 104.2
      vertex 20.4498 -77.1026 104.2
    endloop
  endfacet
  facet normal 0 0 -1
    outer loop
      vertex 7.15411 -79.447 104.2
      vertex 14.7601 -83.7087 104.2
      vertex 7.40824 -84.6766 104.2
    endloop
  endfacet
  facet normal 0 0 -1
    outer loop
      vertex 14.7601 -83.7087 104.2
      vertex 7.15411 -79.447 104.2
      vertex 13.8531 -78.5651 104.2
    endloop
  endfacet
  facet normal 0 0 -1
    outer loop
      vertex 7.40824 -84.6766 104.2
      vertex 6.95303 -79.4735 104.2
      vertex 7.15411 -79.447 104.2
    endloop
  endfacet
  facet normal 0 0 -1
    outer loop
      vertex 7.40824 -84.6766 104.2
      vertex 6.75041 -79.4823 104.2
      vertex 6.95303 -79.4735 104.2
    endloop
  endfacet
  facet normal 0 0 -1
    outer loop
      vertex 0 -85 104.2
      vertex 6.75041 -79.4823 104.2
      vertex 7.40824 -84.6766 104.2
    endloop
  endfacet
  facet normal 0 0 -1
    outer loop
      vertex 0 -85 104.2
      vertex 0 -79.7771 104.2
      vertex 6.75041 -79.4823 104.2
    endloop
  endfacet
  facet normal 0 0 -1
    outer loop
      vertex 0 -85 104.2
      vertex -6.75041 -79.4823 104.2
      vertex 0 -79.7771 104.2
    endloop
  endfacet
  facet normal 0 0 -1
    outer loop
      vertex -7.40824 -84.6766 104.2
      vertex -6.75041 -79.4823 104.2
      vertex 0 -85 104.2
    endloop
  endfacet
  facet normal -0 0 -1
    outer loop
      vertex -6.75041 -79.4823 104.2
      vertex -7.40824 -84.6766 104.2
      vertex -6.95303 -79.4735 104.2
    endloop
  endfacet
  facet normal -0 0 -1
    outer loop
      vertex -6.95303 -79.4735 104.2
      vertex -7.40824 -84.6766 104.2
      vertex -7.15411 -79.447 104.2
    endloop
  endfacet
  facet normal 0 0 -1
    outer loop
      vertex -14.7601 -83.7087 104.2
      vertex -7.15411 -79.447 104.2
      vertex -7.40824 -84.6766 104.2
    endloop
  endfacet
  facet normal -0 0 -1
    outer loop
      vertex -7.15411 -79.447 104.2
      vertex -14.7601 -83.7087 104.2
      vertex -13.8531 -78.5651 104.2
    endloop
  endfacet
  facet normal 0 0 -1
    outer loop
      vertex -14.7601 -83.7087 104.2
      vertex -20.4498 -77.1026 104.2
      vertex -13.8531 -78.5651 104.2
    endloop
  endfacet
  facet normal 0 0 -1
    outer loop
      vertex -21.9996 -82.1037 104.2
      vertex -20.4498 -77.1026 104.2
      vertex -14.7601 -83.7087 104.2
    endloop
  endfacet
  facet normal -0 0 -1
    outer loop
      vertex -20.4498 -77.1026 104.2
      vertex -21.9996 -82.1037 104.2
      vertex -20.6478 -77.0587 104.2
    endloop
  endfacet
  facet normal -0 0 -1
    outer loop
      vertex -20.6478 -77.0587 104.2
      vertex -21.9996 -82.1037 104.2
      vertex -20.8413 -76.9977 104.2
    endloop
  endfacet
  facet normal 0 0 -1
    outer loop
      vertex -29.0717 -79.8739 104.2
      vertex -20.8413 -76.9977 104.2
      vertex -21.9996 -82.1037 104.2
    endloop
  endfacet
  facet normal -0 0 -1
    outer loop
      vertex -20.8413 -76.9977 104.2
      vertex -29.0717 -79.8739 104.2
      vertex -27.2854 -74.9659 104.2
    endloop
  endfacet
  facet normal -0 0 -1
    outer loop
      vertex -27.2854 -74.9659 104.2
      vertex -29.0717 -79.8739 104.2
      vertex -27.4727 -74.8883 104.2
    endloop
  endfacet
  facet normal 0 0 -1
    outer loop
      vertex -35.9226 -77.0362 104.2
      vertex -27.4727 -74.8883 104.2
      vertex -29.0717 -79.8739 104.2
    endloop
  endfacet
  facet normal -0 0 -1
    outer loop
      vertex -27.4727 -74.8883 104.2
      vertex -35.9226 -77.0362 104.2
      vertex -33.7152 -72.3026 104.2
    endloop
  endfacet
  facet normal -0 0 -1
    outer loop
      vertex -33.7152 -72.3026 104.2
      vertex -35.9226 -77.0362 104.2
      vertex -33.8951 -72.2089 104.2
    endloop
  endfacet
  facet normal 0 0 -1
    outer loop
      vertex -42.5 -73.6122 104.2
      vertex -33.8951 -72.2089 104.2
      vertex -35.9226 -77.0362 104.2
    endloop
  endfacet
  facet normal -0 0 -1
    outer loop
      vertex -33.8951 -72.2089 104.2
      vertex -42.5 -73.6122 104.2
      vertex -39.8885 -69.089 104.2
    endloop
  endfacet
  facet normal -0 0 -1
    outer loop
      vertex -39.8885 -69.089 104.2
      vertex -42.5 -73.6122 104.2
      vertex -40.0596 -68.98 104.2
    endloop
  endfacet
  facet normal 0 0 -1
    outer loop
      vertex -48.754 -69.6279 104.2
      vertex -40.0596 -68.98 104.2
      vertex -42.5 -73.6122 104.2
    endloop
  endfacet
  facet normal -0 0 -1
    outer loop
      vertex -40.0596 -68.98 104.2
      vertex -48.754 -69.6279 104.2
      vertex -45.7582 -65.3495 104.2
    endloop
  endfacet
  facet normal 0 0 -1
    outer loop
      vertex -48.754 -69.6279 104.2
      vertex -51.1188 -61.2362 104.2
      vertex -45.7582 -65.3495 104.2
    endloop
  endfacet
  facet normal 0 0 -1
    outer loop
      vertex -54.6369 -65.1138 104.2
      vertex -51.1188 -61.2362 104.2
      vertex -48.754 -69.6279 104.2
    endloop
  endfacet
  facet normal -0 0 -1
    outer loop
      vertex -51.1188 -61.2362 104.2
      vertex -54.6369 -65.1138 104.2
      vertex -51.2797 -61.1128 104.2
    endloop
  endfacet
  facet normal 0 0 -1
    outer loop
      vertex -54.6369 -65.1138 104.2
      vertex -56.2614 -56.5479 104.2
      vertex -51.2797 -61.1128 104.2
    endloop
  endfacet
  facet normal 0 0 -1
    outer loop
      vertex -60.1041 -60.1041 104.2
      vertex -56.2614 -56.5479 104.2
      vertex -54.6369 -65.1138 104.2
    endloop
  endfacet
  facet normal -0 0 -1
    outer loop
      vertex -56.2614 -56.5479 104.2
      vertex -60.1041 -60.1041 104.2
      vertex -56.4109 -56.4109 104.2
    endloop
  endfacet
  facet normal -0 0 -1
    outer loop
      vertex -56.4109 -56.4109 104.2
      vertex -60.1041 -60.1041 104.2
      vertex -56.5479 -56.2614 104.2
    endloop
  endfacet
  facet normal 0 0 -1
    outer loop
      vertex -65.1138 -54.6369 104.2
      vertex -56.5479 -56.2614 104.2
      vertex -60.1041 -60.1041 104.2
    endloop
  endfacet
  facet normal 0 0 -1
    outer loop
      vertex -56.5479 -56.2614 104.2
      vertex -65.1138 -54.6369 104.2
      vertex -61.1128 -51.2797 104.2
    endloop
  endfacet
  facet normal -0 0 -1
    outer loop
      vertex -61.1128 -51.2797 104.2
      vertex -65.1138 -54.6369 104.2
      vertex -61.2362 -51.1188 104.2
    endloop
  endfacet
  facet normal 0 0 -1
    outer loop
      vertex -69.6279 -48.754 104.2
      vertex -61.2362 -51.1188 104.2
      vertex -65.1138 -54.6369 104.2
    endloop
  endfacet
  facet normal 0 0 -1
    outer loop
      vertex -61.2362 -51.1188 104.2
      vertex -69.6279 -48.754 104.2
      vertex -65.3495 -45.7582 104.2
    endloop
  endfacet
  facet normal -0 0 -1
    outer loop
      vertex -65.3495 -45.7582 104.2
      vertex -69.6279 -48.754 104.2
      vertex -68.98 -40.0596 104.2
    endloop
  endfacet
  facet normal 0 0 -1
    outer loop
      vertex -73.6122 -42.5 104.2
      vertex -68.98 -40.0596 104.2
      vertex -69.6279 -48.754 104.2
    endloop
  endfacet
  facet normal -0 0 -1
    outer loop
      vertex -68.98 -40.0596 104.2
      vertex -73.6122 -42.5 104.2
      vertex -69.089 -39.8885 104.2
    endloop
  endfacet
  facet normal -0 0 -1
    outer loop
      vertex -69.089 -39.8885 104.2
      vertex -73.6122 -42.5 104.2
      vertex -72.2089 -33.8951 104.2
    endloop
  endfacet
  facet normal 0 0 -1
    outer loop
      vertex -77.0362 -35.9226 104.2
      vertex -72.2089 -33.8951 104.2
      vertex -73.6122 -42.5 104.2
    endloop
  endfacet
  facet normal -0 0 -1
    outer loop
      vertex -72.2089 -33.8951 104.2
      vertex -77.0362 -35.9226 104.2
      vertex -72.3026 -33.7152 104.2
    endloop
  endfacet
  facet normal -0 0 -1
    outer loop
      vertex -72.3026 -33.7152 104.2
      vertex -77.0362 -35.9226 104.2
      vertex -74.8883 -27.4727 104.2
    endloop
  endfacet
  facet normal 0 0 -1
    outer loop
      vertex -79.8739 -29.0717 104.2
      vertex -74.8883 -27.4727 104.2
      vertex -77.0362 -35.9226 104.2
    endloop
  endfacet
  facet normal -0 0 -1
    outer loop
      vertex -74.8883 -27.4727 104.2
      vertex -79.8739 -29.0717 104.2
      vertex -74.9659 -27.2854 104.2
    endloop
  endfacet
  facet normal -0 0 -1
    outer loop
      vertex -74.9659 -27.2854 104.2
      vertex -79.8739 -29.0717 104.2
      vertex -76.9977 -20.8413 104.2
    endloop
  endfacet
  facet normal 0 0 -1
    outer loop
      vertex -82.1037 -21.9996 104.2
      vertex -76.9977 -20.8413 104.2
      vertex -79.8739 -29.0717 104.2
    endloop
  endfacet
  facet normal -0 0 -1
    outer loop
      vertex -76.9977 -20.8413 104.2
      vertex -82.1037 -21.9996 104.2
      vertex -77.0587 -20.6478 104.2
    endloop
  endfacet
  facet normal -0 0 -1
    outer loop
      vertex -77.0587 -20.6478 104.2
      vertex -82.1037 -21.9996 104.2
      vertex -77.1026 -20.4498 104.2
    endloop
  endfacet
  facet normal 0 0 -1
    outer loop
      vertex -83.7087 -14.7601 104.2
      vertex -77.1026 -20.4498 104.2
      vertex -82.1037 -21.9996 104.2
    endloop
  endfacet
  facet normal 0 0 -1
    outer loop
      vertex -84.6766 -7.40824 104.2
      vertex -79.4823 -6.75041 104.2
      vertex -79.4735 -6.95303 104.2
    endloop
  endfacet
  facet normal -0 0 -1
    outer loop
      vertex -78.5651 -13.8531 104.2
      vertex -83.7087 -14.7601 104.2
      vertex -79.447 -7.15411 104.2
    endloop
  endfacet
  facet normal 0 0 -1
    outer loop
      vertex -77.1026 -20.4498 104.2
      vertex -83.7087 -14.7601 104.2
      vertex -78.5651 -13.8531 104.2
    endloop
  endfacet
  facet normal -0 0 -1
    outer loop
      vertex 84.6766 7.40824 104.2
      vertex 79.447 7.15411 104.2
      vertex 83.7087 14.7601 104.2
    endloop
  endfacet
  facet normal 0 0 -1
    outer loop
      vertex 78.5651 13.8531 104.2
      vertex 83.7087 14.7601 104.2
      vertex 79.447 7.15411 104.2
    endloop
  endfacet
  facet normal 0 0 -1
    outer loop
      vertex 77.1026 20.4498 104.2
      vertex 83.7087 14.7601 104.2
      vertex 78.5651 13.8531 104.2
    endloop
  endfacet
  facet normal 0 0 -1
    outer loop
      vertex 83.7087 14.7601 104.2
      vertex 77.1026 20.4498 104.2
      vertex 82.1037 21.9996 104.2
    endloop
  endfacet
  facet normal 0 0 -1
    outer loop
      vertex 77.0587 20.6478 104.2
      vertex 82.1037 21.9996 104.2
      vertex 77.1026 20.4498 104.2
    endloop
  endfacet
  facet normal 0 0 -1
    outer loop
      vertex 76.9977 20.8413 104.2
      vertex 82.1037 21.9996 104.2
      vertex 77.0587 20.6478 104.2
    endloop
  endfacet
  facet normal -0 0 -1
    outer loop
      vertex 82.1037 21.9996 104.2
      vertex 76.9977 20.8413 104.2
      vertex 79.8739 29.0717 104.2
    endloop
  endfacet
  facet normal 0 0 -1
    outer loop
      vertex 74.9659 27.2854 104.2
      vertex 79.8739 29.0717 104.2
      vertex 76.9977 20.8413 104.2
    endloop
  endfacet
  facet normal 0 0 -1
    outer loop
      vertex 74.8883 27.4727 104.2
      vertex 79.8739 29.0717 104.2
      vertex 74.9659 27.2854 104.2
    endloop
  endfacet
  facet normal -0 0 -1
    outer loop
      vertex 79.8739 29.0717 104.2
      vertex 74.8883 27.4727 104.2
      vertex 77.0362 35.9226 104.2
    endloop
  endfacet
  facet normal 0 0 -1
    outer loop
      vertex 72.3026 33.7152 104.2
      vertex 77.0362 35.9226 104.2
      vertex 74.8883 27.4727 104.2
    endloop
  endfacet
  facet normal 0 0 -1
    outer loop
      vertex 72.2089 33.8951 104.2
      vertex 77.0362 35.9226 104.2
      vertex 72.3026 33.7152 104.2
    endloop
  endfacet
  facet normal -0 0 -1
    outer loop
      vertex 77.0362 35.9226 104.2
      vertex 72.2089 33.8951 104.2
      vertex 73.6122 42.5 104.2
    endloop
  endfacet
  facet normal 0 0 -1
    outer loop
      vertex 69.089 39.8885 104.2
      vertex 73.6122 42.5 104.2
      vertex 72.2089 33.8951 104.2
    endloop
  endfacet
  facet normal 0 0 -1
    outer loop
      vertex 68.98 40.0596 104.2
      vertex 73.6122 42.5 104.2
      vertex 69.089 39.8885 104.2
    endloop
  endfacet
  facet normal -0 0 -1
    outer loop
      vertex 73.6122 42.5 104.2
      vertex 68.98 40.0596 104.2
      vertex 69.6279 48.754 104.2
    endloop
  endfacet
  facet normal 0 0 -1
    outer loop
      vertex 65.3495 45.7582 104.2
      vertex 69.6279 48.754 104.2
      vertex 68.98 40.0596 104.2
    endloop
  endfacet
  facet normal 0 0 -1
    outer loop
      vertex 61.2362 51.1188 104.2
      vertex 69.6279 48.754 104.2
      vertex 65.3495 45.7582 104.2
    endloop
  endfacet
  facet normal 0 0 -1
    outer loop
      vertex 69.6279 48.754 104.2
      vertex 61.2362 51.1188 104.2
      vertex 65.1138 54.6369 104.2
    endloop
  endfacet
  facet normal 0 0 -1
    outer loop
      vertex 61.1128 51.2797 104.2
      vertex 65.1138 54.6369 104.2
      vertex 61.2362 51.1188 104.2
    endloop
  endfacet
  facet normal 0 0 -1
    outer loop
      vertex 56.5479 56.2614 104.2
      vertex 65.1138 54.6369 104.2
      vertex 61.1128 51.2797 104.2
    endloop
  endfacet
  facet normal 0 0 -1
    outer loop
      vertex 65.1138 54.6369 104.2
      vertex 56.5479 56.2614 104.2
      vertex 60.1041 60.1041 104.2
    endloop
  endfacet
  facet normal 0 0 -1
    outer loop
      vertex 56.4109 56.4109 104.2
      vertex 60.1041 60.1041 104.2
      vertex 56.5479 56.2614 104.2
    endloop
  endfacet
  facet normal 0 0 -1
    outer loop
      vertex 56.2614 56.5479 104.2
      vertex 60.1041 60.1041 104.2
      vertex 56.4109 56.4109 104.2
    endloop
  endfacet
  facet normal 0 0 -1
    outer loop
      vertex 56.2614 56.5479 104.2
      vertex 54.6369 65.1138 104.2
      vertex 60.1041 60.1041 104.2
    endloop
  endfacet
  facet normal 0 0 -1
    outer loop
      vertex 51.2797 61.1128 104.2
      vertex 54.6369 65.1138 104.2
      vertex 56.2614 56.5479 104.2
    endloop
  endfacet
  facet normal 0 0 -1
    outer loop
      vertex 51.1188 61.2362 104.2
      vertex 54.6369 65.1138 104.2
      vertex 51.2797 61.1128 104.2
    endloop
  endfacet
  facet normal 0 0 -1
    outer loop
      vertex 51.1188 61.2362 104.2
      vertex 48.754 69.6279 104.2
      vertex 54.6369 65.1138 104.2
    endloop
  endfacet
  facet normal 0 0 -1
    outer loop
      vertex 45.7582 65.3495 104.2
      vertex 48.754 69.6279 104.2
      vertex 51.1188 61.2362 104.2
    endloop
  endfacet
  facet normal 0 0 -1
    outer loop
      vertex 40.0596 68.98 104.2
      vertex 48.754 69.6279 104.2
      vertex 45.7582 65.3495 104.2
    endloop
  endfacet
  facet normal -0 0 -1
    outer loop
      vertex 48.754 69.6279 104.2
      vertex 40.0596 68.98 104.2
      vertex 42.5 73.6122 104.2
    endloop
  endfacet
  facet normal 0 0 -1
    outer loop
      vertex 39.8885 69.089 104.2
      vertex 42.5 73.6122 104.2
      vertex 40.0596 68.98 104.2
    endloop
  endfacet
  facet normal 0 0 -1
    outer loop
      vertex 33.8951 72.2089 104.2
      vertex 42.5 73.6122 104.2
      vertex 39.8885 69.089 104.2
    endloop
  endfacet
  facet normal -0 0 -1
    outer loop
      vertex 42.5 73.6122 104.2
      vertex 33.8951 72.2089 104.2
      vertex 35.9226 77.0362 104.2
    endloop
  endfacet
  facet normal 0 0 -1
    outer loop
      vertex 33.7152 72.3026 104.2
      vertex 35.9226 77.0362 104.2
      vertex 33.8951 72.2089 104.2
    endloop
  endfacet
  facet normal 0 0 -1
    outer loop
      vertex 27.4727 74.8883 104.2
      vertex 35.9226 77.0362 104.2
      vertex 33.7152 72.3026 104.2
    endloop
  endfacet
  facet normal -0 0 -1
    outer loop
      vertex 35.9226 77.0362 104.2
      vertex 27.4727 74.8883 104.2
      vertex 29.0717 79.8739 104.2
    endloop
  endfacet
  facet normal 0 0 -1
    outer loop
      vertex 27.2854 74.9659 104.2
      vertex 29.0717 79.8739 104.2
      vertex 27.4727 74.8883 104.2
    endloop
  endfacet
  facet normal 0 0 -1
    outer loop
      vertex 20.8413 76.9977 104.2
      vertex 29.0717 79.8739 104.2
      vertex 27.2854 74.9659 104.2
    endloop
  endfacet
  facet normal -0 0 -1
    outer loop
      vertex 29.0717 79.8739 104.2
      vertex 20.8413 76.9977 104.2
      vertex 21.9996 82.1037 104.2
    endloop
  endfacet
  facet normal 0 0 -1
    outer loop
      vertex 20.6478 77.0587 104.2
      vertex 21.9996 82.1037 104.2
      vertex 20.8413 76.9977 104.2
    endloop
  endfacet
  facet normal 0 0 -1
    outer loop
      vertex 20.4498 77.1026 104.2
      vertex 21.9996 82.1037 104.2
      vertex 20.6478 77.0587 104.2
    endloop
  endfacet
  facet normal 0 0 -1
    outer loop
      vertex 20.4498 77.1026 104.2
      vertex 14.7601 83.7087 104.2
      vertex 21.9996 82.1037 104.2
    endloop
  endfacet
  facet normal 0 0 -1
    outer loop
      vertex 13.8531 78.5651 104.2
      vertex 14.7601 83.7087 104.2
      vertex 20.4498 77.1026 104.2
    endloop
  endfacet
  facet normal 0 0 -1
    outer loop
      vertex 7.15411 79.447 104.2
      vertex 14.7601 83.7087 104.2
      vertex 13.8531 78.5651 104.2
    endloop
  endfacet
  facet normal -0 0 -1
    outer loop
      vertex 14.7601 83.7087 104.2
      vertex 7.15411 79.447 104.2
      vertex 7.40824 84.6766 104.2
    endloop
  endfacet
  facet normal 0 0 -1
    outer loop
      vertex 6.95303 79.4735 104.2
      vertex 7.40824 84.6766 104.2
      vertex 7.15411 79.447 104.2
    endloop
  endfacet
  facet normal 0 0 -1
    outer loop
      vertex 6.75041 79.4823 104.2
      vertex 7.40824 84.6766 104.2
      vertex 6.95303 79.4735 104.2
    endloop
  endfacet
  facet normal 0 0 -1
    outer loop
      vertex 0 85 104.2
      vertex 6.75041 79.4823 104.2
      vertex 0 79.7771 104.2
    endloop
  endfacet
  facet normal 0 0 -1
    outer loop
      vertex 6.75041 79.4823 104.2
      vertex 0 85 104.2
      vertex 7.40824 84.6766 104.2
    endloop
  endfacet
  facet normal 0 0 -1
    outer loop
      vertex -6.75041 79.4823 104.2
      vertex 0 85 104.2
      vertex 0 79.7771 104.2
    endloop
  endfacet
  facet normal 0 0 -1
    outer loop
      vertex -7.40824 84.6766 104.2
      vertex -6.75041 79.4823 104.2
      vertex -6.95303 79.4735 104.2
    endloop
  endfacet
  facet normal 0 0 -1
    outer loop
      vertex -7.40824 84.6766 104.2
      vertex -6.95303 79.4735 104.2
      vertex -7.15411 79.447 104.2
    endloop
  endfacet
  facet normal 0 0 -1
    outer loop
      vertex -6.75041 79.4823 104.2
      vertex -7.40824 84.6766 104.2
      vertex 0 85 104.2
    endloop
  endfacet
  facet normal 0 0 -1
    outer loop
      vertex -14.7601 83.7087 104.2
      vertex -7.15411 79.447 104.2
      vertex -13.8531 78.5651 104.2
    endloop
  endfacet
  facet normal 0 0 -1
    outer loop
      vertex -7.15411 79.447 104.2
      vertex -14.7601 83.7087 104.2
      vertex -7.40824 84.6766 104.2
    endloop
  endfacet
  facet normal 0 0 -1
    outer loop
      vertex -20.4498 77.1026 104.2
      vertex -14.7601 83.7087 104.2
      vertex -13.8531 78.5651 104.2
    endloop
  endfacet
  facet normal 0 0 -1
    outer loop
      vertex -21.9996 82.1037 104.2
      vertex -20.4498 77.1026 104.2
      vertex -20.6478 77.0587 104.2
    endloop
  endfacet
  facet normal 0 0 -1
    outer loop
      vertex -21.9996 82.1037 104.2
      vertex -20.6478 77.0587 104.2
      vertex -20.8413 76.9977 104.2
    endloop
  endfacet
  facet normal 0 0 -1
    outer loop
      vertex -20.4498 77.1026 104.2
      vertex -21.9996 82.1037 104.2
      vertex -14.7601 83.7087 104.2
    endloop
  endfacet
  facet normal 0 0 -1
    outer loop
      vertex -29.0717 79.8739 104.2
      vertex -20.8413 76.9977 104.2
      vertex -27.2854 74.9659 104.2
    endloop
  endfacet
  facet normal 0 0 -1
    outer loop
      vertex -29.0717 79.8739 104.2
      vertex -27.2854 74.9659 104.2
      vertex -27.4727 74.8883 104.2
    endloop
  endfacet
  facet normal 0 0 -1
    outer loop
      vertex -20.8413 76.9977 104.2
      vertex -29.0717 79.8739 104.2
      vertex -21.9996 82.1037 104.2
    endloop
  endfacet
  facet normal 0 0 -1
    outer loop
      vertex -35.9226 77.0362 104.2
      vertex -27.4727 74.8883 104.2
      vertex -33.7152 72.3026 104.2
    endloop
  endfacet
  facet normal 0 0 -1
    outer loop
      vertex -35.9226 77.0362 104.2
      vertex -33.7152 72.3026 104.2
      vertex -33.8951 72.2089 104.2
    endloop
  endfacet
  facet normal 0 0 -1
    outer loop
      vertex -27.4727 74.8883 104.2
      vertex -35.9226 77.0362 104.2
      vertex -29.0717 79.8739 104.2
    endloop
  endfacet
  facet normal 0 0 -1
    outer loop
      vertex -42.5 73.6122 104.2
      vertex -33.8951 72.2089 104.2
      vertex -39.8885 69.089 104.2
    endloop
  endfacet
  facet normal 0 0 -1
    outer loop
      vertex -42.5 73.6122 104.2
      vertex -39.8885 69.089 104.2
      vertex -40.0596 68.98 104.2
    endloop
  endfacet
  facet normal 0 0 -1
    outer loop
      vertex -33.8951 72.2089 104.2
      vertex -42.5 73.6122 104.2
      vertex -35.9226 77.0362 104.2
    endloop
  endfacet
  facet normal 0 0 -1
    outer loop
      vertex -48.754 69.6279 104.2
      vertex -40.0596 68.98 104.2
      vertex -45.7582 65.3495 104.2
    endloop
  endfacet
  facet normal 0 0 -1
    outer loop
      vertex -40.0596 68.98 104.2
      vertex -48.754 69.6279 104.2
      vertex -42.5 73.6122 104.2
    endloop
  endfacet
  facet normal 0 0 -1
    outer loop
      vertex -51.1188 61.2362 104.2
      vertex -48.754 69.6279 104.2
      vertex -45.7582 65.3495 104.2
    endloop
  endfacet
  facet normal 0 0 -1
    outer loop
      vertex -54.6369 65.1138 104.2
      vertex -51.1188 61.2362 104.2
      vertex -51.2797 61.1128 104.2
    endloop
  endfacet
  facet normal 0 0 -1
    outer loop
      vertex -51.1188 61.2362 104.2
      vertex -54.6369 65.1138 104.2
      vertex -48.754 69.6279 104.2
    endloop
  endfacet
  facet normal 0 0 -1
    outer loop
      vertex -56.2614 56.5479 104.2
      vertex -54.6369 65.1138 104.2
      vertex -51.2797 61.1128 104.2
    endloop
  endfacet
  facet normal 0 0 -1
    outer loop
      vertex -60.1041 60.1041 104.2
      vertex -56.2614 56.5479 104.2
      vertex -56.4109 56.4109 104.2
    endloop
  endfacet
  facet normal 0 0 -1
    outer loop
      vertex -60.1041 60.1041 104.2
      vertex -56.4109 56.4109 104.2
      vertex -56.5479 56.2614 104.2
    endloop
  endfacet
  facet normal 0 0 -1
    outer loop
      vertex -56.2614 56.5479 104.2
      vertex -60.1041 60.1041 104.2
      vertex -54.6369 65.1138 104.2
    endloop
  endfacet
  facet normal 0 0 -1
    outer loop
      vertex -65.1138 54.6369 104.2
      vertex -56.5479 56.2614 104.2
      vertex -61.1128 51.2797 104.2
    endloop
  endfacet
  facet normal 0 0 -1
    outer loop
      vertex -65.1138 54.6369 104.2
      vertex -61.1128 51.2797 104.2
      vertex -61.2362 51.1188 104.2
    endloop
  endfacet
  facet normal -0 0 -1
    outer loop
      vertex -56.5479 56.2614 104.2
      vertex -65.1138 54.6369 104.2
      vertex -60.1041 60.1041 104.2
    endloop
  endfacet
  facet normal 0 0 -1
    outer loop
      vertex -69.6279 48.754 104.2
      vertex -61.2362 51.1188 104.2
      vertex -65.3495 45.7582 104.2
    endloop
  endfacet
  facet normal 0 0 -1
    outer loop
      vertex -69.6279 48.754 104.2
      vertex -65.3495 45.7582 104.2
      vertex -68.98 40.0596 104.2
    endloop
  endfacet
  facet normal 0 0 -1
    outer loop
      vertex -73.6122 42.5 104.2
      vertex -68.98 40.0596 104.2
      vertex -69.089 39.8885 104.2
    endloop
  endfacet
  facet normal -0 0 -1
    outer loop
      vertex -61.2362 51.1188 104.2
      vertex -69.6279 48.754 104.2
      vertex -65.1138 54.6369 104.2
    endloop
  endfacet
  facet normal 0 0 -1
    outer loop
      vertex -73.6122 42.5 104.2
      vertex -69.089 39.8885 104.2
      vertex -72.2089 33.8951 104.2
    endloop
  endfacet
  facet normal 0 0 -1
    outer loop
      vertex -77.0362 35.9226 104.2
      vertex -72.2089 33.8951 104.2
      vertex -72.3026 33.7152 104.2
    endloop
  endfacet
  facet normal 0 0 -1
    outer loop
      vertex -68.98 40.0596 104.2
      vertex -73.6122 42.5 104.2
      vertex -69.6279 48.754 104.2
    endloop
  endfacet
  facet normal 0 0 -1
    outer loop
      vertex -77.0362 35.9226 104.2
      vertex -72.3026 33.7152 104.2
      vertex -74.8883 27.4727 104.2
    endloop
  endfacet
  facet normal 0 0 -1
    outer loop
      vertex -79.8739 29.0717 104.2
      vertex -74.8883 27.4727 104.2
      vertex -74.9659 27.2854 104.2
    endloop
  endfacet
  facet normal 0 0 -1
    outer loop
      vertex -79.8739 29.0717 104.2
      vertex -74.9659 27.2854 104.2
      vertex -76.9977 20.8413 104.2
    endloop
  endfacet
  facet normal 0 0 -1
    outer loop
      vertex -72.2089 33.8951 104.2
      vertex -77.0362 35.9226 104.2
      vertex -73.6122 42.5 104.2
    endloop
  endfacet
  facet normal 0 0 -1
    outer loop
      vertex -82.1037 21.9996 104.2
      vertex -76.9977 20.8413 104.2
      vertex -77.0587 20.6478 104.2
    endloop
  endfacet
  facet normal 0 0 -1
    outer loop
      vertex -82.1037 21.9996 104.2
      vertex -77.0587 20.6478 104.2
      vertex -77.1026 20.4498 104.2
    endloop
  endfacet
  facet normal 0 0 -1
    outer loop
      vertex -83.7087 14.7601 104.2
      vertex -77.1026 20.4498 104.2
      vertex -78.5651 13.8531 104.2
    endloop
  endfacet
  facet normal 0 0 -1
    outer loop
      vertex -83.7087 14.7601 104.2
      vertex -78.5651 13.8531 104.2
      vertex -79.447 7.15411 104.2
    endloop
  endfacet
  facet normal 0 0 -1
    outer loop
      vertex -84.6766 7.40824 104.2
      vertex -79.447 7.15411 104.2
      vertex -79.4735 6.95303 104.2
    endloop
  endfacet
  facet normal 0 0 -1
    outer loop
      vertex -85 0 104.2
      vertex -79.4823 6.75041 104.2
      vertex -79.7771 0 104.2
    endloop
  endfacet
  facet normal 0 0 -1
    outer loop
      vertex -74.8883 27.4727 104.2
      vertex -79.8739 29.0717 104.2
      vertex -77.0362 35.9226 104.2
    endloop
  endfacet
  facet normal 0 0 -1
    outer loop
      vertex -79.4823 6.75041 104.2
      vertex -84.6766 7.40824 104.2
      vertex -79.4735 6.95303 104.2
    endloop
  endfacet
  facet normal 0 0 -1
    outer loop
      vertex -84.6766 -7.40824 104.2
      vertex -79.447 -7.15411 104.2
      vertex -83.7087 -14.7601 104.2
    endloop
  endfacet
  facet normal -0 0 -1
    outer loop
      vertex -79.447 -7.15411 104.2
      vertex -84.6766 -7.40824 104.2
      vertex -79.4735 -6.95303 104.2
    endloop
  endfacet
  facet normal 0 0 -1
    outer loop
      vertex -76.9977 20.8413 104.2
      vertex -82.1037 21.9996 104.2
      vertex -79.8739 29.0717 104.2
    endloop
  endfacet
  facet normal 0 0 -1
    outer loop
      vertex -85 0 104.2
      vertex -79.4823 -6.75041 104.2
      vertex -84.6766 -7.40824 104.2
    endloop
  endfacet
  facet normal -0 0 -1
    outer loop
      vertex -77.1026 20.4498 104.2
      vertex -83.7087 14.7601 104.2
      vertex -82.1037 21.9996 104.2
    endloop
  endfacet
  facet normal 0 0 -1
    outer loop
      vertex -79.4823 -6.75041 104.2
      vertex -85 0 104.2
      vertex -79.7771 0 104.2
    endloop
  endfacet
  facet normal 0 0 -1
    outer loop
      vertex -79.447 7.15411 104.2
      vertex -84.6766 7.40824 104.2
      vertex -83.7087 14.7601 104.2
    endloop
  endfacet
  facet normal -0 0 -1
    outer loop
      vertex -79.4823 6.75041 104.2
      vertex -85 0 104.2
      vertex -84.6766 7.40824 104.2
    endloop
  endfacet
  facet normal 0 0 -1
    outer loop
      vertex 77.5 0 104.2
      vertex 77.5571 0 104.2
      vertex 77.5477 -0.214165 104.2
    endloop
  endfacet
  facet normal 0 0 -1
    outer loop
      vertex 77.5571 0 104.2
      vertex 77.5 0 104.2
      vertex 77.5477 0.214165 104.2
    endloop
  endfacet
  facet normal 0 0 -1
    outer loop
      vertex 77.2051 -6.75457 104.2
      vertex 77.5477 -0.214165 104.2
      vertex 77.2619 -6.75954 104.2
    endloop
  endfacet
  facet normal -0 0 -1
    outer loop
      vertex 77.5477 -0.214165 104.2
      vertex 77.2051 -6.75457 104.2
      vertex 77.5 0 104.2
    endloop
  endfacet
  facet normal 0 0 -1
    outer loop
      vertex 76.4068 -13.2551 104.2
      vertex 77.2051 -6.75457 104.2
      vertex 77.2619 -6.75954 104.2
    endloop
  endfacet
  facet normal 0 0 -1
    outer loop
      vertex 76.3226 -13.4577 104.2
      vertex 76.4068 -13.2551 104.2
      vertex 76.3788 -13.4676 104.2
    endloop
  endfacet
  facet normal 0 0 -1
    outer loop
      vertex 76.3226 -13.4577 104.2
      vertex 76.3788 -13.4676 104.2
      vertex 76.3324 -13.6769 104.2
    endloop
  endfacet
  facet normal -0 0 -1
    outer loop
      vertex 76.4068 -13.2551 104.2
      vertex 76.3226 -13.4577 104.2
      vertex 77.2051 -6.75457 104.2
    endloop
  endfacet
  facet normal 0 0 -1
    outer loop
      vertex 74.8593 -20.0585 104.2
      vertex 76.3324 -13.6769 104.2
      vertex 74.9144 -20.0732 104.2
    endloop
  endfacet
  facet normal -0 0 -1
    outer loop
      vertex 76.3324 -13.6769 104.2
      vertex 74.8593 -20.0585 104.2
      vertex 76.3226 -13.4577 104.2
    endloop
  endfacet
  facet normal 0 0 -1
    outer loop
      vertex 72.9443 -26.3216 104.2
      vertex 74.8593 -20.0585 104.2
      vertex 74.9144 -20.0732 104.2
    endloop
  endfacet
  facet normal 0 0 -1
    outer loop
      vertex 72.8262 -26.5066 104.2
      vertex 72.9443 -26.3216 104.2
      vertex 72.8798 -26.5261 104.2
    endloop
  endfacet
  facet normal -0 0 -1
    outer loop
      vertex 72.9443 -26.3216 104.2
      vertex 72.8262 -26.5066 104.2
      vertex 74.8593 -20.0585 104.2
    endloop
  endfacet
  facet normal 0 0 -1
    outer loop
      vertex 72.7978 -26.7241 104.2
      vertex 72.8262 -26.5066 104.2
      vertex 72.8798 -26.5261 104.2
    endloop
  endfacet
  facet normal 0 0 -1
    outer loop
      vertex 70.2389 -32.7529 104.2
      vertex 72.7978 -26.7241 104.2
      vertex 70.2906 -32.777 104.2
    endloop
  endfacet
  facet normal -0 0 -1
    outer loop
      vertex 72.7978 -26.7241 104.2
      vertex 70.2389 -32.7529 104.2
      vertex 72.8262 -26.5066 104.2
    endloop
  endfacet
  facet normal 0 0 -1
    outer loop
      vertex 70.1916 -32.9672 104.2
      vertex 70.2389 -32.7529 104.2
      vertex 70.2906 -32.777 104.2
    endloop
  endfacet
  facet normal 0 0 -1
    outer loop
      vertex 67.117 -38.75 104.2
      vertex 70.1916 -32.9672 104.2
      vertex 67.1664 -38.7785 104.2
    endloop
  endfacet
  facet normal -0 0 -1
    outer loop
      vertex 70.1916 -32.9672 104.2
      vertex 67.117 -38.75 104.2
      vertex 70.2389 -32.7529 104.2
    endloop
  endfacet
  facet normal 0 0 -1
    outer loop
      vertex 63.6462 -44.3041 104.2
      vertex 67.117 -38.75 104.2
      vertex 67.1664 -38.7785 104.2
    endloop
  endfacet
  facet normal 0 0 -1
    outer loop
      vertex 63.4843 -44.4522 104.2
      vertex 63.6462 -44.3041 104.2
      vertex 63.531 -44.4849 104.2
    endloop
  endfacet
  facet normal -0 0 -1
    outer loop
      vertex 63.6462 -44.3041 104.2
      vertex 63.4843 -44.4522 104.2
      vertex 67.117 -38.75 104.2
    endloop
  endfacet
  facet normal 0 0 -1
    outer loop
      vertex 59.5426 -49.6826 104.2
      vertex 63.4843 -44.4522 104.2
      vertex 63.531 -44.4849 104.2
    endloop
  endfacet
  facet normal 0 0 -1
    outer loop
      vertex 59.3684 -49.816 104.2
      vertex 59.5426 -49.6826 104.2
      vertex 59.4121 -49.8527 104.2
    endloop
  endfacet
  facet normal -0 0 -1
    outer loop
      vertex 59.5426 -49.6826 104.2
      vertex 59.3684 -49.816 104.2
      vertex 63.4843 -44.4522 104.2
    endloop
  endfacet
  facet normal 0 0 -1
    outer loop
      vertex 59.2673 -50.0108 104.2
      vertex 59.3684 -49.816 104.2
      vertex 59.4121 -49.8527 104.2
    endloop
  endfacet
  facet normal 0 0 -1
    outer loop
      vertex 54.8008 -54.8008 104.2
      vertex 59.2673 -50.0108 104.2
      vertex 54.8411 -54.8411 104.2
    endloop
  endfacet
  facet normal -0 0 -1
    outer loop
      vertex 59.2673 -50.0108 104.2
      vertex 54.8008 -54.8008 104.2
      vertex 59.3684 -49.816 104.2
    endloop
  endfacet
  facet normal 0 0 -1
    outer loop
      vertex 50.0108 -59.2673 104.2
      vertex 54.8008 -54.8008 104.2
      vertex 54.8411 -54.8411 104.2
    endloop
  endfacet
  facet normal 0 0 -1
    outer loop
      vertex 49.816 -59.3684 104.2
      vertex 50.0108 -59.2673 104.2
      vertex 49.8527 -59.4121 104.2
    endloop
  endfacet
  facet normal -0 0 -1
    outer loop
      vertex 50.0108 -59.2673 104.2
      vertex 49.816 -59.3684 104.2
      vertex 54.8008 -54.8008 104.2
    endloop
  endfacet
  facet normal 0 0 -1
    outer loop
      vertex 49.6826 -59.5426 104.2
      vertex 49.816 -59.3684 104.2
      vertex 49.8527 -59.4121 104.2
    endloop
  endfacet
  facet normal 0 0 -1
    outer loop
      vertex 44.4522 -63.4843 104.2
      vertex 49.6826 -59.5426 104.2
      vertex 44.4849 -63.531 104.2
    endloop
  endfacet
  facet normal -0 0 -1
    outer loop
      vertex 49.6826 -59.5426 104.2
      vertex 44.4522 -63.4843 104.2
      vertex 49.816 -59.3684 104.2
    endloop
  endfacet
  facet normal 0 0 -1
    outer loop
      vertex 44.3041 -63.6462 104.2
      vertex 44.4522 -63.4843 104.2
      vertex 44.4849 -63.531 104.2
    endloop
  endfacet
  facet normal 0 0 -1
    outer loop
      vertex 38.75 -67.117 104.2
      vertex 44.3041 -63.6462 104.2
      vertex 38.7785 -67.1664 104.2
    endloop
  endfacet
  facet normal -0 0 -1
    outer loop
      vertex 44.3041 -63.6462 104.2
      vertex 38.75 -67.117 104.2
      vertex 44.4522 -63.4843 104.2
    endloop
  endfacet
  facet normal 0 0 -1
    outer loop
      vertex 32.9672 -70.1916 104.2
      vertex 38.75 -67.117 104.2
      vertex 38.7785 -67.1664 104.2
    endloop
  endfacet
  facet normal 0 0 -1
    outer loop
      vertex 32.7529 -70.2389 104.2
      vertex 32.9672 -70.1916 104.2
      vertex 32.777 -70.2906 104.2
    endloop
  endfacet
  facet normal -0 0 -1
    outer loop
      vertex 32.9672 -70.1916 104.2
      vertex 32.7529 -70.2389 104.2
      vertex 38.75 -67.117 104.2
    endloop
  endfacet
  facet normal 0 0 -1
    outer loop
      vertex 26.7241 -72.7978 104.2
      vertex 32.7529 -70.2389 104.2
      vertex 32.777 -70.2906 104.2
    endloop
  endfacet
  facet normal 0 0 -1
    outer loop
      vertex 26.5066 -72.8262 104.2
      vertex 26.7241 -72.7978 104.2
      vertex 26.5261 -72.8798 104.2
    endloop
  endfacet
  facet normal -0 0 -1
    outer loop
      vertex 26.7241 -72.7978 104.2
      vertex 26.5066 -72.8262 104.2
      vertex 32.7529 -70.2389 104.2
    endloop
  endfacet
  facet normal 0 0 -1
    outer loop
      vertex 26.3216 -72.9443 104.2
      vertex 26.5066 -72.8262 104.2
      vertex 26.5261 -72.8798 104.2
    endloop
  endfacet
  facet normal 0 0 -1
    outer loop
      vertex 20.0585 -74.8593 104.2
      vertex 26.3216 -72.9443 104.2
      vertex 20.0732 -74.9144 104.2
    endloop
  endfacet
  facet normal -0 0 -1
    outer loop
      vertex 26.3216 -72.9443 104.2
      vertex 20.0585 -74.8593 104.2
      vertex 26.5066 -72.8262 104.2
    endloop
  endfacet
  facet normal 0 0 -1
    outer loop
      vertex 13.6769 -76.3324 104.2
      vertex 20.0585 -74.8593 104.2
      vertex 20.0732 -74.9144 104.2
    endloop
  endfacet
  facet normal 0 0 -1
    outer loop
      vertex 13.4577 -76.3226 104.2
      vertex 13.6769 -76.3324 104.2
      vertex 13.4676 -76.3788 104.2
    endloop
  endfacet
  facet normal 0 0 -1
    outer loop
      vertex 13.6769 -76.3324 104.2
      vertex 13.4577 -76.3226 104.2
      vertex 20.0585 -74.8593 104.2
    endloop
  endfacet
  facet normal 0 0 -1
    outer loop
      vertex 13.2551 -76.4068 104.2
      vertex 13.4577 -76.3226 104.2
      vertex 13.4676 -76.3788 104.2
    endloop
  endfacet
  facet normal 0 0 -1
    outer loop
      vertex 6.75457 -77.2051 104.2
      vertex 13.2551 -76.4068 104.2
      vertex 6.75954 -77.2619 104.2
    endloop
  endfacet
  facet normal -0 0 -1
    outer loop
      vertex 13.2551 -76.4068 104.2
      vertex 6.75457 -77.2051 104.2
      vertex 13.4577 -76.3226 104.2
    endloop
  endfacet
  facet normal 0 0 -1
    outer loop
      vertex 0.214165 -77.5477 104.2
      vertex 6.75457 -77.2051 104.2
      vertex 6.75954 -77.2619 104.2
    endloop
  endfacet
  facet normal 0 0 -1
    outer loop
      vertex 0 -77.5 104.2
      vertex 0.214165 -77.5477 104.2
      vertex 0 -77.5571 104.2
    endloop
  endfacet
  facet normal 0 0 -1
    outer loop
      vertex 0.214165 -77.5477 104.2
      vertex 0 -77.5 104.2
      vertex 6.75457 -77.2051 104.2
    endloop
  endfacet
  facet normal 0 0 -1
    outer loop
      vertex -0.214165 -77.5477 104.2
      vertex 0 -77.5 104.2
      vertex 0 -77.5571 104.2
    endloop
  endfacet
  facet normal 0 0 -1
    outer loop
      vertex -0.214165 -77.5477 104.2
      vertex -6.75457 -77.2051 104.2
      vertex 0 -77.5 104.2
    endloop
  endfacet
  facet normal 0 0 -1
    outer loop
      vertex -6.75954 -77.2619 104.2
      vertex -6.75457 -77.2051 104.2
      vertex -0.214165 -77.5477 104.2
    endloop
  endfacet
  facet normal 0 0 -1
    outer loop
      vertex -13.2551 -76.4068 104.2
      vertex -6.75457 -77.2051 104.2
      vertex -6.75954 -77.2619 104.2
    endloop
  endfacet
  facet normal 0 0 -1
    outer loop
      vertex -13.2551 -76.4068 104.2
      vertex -13.4577 -76.3226 104.2
      vertex -6.75457 -77.2051 104.2
    endloop
  endfacet
  facet normal 0 0 -1
    outer loop
      vertex -13.4676 -76.3788 104.2
      vertex -13.4577 -76.3226 104.2
      vertex -13.2551 -76.4068 104.2
    endloop
  endfacet
  facet normal 0 0 -1
    outer loop
      vertex -13.6769 -76.3324 104.2
      vertex -13.4577 -76.3226 104.2
      vertex -13.4676 -76.3788 104.2
    endloop
  endfacet
  facet normal 0 0 -1
    outer loop
      vertex -13.6769 -76.3324 104.2
      vertex -20.0585 -74.8593 104.2
      vertex -13.4577 -76.3226 104.2
    endloop
  endfacet
  facet normal 0 0 -1
    outer loop
      vertex -20.0732 -74.9144 104.2
      vertex -20.0585 -74.8593 104.2
      vertex -13.6769 -76.3324 104.2
    endloop
  endfacet
  facet normal 0 0 -1
    outer loop
      vertex -26.3216 -72.9443 104.2
      vertex -20.0585 -74.8593 104.2
      vertex -20.0732 -74.9144 104.2
    endloop
  endfacet
  facet normal 0 0 -1
    outer loop
      vertex -26.3216 -72.9443 104.2
      vertex -26.5066 -72.8262 104.2
      vertex -20.0585 -74.8593 104.2
    endloop
  endfacet
  facet normal 0 0 -1
    outer loop
      vertex -26.5261 -72.8798 104.2
      vertex -26.5066 -72.8262 104.2
      vertex -26.3216 -72.9443 104.2
    endloop
  endfacet
  facet normal 0 0 -1
    outer loop
      vertex -26.7241 -72.7978 104.2
      vertex -26.5066 -72.8262 104.2
      vertex -26.5261 -72.8798 104.2
    endloop
  endfacet
  facet normal 0 0 -1
    outer loop
      vertex -26.7241 -72.7978 104.2
      vertex -32.7529 -70.2389 104.2
      vertex -26.5066 -72.8262 104.2
    endloop
  endfacet
  facet normal 0 0 -1
    outer loop
      vertex -32.777 -70.2906 104.2
      vertex -32.7529 -70.2389 104.2
      vertex -26.7241 -72.7978 104.2
    endloop
  endfacet
  facet normal 0 0 -1
    outer loop
      vertex -32.9672 -70.1916 104.2
      vertex -32.7529 -70.2389 104.2
      vertex -32.777 -70.2906 104.2
    endloop
  endfacet
  facet normal 0 0 -1
    outer loop
      vertex -32.9672 -70.1916 104.2
      vertex -38.75 -67.117 104.2
      vertex -32.7529 -70.2389 104.2
    endloop
  endfacet
  facet normal 0 0 -1
    outer loop
      vertex -38.7785 -67.1664 104.2
      vertex -38.75 -67.117 104.2
      vertex -32.9672 -70.1916 104.2
    endloop
  endfacet
  facet normal 0 0 -1
    outer loop
      vertex -44.3041 -63.6462 104.2
      vertex -38.75 -67.117 104.2
      vertex -38.7785 -67.1664 104.2
    endloop
  endfacet
  facet normal 0 0 -1
    outer loop
      vertex -44.3041 -63.6462 104.2
      vertex -44.4522 -63.4843 104.2
      vertex -38.75 -67.117 104.2
    endloop
  endfacet
  facet normal 0 0 -1
    outer loop
      vertex -44.4849 -63.531 104.2
      vertex -44.4522 -63.4843 104.2
      vertex -44.3041 -63.6462 104.2
    endloop
  endfacet
  facet normal 0 0 -1
    outer loop
      vertex -49.6826 -59.5426 104.2
      vertex -44.4522 -63.4843 104.2
      vertex -44.4849 -63.531 104.2
    endloop
  endfacet
  facet normal 0 0 -1
    outer loop
      vertex -49.6826 -59.5426 104.2
      vertex -49.816 -59.3684 104.2
      vertex -44.4522 -63.4843 104.2
    endloop
  endfacet
  facet normal 0 0 -1
    outer loop
      vertex -49.8527 -59.4121 104.2
      vertex -49.816 -59.3684 104.2
      vertex -49.6826 -59.5426 104.2
    endloop
  endfacet
  facet normal 0 0 -1
    outer loop
      vertex -50.0108 -59.2673 104.2
      vertex -49.816 -59.3684 104.2
      vertex -49.8527 -59.4121 104.2
    endloop
  endfacet
  facet normal 0 0 -1
    outer loop
      vertex -50.0108 -59.2673 104.2
      vertex -54.8008 -54.8008 104.2
      vertex -49.816 -59.3684 104.2
    endloop
  endfacet
  facet normal 0 0 -1
    outer loop
      vertex -54.8411 -54.8411 104.2
      vertex -54.8008 -54.8008 104.2
      vertex -50.0108 -59.2673 104.2
    endloop
  endfacet
  facet normal 0 0 -1
    outer loop
      vertex -59.2673 -50.0108 104.2
      vertex -54.8008 -54.8008 104.2
      vertex -54.8411 -54.8411 104.2
    endloop
  endfacet
  facet normal 0 0 -1
    outer loop
      vertex -59.2673 -50.0108 104.2
      vertex -59.3684 -49.816 104.2
      vertex -54.8008 -54.8008 104.2
    endloop
  endfacet
  facet normal 0 0 -1
    outer loop
      vertex -59.4121 -49.8527 104.2
      vertex -59.3684 -49.816 104.2
      vertex -59.2673 -50.0108 104.2
    endloop
  endfacet
  facet normal 0 0 -1
    outer loop
      vertex -59.5426 -49.6826 104.2
      vertex -59.3684 -49.816 104.2
      vertex -59.4121 -49.8527 104.2
    endloop
  endfacet
  facet normal 0 0 -1
    outer loop
      vertex -59.5426 -49.6826 104.2
      vertex -63.4843 -44.4522 104.2
      vertex -59.3684 -49.816 104.2
    endloop
  endfacet
  facet normal 0 0 -1
    outer loop
      vertex -63.531 -44.4849 104.2
      vertex -63.4843 -44.4522 104.2
      vertex -59.5426 -49.6826 104.2
    endloop
  endfacet
  facet normal 0 0 -1
    outer loop
      vertex -63.6462 -44.3041 104.2
      vertex -63.4843 -44.4522 104.2
      vertex -63.531 -44.4849 104.2
    endloop
  endfacet
  facet normal 0 0 -1
    outer loop
      vertex -63.6462 -44.3041 104.2
      vertex -67.117 -38.75 104.2
      vertex -63.4843 -44.4522 104.2
    endloop
  endfacet
  facet normal 0 0 -1
    outer loop
      vertex -67.1664 -38.7785 104.2
      vertex -67.117 -38.75 104.2
      vertex -63.6462 -44.3041 104.2
    endloop
  endfacet
  facet normal 0 0 -1
    outer loop
      vertex -70.1916 -32.9672 104.2
      vertex -67.117 -38.75 104.2
      vertex -67.1664 -38.7785 104.2
    endloop
  endfacet
  facet normal 0 0 -1
    outer loop
      vertex -70.1916 -32.9672 104.2
      vertex -70.2389 -32.7529 104.2
      vertex -67.117 -38.75 104.2
    endloop
  endfacet
  facet normal 0 0 -1
    outer loop
      vertex -70.2906 -32.777 104.2
      vertex -70.2389 -32.7529 104.2
      vertex -70.1916 -32.9672 104.2
    endloop
  endfacet
  facet normal 0 0 -1
    outer loop
      vertex -72.7978 -26.7241 104.2
      vertex -70.2389 -32.7529 104.2
      vertex -70.2906 -32.777 104.2
    endloop
  endfacet
  facet normal 0 0 -1
    outer loop
      vertex -72.7978 -26.7241 104.2
      vertex -72.8262 -26.5066 104.2
      vertex -70.2389 -32.7529 104.2
    endloop
  endfacet
  facet normal 0 0 -1
    outer loop
      vertex -72.8798 -26.5261 104.2
      vertex -72.8262 -26.5066 104.2
      vertex -72.7978 -26.7241 104.2
    endloop
  endfacet
  facet normal 0 0 -1
    outer loop
      vertex -72.9443 -26.3216 104.2
      vertex -72.8262 -26.5066 104.2
      vertex -72.8798 -26.5261 104.2
    endloop
  endfacet
  facet normal 0 0 -1
    outer loop
      vertex -72.9443 -26.3216 104.2
      vertex -74.8593 -20.0585 104.2
      vertex -72.8262 -26.5066 104.2
    endloop
  endfacet
  facet normal 0 0 -1
    outer loop
      vertex -74.9144 -20.0732 104.2
      vertex -74.8593 -20.0585 104.2
      vertex -72.9443 -26.3216 104.2
    endloop
  endfacet
  facet normal 0 0 -1
    outer loop
      vertex -76.3324 -13.6769 104.2
      vertex -74.8593 -20.0585 104.2
      vertex -74.9144 -20.0732 104.2
    endloop
  endfacet
  facet normal 0 0 -1
    outer loop
      vertex -74.8593 -20.0585 104.2
      vertex -76.3324 -13.6769 104.2
      vertex -76.3226 -13.4577 104.2
    endloop
  endfacet
  facet normal 0 0 -1
    outer loop
      vertex -76.3788 -13.4676 104.2
      vertex -76.3226 -13.4577 104.2
      vertex -76.3324 -13.6769 104.2
    endloop
  endfacet
  facet normal 0 0 -1
    outer loop
      vertex -76.4068 -13.2551 104.2
      vertex -76.3226 -13.4577 104.2
      vertex -76.3788 -13.4676 104.2
    endloop
  endfacet
  facet normal 0 0 -1
    outer loop
      vertex -76.4068 -13.2551 104.2
      vertex -77.2051 -6.75457 104.2
      vertex -76.3226 -13.4577 104.2
    endloop
  endfacet
  facet normal 0 0 -1
    outer loop
      vertex -77.2619 -6.75954 104.2
      vertex -77.2051 -6.75457 104.2
      vertex -76.4068 -13.2551 104.2
    endloop
  endfacet
  facet normal 0 0 -1
    outer loop
      vertex -77.5477 -0.214165 104.2
      vertex -77.2051 -6.75457 104.2
      vertex -77.2619 -6.75954 104.2
    endloop
  endfacet
  facet normal 0 0 -1
    outer loop
      vertex -77.2051 -6.75457 104.2
      vertex -77.5477 -0.214165 104.2
      vertex -77.5 0 104.2
    endloop
  endfacet
  facet normal 0 0 -1
    outer loop
      vertex 77.2051 6.75457 104.2
      vertex 77.5477 0.214165 104.2
      vertex 77.5 0 104.2
    endloop
  endfacet
  facet normal 0 0 -1
    outer loop
      vertex 77.5477 0.214165 104.2
      vertex 77.2051 6.75457 104.2
      vertex 77.2619 6.75954 104.2
    endloop
  endfacet
  facet normal 0 0 -1
    outer loop
      vertex 77.2051 6.75457 104.2
      vertex 76.4068 13.2551 104.2
      vertex 77.2619 6.75954 104.2
    endloop
  endfacet
  facet normal 0 0 -1
    outer loop
      vertex 76.3226 13.4577 104.2
      vertex 76.4068 13.2551 104.2
      vertex 77.2051 6.75457 104.2
    endloop
  endfacet
  facet normal 0 0 -1
    outer loop
      vertex 76.4068 13.2551 104.2
      vertex 76.3226 13.4577 104.2
      vertex 76.3788 13.4676 104.2
    endloop
  endfacet
  facet normal -0 0 -1
    outer loop
      vertex 76.3788 13.4676 104.2
      vertex 76.3226 13.4577 104.2
      vertex 76.3324 13.6769 104.2
    endloop
  endfacet
  facet normal 0 0 -1
    outer loop
      vertex 74.8593 20.0585 104.2
      vertex 76.3324 13.6769 104.2
      vertex 76.3226 13.4577 104.2
    endloop
  endfacet
  facet normal 0 0 -1
    outer loop
      vertex 76.3324 13.6769 104.2
      vertex 74.8593 20.0585 104.2
      vertex 74.9144 20.0732 104.2
    endloop
  endfacet
  facet normal 0 0 -1
    outer loop
      vertex 74.8593 20.0585 104.2
      vertex 72.9443 26.3216 104.2
      vertex 74.9144 20.0732 104.2
    endloop
  endfacet
  facet normal 0 0 -1
    outer loop
      vertex 72.8262 26.5066 104.2
      vertex 72.9443 26.3216 104.2
      vertex 74.8593 20.0585 104.2
    endloop
  endfacet
  facet normal 0 0 -1
    outer loop
      vertex 72.9443 26.3216 104.2
      vertex 72.8262 26.5066 104.2
      vertex 72.8798 26.5261 104.2
    endloop
  endfacet
  facet normal 0 0 -1
    outer loop
      vertex 72.8262 26.5066 104.2
      vertex 72.7978 26.7241 104.2
      vertex 72.8798 26.5261 104.2
    endloop
  endfacet
  facet normal 0 0 -1
    outer loop
      vertex 70.2389 32.7529 104.2
      vertex 72.7978 26.7241 104.2
      vertex 72.8262 26.5066 104.2
    endloop
  endfacet
  facet normal 0 0 -1
    outer loop
      vertex 72.7978 26.7241 104.2
      vertex 70.2389 32.7529 104.2
      vertex 70.2906 32.777 104.2
    endloop
  endfacet
  facet normal 0 0 -1
    outer loop
      vertex 70.2389 32.7529 104.2
      vertex 70.1916 32.9672 104.2
      vertex 70.2906 32.777 104.2
    endloop
  endfacet
  facet normal 0 0 -1
    outer loop
      vertex 67.117 38.75 104.2
      vertex 70.1916 32.9672 104.2
      vertex 70.2389 32.7529 104.2
    endloop
  endfacet
  facet normal 0 0 -1
    outer loop
      vertex 70.1916 32.9672 104.2
      vertex 67.117 38.75 104.2
      vertex 67.1664 38.7785 104.2
    endloop
  endfacet
  facet normal 0 0 -1
    outer loop
      vertex 67.117 38.75 104.2
      vertex 63.6462 44.3041 104.2
      vertex 67.1664 38.7785 104.2
    endloop
  endfacet
  facet normal 0 0 -1
    outer loop
      vertex 63.4843 44.4522 104.2
      vertex 63.6462 44.3041 104.2
      vertex 67.117 38.75 104.2
    endloop
  endfacet
  facet normal 0 0 -1
    outer loop
      vertex 63.6462 44.3041 104.2
      vertex 63.4843 44.4522 104.2
      vertex 63.531 44.4849 104.2
    endloop
  endfacet
  facet normal 0 0 -1
    outer loop
      vertex 63.4843 44.4522 104.2
      vertex 59.5426 49.6826 104.2
      vertex 63.531 44.4849 104.2
    endloop
  endfacet
  facet normal 0 0 -1
    outer loop
      vertex 59.3684 49.816 104.2
      vertex 59.5426 49.6826 104.2
      vertex 63.4843 44.4522 104.2
    endloop
  endfacet
  facet normal 0 0 -1
    outer loop
      vertex 59.5426 49.6826 104.2
      vertex 59.3684 49.816 104.2
      vertex 59.4121 49.8527 104.2
    endloop
  endfacet
  facet normal 0 0 -1
    outer loop
      vertex 59.3684 49.816 104.2
      vertex 59.2673 50.0108 104.2
      vertex 59.4121 49.8527 104.2
    endloop
  endfacet
  facet normal 0 0 -1
    outer loop
      vertex 54.8008 54.8008 104.2
      vertex 59.2673 50.0108 104.2
      vertex 59.3684 49.816 104.2
    endloop
  endfacet
  facet normal 0 0 -1
    outer loop
      vertex 59.2673 50.0108 104.2
      vertex 54.8008 54.8008 104.2
      vertex 54.8411 54.8411 104.2
    endloop
  endfacet
  facet normal 0 0 -1
    outer loop
      vertex 54.8008 54.8008 104.2
      vertex 50.0108 59.2673 104.2
      vertex 54.8411 54.8411 104.2
    endloop
  endfacet
  facet normal 0 0 -1
    outer loop
      vertex 49.816 59.3684 104.2
      vertex 50.0108 59.2673 104.2
      vertex 54.8008 54.8008 104.2
    endloop
  endfacet
  facet normal 0 0 -1
    outer loop
      vertex 50.0108 59.2673 104.2
      vertex 49.816 59.3684 104.2
      vertex 49.8527 59.4121 104.2
    endloop
  endfacet
  facet normal 0 0 -1
    outer loop
      vertex 49.816 59.3684 104.2
      vertex 49.6826 59.5426 104.2
      vertex 49.8527 59.4121 104.2
    endloop
  endfacet
  facet normal 0 0 -1
    outer loop
      vertex 44.4522 63.4843 104.2
      vertex 49.6826 59.5426 104.2
      vertex 49.816 59.3684 104.2
    endloop
  endfacet
  facet normal 0 0 -1
    outer loop
      vertex 49.6826 59.5426 104.2
      vertex 44.4522 63.4843 104.2
      vertex 44.4849 63.531 104.2
    endloop
  endfacet
  facet normal 0 0 -1
    outer loop
      vertex 44.4522 63.4843 104.2
      vertex 44.3041 63.6462 104.2
      vertex 44.4849 63.531 104.2
    endloop
  endfacet
  facet normal 0 0 -1
    outer loop
      vertex 38.75 67.117 104.2
      vertex 44.3041 63.6462 104.2
      vertex 44.4522 63.4843 104.2
    endloop
  endfacet
  facet normal 0 0 -1
    outer loop
      vertex 44.3041 63.6462 104.2
      vertex 38.75 67.117 104.2
      vertex 38.7785 67.1664 104.2
    endloop
  endfacet
  facet normal 0 0 -1
    outer loop
      vertex 38.75 67.117 104.2
      vertex 32.9672 70.1916 104.2
      vertex 38.7785 67.1664 104.2
    endloop
  endfacet
  facet normal 0 0 -1
    outer loop
      vertex 32.7529 70.2389 104.2
      vertex 32.9672 70.1916 104.2
      vertex 38.75 67.117 104.2
    endloop
  endfacet
  facet normal 0 0 -1
    outer loop
      vertex 32.9672 70.1916 104.2
      vertex 32.7529 70.2389 104.2
      vertex 32.777 70.2906 104.2
    endloop
  endfacet
  facet normal 0 0 -1
    outer loop
      vertex 32.7529 70.2389 104.2
      vertex 26.7241 72.7978 104.2
      vertex 32.777 70.2906 104.2
    endloop
  endfacet
  facet normal 0 0 -1
    outer loop
      vertex 26.5066 72.8262 104.2
      vertex 26.7241 72.7978 104.2
      vertex 32.7529 70.2389 104.2
    endloop
  endfacet
  facet normal 0 0 -1
    outer loop
      vertex 26.7241 72.7978 104.2
      vertex 26.5066 72.8262 104.2
      vertex 26.5261 72.8798 104.2
    endloop
  endfacet
  facet normal 0 0 -1
    outer loop
      vertex 26.5066 72.8262 104.2
      vertex 26.3216 72.9443 104.2
      vertex 26.5261 72.8798 104.2
    endloop
  endfacet
  facet normal 0 0 -1
    outer loop
      vertex 20.0585 74.8593 104.2
      vertex 26.3216 72.9443 104.2
      vertex 26.5066 72.8262 104.2
    endloop
  endfacet
  facet normal 0 0 -1
    outer loop
      vertex 26.3216 72.9443 104.2
      vertex 20.0585 74.8593 104.2
      vertex 20.0732 74.9144 104.2
    endloop
  endfacet
  facet normal 0 0 -1
    outer loop
      vertex 20.0585 74.8593 104.2
      vertex 13.6769 76.3324 104.2
      vertex 20.0732 74.9144 104.2
    endloop
  endfacet
  facet normal 0 0 -1
    outer loop
      vertex 13.4577 76.3226 104.2
      vertex 13.6769 76.3324 104.2
      vertex 20.0585 74.8593 104.2
    endloop
  endfacet
  facet normal -0 0 -1
    outer loop
      vertex 13.6769 76.3324 104.2
      vertex 13.4577 76.3226 104.2
      vertex 13.4676 76.3788 104.2
    endloop
  endfacet
  facet normal 0 0 -1
    outer loop
      vertex 13.4577 76.3226 104.2
      vertex 13.2551 76.4068 104.2
      vertex 13.4676 76.3788 104.2
    endloop
  endfacet
  facet normal 0 0 -1
    outer loop
      vertex 6.75457 77.2051 104.2
      vertex 13.2551 76.4068 104.2
      vertex 13.4577 76.3226 104.2
    endloop
  endfacet
  facet normal 0 0 -1
    outer loop
      vertex 13.2551 76.4068 104.2
      vertex 6.75457 77.2051 104.2
      vertex 6.75954 77.2619 104.2
    endloop
  endfacet
  facet normal 0 0 -1
    outer loop
      vertex 6.75457 77.2051 104.2
      vertex 0.214165 77.5477 104.2
      vertex 6.75954 77.2619 104.2
    endloop
  endfacet
  facet normal 0 0 -1
    outer loop
      vertex 0 77.5 104.2
      vertex 0.214165 77.5477 104.2
      vertex 6.75457 77.2051 104.2
    endloop
  endfacet
  facet normal 0 0 -1
    outer loop
      vertex 0 77.5 104.2
      vertex 0 77.5571 104.2
      vertex 0.214165 77.5477 104.2
    endloop
  endfacet
  facet normal 0 0 -1
    outer loop
      vertex 0 77.5 104.2
      vertex -0.214165 77.5477 104.2
      vertex 0 77.5571 104.2
    endloop
  endfacet
  facet normal 0 0 -1
    outer loop
      vertex -6.75457 77.2051 104.2
      vertex -0.214165 77.5477 104.2
      vertex 0 77.5 104.2
    endloop
  endfacet
  facet normal 0 0 -1
    outer loop
      vertex -6.75457 77.2051 104.2
      vertex -6.75954 77.2619 104.2
      vertex -0.214165 77.5477 104.2
    endloop
  endfacet
  facet normal -0 0 -1
    outer loop
      vertex -6.75457 77.2051 104.2
      vertex -13.2551 76.4068 104.2
      vertex -6.75954 77.2619 104.2
    endloop
  endfacet
  facet normal 0 0 -1
    outer loop
      vertex -13.4577 76.3226 104.2
      vertex -13.2551 76.4068 104.2
      vertex -6.75457 77.2051 104.2
    endloop
  endfacet
  facet normal 0 0 -1
    outer loop
      vertex -13.4577 76.3226 104.2
      vertex -13.4676 76.3788 104.2
      vertex -13.2551 76.4068 104.2
    endloop
  endfacet
  facet normal 0 0 -1
    outer loop
      vertex -13.4577 76.3226 104.2
      vertex -13.6769 76.3324 104.2
      vertex -13.4676 76.3788 104.2
    endloop
  endfacet
  facet normal 0 0 -1
    outer loop
      vertex -20.0585 74.8593 104.2
      vertex -13.6769 76.3324 104.2
      vertex -13.4577 76.3226 104.2
    endloop
  endfacet
  facet normal 0 0 -1
    outer loop
      vertex -20.0585 74.8593 104.2
      vertex -20.0732 74.9144 104.2
      vertex -13.6769 76.3324 104.2
    endloop
  endfacet
  facet normal -0 0 -1
    outer loop
      vertex -20.0585 74.8593 104.2
      vertex -26.3216 72.9443 104.2
      vertex -20.0732 74.9144 104.2
    endloop
  endfacet
  facet normal 0 0 -1
    outer loop
      vertex -26.5066 72.8262 104.2
      vertex -26.3216 72.9443 104.2
      vertex -20.0585 74.8593 104.2
    endloop
  endfacet
  facet normal 0 0 -1
    outer loop
      vertex -26.5066 72.8262 104.2
      vertex -26.5261 72.8798 104.2
      vertex -26.3216 72.9443 104.2
    endloop
  endfacet
  facet normal -0 0 -1
    outer loop
      vertex -26.5066 72.8262 104.2
      vertex -26.7241 72.7978 104.2
      vertex -26.5261 72.8798 104.2
    endloop
  endfacet
  facet normal 0 0 -1
    outer loop
      vertex -32.7529 70.2389 104.2
      vertex -26.7241 72.7978 104.2
      vertex -26.5066 72.8262 104.2
    endloop
  endfacet
  facet normal 0 0 -1
    outer loop
      vertex -32.7529 70.2389 104.2
      vertex -32.777 70.2906 104.2
      vertex -26.7241 72.7978 104.2
    endloop
  endfacet
  facet normal -0 0 -1
    outer loop
      vertex -32.7529 70.2389 104.2
      vertex -32.9672 70.1916 104.2
      vertex -32.777 70.2906 104.2
    endloop
  endfacet
  facet normal 0 0 -1
    outer loop
      vertex -38.75 67.117 104.2
      vertex -32.9672 70.1916 104.2
      vertex -32.7529 70.2389 104.2
    endloop
  endfacet
  facet normal 0 0 -1
    outer loop
      vertex -38.75 67.117 104.2
      vertex -38.7785 67.1664 104.2
      vertex -32.9672 70.1916 104.2
    endloop
  endfacet
  facet normal -0 0 -1
    outer loop
      vertex -38.75 67.117 104.2
      vertex -44.3041 63.6462 104.2
      vertex -38.7785 67.1664 104.2
    endloop
  endfacet
  facet normal 0 0 -1
    outer loop
      vertex -44.4522 63.4843 104.2
      vertex -44.3041 63.6462 104.2
      vertex -38.75 67.117 104.2
    endloop
  endfacet
  facet normal 0 0 -1
    outer loop
      vertex -44.4522 63.4843 104.2
      vertex -44.4849 63.531 104.2
      vertex -44.3041 63.6462 104.2
    endloop
  endfacet
  facet normal -0 0 -1
    outer loop
      vertex -44.4522 63.4843 104.2
      vertex -49.6826 59.5426 104.2
      vertex -44.4849 63.531 104.2
    endloop
  endfacet
  facet normal 0 0 -1
    outer loop
      vertex -49.816 59.3684 104.2
      vertex -49.6826 59.5426 104.2
      vertex -44.4522 63.4843 104.2
    endloop
  endfacet
  facet normal 0 0 -1
    outer loop
      vertex -49.816 59.3684 104.2
      vertex -49.8527 59.4121 104.2
      vertex -49.6826 59.5426 104.2
    endloop
  endfacet
  facet normal -0 0 -1
    outer loop
      vertex -49.816 59.3684 104.2
      vertex -50.0108 59.2673 104.2
      vertex -49.8527 59.4121 104.2
    endloop
  endfacet
  facet normal 0 0 -1
    outer loop
      vertex -54.8008 54.8008 104.2
      vertex -50.0108 59.2673 104.2
      vertex -49.816 59.3684 104.2
    endloop
  endfacet
  facet normal 0 0 -1
    outer loop
      vertex -54.8008 54.8008 104.2
      vertex -54.8411 54.8411 104.2
      vertex -50.0108 59.2673 104.2
    endloop
  endfacet
  facet normal -0 0 -1
    outer loop
      vertex -54.8008 54.8008 104.2
      vertex -59.2673 50.0108 104.2
      vertex -54.8411 54.8411 104.2
    endloop
  endfacet
  facet normal 0 0 -1
    outer loop
      vertex -59.3684 49.816 104.2
      vertex -59.2673 50.0108 104.2
      vertex -54.8008 54.8008 104.2
    endloop
  endfacet
  facet normal 0 0 -1
    outer loop
      vertex -59.3684 49.816 104.2
      vertex -59.4121 49.8527 104.2
      vertex -59.2673 50.0108 104.2
    endloop
  endfacet
  facet normal -0 0 -1
    outer loop
      vertex -59.3684 49.816 104.2
      vertex -59.5426 49.6826 104.2
      vertex -59.4121 49.8527 104.2
    endloop
  endfacet
  facet normal 0 0 -1
    outer loop
      vertex -63.4843 44.4522 104.2
      vertex -59.5426 49.6826 104.2
      vertex -59.3684 49.816 104.2
    endloop
  endfacet
  facet normal 0 0 -1
    outer loop
      vertex -63.4843 44.4522 104.2
      vertex -63.531 44.4849 104.2
      vertex -59.5426 49.6826 104.2
    endloop
  endfacet
  facet normal -0 0 -1
    outer loop
      vertex -63.4843 44.4522 104.2
      vertex -63.6462 44.3041 104.2
      vertex -63.531 44.4849 104.2
    endloop
  endfacet
  facet normal 0 0 -1
    outer loop
      vertex -67.117 38.75 104.2
      vertex -63.6462 44.3041 104.2
      vertex -63.4843 44.4522 104.2
    endloop
  endfacet
  facet normal 0 0 -1
    outer loop
      vertex -67.117 38.75 104.2
      vertex -67.1664 38.7785 104.2
      vertex -63.6462 44.3041 104.2
    endloop
  endfacet
  facet normal -0 0 -1
    outer loop
      vertex -67.117 38.75 104.2
      vertex -70.1916 32.9672 104.2
      vertex -67.1664 38.7785 104.2
    endloop
  endfacet
  facet normal 0 0 -1
    outer loop
      vertex -70.2389 32.7529 104.2
      vertex -70.1916 32.9672 104.2
      vertex -67.117 38.75 104.2
    endloop
  endfacet
  facet normal 0 0 -1
    outer loop
      vertex -70.2389 32.7529 104.2
      vertex -70.2906 32.777 104.2
      vertex -70.1916 32.9672 104.2
    endloop
  endfacet
  facet normal -0 0 -1
    outer loop
      vertex -70.2389 32.7529 104.2
      vertex -72.7978 26.7241 104.2
      vertex -70.2906 32.777 104.2
    endloop
  endfacet
  facet normal 0 0 -1
    outer loop
      vertex -72.8262 26.5066 104.2
      vertex -72.7978 26.7241 104.2
      vertex -70.2389 32.7529 104.2
    endloop
  endfacet
  facet normal 0 0 -1
    outer loop
      vertex -72.8262 26.5066 104.2
      vertex -72.8798 26.5261 104.2
      vertex -72.7978 26.7241 104.2
    endloop
  endfacet
  facet normal -0 0 -1
    outer loop
      vertex -72.8262 26.5066 104.2
      vertex -72.9443 26.3216 104.2
      vertex -72.8798 26.5261 104.2
    endloop
  endfacet
  facet normal 0 0 -1
    outer loop
      vertex -74.8593 20.0585 104.2
      vertex -72.9443 26.3216 104.2
      vertex -72.8262 26.5066 104.2
    endloop
  endfacet
  facet normal 0 0 -1
    outer loop
      vertex -74.8593 20.0585 104.2
      vertex -74.9144 20.0732 104.2
      vertex -72.9443 26.3216 104.2
    endloop
  endfacet
  facet normal 0 0 -1
    outer loop
      vertex -76.3324 13.6769 104.2
      vertex -74.8593 20.0585 104.2
      vertex -76.3226 13.4577 104.2
    endloop
  endfacet
  facet normal -0 0 -1
    outer loop
      vertex -74.8593 20.0585 104.2
      vertex -76.3324 13.6769 104.2
      vertex -74.9144 20.0732 104.2
    endloop
  endfacet
  facet normal 0 0 -1
    outer loop
      vertex -76.3226 13.4577 104.2
      vertex -76.3788 13.4676 104.2
      vertex -76.3324 13.6769 104.2
    endloop
  endfacet
  facet normal -0 0 -1
    outer loop
      vertex -76.3226 13.4577 104.2
      vertex -76.4068 13.2551 104.2
      vertex -76.3788 13.4676 104.2
    endloop
  endfacet
  facet normal 0 0 -1
    outer loop
      vertex -77.2051 6.75457 104.2
      vertex -76.4068 13.2551 104.2
      vertex -76.3226 13.4577 104.2
    endloop
  endfacet
  facet normal 0 0 -1
    outer loop
      vertex -77.2051 6.75457 104.2
      vertex -77.2619 6.75954 104.2
      vertex -76.4068 13.2551 104.2
    endloop
  endfacet
  facet normal 0 0 -1
    outer loop
      vertex -77.5477 0.214165 104.2
      vertex -77.2051 6.75457 104.2
      vertex -77.5 0 104.2
    endloop
  endfacet
  facet normal 0 0 -1
    outer loop
      vertex -77.5571 0 104.2
      vertex -77.5 0 104.2
      vertex -77.5477 -0.214165 104.2
    endloop
  endfacet
  facet normal -0 0 -1
    outer loop
      vertex -77.2051 6.75457 104.2
      vertex -77.5477 0.214165 104.2
      vertex -77.2619 6.75954 104.2
    endloop
  endfacet
  facet normal 0 0 -1
    outer loop
      vertex -77.5 0 104.2
      vertex -77.5571 0 104.2
      vertex -77.5477 0.214165 104.2
    endloop
  endfacet
  facet normal 0.976295 0.216445 0
    outer loop
      vertex 83.7087 14.7601 109.2
      vertex 82.1037 21.9996 104.2
      vertex 82.1037 21.9996 109.2
    endloop
  endfacet
  facet normal 0.976295 0.216445 0
    outer loop
      vertex 82.1037 21.9996 104.2
      vertex 83.7087 14.7601 109.2
      vertex 83.7087 14.7601 104.2
    endloop
  endfacet
  facet normal 0.991445 0.130527 0
    outer loop
      vertex 84.6766 7.40824 109.2
      vertex 83.7087 14.7601 104.2
      vertex 83.7087 14.7601 109.2
    endloop
  endfacet
  facet normal 0.991445 0.130527 0
    outer loop
      vertex 83.7087 14.7601 104.2
      vertex 84.6766 7.40824 109.2
      vertex 84.6766 7.40824 104.2
    endloop
  endfacet
  facet normal 0.953718 0.300703 0
    outer loop
      vertex 82.1037 21.9996 109.2
      vertex 79.8739 29.0717 104.2
      vertex 79.8739 29.0717 109.2
    endloop
  endfacet
  facet normal 0.953718 0.300703 0
    outer loop
      vertex 79.8739 29.0717 104.2
      vertex 82.1037 21.9996 109.2
      vertex 82.1037 21.9996 104.2
    endloop
  endfacet
  facet normal 0.843388 0.537306 0
    outer loop
      vertex 73.6122 42.5 109.2
      vertex 69.6279 48.754 104.2
      vertex 69.6279 48.754 109.2
    endloop
  endfacet
  facet normal 0.843388 0.537306 0
    outer loop
      vertex 69.6279 48.754 104.2
      vertex 73.6122 42.5 109.2
      vertex 73.6122 42.5 104.2
    endloop
  endfacet
  facet normal 0.793354 0.608761 0
    outer loop
      vertex 69.6279 48.754 109.2
      vertex 65.1138 54.6369 104.2
      vertex 65.1138 54.6369 109.2
    endloop
  endfacet
  facet normal 0.793354 0.608761 0
    outer loop
      vertex 65.1138 54.6369 104.2
      vertex 69.6279 48.754 109.2
      vertex 69.6279 48.754 104.2
    endloop
  endfacet
  facet normal 0.88701 0.461751 0
    outer loop
      vertex 77.0362 35.9226 109.2
      vertex 73.6122 42.5 104.2
      vertex 73.6122 42.5 109.2
    endloop
  endfacet
  facet normal 0.88701 0.461751 0
    outer loop
      vertex 73.6122 42.5 104.2
      vertex 77.0362 35.9226 109.2
      vertex 77.0362 35.9226 104.2
    endloop
  endfacet
  facet normal 0.216445 0.976295 -0
    outer loop
      vertex 21.9996 82.1037 104.2
      vertex 14.7601 83.7087 109.2
      vertex 21.9996 82.1037 109.2
    endloop
  endfacet
  facet normal 0.216445 0.976295 0
    outer loop
      vertex 14.7601 83.7087 109.2
      vertex 21.9996 82.1037 104.2
      vertex 14.7601 83.7087 104.2
    endloop
  endfacet
  facet normal 0.300703 0.953718 -0
    outer loop
      vertex 29.0717 79.8739 104.2
      vertex 21.9996 82.1037 109.2
      vertex 29.0717 79.8739 109.2
    endloop
  endfacet
  facet normal 0.300703 0.953718 0
    outer loop
      vertex 21.9996 82.1037 109.2
      vertex 29.0717 79.8739 104.2
      vertex 21.9996 82.1037 104.2
    endloop
  endfacet
  facet normal 0.130527 0.991445 -0
    outer loop
      vertex 14.7601 83.7087 104.2
      vertex 7.40824 84.6766 109.2
      vertex 14.7601 83.7087 109.2
    endloop
  endfacet
  facet normal 0.130527 0.991445 0
    outer loop
      vertex 7.40824 84.6766 109.2
      vertex 14.7601 83.7087 104.2
      vertex 7.40824 84.6766 104.2
    endloop
  endfacet
  facet normal 0.461751 0.88701 -0
    outer loop
      vertex 42.5 73.6122 104.2
      vertex 35.9226 77.0362 109.2
      vertex 42.5 73.6122 109.2
    endloop
  endfacet
  facet normal 0.461751 0.88701 0
    outer loop
      vertex 35.9226 77.0362 109.2
      vertex 42.5 73.6122 104.2
      vertex 35.9226 77.0362 104.2
    endloop
  endfacet
  facet normal 0.675585 0.737282 -0
    outer loop
      vertex 60.1041 60.1041 104.2
      vertex 54.6369 65.1138 109.2
      vertex 60.1041 60.1041 109.2
    endloop
  endfacet
  facet normal 0.675585 0.737282 0
    outer loop
      vertex 54.6369 65.1138 109.2
      vertex 60.1041 60.1041 104.2
      vertex 54.6369 65.1138 104.2
    endloop
  endfacet
  facet normal -0.976295 0.216445 0
    outer loop
      vertex -83.7087 14.7601 104.2
      vertex -82.1037 21.9996 109.2
      vertex -82.1037 21.9996 104.2
    endloop
  endfacet
  facet normal -0.976295 0.216445 0
    outer loop
      vertex -82.1037 21.9996 109.2
      vertex -83.7087 14.7601 104.2
      vertex -83.7087 14.7601 109.2
    endloop
  endfacet
  facet normal -0.793354 0.608761 0
    outer loop
      vertex -69.6279 48.754 104.2
      vertex -65.1138 54.6369 109.2
      vertex -65.1138 54.6369 104.2
    endloop
  endfacet
  facet normal -0.793354 0.608761 0
    outer loop
      vertex -65.1138 54.6369 109.2
      vertex -69.6279 48.754 104.2
      vertex -69.6279 48.754 109.2
    endloop
  endfacet
  facet normal -0.737282 0.675585 0
    outer loop
      vertex -65.1138 54.6369 104.2
      vertex -60.1041 60.1041 109.2
      vertex -60.1041 60.1041 104.2
    endloop
  endfacet
  facet normal -0.737282 0.675585 0
    outer loop
      vertex -60.1041 60.1041 109.2
      vertex -65.1138 54.6369 104.2
      vertex -65.1138 54.6369 109.2
    endloop
  endfacet
  facet normal -0.88701 0.461751 0
    outer loop
      vertex -77.0362 35.9226 104.2
      vertex -73.6122 42.5 109.2
      vertex -73.6122 42.5 104.2
    endloop
  endfacet
  facet normal -0.88701 0.461751 0
    outer loop
      vertex -73.6122 42.5 109.2
      vertex -77.0362 35.9226 104.2
      vertex -77.0362 35.9226 109.2
    endloop
  endfacet
  facet normal -0.953718 0.300703 0
    outer loop
      vertex -82.1037 21.9996 104.2
      vertex -79.8739 29.0717 109.2
      vertex -79.8739 29.0717 104.2
    endloop
  endfacet
  facet normal -0.953718 0.300703 0
    outer loop
      vertex -79.8739 29.0717 109.2
      vertex -82.1037 21.9996 104.2
      vertex -82.1037 21.9996 109.2
    endloop
  endfacet
  facet normal -0.991445 0.130527 0
    outer loop
      vertex -84.6766 7.40824 104.2
      vertex -83.7087 14.7601 109.2
      vertex -83.7087 14.7601 104.2
    endloop
  endfacet
  facet normal -0.991445 0.130527 0
    outer loop
      vertex -83.7087 14.7601 109.2
      vertex -84.6766 7.40824 104.2
      vertex -84.6766 7.40824 109.2
    endloop
  endfacet
  facet normal 0 0 1
    outer loop
      vertex 77.5 0 109.2
      vertex 85 0 109.2
      vertex 84.6766 7.40824 109.2
    endloop
  endfacet
  facet normal 0 0 1
    outer loop
      vertex 77.2051 6.75457 109.2
      vertex 84.6766 7.40824 109.2
      vertex 83.7087 14.7601 109.2
    endloop
  endfacet
  facet normal 0 0 1
    outer loop
      vertex 85 0 109.2
      vertex 77.5 0 109.2
      vertex 84.6766 -7.40824 109.2
    endloop
  endfacet
  facet normal 0 0 1
    outer loop
      vertex 76.3226 13.4577 109.2
      vertex 83.7087 14.7601 109.2
      vertex 82.1037 21.9996 109.2
    endloop
  endfacet
  facet normal -0 0 1
    outer loop
      vertex 77.2051 -6.75457 109.2
      vertex 84.6766 -7.40824 109.2
      vertex 77.5 0 109.2
    endloop
  endfacet
  facet normal 0 0 1
    outer loop
      vertex 74.8593 20.0585 109.2
      vertex 82.1037 21.9996 109.2
      vertex 79.8739 29.0717 109.2
    endloop
  endfacet
  facet normal 0 0 1
    outer loop
      vertex 84.6766 -7.40824 109.2
      vertex 77.2051 -6.75457 109.2
      vertex 83.7087 -14.7601 109.2
    endloop
  endfacet
  facet normal -0 0 1
    outer loop
      vertex 76.3226 -13.4577 109.2
      vertex 83.7087 -14.7601 109.2
      vertex 77.2051 -6.75457 109.2
    endloop
  endfacet
  facet normal 0 0 1
    outer loop
      vertex 84.6766 7.40824 109.2
      vertex 77.2051 6.75457 109.2
      vertex 77.5 0 109.2
    endloop
  endfacet
  facet normal 0 0 1
    outer loop
      vertex 72.8262 26.5066 109.2
      vertex 79.8739 29.0717 109.2
      vertex 77.0362 35.9226 109.2
    endloop
  endfacet
  facet normal 0 0 1
    outer loop
      vertex 83.7087 14.7601 109.2
      vertex 76.3226 13.4577 109.2
      vertex 77.2051 6.75457 109.2
    endloop
  endfacet
  facet normal 0 0 1
    outer loop
      vertex 82.1037 21.9996 109.2
      vertex 74.8593 20.0585 109.2
      vertex 76.3226 13.4577 109.2
    endloop
  endfacet
  facet normal 0 0 1
    outer loop
      vertex 70.2389 32.7529 109.2
      vertex 77.0362 35.9226 109.2
      vertex 73.6122 42.5 109.2
    endloop
  endfacet
  facet normal 0 0 1
    outer loop
      vertex 79.8739 29.0717 109.2
      vertex 72.8262 26.5066 109.2
      vertex 74.8593 20.0585 109.2
    endloop
  endfacet
  facet normal 0 0 1
    outer loop
      vertex 77.0362 35.9226 109.2
      vertex 70.2389 32.7529 109.2
      vertex 72.8262 26.5066 109.2
    endloop
  endfacet
  facet normal 0 0 1
    outer loop
      vertex 67.117 38.75 109.2
      vertex 73.6122 42.5 109.2
      vertex 69.6279 48.754 109.2
    endloop
  endfacet
  facet normal 0 0 1
    outer loop
      vertex 73.6122 42.5 109.2
      vertex 67.117 38.75 109.2
      vertex 70.2389 32.7529 109.2
    endloop
  endfacet
  facet normal 0 0 1
    outer loop
      vertex 63.4843 44.4522 109.2
      vertex 69.6279 48.754 109.2
      vertex 65.1138 54.6369 109.2
    endloop
  endfacet
  facet normal 0 0 1
    outer loop
      vertex 69.6279 48.754 109.2
      vertex 63.4843 44.4522 109.2
      vertex 67.117 38.75 109.2
    endloop
  endfacet
  facet normal 0 0 1
    outer loop
      vertex 59.3684 49.816 109.2
      vertex 65.1138 54.6369 109.2
      vertex 60.1041 60.1041 109.2
    endloop
  endfacet
  facet normal 0 0 1
    outer loop
      vertex 65.1138 54.6369 109.2
      vertex 59.3684 49.816 109.2
      vertex 63.4843 44.4522 109.2
    endloop
  endfacet
  facet normal 0 0 1
    outer loop
      vertex 60.1041 60.1041 109.2
      vertex 54.8008 54.8008 109.2
      vertex 59.3684 49.816 109.2
    endloop
  endfacet
  facet normal 0 0 1
    outer loop
      vertex 54.6369 65.1138 109.2
      vertex 54.8008 54.8008 109.2
      vertex 60.1041 60.1041 109.2
    endloop
  endfacet
  facet normal 0 0 1
    outer loop
      vertex 54.6369 65.1138 109.2
      vertex 49.816 59.3684 109.2
      vertex 54.8008 54.8008 109.2
    endloop
  endfacet
  facet normal 0 0 1
    outer loop
      vertex 48.754 69.6279 109.2
      vertex 49.816 59.3684 109.2
      vertex 54.6369 65.1138 109.2
    endloop
  endfacet
  facet normal 0 0 1
    outer loop
      vertex 48.754 69.6279 109.2
      vertex 44.4522 63.4843 109.2
      vertex 49.816 59.3684 109.2
    endloop
  endfacet
  facet normal 0 0 1
    outer loop
      vertex 42.5 73.6122 109.2
      vertex 44.4522 63.4843 109.2
      vertex 48.754 69.6279 109.2
    endloop
  endfacet
  facet normal 0 0 1
    outer loop
      vertex 42.5 73.6122 109.2
      vertex 38.75 67.117 109.2
      vertex 44.4522 63.4843 109.2
    endloop
  endfacet
  facet normal 0 0 1
    outer loop
      vertex 35.9226 77.0362 109.2
      vertex 38.75 67.117 109.2
      vertex 42.5 73.6122 109.2
    endloop
  endfacet
  facet normal 0 0 1
    outer loop
      vertex 35.9226 77.0362 109.2
      vertex 32.7529 70.2389 109.2
      vertex 38.75 67.117 109.2
    endloop
  endfacet
  facet normal 0 0 1
    outer loop
      vertex 29.0717 79.8739 109.2
      vertex 32.7529 70.2389 109.2
      vertex 35.9226 77.0362 109.2
    endloop
  endfacet
  facet normal 0 0 1
    outer loop
      vertex 29.0717 79.8739 109.2
      vertex 26.5066 72.8262 109.2
      vertex 32.7529 70.2389 109.2
    endloop
  endfacet
  facet normal 0 0 1
    outer loop
      vertex 21.9996 82.1037 109.2
      vertex 26.5066 72.8262 109.2
      vertex 29.0717 79.8739 109.2
    endloop
  endfacet
  facet normal 0 0 1
    outer loop
      vertex 21.9996 82.1037 109.2
      vertex 20.0585 74.8593 109.2
      vertex 26.5066 72.8262 109.2
    endloop
  endfacet
  facet normal 0 0 1
    outer loop
      vertex 14.7601 83.7087 109.2
      vertex 20.0585 74.8593 109.2
      vertex 21.9996 82.1037 109.2
    endloop
  endfacet
  facet normal 0 0 1
    outer loop
      vertex 14.7601 83.7087 109.2
      vertex 13.4577 76.3226 109.2
      vertex 20.0585 74.8593 109.2
    endloop
  endfacet
  facet normal 0 0 1
    outer loop
      vertex 7.40824 84.6766 109.2
      vertex 13.4577 76.3226 109.2
      vertex 14.7601 83.7087 109.2
    endloop
  endfacet
  facet normal 0 0 1
    outer loop
      vertex 7.40824 84.6766 109.2
      vertex 6.75457 77.2051 109.2
      vertex 13.4577 76.3226 109.2
    endloop
  endfacet
  facet normal 0 0 1
    outer loop
      vertex 0 85 109.2
      vertex 6.75457 77.2051 109.2
      vertex 7.40824 84.6766 109.2
    endloop
  endfacet
  facet normal 0 0 1
    outer loop
      vertex 0 85 109.2
      vertex 0 77.5 109.2
      vertex 6.75457 77.2051 109.2
    endloop
  endfacet
  facet normal 0 0 1
    outer loop
      vertex 0 85 109.2
      vertex -6.75457 77.2051 109.2
      vertex 0 77.5 109.2
    endloop
  endfacet
  facet normal -0 0 1
    outer loop
      vertex -7.40824 84.6766 109.2
      vertex -6.75457 77.2051 109.2
      vertex 0 85 109.2
    endloop
  endfacet
  facet normal 0 0 1
    outer loop
      vertex -7.40824 84.6766 109.2
      vertex -13.4577 76.3226 109.2
      vertex -6.75457 77.2051 109.2
    endloop
  endfacet
  facet normal -0 0 1
    outer loop
      vertex -14.7601 83.7087 109.2
      vertex -13.4577 76.3226 109.2
      vertex -7.40824 84.6766 109.2
    endloop
  endfacet
  facet normal 0 0 1
    outer loop
      vertex -14.7601 83.7087 109.2
      vertex -20.0585 74.8593 109.2
      vertex -13.4577 76.3226 109.2
    endloop
  endfacet
  facet normal -0 0 1
    outer loop
      vertex -21.9996 82.1037 109.2
      vertex -20.0585 74.8593 109.2
      vertex -14.7601 83.7087 109.2
    endloop
  endfacet
  facet normal 0 0 1
    outer loop
      vertex -21.9996 82.1037 109.2
      vertex -26.5066 72.8262 109.2
      vertex -20.0585 74.8593 109.2
    endloop
  endfacet
  facet normal -0 0 1
    outer loop
      vertex -29.0717 79.8739 109.2
      vertex -26.5066 72.8262 109.2
      vertex -21.9996 82.1037 109.2
    endloop
  endfacet
  facet normal 0 0 1
    outer loop
      vertex -29.0717 79.8739 109.2
      vertex -32.7529 70.2389 109.2
      vertex -26.5066 72.8262 109.2
    endloop
  endfacet
  facet normal -0 0 1
    outer loop
      vertex -35.9226 77.0362 109.2
      vertex -32.7529 70.2389 109.2
      vertex -29.0717 79.8739 109.2
    endloop
  endfacet
  facet normal 0 0 1
    outer loop
      vertex -35.9226 77.0362 109.2
      vertex -38.75 67.117 109.2
      vertex -32.7529 70.2389 109.2
    endloop
  endfacet
  facet normal -0 0 1
    outer loop
      vertex -42.5 73.6122 109.2
      vertex -38.75 67.117 109.2
      vertex -35.9226 77.0362 109.2
    endloop
  endfacet
  facet normal 0 0 1
    outer loop
      vertex -42.5 73.6122 109.2
      vertex -44.4522 63.4843 109.2
      vertex -38.75 67.117 109.2
    endloop
  endfacet
  facet normal -0 0 1
    outer loop
      vertex -48.754 69.6279 109.2
      vertex -44.4522 63.4843 109.2
      vertex -42.5 73.6122 109.2
    endloop
  endfacet
  facet normal 0 0 1
    outer loop
      vertex -48.754 69.6279 109.2
      vertex -49.816 59.3684 109.2
      vertex -44.4522 63.4843 109.2
    endloop
  endfacet
  facet normal -0 0 1
    outer loop
      vertex -54.6369 65.1138 109.2
      vertex -49.816 59.3684 109.2
      vertex -48.754 69.6279 109.2
    endloop
  endfacet
  facet normal 0 0 1
    outer loop
      vertex -54.6369 65.1138 109.2
      vertex -54.8008 54.8008 109.2
      vertex -49.816 59.3684 109.2
    endloop
  endfacet
  facet normal -0 0 1
    outer loop
      vertex -60.1041 60.1041 109.2
      vertex -54.8008 54.8008 109.2
      vertex -54.6369 65.1138 109.2
    endloop
  endfacet
  facet normal 0 0 1
    outer loop
      vertex -54.8008 54.8008 109.2
      vertex -60.1041 60.1041 109.2
      vertex -59.3684 49.816 109.2
    endloop
  endfacet
  facet normal -0 0 1
    outer loop
      vertex -65.1138 54.6369 109.2
      vertex -59.3684 49.816 109.2
      vertex -60.1041 60.1041 109.2
    endloop
  endfacet
  facet normal 0 0 1
    outer loop
      vertex -59.3684 49.816 109.2
      vertex -65.1138 54.6369 109.2
      vertex -63.4843 44.4522 109.2
    endloop
  endfacet
  facet normal -0 0 1
    outer loop
      vertex -69.6279 48.754 109.2
      vertex -63.4843 44.4522 109.2
      vertex -65.1138 54.6369 109.2
    endloop
  endfacet
  facet normal 0 0 1
    outer loop
      vertex -63.4843 44.4522 109.2
      vertex -69.6279 48.754 109.2
      vertex -67.117 38.75 109.2
    endloop
  endfacet
  facet normal -0 0 1
    outer loop
      vertex -73.6122 42.5 109.2
      vertex -67.117 38.75 109.2
      vertex -69.6279 48.754 109.2
    endloop
  endfacet
  facet normal 0 0 1
    outer loop
      vertex -67.117 38.75 109.2
      vertex -73.6122 42.5 109.2
      vertex -70.2389 32.7529 109.2
    endloop
  endfacet
  facet normal -0 0 1
    outer loop
      vertex -77.0362 35.9226 109.2
      vertex -70.2389 32.7529 109.2
      vertex -73.6122 42.5 109.2
    endloop
  endfacet
  facet normal 0 0 1
    outer loop
      vertex -70.2389 32.7529 109.2
      vertex -77.0362 35.9226 109.2
      vertex -72.8262 26.5066 109.2
    endloop
  endfacet
  facet normal -0 0 1
    outer loop
      vertex -79.8739 29.0717 109.2
      vertex -72.8262 26.5066 109.2
      vertex -77.0362 35.9226 109.2
    endloop
  endfacet
  facet normal 0 0 1
    outer loop
      vertex -72.8262 26.5066 109.2
      vertex -79.8739 29.0717 109.2
      vertex -74.8593 20.0585 109.2
    endloop
  endfacet
  facet normal -0 0 1
    outer loop
      vertex -82.1037 21.9996 109.2
      vertex -74.8593 20.0585 109.2
      vertex -79.8739 29.0717 109.2
    endloop
  endfacet
  facet normal 0 0 1
    outer loop
      vertex -74.8593 20.0585 109.2
      vertex -82.1037 21.9996 109.2
      vertex -76.3226 13.4577 109.2
    endloop
  endfacet
  facet normal -0 0 1
    outer loop
      vertex -83.7087 14.7601 109.2
      vertex -76.3226 13.4577 109.2
      vertex -82.1037 21.9996 109.2
    endloop
  endfacet
  facet normal 0 0 1
    outer loop
      vertex 83.7087 -14.7601 109.2
      vertex 76.3226 -13.4577 109.2
      vertex 82.1037 -21.9996 109.2
    endloop
  endfacet
  facet normal -0 0 1
    outer loop
      vertex 74.8593 -20.0585 109.2
      vertex 82.1037 -21.9996 109.2
      vertex 76.3226 -13.4577 109.2
    endloop
  endfacet
  facet normal 0 0 1
    outer loop
      vertex 82.1037 -21.9996 109.2
      vertex 74.8593 -20.0585 109.2
      vertex 79.8739 -29.0717 109.2
    endloop
  endfacet
  facet normal -0 0 1
    outer loop
      vertex 72.8262 -26.5066 109.2
      vertex 79.8739 -29.0717 109.2
      vertex 74.8593 -20.0585 109.2
    endloop
  endfacet
  facet normal 0 0 1
    outer loop
      vertex 79.8739 -29.0717 109.2
      vertex 72.8262 -26.5066 109.2
      vertex 77.0362 -35.9226 109.2
    endloop
  endfacet
  facet normal -0 0 1
    outer loop
      vertex 70.2389 -32.7529 109.2
      vertex 77.0362 -35.9226 109.2
      vertex 72.8262 -26.5066 109.2
    endloop
  endfacet
  facet normal 0 0 1
    outer loop
      vertex 77.0362 -35.9226 109.2
      vertex 70.2389 -32.7529 109.2
      vertex 73.6122 -42.5 109.2
    endloop
  endfacet
  facet normal -0 0 1
    outer loop
      vertex 67.117 -38.75 109.2
      vertex 73.6122 -42.5 109.2
      vertex 70.2389 -32.7529 109.2
    endloop
  endfacet
  facet normal 0 0 1
    outer loop
      vertex 73.6122 -42.5 109.2
      vertex 67.117 -38.75 109.2
      vertex 69.6279 -48.754 109.2
    endloop
  endfacet
  facet normal -0 0 1
    outer loop
      vertex 63.4843 -44.4522 109.2
      vertex 69.6279 -48.754 109.2
      vertex 67.117 -38.75 109.2
    endloop
  endfacet
  facet normal 0 0 1
    outer loop
      vertex 69.6279 -48.754 109.2
      vertex 63.4843 -44.4522 109.2
      vertex 65.1138 -54.6369 109.2
    endloop
  endfacet
  facet normal -0 0 1
    outer loop
      vertex 59.3684 -49.816 109.2
      vertex 65.1138 -54.6369 109.2
      vertex 63.4843 -44.4522 109.2
    endloop
  endfacet
  facet normal 0 0 1
    outer loop
      vertex 65.1138 -54.6369 109.2
      vertex 59.3684 -49.816 109.2
      vertex 60.1041 -60.1041 109.2
    endloop
  endfacet
  facet normal -0 0 1
    outer loop
      vertex 54.8008 -54.8008 109.2
      vertex 60.1041 -60.1041 109.2
      vertex 59.3684 -49.816 109.2
    endloop
  endfacet
  facet normal 0 0 1
    outer loop
      vertex 54.8008 -54.8008 109.2
      vertex 54.6369 -65.1138 109.2
      vertex 60.1041 -60.1041 109.2
    endloop
  endfacet
  facet normal -0 0 1
    outer loop
      vertex 49.816 -59.3684 109.2
      vertex 54.6369 -65.1138 109.2
      vertex 54.8008 -54.8008 109.2
    endloop
  endfacet
  facet normal 0 0 1
    outer loop
      vertex 49.816 -59.3684 109.2
      vertex 48.754 -69.6279 109.2
      vertex 54.6369 -65.1138 109.2
    endloop
  endfacet
  facet normal -0 0 1
    outer loop
      vertex 44.4522 -63.4843 109.2
      vertex 48.754 -69.6279 109.2
      vertex 49.816 -59.3684 109.2
    endloop
  endfacet
  facet normal 0 0 1
    outer loop
      vertex 44.4522 -63.4843 109.2
      vertex 42.5 -73.6122 109.2
      vertex 48.754 -69.6279 109.2
    endloop
  endfacet
  facet normal -0 0 1
    outer loop
      vertex 38.75 -67.117 109.2
      vertex 42.5 -73.6122 109.2
      vertex 44.4522 -63.4843 109.2
    endloop
  endfacet
  facet normal 0 0 1
    outer loop
      vertex 38.75 -67.117 109.2
      vertex 35.9226 -77.0362 109.2
      vertex 42.5 -73.6122 109.2
    endloop
  endfacet
  facet normal -0 0 1
    outer loop
      vertex 32.7529 -70.2389 109.2
      vertex 35.9226 -77.0362 109.2
      vertex 38.75 -67.117 109.2
    endloop
  endfacet
  facet normal 0 0 1
    outer loop
      vertex 32.7529 -70.2389 109.2
      vertex 29.0717 -79.8739 109.2
      vertex 35.9226 -77.0362 109.2
    endloop
  endfacet
  facet normal -0 0 1
    outer loop
      vertex 26.5066 -72.8262 109.2
      vertex 29.0717 -79.8739 109.2
      vertex 32.7529 -70.2389 109.2
    endloop
  endfacet
  facet normal 0 0 1
    outer loop
      vertex 26.5066 -72.8262 109.2
      vertex 21.9996 -82.1037 109.2
      vertex 29.0717 -79.8739 109.2
    endloop
  endfacet
  facet normal -0 0 1
    outer loop
      vertex 20.0585 -74.8593 109.2
      vertex 21.9996 -82.1037 109.2
      vertex 26.5066 -72.8262 109.2
    endloop
  endfacet
  facet normal 0 0 1
    outer loop
      vertex 20.0585 -74.8593 109.2
      vertex 14.7601 -83.7087 109.2
      vertex 21.9996 -82.1037 109.2
    endloop
  endfacet
  facet normal -0 0 1
    outer loop
      vertex 13.4577 -76.3226 109.2
      vertex 14.7601 -83.7087 109.2
      vertex 20.0585 -74.8593 109.2
    endloop
  endfacet
  facet normal 0 0 1
    outer loop
      vertex 13.4577 -76.3226 109.2
      vertex 7.40824 -84.6766 109.2
      vertex 14.7601 -83.7087 109.2
    endloop
  endfacet
  facet normal -0 0 1
    outer loop
      vertex 6.75457 -77.2051 109.2
      vertex 7.40824 -84.6766 109.2
      vertex 13.4577 -76.3226 109.2
    endloop
  endfacet
  facet normal -0 0 1
    outer loop
      vertex 0 -77.5 109.2
      vertex 7.40824 -84.6766 109.2
      vertex 6.75457 -77.2051 109.2
    endloop
  endfacet
  facet normal 0 0 1
    outer loop
      vertex 0 -77.5 109.2
      vertex 0 -85 109.2
      vertex 7.40824 -84.6766 109.2
    endloop
  endfacet
  facet normal 0 0 1
    outer loop
      vertex -6.75457 -77.2051 109.2
      vertex 0 -85 109.2
      vertex 0 -77.5 109.2
    endloop
  endfacet
  facet normal 0 0 1
    outer loop
      vertex -6.75457 -77.2051 109.2
      vertex -7.40824 -84.6766 109.2
      vertex 0 -85 109.2
    endloop
  endfacet
  facet normal 0 0 1
    outer loop
      vertex -13.4577 -76.3226 109.2
      vertex -7.40824 -84.6766 109.2
      vertex -6.75457 -77.2051 109.2
    endloop
  endfacet
  facet normal 0 0 1
    outer loop
      vertex -13.4577 -76.3226 109.2
      vertex -14.7601 -83.7087 109.2
      vertex -7.40824 -84.6766 109.2
    endloop
  endfacet
  facet normal 0 0 1
    outer loop
      vertex -20.0585 -74.8593 109.2
      vertex -14.7601 -83.7087 109.2
      vertex -13.4577 -76.3226 109.2
    endloop
  endfacet
  facet normal 0 0 1
    outer loop
      vertex -20.0585 -74.8593 109.2
      vertex -21.9996 -82.1037 109.2
      vertex -14.7601 -83.7087 109.2
    endloop
  endfacet
  facet normal 0 0 1
    outer loop
      vertex -26.5066 -72.8262 109.2
      vertex -21.9996 -82.1037 109.2
      vertex -20.0585 -74.8593 109.2
    endloop
  endfacet
  facet normal 0 0 1
    outer loop
      vertex -26.5066 -72.8262 109.2
      vertex -29.0717 -79.8739 109.2
      vertex -21.9996 -82.1037 109.2
    endloop
  endfacet
  facet normal 0 0 1
    outer loop
      vertex -32.7529 -70.2389 109.2
      vertex -29.0717 -79.8739 109.2
      vertex -26.5066 -72.8262 109.2
    endloop
  endfacet
  facet normal 0 0 1
    outer loop
      vertex -32.7529 -70.2389 109.2
      vertex -35.9226 -77.0362 109.2
      vertex -29.0717 -79.8739 109.2
    endloop
  endfacet
  facet normal 0 0 1
    outer loop
      vertex -38.75 -67.117 109.2
      vertex -35.9226 -77.0362 109.2
      vertex -32.7529 -70.2389 109.2
    endloop
  endfacet
  facet normal 0 0 1
    outer loop
      vertex -38.75 -67.117 109.2
      vertex -42.5 -73.6122 109.2
      vertex -35.9226 -77.0362 109.2
    endloop
  endfacet
  facet normal 0 0 1
    outer loop
      vertex -44.4522 -63.4843 109.2
      vertex -42.5 -73.6122 109.2
      vertex -38.75 -67.117 109.2
    endloop
  endfacet
  facet normal 0 0 1
    outer loop
      vertex -44.4522 -63.4843 109.2
      vertex -48.754 -69.6279 109.2
      vertex -42.5 -73.6122 109.2
    endloop
  endfacet
  facet normal 0 0 1
    outer loop
      vertex -49.816 -59.3684 109.2
      vertex -48.754 -69.6279 109.2
      vertex -44.4522 -63.4843 109.2
    endloop
  endfacet
  facet normal 0 0 1
    outer loop
      vertex -49.816 -59.3684 109.2
      vertex -54.6369 -65.1138 109.2
      vertex -48.754 -69.6279 109.2
    endloop
  endfacet
  facet normal 0 0 1
    outer loop
      vertex -54.8008 -54.8008 109.2
      vertex -54.6369 -65.1138 109.2
      vertex -49.816 -59.3684 109.2
    endloop
  endfacet
  facet normal 0 0 1
    outer loop
      vertex -60.1041 -60.1041 109.2
      vertex -54.8008 -54.8008 109.2
      vertex -59.3684 -49.816 109.2
    endloop
  endfacet
  facet normal 0 0 1
    outer loop
      vertex -54.8008 -54.8008 109.2
      vertex -60.1041 -60.1041 109.2
      vertex -54.6369 -65.1138 109.2
    endloop
  endfacet
  facet normal 0 0 1
    outer loop
      vertex -65.1138 -54.6369 109.2
      vertex -59.3684 -49.816 109.2
      vertex -63.4843 -44.4522 109.2
    endloop
  endfacet
  facet normal 0 0 1
    outer loop
      vertex -59.3684 -49.816 109.2
      vertex -65.1138 -54.6369 109.2
      vertex -60.1041 -60.1041 109.2
    endloop
  endfacet
  facet normal 0 0 1
    outer loop
      vertex -69.6279 -48.754 109.2
      vertex -63.4843 -44.4522 109.2
      vertex -67.117 -38.75 109.2
    endloop
  endfacet
  facet normal 0 0 1
    outer loop
      vertex -63.4843 -44.4522 109.2
      vertex -69.6279 -48.754 109.2
      vertex -65.1138 -54.6369 109.2
    endloop
  endfacet
  facet normal 0 0 1
    outer loop
      vertex -73.6122 -42.5 109.2
      vertex -67.117 -38.75 109.2
      vertex -70.2389 -32.7529 109.2
    endloop
  endfacet
  facet normal 0 0 1
    outer loop
      vertex -77.0362 -35.9226 109.2
      vertex -70.2389 -32.7529 109.2
      vertex -72.8262 -26.5066 109.2
    endloop
  endfacet
  facet normal 0 0 1
    outer loop
      vertex -67.117 -38.75 109.2
      vertex -73.6122 -42.5 109.2
      vertex -69.6279 -48.754 109.2
    endloop
  endfacet
  facet normal 0 0 1
    outer loop
      vertex -79.8739 -29.0717 109.2
      vertex -72.8262 -26.5066 109.2
      vertex -74.8593 -20.0585 109.2
    endloop
  endfacet
  facet normal 0 0 1
    outer loop
      vertex -82.1037 -21.9996 109.2
      vertex -74.8593 -20.0585 109.2
      vertex -76.3226 -13.4577 109.2
    endloop
  endfacet
  facet normal 0 0 1
    outer loop
      vertex -70.2389 -32.7529 109.2
      vertex -77.0362 -35.9226 109.2
      vertex -73.6122 -42.5 109.2
    endloop
  endfacet
  facet normal 0 0 1
    outer loop
      vertex -83.7087 -14.7601 109.2
      vertex -76.3226 -13.4577 109.2
      vertex -77.2051 -6.75457 109.2
    endloop
  endfacet
  facet normal 0 0 1
    outer loop
      vertex -84.6766 -7.40824 109.2
      vertex -77.2051 -6.75457 109.2
      vertex -77.5 0 109.2
    endloop
  endfacet
  facet normal 0 0 1
    outer loop
      vertex -76.3226 13.4577 109.2
      vertex -83.7087 14.7601 109.2
      vertex -77.2051 6.75457 109.2
    endloop
  endfacet
  facet normal 0 0 1
    outer loop
      vertex -72.8262 -26.5066 109.2
      vertex -79.8739 -29.0717 109.2
      vertex -77.0362 -35.9226 109.2
    endloop
  endfacet
  facet normal -0 0 1
    outer loop
      vertex -84.6766 7.40824 109.2
      vertex -77.2051 6.75457 109.2
      vertex -83.7087 14.7601 109.2
    endloop
  endfacet
  facet normal 0 0 1
    outer loop
      vertex -74.8593 -20.0585 109.2
      vertex -82.1037 -21.9996 109.2
      vertex -79.8739 -29.0717 109.2
    endloop
  endfacet
  facet normal 0 0 1
    outer loop
      vertex -77.2051 6.75457 109.2
      vertex -84.6766 7.40824 109.2
      vertex -77.5 0 109.2
    endloop
  endfacet
  facet normal 0 0 1
    outer loop
      vertex -76.3226 -13.4577 109.2
      vertex -83.7087 -14.7601 109.2
      vertex -82.1037 -21.9996 109.2
    endloop
  endfacet
  facet normal 0 0 1
    outer loop
      vertex -85 0 109.2
      vertex -77.5 0 109.2
      vertex -84.6766 7.40824 109.2
    endloop
  endfacet
  facet normal 0 0 1
    outer loop
      vertex -77.2051 -6.75457 109.2
      vertex -84.6766 -7.40824 109.2
      vertex -83.7087 -14.7601 109.2
    endloop
  endfacet
  facet normal 0 0 1
    outer loop
      vertex -77.5 0 109.2
      vertex -85 0 109.2
      vertex -84.6766 -7.40824 109.2
    endloop
  endfacet
  facet normal -0.461751 0.88701 0
    outer loop
      vertex -35.9226 77.0362 104.2
      vertex -42.5 73.6122 109.2
      vertex -35.9226 77.0362 109.2
    endloop
  endfacet
  facet normal -0.461751 0.88701 0
    outer loop
      vertex -42.5 73.6122 109.2
      vertex -35.9226 77.0362 104.2
      vertex -42.5 73.6122 104.2
    endloop
  endfacet
  facet normal -0.382679 0.923881 0
    outer loop
      vertex -29.0717 79.8739 104.2
      vertex -35.9226 77.0362 109.2
      vertex -29.0717 79.8739 109.2
    endloop
  endfacet
  facet normal -0.382679 0.923881 0
    outer loop
      vertex -35.9226 77.0362 109.2
      vertex -29.0717 79.8739 104.2
      vertex -35.9226 77.0362 104.2
    endloop
  endfacet
  facet normal -0.608761 0.793354 0
    outer loop
      vertex -48.754 69.6279 104.2
      vertex -54.6369 65.1138 109.2
      vertex -48.754 69.6279 109.2
    endloop
  endfacet
  facet normal -0.608761 0.793354 0
    outer loop
      vertex -54.6369 65.1138 109.2
      vertex -48.754 69.6279 104.2
      vertex -54.6369 65.1138 104.2
    endloop
  endfacet
  facet normal -0.216445 0.976295 0
    outer loop
      vertex -14.7601 83.7087 104.2
      vertex -21.9996 82.1037 109.2
      vertex -14.7601 83.7087 109.2
    endloop
  endfacet
  facet normal -0.216445 0.976295 0
    outer loop
      vertex -21.9996 82.1037 109.2
      vertex -14.7601 83.7087 104.2
      vertex -21.9996 82.1037 104.2
    endloop
  endfacet
  facet normal -0.0436126 0.999049 0
    outer loop
      vertex 0 85 104.2
      vertex -7.40824 84.6766 109.2
      vertex 0 85 109.2
    endloop
  endfacet
  facet normal -0.0436126 0.999049 0
    outer loop
      vertex -7.40824 84.6766 109.2
      vertex 0 85 104.2
      vertex -7.40824 84.6766 104.2
    endloop
  endfacet
  facet normal 0.0436126 -0.999049 0
    outer loop
      vertex 0 -85 104.2
      vertex 7.40824 -84.6766 109.2
      vertex 0 -85 109.2
    endloop
  endfacet
  facet normal 0.0436126 -0.999049 0
    outer loop
      vertex 7.40824 -84.6766 109.2
      vertex 0 -85 104.2
      vertex 7.40824 -84.6766 104.2
    endloop
  endfacet
  facet normal 0.216445 -0.976295 0
    outer loop
      vertex 14.7601 -83.7087 104.2
      vertex 21.9996 -82.1037 109.2
      vertex 14.7601 -83.7087 109.2
    endloop
  endfacet
  facet normal 0.216445 -0.976295 0
    outer loop
      vertex 21.9996 -82.1037 109.2
      vertex 14.7601 -83.7087 104.2
      vertex 21.9996 -82.1037 104.2
    endloop
  endfacet
  facet normal 0.382679 -0.923881 0
    outer loop
      vertex 29.0717 -79.8739 104.2
      vertex 35.9226 -77.0362 109.2
      vertex 29.0717 -79.8739 109.2
    endloop
  endfacet
  facet normal 0.382679 -0.923881 0
    outer loop
      vertex 35.9226 -77.0362 109.2
      vertex 29.0717 -79.8739 104.2
      vertex 35.9226 -77.0362 104.2
    endloop
  endfacet
  facet normal 0.793354 -0.608761 0
    outer loop
      vertex 65.1138 -54.6369 109.2
      vertex 69.6279 -48.754 104.2
      vertex 69.6279 -48.754 109.2
    endloop
  endfacet
  facet normal 0.793354 -0.608761 0
    outer loop
      vertex 69.6279 -48.754 104.2
      vertex 65.1138 -54.6369 109.2
      vertex 65.1138 -54.6369 104.2
    endloop
  endfacet
  facet normal 0.737282 -0.675585 0
    outer loop
      vertex 60.1041 -60.1041 109.2
      vertex 65.1138 -54.6369 104.2
      vertex 65.1138 -54.6369 109.2
    endloop
  endfacet
  facet normal 0.737282 -0.675585 0
    outer loop
      vertex 65.1138 -54.6369 104.2
      vertex 60.1041 -60.1041 109.2
      vertex 60.1041 -60.1041 104.2
    endloop
  endfacet
  facet normal 0.88701 -0.461751 0
    outer loop
      vertex 73.6122 -42.5 109.2
      vertex 77.0362 -35.9226 104.2
      vertex 77.0362 -35.9226 109.2
    endloop
  endfacet
  facet normal 0.88701 -0.461751 0
    outer loop
      vertex 77.0362 -35.9226 104.2
      vertex 73.6122 -42.5 109.2
      vertex 73.6122 -42.5 104.2
    endloop
  endfacet
  facet normal -0.608761 -0.793354 0
    outer loop
      vertex -54.6369 -65.1138 104.2
      vertex -48.754 -69.6279 109.2
      vertex -54.6369 -65.1138 109.2
    endloop
  endfacet
  facet normal -0.608761 -0.793354 -0
    outer loop
      vertex -48.754 -69.6279 109.2
      vertex -54.6369 -65.1138 104.2
      vertex -48.754 -69.6279 104.2
    endloop
  endfacet
  facet normal -0.675585 -0.737282 0
    outer loop
      vertex -60.1041 -60.1041 104.2
      vertex -54.6369 -65.1138 109.2
      vertex -60.1041 -60.1041 109.2
    endloop
  endfacet
  facet normal -0.675585 -0.737282 -0
    outer loop
      vertex -54.6369 -65.1138 109.2
      vertex -60.1041 -60.1041 104.2
      vertex -54.6369 -65.1138 104.2
    endloop
  endfacet
  facet normal -0.461751 -0.88701 0
    outer loop
      vertex -42.5 -73.6122 104.2
      vertex -35.9226 -77.0362 109.2
      vertex -42.5 -73.6122 109.2
    endloop
  endfacet
  facet normal -0.461751 -0.88701 -0
    outer loop
      vertex -35.9226 -77.0362 109.2
      vertex -42.5 -73.6122 104.2
      vertex -35.9226 -77.0362 104.2
    endloop
  endfacet
  facet normal -0.300703 -0.953718 0
    outer loop
      vertex -29.0717 -79.8739 104.2
      vertex -21.9996 -82.1037 109.2
      vertex -29.0717 -79.8739 109.2
    endloop
  endfacet
  facet normal -0.300703 -0.953718 -0
    outer loop
      vertex -21.9996 -82.1037 109.2
      vertex -29.0717 -79.8739 104.2
      vertex -21.9996 -82.1037 104.2
    endloop
  endfacet
  facet normal -0.130527 -0.991445 0
    outer loop
      vertex -14.7601 -83.7087 104.2
      vertex -7.40824 -84.6766 109.2
      vertex -14.7601 -83.7087 109.2
    endloop
  endfacet
  facet normal -0.130527 -0.991445 -0
    outer loop
      vertex -7.40824 -84.6766 109.2
      vertex -14.7601 -83.7087 104.2
      vertex -7.40824 -84.6766 104.2
    endloop
  endfacet
  facet normal -0.88701 -0.461751 0
    outer loop
      vertex -73.6122 -42.5 104.2
      vertex -77.0362 -35.9226 109.2
      vertex -77.0362 -35.9226 104.2
    endloop
  endfacet
  facet normal -0.88701 -0.461751 0
    outer loop
      vertex -77.0362 -35.9226 109.2
      vertex -73.6122 -42.5 104.2
      vertex -73.6122 -42.5 109.2
    endloop
  endfacet
  facet normal -0.923881 -0.382679 0
    outer loop
      vertex -77.0362 -35.9226 104.2
      vertex -79.8739 -29.0717 109.2
      vertex -79.8739 -29.0717 104.2
    endloop
  endfacet
  facet normal -0.923881 -0.382679 0
    outer loop
      vertex -79.8739 -29.0717 109.2
      vertex -77.0362 -35.9226 104.2
      vertex -77.0362 -35.9226 109.2
    endloop
  endfacet
  facet normal -0.976295 -0.216445 0
    outer loop
      vertex -82.1037 -21.9996 104.2
      vertex -83.7087 -14.7601 109.2
      vertex -83.7087 -14.7601 104.2
    endloop
  endfacet
  facet normal -0.976295 -0.216445 0
    outer loop
      vertex -83.7087 -14.7601 109.2
      vertex -82.1037 -21.9996 104.2
      vertex -82.1037 -21.9996 109.2
    endloop
  endfacet
  facet normal -0.953718 -0.300703 0
    outer loop
      vertex -79.8739 -29.0717 104.2
      vertex -82.1037 -21.9996 109.2
      vertex -82.1037 -21.9996 104.2
    endloop
  endfacet
  facet normal -0.953718 -0.300703 0
    outer loop
      vertex -82.1037 -21.9996 109.2
      vertex -79.8739 -29.0717 104.2
      vertex -79.8739 -29.0717 109.2
    endloop
  endfacet
  facet normal -0.999049 -0.0436126 0
    outer loop
      vertex -84.6766 -7.40824 104.2
      vertex -85 0 109.2
      vertex -85 0 104.2
    endloop
  endfacet
  facet normal -0.999049 -0.0436126 0
    outer loop
      vertex -85 0 109.2
      vertex -84.6766 -7.40824 104.2
      vertex -84.6766 -7.40824 109.2
    endloop
  endfacet
  facet normal 0.608761 0.793354 -0
    outer loop
      vertex 54.6369 65.1138 104.2
      vertex 48.754 69.6279 109.2
      vertex 54.6369 65.1138 109.2
    endloop
  endfacet
  facet normal 0.608761 0.793354 0
    outer loop
      vertex 48.754 69.6279 109.2
      vertex 54.6369 65.1138 104.2
      vertex 48.754 69.6279 104.2
    endloop
  endfacet
  facet normal -0.843388 0.537306 0
    outer loop
      vertex -73.6122 42.5 104.2
      vertex -69.6279 48.754 109.2
      vertex -69.6279 48.754 104.2
    endloop
  endfacet
  facet normal -0.843388 0.537306 0
    outer loop
      vertex -69.6279 48.754 109.2
      vertex -73.6122 42.5 104.2
      vertex -73.6122 42.5 109.2
    endloop
  endfacet
  facet normal 0.130527 -0.991445 0
    outer loop
      vertex 7.40824 -84.6766 104.2
      vertex 14.7601 -83.7087 109.2
      vertex 7.40824 -84.6766 109.2
    endloop
  endfacet
  facet normal 0.130527 -0.991445 0
    outer loop
      vertex 14.7601 -83.7087 109.2
      vertex 7.40824 -84.6766 104.2
      vertex 14.7601 -83.7087 104.2
    endloop
  endfacet
  facet normal 0.300703 -0.953718 0
    outer loop
      vertex 21.9996 -82.1037 104.2
      vertex 29.0717 -79.8739 109.2
      vertex 21.9996 -82.1037 109.2
    endloop
  endfacet
  facet normal 0.300703 -0.953718 0
    outer loop
      vertex 29.0717 -79.8739 109.2
      vertex 21.9996 -82.1037 104.2
      vertex 29.0717 -79.8739 104.2
    endloop
  endfacet
  facet normal 0.675585 -0.737282 0
    outer loop
      vertex 54.6369 -65.1138 104.2
      vertex 60.1041 -60.1041 109.2
      vertex 54.6369 -65.1138 109.2
    endloop
  endfacet
  facet normal 0.675585 -0.737282 0
    outer loop
      vertex 60.1041 -60.1041 109.2
      vertex 54.6369 -65.1138 104.2
      vertex 60.1041 -60.1041 104.2
    endloop
  endfacet
  facet normal 0.537306 -0.843388 0
    outer loop
      vertex 42.5 -73.6122 104.2
      vertex 48.754 -69.6279 109.2
      vertex 42.5 -73.6122 109.2
    endloop
  endfacet
  facet normal 0.537306 -0.843388 0
    outer loop
      vertex 48.754 -69.6279 109.2
      vertex 42.5 -73.6122 104.2
      vertex 48.754 -69.6279 104.2
    endloop
  endfacet
  facet normal 0.608761 -0.793354 0
    outer loop
      vertex 48.754 -69.6279 104.2
      vertex 54.6369 -65.1138 109.2
      vertex 48.754 -69.6279 109.2
    endloop
  endfacet
  facet normal 0.608761 -0.793354 0
    outer loop
      vertex 54.6369 -65.1138 109.2
      vertex 48.754 -69.6279 104.2
      vertex 54.6369 -65.1138 104.2
    endloop
  endfacet
  facet normal 0.461751 -0.88701 0
    outer loop
      vertex 35.9226 -77.0362 104.2
      vertex 42.5 -73.6122 109.2
      vertex 35.9226 -77.0362 109.2
    endloop
  endfacet
  facet normal 0.461751 -0.88701 0
    outer loop
      vertex 42.5 -73.6122 109.2
      vertex 35.9226 -77.0362 104.2
      vertex 42.5 -73.6122 104.2
    endloop
  endfacet
  facet normal 0.923881 -0.382679 0
    outer loop
      vertex 77.0362 -35.9226 109.2
      vertex 79.8739 -29.0717 104.2
      vertex 79.8739 -29.0717 109.2
    endloop
  endfacet
  facet normal 0.923881 -0.382679 0
    outer loop
      vertex 79.8739 -29.0717 104.2
      vertex 77.0362 -35.9226 109.2
      vertex 77.0362 -35.9226 104.2
    endloop
  endfacet
  facet normal 0.999049 -0.0436126 0
    outer loop
      vertex 84.6766 -7.40824 109.2
      vertex 85 0 104.2
      vertex 85 0 109.2
    endloop
  endfacet
  facet normal 0.999049 -0.0436126 0
    outer loop
      vertex 85 0 104.2
      vertex 84.6766 -7.40824 109.2
      vertex 84.6766 -7.40824 104.2
    endloop
  endfacet
  facet normal -0.382679 -0.923881 0
    outer loop
      vertex -35.9226 -77.0362 104.2
      vertex -29.0717 -79.8739 109.2
      vertex -35.9226 -77.0362 109.2
    endloop
  endfacet
  facet normal -0.382679 -0.923881 -0
    outer loop
      vertex -29.0717 -79.8739 109.2
      vertex -35.9226 -77.0362 104.2
      vertex -29.0717 -79.8739 104.2
    endloop
  endfacet
  facet normal -0.216445 -0.976295 0
    outer loop
      vertex -21.9996 -82.1037 104.2
      vertex -14.7601 -83.7087 109.2
      vertex -21.9996 -82.1037 109.2
    endloop
  endfacet
  facet normal -0.216445 -0.976295 -0
    outer loop
      vertex -14.7601 -83.7087 109.2
      vertex -21.9996 -82.1037 104.2
      vertex -14.7601 -83.7087 104.2
    endloop
  endfacet
  facet normal -0.843388 -0.537306 0
    outer loop
      vertex -69.6279 -48.754 104.2
      vertex -73.6122 -42.5 109.2
      vertex -73.6122 -42.5 104.2
    endloop
  endfacet
  facet normal -0.843388 -0.537306 0
    outer loop
      vertex -73.6122 -42.5 109.2
      vertex -69.6279 -48.754 104.2
      vertex -69.6279 -48.754 109.2
    endloop
  endfacet
  facet normal -0.991445 -0.130527 0
    outer loop
      vertex -83.7087 -14.7601 104.2
      vertex -84.6766 -7.40824 109.2
      vertex -84.6766 -7.40824 104.2
    endloop
  endfacet
  facet normal -0.991445 -0.130527 0
    outer loop
      vertex -84.6766 -7.40824 109.2
      vertex -83.7087 -14.7601 104.2
      vertex -83.7087 -14.7601 109.2
    endloop
  endfacet
  facet normal -0.537306 0.843388 0
    outer loop
      vertex -42.5 73.6122 104.2
      vertex -48.754 69.6279 109.2
      vertex -42.5 73.6122 109.2
    endloop
  endfacet
  facet normal -0.537306 0.843388 0
    outer loop
      vertex -48.754 69.6279 109.2
      vertex -42.5 73.6122 104.2
      vertex -48.754 69.6279 104.2
    endloop
  endfacet
  facet normal 0.843388 -0.537306 0
    outer loop
      vertex 69.6279 -48.754 109.2
      vertex 73.6122 -42.5 104.2
      vertex 73.6122 -42.5 109.2
    endloop
  endfacet
  facet normal 0.843388 -0.537306 0
    outer loop
      vertex 73.6122 -42.5 104.2
      vertex 69.6279 -48.754 109.2
      vertex 69.6279 -48.754 104.2
    endloop
  endfacet
  facet normal 0.976295 -0.216445 0
    outer loop
      vertex 82.1037 -21.9996 109.2
      vertex 83.7087 -14.7601 104.2
      vertex 83.7087 -14.7601 109.2
    endloop
  endfacet
  facet normal 0.976295 -0.216445 0
    outer loop
      vertex 83.7087 -14.7601 104.2
      vertex 82.1037 -21.9996 109.2
      vertex 82.1037 -21.9996 104.2
    endloop
  endfacet
  facet normal -0.537306 -0.843388 0
    outer loop
      vertex -48.754 -69.6279 104.2
      vertex -42.5 -73.6122 109.2
      vertex -48.754 -69.6279 109.2
    endloop
  endfacet
  facet normal -0.537306 -0.843388 -0
    outer loop
      vertex -42.5 -73.6122 109.2
      vertex -48.754 -69.6279 104.2
      vertex -42.5 -73.6122 104.2
    endloop
  endfacet
  facet normal -0.793354 -0.608761 0
    outer loop
      vertex -65.1138 -54.6369 104.2
      vertex -69.6279 -48.754 109.2
      vertex -69.6279 -48.754 104.2
    endloop
  endfacet
  facet normal -0.793354 -0.608761 0
    outer loop
      vertex -69.6279 -48.754 109.2
      vertex -65.1138 -54.6369 104.2
      vertex -65.1138 -54.6369 109.2
    endloop
  endfacet
  facet normal 0.991445 -0.130527 0
    outer loop
      vertex 83.7087 -14.7601 109.2
      vertex 84.6766 -7.40824 104.2
      vertex 84.6766 -7.40824 109.2
    endloop
  endfacet
  facet normal 0.991445 -0.130527 0
    outer loop
      vertex 84.6766 -7.40824 104.2
      vertex 83.7087 -14.7601 109.2
      vertex 83.7087 -14.7601 104.2
    endloop
  endfacet
  facet normal -0.67558 -0.737287 0
    outer loop
      vertex 49.816 59.3684 104.2
      vertex 54.8008 54.8008 109.2
      vertex 49.816 59.3684 109.2
    endloop
  endfacet
  facet normal -0.67558 -0.737287 -0
    outer loop
      vertex 54.8008 54.8008 109.2
      vertex 49.816 59.3684 104.2
      vertex 54.8008 54.8008 104.2
    endloop
  endfacet
  facet normal 0.382683 -0.92388 0
    outer loop
      vertex -32.7529 70.2389 104.2
      vertex -26.5066 72.8262 109.2
      vertex -32.7529 70.2389 109.2
    endloop
  endfacet
  facet normal 0.382683 -0.92388 0
    outer loop
      vertex -26.5066 72.8262 109.2
      vertex -32.7529 70.2389 104.2
      vertex -26.5066 72.8262 104.2
    endloop
  endfacet
  facet normal 0.88701 -0.461749 0
    outer loop
      vertex -70.2389 32.7529 109.2
      vertex -67.117 38.75 104.2
      vertex -67.117 38.75 109.2
    endloop
  endfacet
  facet normal 0.88701 -0.461749 0
    outer loop
      vertex -67.117 38.75 104.2
      vertex -70.2389 32.7529 109.2
      vertex -70.2389 32.7529 104.2
    endloop
  endfacet
  facet normal -0.999048 0.0436178 0
    outer loop
      vertex 77.2051 -6.75457 104.2
      vertex 77.5 0 109.2
      vertex 77.5 0 104.2
    endloop
  endfacet
  facet normal -0.999048 0.0436178 0
    outer loop
      vertex 77.5 0 109.2
      vertex 77.2051 -6.75457 104.2
      vertex 77.2051 -6.75457 109.2
    endloop
  endfacet
  facet normal -0.92388 -0.382683 0
    outer loop
      vertex 72.8262 26.5066 104.2
      vertex 70.2389 32.7529 109.2
      vertex 70.2389 32.7529 104.2
    endloop
  endfacet
  facet normal -0.92388 -0.382683 0
    outer loop
      vertex 70.2389 32.7529 109.2
      vertex 72.8262 26.5066 104.2
      vertex 72.8262 26.5066 109.2
    endloop
  endfacet
  facet normal -0.88701 -0.461749 0
    outer loop
      vertex 70.2389 32.7529 104.2
      vertex 67.117 38.75 109.2
      vertex 67.117 38.75 104.2
    endloop
  endfacet
  facet normal -0.88701 -0.461749 0
    outer loop
      vertex 67.117 38.75 109.2
      vertex 70.2389 32.7529 104.2
      vertex 70.2389 32.7529 109.2
    endloop
  endfacet
  facet normal -0.461749 -0.88701 0
    outer loop
      vertex 32.7529 70.2389 104.2
      vertex 38.75 67.117 109.2
      vertex 32.7529 70.2389 109.2
    endloop
  endfacet
  facet normal -0.461749 -0.88701 -0
    outer loop
      vertex 38.75 67.117 109.2
      vertex 32.7529 70.2389 104.2
      vertex 38.75 67.117 104.2
    endloop
  endfacet
  facet normal -0.216431 -0.976298 0
    outer loop
      vertex 13.4577 76.3226 104.2
      vertex 20.0585 74.8593 109.2
      vertex 13.4577 76.3226 109.2
    endloop
  endfacet
  facet normal -0.216431 -0.976298 -0
    outer loop
      vertex 20.0585 74.8593 109.2
      vertex 13.4577 76.3226 104.2
      vertex 20.0585 74.8593 104.2
    endloop
  endfacet
  facet normal 0.976298 -0.216431 0
    outer loop
      vertex -76.3226 13.4577 109.2
      vertex -74.8593 20.0585 104.2
      vertex -74.8593 20.0585 109.2
    endloop
  endfacet
  facet normal 0.976298 -0.216431 0
    outer loop
      vertex -74.8593 20.0585 104.2
      vertex -76.3226 13.4577 109.2
      vertex -76.3226 13.4577 104.2
    endloop
  endfacet
  facet normal 0.737287 -0.67558 0
    outer loop
      vertex -59.3684 49.816 109.2
      vertex -54.8008 54.8008 104.2
      vertex -54.8008 54.8008 109.2
    endloop
  endfacet
  facet normal 0.737287 -0.67558 0
    outer loop
      vertex -54.8008 54.8008 104.2
      vertex -59.3684 49.816 109.2
      vertex -59.3684 49.816 104.2
    endloop
  endfacet
  facet normal 0.216431 -0.976298 0
    outer loop
      vertex -20.0585 74.8593 104.2
      vertex -13.4577 76.3226 109.2
      vertex -20.0585 74.8593 109.2
    endloop
  endfacet
  facet normal 0.216431 -0.976298 0
    outer loop
      vertex -13.4577 76.3226 109.2
      vertex -20.0585 74.8593 104.2
      vertex -13.4577 76.3226 104.2
    endloop
  endfacet
  facet normal -0.92388 0.382683 0
    outer loop
      vertex 70.2389 -32.7529 104.2
      vertex 72.8262 -26.5066 109.2
      vertex 72.8262 -26.5066 104.2
    endloop
  endfacet
  facet normal -0.92388 0.382683 0
    outer loop
      vertex 72.8262 -26.5066 109.2
      vertex 70.2389 -32.7529 104.2
      vertex 70.2389 -32.7529 109.2
    endloop
  endfacet
  facet normal 0.216431 0.976298 -0
    outer loop
      vertex -13.4577 -76.3226 104.2
      vertex -20.0585 -74.8593 109.2
      vertex -13.4577 -76.3226 109.2
    endloop
  endfacet
  facet normal 0.216431 0.976298 0
    outer loop
      vertex -20.0585 -74.8593 109.2
      vertex -13.4577 -76.3226 104.2
      vertex -20.0585 -74.8593 104.2
    endloop
  endfacet
  facet normal 0.67558 0.737287 -0
    outer loop
      vertex -49.816 -59.3684 104.2
      vertex -54.8008 -54.8008 109.2
      vertex -49.816 -59.3684 109.2
    endloop
  endfacet
  facet normal 0.67558 0.737287 0
    outer loop
      vertex -54.8008 -54.8008 109.2
      vertex -49.816 -59.3684 104.2
      vertex -54.8008 -54.8008 104.2
    endloop
  endfacet
  facet normal -0.991445 -0.130529 0
    outer loop
      vertex 77.2051 6.75457 104.2
      vertex 76.3226 13.4577 109.2
      vertex 76.3226 13.4577 104.2
    endloop
  endfacet
  facet normal -0.991445 -0.130529 0
    outer loop
      vertex 76.3226 13.4577 109.2
      vertex 77.2051 6.75457 104.2
      vertex 77.2051 6.75457 109.2
    endloop
  endfacet
  facet normal -0.976298 -0.216431 0
    outer loop
      vertex 76.3226 13.4577 104.2
      vertex 74.8593 20.0585 109.2
      vertex 74.8593 20.0585 104.2
    endloop
  endfacet
  facet normal -0.976298 -0.216431 0
    outer loop
      vertex 74.8593 20.0585 109.2
      vertex 76.3226 13.4577 104.2
      vertex 76.3226 13.4577 109.2
    endloop
  endfacet
  facet normal -0.953716 -0.300709 0
    outer loop
      vertex 74.8593 20.0585 104.2
      vertex 72.8262 26.5066 109.2
      vertex 72.8262 26.5066 104.2
    endloop
  endfacet
  facet normal -0.953716 -0.300709 0
    outer loop
      vertex 72.8262 26.5066 109.2
      vertex 74.8593 20.0585 104.2
      vertex 74.8593 20.0585 109.2
    endloop
  endfacet
  facet normal -0.793345 -0.608772 0
    outer loop
      vertex 63.4843 44.4522 104.2
      vertex 59.3684 49.816 109.2
      vertex 59.3684 49.816 104.2
    endloop
  endfacet
  facet normal -0.793345 -0.608772 0
    outer loop
      vertex 59.3684 49.816 109.2
      vertex 63.4843 44.4522 104.2
      vertex 63.4843 44.4522 109.2
    endloop
  endfacet
  facet normal -0.843392 -0.537299 0
    outer loop
      vertex 67.117 38.75 104.2
      vertex 63.4843 44.4522 109.2
      vertex 63.4843 44.4522 104.2
    endloop
  endfacet
  facet normal -0.843392 -0.537299 0
    outer loop
      vertex 63.4843 44.4522 109.2
      vertex 67.117 38.75 104.2
      vertex 67.117 38.75 109.2
    endloop
  endfacet
  facet normal -0.737287 -0.67558 0
    outer loop
      vertex 59.3684 49.816 104.2
      vertex 54.8008 54.8008 109.2
      vertex 54.8008 54.8008 104.2
    endloop
  endfacet
  facet normal -0.737287 -0.67558 0
    outer loop
      vertex 54.8008 54.8008 109.2
      vertex 59.3684 49.816 104.2
      vertex 59.3684 49.816 109.2
    endloop
  endfacet
  facet normal -0.608772 -0.793345 0
    outer loop
      vertex 44.4522 63.4843 104.2
      vertex 49.816 59.3684 109.2
      vertex 44.4522 63.4843 109.2
    endloop
  endfacet
  facet normal -0.608772 -0.793345 -0
    outer loop
      vertex 49.816 59.3684 109.2
      vertex 44.4522 63.4843 104.2
      vertex 49.816 59.3684 104.2
    endloop
  endfacet
  facet normal -0.0436178 -0.999048 0
    outer loop
      vertex 0 77.5 104.2
      vertex 6.75457 77.2051 109.2
      vertex 0 77.5 109.2
    endloop
  endfacet
  facet normal -0.0436178 -0.999048 -0
    outer loop
      vertex 6.75457 77.2051 109.2
      vertex 0 77.5 104.2
      vertex 6.75457 77.2051 104.2
    endloop
  endfacet
  facet normal -0.537299 -0.843392 0
    outer loop
      vertex 38.75 67.117 104.2
      vertex 44.4522 63.4843 109.2
      vertex 38.75 67.117 109.2
    endloop
  endfacet
  facet normal -0.537299 -0.843392 -0
    outer loop
      vertex 44.4522 63.4843 109.2
      vertex 38.75 67.117 104.2
      vertex 44.4522 63.4843 104.2
    endloop
  endfacet
  facet normal -0.382683 -0.92388 0
    outer loop
      vertex 26.5066 72.8262 104.2
      vertex 32.7529 70.2389 109.2
      vertex 26.5066 72.8262 109.2
    endloop
  endfacet
  facet normal -0.382683 -0.92388 -0
    outer loop
      vertex 32.7529 70.2389 109.2
      vertex 26.5066 72.8262 104.2
      vertex 32.7529 70.2389 104.2
    endloop
  endfacet
  facet normal -0.300709 -0.953716 0
    outer loop
      vertex 20.0585 74.8593 104.2
      vertex 26.5066 72.8262 109.2
      vertex 20.0585 74.8593 109.2
    endloop
  endfacet
  facet normal -0.300709 -0.953716 -0
    outer loop
      vertex 26.5066 72.8262 109.2
      vertex 20.0585 74.8593 104.2
      vertex 26.5066 72.8262 104.2
    endloop
  endfacet
  facet normal 0.999048 -0.0436178 0
    outer loop
      vertex -77.5 0 109.2
      vertex -77.2051 6.75457 104.2
      vertex -77.2051 6.75457 109.2
    endloop
  endfacet
  facet normal 0.999048 -0.0436178 0
    outer loop
      vertex -77.2051 6.75457 104.2
      vertex -77.5 0 109.2
      vertex -77.5 0 104.2
    endloop
  endfacet
  facet normal 0.92388 -0.382683 0
    outer loop
      vertex -72.8262 26.5066 109.2
      vertex -70.2389 32.7529 104.2
      vertex -70.2389 32.7529 109.2
    endloop
  endfacet
  facet normal 0.92388 -0.382683 0
    outer loop
      vertex -70.2389 32.7529 104.2
      vertex -72.8262 26.5066 109.2
      vertex -72.8262 26.5066 104.2
    endloop
  endfacet
  facet normal 0.953716 -0.300709 0
    outer loop
      vertex -74.8593 20.0585 109.2
      vertex -72.8262 26.5066 104.2
      vertex -72.8262 26.5066 109.2
    endloop
  endfacet
  facet normal 0.953716 -0.300709 0
    outer loop
      vertex -72.8262 26.5066 104.2
      vertex -74.8593 20.0585 109.2
      vertex -74.8593 20.0585 104.2
    endloop
  endfacet
  facet normal 0.843392 -0.537299 0
    outer loop
      vertex -67.117 38.75 109.2
      vertex -63.4843 44.4522 104.2
      vertex -63.4843 44.4522 109.2
    endloop
  endfacet
  facet normal 0.843392 -0.537299 0
    outer loop
      vertex -63.4843 44.4522 104.2
      vertex -67.117 38.75 109.2
      vertex -67.117 38.75 104.2
    endloop
  endfacet
  facet normal 0.793345 -0.608772 0
    outer loop
      vertex -63.4843 44.4522 109.2
      vertex -59.3684 49.816 104.2
      vertex -59.3684 49.816 109.2
    endloop
  endfacet
  facet normal 0.793345 -0.608772 0
    outer loop
      vertex -59.3684 49.816 104.2
      vertex -63.4843 44.4522 109.2
      vertex -63.4843 44.4522 104.2
    endloop
  endfacet
  facet normal 0.130529 -0.991445 0
    outer loop
      vertex -13.4577 76.3226 104.2
      vertex -6.75457 77.2051 109.2
      vertex -13.4577 76.3226 109.2
    endloop
  endfacet
  facet normal 0.130529 -0.991445 0
    outer loop
      vertex -6.75457 77.2051 109.2
      vertex -13.4577 76.3226 104.2
      vertex -6.75457 77.2051 104.2
    endloop
  endfacet
  facet normal 0.300709 -0.953716 0
    outer loop
      vertex -26.5066 72.8262 104.2
      vertex -20.0585 74.8593 109.2
      vertex -26.5066 72.8262 109.2
    endloop
  endfacet
  facet normal 0.300709 -0.953716 0
    outer loop
      vertex -20.0585 74.8593 109.2
      vertex -26.5066 72.8262 104.2
      vertex -20.0585 74.8593 104.2
    endloop
  endfacet
  facet normal 0.537299 -0.843392 0
    outer loop
      vertex -44.4522 63.4843 104.2
      vertex -38.75 67.117 109.2
      vertex -44.4522 63.4843 109.2
    endloop
  endfacet
  facet normal 0.537299 -0.843392 0
    outer loop
      vertex -38.75 67.117 109.2
      vertex -44.4522 63.4843 104.2
      vertex -38.75 67.117 104.2
    endloop
  endfacet
  facet normal 0.608772 -0.793345 0
    outer loop
      vertex -49.816 59.3684 104.2
      vertex -44.4522 63.4843 109.2
      vertex -49.816 59.3684 109.2
    endloop
  endfacet
  facet normal 0.608772 -0.793345 0
    outer loop
      vertex -44.4522 63.4843 109.2
      vertex -49.816 59.3684 104.2
      vertex -44.4522 63.4843 104.2
    endloop
  endfacet
  facet normal 0.461749 -0.88701 0
    outer loop
      vertex -38.75 67.117 104.2
      vertex -32.7529 70.2389 109.2
      vertex -38.75 67.117 109.2
    endloop
  endfacet
  facet normal 0.461749 -0.88701 0
    outer loop
      vertex -32.7529 70.2389 109.2
      vertex -38.75 67.117 104.2
      vertex -32.7529 70.2389 104.2
    endloop
  endfacet
  facet normal 0.67558 -0.737287 0
    outer loop
      vertex -54.8008 54.8008 104.2
      vertex -49.816 59.3684 109.2
      vertex -54.8008 54.8008 109.2
    endloop
  endfacet
  facet normal 0.67558 -0.737287 0
    outer loop
      vertex -49.816 59.3684 109.2
      vertex -54.8008 54.8008 104.2
      vertex -49.816 59.3684 104.2
    endloop
  endfacet
  facet normal -0.999048 -0.0436178 0
    outer loop
      vertex 77.5 0 104.2
      vertex 77.2051 6.75457 109.2
      vertex 77.2051 6.75457 104.2
    endloop
  endfacet
  facet normal -0.999048 -0.0436178 0
    outer loop
      vertex 77.2051 6.75457 109.2
      vertex 77.5 0 104.2
      vertex 77.5 0 109.2
    endloop
  endfacet
  facet normal -0.953716 0.300709 0
    outer loop
      vertex 72.8262 -26.5066 104.2
      vertex 74.8593 -20.0585 109.2
      vertex 74.8593 -20.0585 104.2
    endloop
  endfacet
  facet normal -0.953716 0.300709 0
    outer loop
      vertex 74.8593 -20.0585 109.2
      vertex 72.8262 -26.5066 104.2
      vertex 72.8262 -26.5066 109.2
    endloop
  endfacet
  facet normal -0.300709 0.953716 0
    outer loop
      vertex 26.5066 -72.8262 104.2
      vertex 20.0585 -74.8593 109.2
      vertex 26.5066 -72.8262 109.2
    endloop
  endfacet
  facet normal -0.300709 0.953716 0
    outer loop
      vertex 20.0585 -74.8593 109.2
      vertex 26.5066 -72.8262 104.2
      vertex 20.0585 -74.8593 104.2
    endloop
  endfacet
  facet normal -0.608772 0.793345 0
    outer loop
      vertex 49.816 -59.3684 104.2
      vertex 44.4522 -63.4843 109.2
      vertex 49.816 -59.3684 109.2
    endloop
  endfacet
  facet normal -0.608772 0.793345 0
    outer loop
      vertex 44.4522 -63.4843 109.2
      vertex 49.816 -59.3684 104.2
      vertex 44.4522 -63.4843 104.2
    endloop
  endfacet
  facet normal -0.461749 0.88701 0
    outer loop
      vertex 38.75 -67.117 104.2
      vertex 32.7529 -70.2389 109.2
      vertex 38.75 -67.117 109.2
    endloop
  endfacet
  facet normal -0.461749 0.88701 0
    outer loop
      vertex 32.7529 -70.2389 109.2
      vertex 38.75 -67.117 104.2
      vertex 32.7529 -70.2389 104.2
    endloop
  endfacet
  facet normal 0.382683 0.92388 -0
    outer loop
      vertex -26.5066 -72.8262 104.2
      vertex -32.7529 -70.2389 109.2
      vertex -26.5066 -72.8262 109.2
    endloop
  endfacet
  facet normal 0.382683 0.92388 0
    outer loop
      vertex -32.7529 -70.2389 109.2
      vertex -26.5066 -72.8262 104.2
      vertex -32.7529 -70.2389 104.2
    endloop
  endfacet
  facet normal 0.537299 0.843392 -0
    outer loop
      vertex -38.75 -67.117 104.2
      vertex -44.4522 -63.4843 109.2
      vertex -38.75 -67.117 109.2
    endloop
  endfacet
  facet normal 0.537299 0.843392 0
    outer loop
      vertex -44.4522 -63.4843 109.2
      vertex -38.75 -67.117 104.2
      vertex -44.4522 -63.4843 104.2
    endloop
  endfacet
  facet normal 0.953716 0.300709 0
    outer loop
      vertex -72.8262 -26.5066 109.2
      vertex -74.8593 -20.0585 104.2
      vertex -74.8593 -20.0585 109.2
    endloop
  endfacet
  facet normal 0.953716 0.300709 0
    outer loop
      vertex -74.8593 -20.0585 104.2
      vertex -72.8262 -26.5066 109.2
      vertex -72.8262 -26.5066 104.2
    endloop
  endfacet
  facet normal 0.793345 0.608772 0
    outer loop
      vertex -59.3684 -49.816 109.2
      vertex -63.4843 -44.4522 104.2
      vertex -63.4843 -44.4522 109.2
    endloop
  endfacet
  facet normal 0.793345 0.608772 0
    outer loop
      vertex -63.4843 -44.4522 104.2
      vertex -59.3684 -49.816 109.2
      vertex -59.3684 -49.816 104.2
    endloop
  endfacet
  facet normal 0.88701 0.461749 0
    outer loop
      vertex -67.117 -38.75 109.2
      vertex -70.2389 -32.7529 104.2
      vertex -70.2389 -32.7529 109.2
    endloop
  endfacet
  facet normal 0.88701 0.461749 0
    outer loop
      vertex -70.2389 -32.7529 104.2
      vertex -67.117 -38.75 109.2
      vertex -67.117 -38.75 104.2
    endloop
  endfacet
  facet normal -0.130529 -0.991445 0
    outer loop
      vertex 6.75457 77.2051 104.2
      vertex 13.4577 76.3226 109.2
      vertex 6.75457 77.2051 109.2
    endloop
  endfacet
  facet normal -0.130529 -0.991445 -0
    outer loop
      vertex 13.4577 76.3226 109.2
      vertex 6.75457 77.2051 104.2
      vertex 13.4577 76.3226 104.2
    endloop
  endfacet
  facet normal 0.991445 -0.130529 0
    outer loop
      vertex -77.2051 6.75457 109.2
      vertex -76.3226 13.4577 104.2
      vertex -76.3226 13.4577 109.2
    endloop
  endfacet
  facet normal 0.991445 -0.130529 0
    outer loop
      vertex -76.3226 13.4577 104.2
      vertex -77.2051 6.75457 109.2
      vertex -77.2051 6.75457 104.2
    endloop
  endfacet
  facet normal 0.0436178 -0.999048 0
    outer loop
      vertex -6.75457 77.2051 104.2
      vertex 0 77.5 109.2
      vertex -6.75457 77.2051 109.2
    endloop
  endfacet
  facet normal 0.0436178 -0.999048 0
    outer loop
      vertex 0 77.5 109.2
      vertex -6.75457 77.2051 104.2
      vertex 0 77.5 104.2
    endloop
  endfacet
  facet normal -0.0436178 0.999048 0
    outer loop
      vertex 6.75457 -77.2051 104.2
      vertex 0 -77.5 109.2
      vertex 6.75457 -77.2051 109.2
    endloop
  endfacet
  facet normal -0.0436178 0.999048 0
    outer loop
      vertex 0 -77.5 109.2
      vertex 6.75457 -77.2051 104.2
      vertex 0 -77.5 104.2
    endloop
  endfacet
  facet normal -0.976298 0.216431 0
    outer loop
      vertex 74.8593 -20.0585 104.2
      vertex 76.3226 -13.4577 109.2
      vertex 76.3226 -13.4577 104.2
    endloop
  endfacet
  facet normal -0.976298 0.216431 0
    outer loop
      vertex 76.3226 -13.4577 109.2
      vertex 74.8593 -20.0585 104.2
      vertex 74.8593 -20.0585 109.2
    endloop
  endfacet
  facet normal -0.991445 0.130529 0
    outer loop
      vertex 76.3226 -13.4577 104.2
      vertex 77.2051 -6.75457 109.2
      vertex 77.2051 -6.75457 104.2
    endloop
  endfacet
  facet normal -0.991445 0.130529 0
    outer loop
      vertex 77.2051 -6.75457 109.2
      vertex 76.3226 -13.4577 104.2
      vertex 76.3226 -13.4577 109.2
    endloop
  endfacet
  facet normal -0.843392 0.537299 0
    outer loop
      vertex 63.4843 -44.4522 104.2
      vertex 67.117 -38.75 109.2
      vertex 67.117 -38.75 104.2
    endloop
  endfacet
  facet normal -0.843392 0.537299 0
    outer loop
      vertex 67.117 -38.75 109.2
      vertex 63.4843 -44.4522 104.2
      vertex 63.4843 -44.4522 109.2
    endloop
  endfacet
  facet normal -0.216431 0.976298 0
    outer loop
      vertex 20.0585 -74.8593 104.2
      vertex 13.4577 -76.3226 109.2
      vertex 20.0585 -74.8593 109.2
    endloop
  endfacet
  facet normal -0.216431 0.976298 0
    outer loop
      vertex 13.4577 -76.3226 109.2
      vertex 20.0585 -74.8593 104.2
      vertex 13.4577 -76.3226 104.2
    endloop
  endfacet
  facet normal -0.382683 0.92388 0
    outer loop
      vertex 32.7529 -70.2389 104.2
      vertex 26.5066 -72.8262 109.2
      vertex 32.7529 -70.2389 109.2
    endloop
  endfacet
  facet normal -0.382683 0.92388 0
    outer loop
      vertex 26.5066 -72.8262 109.2
      vertex 32.7529 -70.2389 104.2
      vertex 26.5066 -72.8262 104.2
    endloop
  endfacet
  facet normal -0.67558 0.737287 0
    outer loop
      vertex 54.8008 -54.8008 104.2
      vertex 49.816 -59.3684 109.2
      vertex 54.8008 -54.8008 109.2
    endloop
  endfacet
  facet normal -0.67558 0.737287 0
    outer loop
      vertex 49.816 -59.3684 109.2
      vertex 54.8008 -54.8008 104.2
      vertex 49.816 -59.3684 104.2
    endloop
  endfacet
  facet normal -0.537299 0.843392 0
    outer loop
      vertex 44.4522 -63.4843 104.2
      vertex 38.75 -67.117 109.2
      vertex 44.4522 -63.4843 109.2
    endloop
  endfacet
  facet normal -0.537299 0.843392 0
    outer loop
      vertex 38.75 -67.117 109.2
      vertex 44.4522 -63.4843 104.2
      vertex 38.75 -67.117 104.2
    endloop
  endfacet
  facet normal 0.130529 0.991445 -0
    outer loop
      vertex -6.75457 -77.2051 104.2
      vertex -13.4577 -76.3226 109.2
      vertex -6.75457 -77.2051 109.2
    endloop
  endfacet
  facet normal 0.130529 0.991445 0
    outer loop
      vertex -13.4577 -76.3226 109.2
      vertex -6.75457 -77.2051 104.2
      vertex -13.4577 -76.3226 104.2
    endloop
  endfacet
  facet normal 0.300709 0.953716 -0
    outer loop
      vertex -20.0585 -74.8593 104.2
      vertex -26.5066 -72.8262 109.2
      vertex -20.0585 -74.8593 109.2
    endloop
  endfacet
  facet normal 0.300709 0.953716 0
    outer loop
      vertex -26.5066 -72.8262 109.2
      vertex -20.0585 -74.8593 104.2
      vertex -26.5066 -72.8262 104.2
    endloop
  endfacet
  facet normal 0.461749 0.88701 -0
    outer loop
      vertex -32.7529 -70.2389 104.2
      vertex -38.75 -67.117 109.2
      vertex -32.7529 -70.2389 109.2
    endloop
  endfacet
  facet normal 0.461749 0.88701 0
    outer loop
      vertex -38.75 -67.117 109.2
      vertex -32.7529 -70.2389 104.2
      vertex -38.75 -67.117 104.2
    endloop
  endfacet
  facet normal 0.608772 0.793345 -0
    outer loop
      vertex -44.4522 -63.4843 104.2
      vertex -49.816 -59.3684 109.2
      vertex -44.4522 -63.4843 109.2
    endloop
  endfacet
  facet normal 0.608772 0.793345 0
    outer loop
      vertex -49.816 -59.3684 109.2
      vertex -44.4522 -63.4843 104.2
      vertex -49.816 -59.3684 104.2
    endloop
  endfacet
  facet normal 0.92388 0.382683 0
    outer loop
      vertex -70.2389 -32.7529 109.2
      vertex -72.8262 -26.5066 104.2
      vertex -72.8262 -26.5066 109.2
    endloop
  endfacet
  facet normal 0.92388 0.382683 0
    outer loop
      vertex -72.8262 -26.5066 104.2
      vertex -70.2389 -32.7529 109.2
      vertex -70.2389 -32.7529 104.2
    endloop
  endfacet
  facet normal 0.976298 0.216431 0
    outer loop
      vertex -74.8593 -20.0585 109.2
      vertex -76.3226 -13.4577 104.2
      vertex -76.3226 -13.4577 109.2
    endloop
  endfacet
  facet normal 0.976298 0.216431 0
    outer loop
      vertex -76.3226 -13.4577 104.2
      vertex -74.8593 -20.0585 109.2
      vertex -74.8593 -20.0585 104.2
    endloop
  endfacet
  facet normal 0.999048 0.0436178 0
    outer loop
      vertex -77.2051 -6.75457 109.2
      vertex -77.5 0 104.2
      vertex -77.5 0 109.2
    endloop
  endfacet
  facet normal 0.999048 0.0436178 0
    outer loop
      vertex -77.5 0 104.2
      vertex -77.2051 -6.75457 109.2
      vertex -77.2051 -6.75457 104.2
    endloop
  endfacet
  facet normal 0.843392 0.537299 0
    outer loop
      vertex -63.4843 -44.4522 109.2
      vertex -67.117 -38.75 104.2
      vertex -67.117 -38.75 109.2
    endloop
  endfacet
  facet normal 0.843392 0.537299 0
    outer loop
      vertex -67.117 -38.75 104.2
      vertex -63.4843 -44.4522 109.2
      vertex -63.4843 -44.4522 104.2
    endloop
  endfacet
  facet normal 0.737287 0.67558 0
    outer loop
      vertex -54.8008 -54.8008 109.2
      vertex -59.3684 -49.816 104.2
      vertex -59.3684 -49.816 109.2
    endloop
  endfacet
  facet normal 0.737287 0.67558 0
    outer loop
      vertex -59.3684 -49.816 104.2
      vertex -54.8008 -54.8008 109.2
      vertex -54.8008 -54.8008 104.2
    endloop
  endfacet
  facet normal -0.88701 0.461749 0
    outer loop
      vertex 67.117 -38.75 104.2
      vertex 70.2389 -32.7529 109.2
      vertex 70.2389 -32.7529 104.2
    endloop
  endfacet
  facet normal -0.88701 0.461749 0
    outer loop
      vertex 70.2389 -32.7529 109.2
      vertex 67.117 -38.75 104.2
      vertex 67.117 -38.75 109.2
    endloop
  endfacet
  facet normal -0.130529 0.991445 0
    outer loop
      vertex 13.4577 -76.3226 104.2
      vertex 6.75457 -77.2051 109.2
      vertex 13.4577 -76.3226 109.2
    endloop
  endfacet
  facet normal -0.130529 0.991445 0
    outer loop
      vertex 6.75457 -77.2051 109.2
      vertex 13.4577 -76.3226 104.2
      vertex 6.75457 -77.2051 104.2
    endloop
  endfacet
  facet normal 0.0436178 0.999048 -0
    outer loop
      vertex 0 -77.5 104.2
      vertex -6.75457 -77.2051 109.2
      vertex 0 -77.5 109.2
    endloop
  endfacet
  facet normal 0.0436178 0.999048 0
    outer loop
      vertex -6.75457 -77.2051 109.2
      vertex 0 -77.5 104.2
      vertex -6.75457 -77.2051 104.2
    endloop
  endfacet
  facet normal 0.991445 0.130529 0
    outer loop
      vertex -76.3226 -13.4577 109.2
      vertex -77.2051 -6.75457 104.2
      vertex -77.2051 -6.75457 109.2
    endloop
  endfacet
  facet normal 0.991445 0.130529 0
    outer loop
      vertex -77.2051 -6.75457 104.2
      vertex -76.3226 -13.4577 109.2
      vertex -76.3226 -13.4577 104.2
    endloop
  endfacet
  facet normal -0.793345 0.608772 0
    outer loop
      vertex 59.3684 -49.816 104.2
      vertex 63.4843 -44.4522 109.2
      vertex 63.4843 -44.4522 104.2
    endloop
  endfacet
  facet normal -0.793345 0.608772 0
    outer loop
      vertex 63.4843 -44.4522 109.2
      vertex 59.3684 -49.816 104.2
      vertex 59.3684 -49.816 109.2
    endloop
  endfacet
  facet normal -0.737287 0.67558 0
    outer loop
      vertex 54.8008 -54.8008 104.2
      vertex 59.3684 -49.816 109.2
      vertex 59.3684 -49.816 104.2
    endloop
  endfacet
  facet normal -0.737287 0.67558 0
    outer loop
      vertex 59.3684 -49.816 109.2
      vertex 54.8008 -54.8008 104.2
      vertex 54.8008 -54.8008 109.2
    endloop
  endfacet
  facet normal 0.866025 0.5 0
    outer loop
      vertex 76.9112 39.7859 81
      vertex 72.9112 46.7141 29
      vertex 72.9112 46.7141 81
    endloop
  endfacet
  facet normal 0.866025 0.5 0
    outer loop
      vertex 72.9112 46.7141 29
      vertex 76.9112 39.7859 81
      vertex 76.9112 39.7859 29
    endloop
  endfacet
  facet normal 0 0 1
    outer loop
      vertex 67.5959 39.0265 81
      vertex 76.9112 39.7859 81
      vertex 72.9112 46.7141 81
    endloop
  endfacet
  facet normal 0 0 1
    outer loop
      vertex 76.9112 39.7859 81
      vertex 67.5959 39.0265 81
      vertex 69.4447 35.4751 81
    endloop
  endfacet
  facet normal 0 0 1
    outer loop
      vertex 72.9112 46.7141 81
      vertex 66.6442 40.5204 81
      vertex 67.5959 39.0265 81
    endloop
  endfacet
  facet normal 0 -0 1
    outer loop
      vertex 66.6442 40.5204 81
      vertex 72.9112 46.7141 81
      vertex 65.4447 42.4033 81
    endloop
  endfacet
  facet normal 0 0 1
    outer loop
      vertex 65.641 37.8978 81
      vertex 63.9208 32.2859 81
      vertex 67.4897 34.3464 81
    endloop
  endfacet
  facet normal -0 0 1
    outer loop
      vertex 59.9208 39.2141 81
      vertex 65.641 37.8978 81
      vertex 63.4897 41.2746 81
    endloop
  endfacet
  facet normal 0 0 1
    outer loop
      vertex 65.641 37.8978 81
      vertex 59.9208 39.2141 81
      vertex 63.9208 32.2859 81
    endloop
  endfacet
  facet normal -0.500001 0.866025 -2.92717e-07
    outer loop
      vertex 72.9112 46.7141 81
      vertex 63.3195 41.1763 47.9768
      vertex 65.4447 42.4033 81
    endloop
  endfacet
  facet normal -0.500002 0.866024 0
    outer loop
      vertex 72.9112 46.7141 29
      vertex 63.3195 41.1763 47.9768
      vertex 72.9112 46.7141 81
    endloop
  endfacet
  facet normal -0.499998 0.866026 2.58659e-06
    outer loop
      vertex 63.3195 41.1763 47.9768
      vertex 72.9112 46.7141 29
      vertex 62.0983 40.4713 29
    endloop
  endfacet
  facet normal -0.499999 0.866026 2.05241e-06
    outer loop
      vertex 62.7395 40.8415 69.5895
      vertex 59.9208 39.2141 81
      vertex 63.4897 41.2746 81
    endloop
  endfacet
  facet normal -0.499806 0.866137 -1.84648e-05
    outer loop
      vertex 59.9208 39.2141 29
      vertex 62.7395 40.8415 69.5895
      vertex 60.0707 39.3006 29
    endloop
  endfacet
  facet normal -0.500005 0.866022 0
    outer loop
      vertex 62.7395 40.8415 69.5895
      vertex 59.9208 39.2141 29
      vertex 59.9208 39.2141 81
    endloop
  endfacet
  facet normal -0.866025 -0.5 0
    outer loop
      vertex 63.9208 32.2859 29
      vertex 59.9208 39.2141 81
      vertex 59.9208 39.2141 29
    endloop
  endfacet
  facet normal -0.866025 -0.5 0
    outer loop
      vertex 59.9208 39.2141 81
      vertex 63.9208 32.2859 29
      vertex 63.9208 32.2859 81
    endloop
  endfacet
  facet normal 0 0 -1
    outer loop
      vertex 63.9208 32.2859 29
      vertex 62.691 35.0228 29
      vertex 64.0707 32.3724 29
    endloop
  endfacet
  facet normal 0 0 -1
    outer loop
      vertex 61.6761 36.7806 29
      vertex 62.691 35.0228 29
      vertex 63.9208 32.2859 29
    endloop
  endfacet
  facet normal 0 0 -1
    outer loop
      vertex 62.691 35.0228 29
      vertex 61.6761 36.7806 29
      vertex 62.222 35.9239 29
    endloop
  endfacet
  facet normal 0 0 -1
    outer loop
      vertex 59.9208 39.2141 29
      vertex 61.6761 36.7806 29
      vertex 63.9208 32.2859 29
    endloop
  endfacet
  facet normal 0 0 -1
    outer loop
      vertex 61.6761 36.7806 29
      vertex 59.9208 39.2141 29
      vertex 60.0707 39.3006 29
    endloop
  endfacet
  facet normal 0 0 -1
    outer loop
      vertex 64.7969 36.043 29
      vertex 76.9112 39.7859 29
      vertex 66.0983 33.5431 29
    endloop
  endfacet
  facet normal 0 0 -1
    outer loop
      vertex 64.2495 37.0945 29
      vertex 76.9112 39.7859 29
      vertex 64.7969 36.043 29
    endloop
  endfacet
  facet normal -0 0 -1
    outer loop
      vertex 76.9112 39.7859 29
      vertex 64.2495 37.0945 29
      vertex 72.9112 46.7141 29
    endloop
  endfacet
  facet normal 0 0 -1
    outer loop
      vertex 72.9112 46.7141 29
      vertex 64.2495 37.0945 29
      vertex 62.0983 40.4713 29
    endloop
  endfacet
  facet normal 0.500001 -0.866025 -2.19981e-06
    outer loop
      vertex 68.5464 34.9565 67.0412
      vertex 76.9112 39.7859 81
      vertex 69.4447 35.4751 81
    endloop
  endfacet
  facet normal 0.499998 -0.866026 -9.64695e-08
    outer loop
      vertex 76.9112 39.7859 29
      vertex 68.5464 34.9565 67.0412
      vertex 66.0983 33.5431 29
    endloop
  endfacet
  facet normal 0.499998 -0.866026 0
    outer loop
      vertex 68.5464 34.9565 67.0412
      vertex 76.9112 39.7859 29
      vertex 76.9112 39.7859 81
    endloop
  endfacet
  facet normal 0.499999 -0.866026 -2.05241e-06
    outer loop
      vertex 63.9208 32.2859 81
      vertex 66.7395 33.9133 69.5895
      vertex 67.4897 34.3464 81
    endloop
  endfacet
  facet normal 0.500005 -0.866022 0
    outer loop
      vertex 63.9208 32.2859 29
      vertex 66.7395 33.9133 69.5895
      vertex 63.9208 32.2859 81
    endloop
  endfacet
  facet normal 0.499806 -0.866137 1.84648e-05
    outer loop
      vertex 66.7395 33.9133 69.5895
      vertex 63.9208 32.2859 29
      vertex 64.0707 32.3724 29
    endloop
  endfacet
  facet normal 0 0 1
    outer loop
      vertex -72.9112 46.7141 81
      vertex -66.6442 40.5204 81
      vertex -65.4447 42.4033 81
    endloop
  endfacet
  facet normal 0 0 1
    outer loop
      vertex -66.6442 40.5204 81
      vertex -72.9112 46.7141 81
      vertex -67.5959 39.0265 81
    endloop
  endfacet
  facet normal -0 0 1
    outer loop
      vertex -76.9112 39.7859 81
      vertex -67.5959 39.0265 81
      vertex -72.9112 46.7141 81
    endloop
  endfacet
  facet normal 0 0 1
    outer loop
      vertex -67.5959 39.0265 81
      vertex -76.9112 39.7859 81
      vertex -69.4447 35.4751 81
    endloop
  endfacet
  facet normal 0 0 1
    outer loop
      vertex -65.641 37.8978 81
      vertex -59.9208 39.2141 81
      vertex -63.4897 41.2746 81
    endloop
  endfacet
  facet normal 0 0 1
    outer loop
      vertex -59.9208 39.2141 81
      vertex -65.641 37.8978 81
      vertex -63.9208 32.2859 81
    endloop
  endfacet
  facet normal 0 0 1
    outer loop
      vertex -63.9208 32.2859 81
      vertex -65.641 37.8978 81
      vertex -67.4897 34.3464 81
    endloop
  endfacet
  facet normal -0.866025 0.5 0
    outer loop
      vertex -76.9112 39.7859 29
      vertex -72.9112 46.7141 81
      vertex -72.9112 46.7141 29
    endloop
  endfacet
  facet normal -0.866025 0.5 0
    outer loop
      vertex -72.9112 46.7141 81
      vertex -76.9112 39.7859 29
      vertex -76.9112 39.7859 81
    endloop
  endfacet
  facet normal 0.866025 -0.5 0
    outer loop
      vertex -63.9208 32.2859 81
      vertex -59.9208 39.2141 29
      vertex -59.9208 39.2141 81
    endloop
  endfacet
  facet normal 0.866025 -0.5 0
    outer loop
      vertex -59.9208 39.2141 29
      vertex -63.9208 32.2859 81
      vertex -63.9208 32.2859 29
    endloop
  endfacet
  facet normal 0.500001 0.866025 -2.92717e-07
    outer loop
      vertex -63.3195 41.1763 47.9768
      vertex -72.9112 46.7141 81
      vertex -65.4447 42.4033 81
    endloop
  endfacet
  facet normal 0.499998 0.866026 2.58659e-06
    outer loop
      vertex -72.9112 46.7141 29
      vertex -63.3195 41.1763 47.9768
      vertex -62.0983 40.4713 29
    endloop
  endfacet
  facet normal 0.500002 0.866024 0
    outer loop
      vertex -63.3195 41.1763 47.9768
      vertex -72.9112 46.7141 29
      vertex -72.9112 46.7141 81
    endloop
  endfacet
  facet normal 0.499999 0.866026 2.05241e-06
    outer loop
      vertex -59.9208 39.2141 81
      vertex -62.7395 40.8415 69.5895
      vertex -63.4897 41.2746 81
    endloop
  endfacet
  facet normal 0.500005 0.866022 -0
    outer loop
      vertex -59.9208 39.2141 29
      vertex -62.7395 40.8415 69.5895
      vertex -59.9208 39.2141 81
    endloop
  endfacet
  facet normal 0.499806 0.866137 -1.84648e-05
    outer loop
      vertex -62.7395 40.8415 69.5895
      vertex -59.9208 39.2141 29
      vertex -60.0707 39.3006 29
    endloop
  endfacet
  facet normal -0 0 -1
    outer loop
      vertex -59.9208 39.2141 29
      vertex -61.6761 36.7806 29
      vertex -60.0707 39.3006 29
    endloop
  endfacet
  facet normal 0 0 -1
    outer loop
      vertex -62.691 35.0228 29
      vertex -61.6761 36.7806 29
      vertex -59.9208 39.2141 29
    endloop
  endfacet
  facet normal 0 0 -1
    outer loop
      vertex -61.6761 36.7806 29
      vertex -62.691 35.0228 29
      vertex -62.222 35.9239 29
    endloop
  endfacet
  facet normal 0 0 -1
    outer loop
      vertex -63.9208 32.2859 29
      vertex -62.691 35.0228 29
      vertex -59.9208 39.2141 29
    endloop
  endfacet
  facet normal 0 0 -1
    outer loop
      vertex -62.691 35.0228 29
      vertex -63.9208 32.2859 29
      vertex -64.0707 32.3724 29
    endloop
  endfacet
  facet normal 0 0 -1
    outer loop
      vertex -76.9112 39.7859 29
      vertex -64.7969 36.043 29
      vertex -66.0983 33.5431 29
    endloop
  endfacet
  facet normal 0 0 -1
    outer loop
      vertex -64.2495 37.0945 29
      vertex -72.9112 46.7141 29
      vertex -62.0983 40.4713 29
    endloop
  endfacet
  facet normal 0 0 -1
    outer loop
      vertex -64.7969 36.043 29
      vertex -76.9112 39.7859 29
      vertex -64.2495 37.0945 29
    endloop
  endfacet
  facet normal 0 0 -1
    outer loop
      vertex -64.2495 37.0945 29
      vertex -76.9112 39.7859 29
      vertex -72.9112 46.7141 29
    endloop
  endfacet
  facet normal -0.500001 -0.866025 -2.19981e-06
    outer loop
      vertex -76.9112 39.7859 81
      vertex -68.5464 34.9565 67.0412
      vertex -69.4447 35.4751 81
    endloop
  endfacet
  facet normal -0.499998 -0.866026 0
    outer loop
      vertex -76.9112 39.7859 29
      vertex -68.5464 34.9565 67.0412
      vertex -76.9112 39.7859 81
    endloop
  endfacet
  facet normal -0.499998 -0.866026 -9.64695e-08
    outer loop
      vertex -68.5464 34.9565 67.0412
      vertex -76.9112 39.7859 29
      vertex -66.0983 33.5431 29
    endloop
  endfacet
  facet normal -0.499999 -0.866026 -2.05241e-06
    outer loop
      vertex -66.7395 33.9133 69.5895
      vertex -63.9208 32.2859 81
      vertex -67.4897 34.3464 81
    endloop
  endfacet
  facet normal -0.499806 -0.866137 1.84648e-05
    outer loop
      vertex -63.9208 32.2859 29
      vertex -66.7395 33.9133 69.5895
      vertex -64.0707 32.3724 29
    endloop
  endfacet
  facet normal -0.500005 -0.866022 0
    outer loop
      vertex -66.7395 33.9133 69.5895
      vertex -63.9208 32.2859 29
      vertex -63.9208 32.2859 81
    endloop
  endfacet
  facet normal -0 0 1
    outer loop
      vertex 0 -78.0531 81
      vertex 4 -86.5 81
      vertex 4 -77.8784 81
    endloop
  endfacet
  facet normal 0 0 1
    outer loop
      vertex -4 -86.5 81
      vertex 0 -78.0531 81
      vertex -4 -77.8784 81
    endloop
  endfacet
  facet normal 0 0 1
    outer loop
      vertex 0 -78.0531 81
      vertex -4 -86.5 81
      vertex 4 -86.5 81
    endloop
  endfacet
  facet normal 0 0 1
    outer loop
      vertex 4 -71.5 81
      vertex 1.76686 -75.7185 81
      vertex 4 -75.621 81
    endloop
  endfacet
  facet normal 0 0 1
    outer loop
      vertex 4 -71.5 81
      vertex 0 -75.7957 81
      vertex 1.76686 -75.7185 81
    endloop
  endfacet
  facet normal -0 0 1
    outer loop
      vertex -4 -71.5 81
      vertex 0 -75.7957 81
      vertex 4 -71.5 81
    endloop
  endfacet
  facet normal 0 0 1
    outer loop
      vertex 0 -75.7957 81
      vertex -4 -71.5 81
      vertex -1.76686 -75.7185 81
    endloop
  endfacet
  facet normal 0 0 1
    outer loop
      vertex -1.76686 -75.7185 81
      vertex -4 -71.5 81
      vertex -4 -75.621 81
    endloop
  endfacet
  facet normal 0 1 -0
    outer loop
      vertex 4 -71.5 29
      vertex -4 -71.5 81
      vertex 4 -71.5 81
    endloop
  endfacet
  facet normal 0 1 0
    outer loop
      vertex -4 -71.5 81
      vertex 4 -71.5 29
      vertex -4 -71.5 29
    endloop
  endfacet
  facet normal 0 -1 0
    outer loop
      vertex -4 -86.5 29
      vertex 4 -86.5 81
      vertex -4 -86.5 81
    endloop
  endfacet
  facet normal 0 -1 -0
    outer loop
      vertex 4 -86.5 81
      vertex -4 -86.5 29
      vertex 4 -86.5 29
    endloop
  endfacet
  facet normal -1 0 0
    outer loop
      vertex -4 -86.5 29
      vertex -4 -76.8412 67.0412
      vertex -4 -74.0143 29
    endloop
  endfacet
  facet normal -1 0 0
    outer loop
      vertex -4 -86.5 81
      vertex -4 -76.8412 67.0412
      vertex -4 -86.5 29
    endloop
  endfacet
  facet normal -1 0 0
    outer loop
      vertex -4 -76.8412 67.0412
      vertex -4 -86.5 81
      vertex -4 -77.8784 81
    endloop
  endfacet
  facet normal -1 0 0
    outer loop
      vertex -4 -73.0877 47.633
      vertex -4 -71.5 29
      vertex -4 -71.6731 29
    endloop
  endfacet
  facet normal -1 0 0
    outer loop
      vertex -4 -71.5 29
      vertex -4 -73.0877 47.633
      vertex -4 -71.5 81
    endloop
  endfacet
  facet normal -1 -0 0
    outer loop
      vertex -4 -71.5 81
      vertex -4 -73.0877 47.633
      vertex -4 -75.621 81
    endloop
  endfacet
  facet normal 0 0 -1
    outer loop
      vertex 0 -71.8477 29
      vertex 4 -71.5 29
      vertex 4 -71.6731 29
    endloop
  endfacet
  facet normal 0 0 -1
    outer loop
      vertex -4 -71.5 29
      vertex 0 -71.8477 29
      vertex -4 -71.6731 29
    endloop
  endfacet
  facet normal 0 0 -1
    outer loop
      vertex 0 -71.8477 29
      vertex -4 -71.5 29
      vertex 4 -71.5 29
    endloop
  endfacet
  facet normal 0 0 -1
    outer loop
      vertex 4 -86.5 29
      vertex 1.18428 -74.1373 29
      vertex 4 -74.0143 29
    endloop
  endfacet
  facet normal 0 0 -1
    outer loop
      vertex 4 -86.5 29
      vertex 0 -74.189 29
      vertex 1.18428 -74.1373 29
    endloop
  endfacet
  facet normal 0 0 -1
    outer loop
      vertex -4 -86.5 29
      vertex 0 -74.189 29
      vertex 4 -86.5 29
    endloop
  endfacet
  facet normal -0 0 -1
    outer loop
      vertex 0 -74.189 29
      vertex -4 -86.5 29
      vertex -1.18428 -74.1373 29
    endloop
  endfacet
  facet normal -0 0 -1
    outer loop
      vertex -1.18428 -74.1373 29
      vertex -4 -86.5 29
      vertex -4 -74.0143 29
    endloop
  endfacet
  facet normal 1 -0 0
    outer loop
      vertex 4 -86.5 81
      vertex 4 -76.8412 67.0412
      vertex 4 -77.8784 81
    endloop
  endfacet
  facet normal 1 0 0
    outer loop
      vertex 4 -86.5 29
      vertex 4 -76.8412 67.0412
      vertex 4 -86.5 81
    endloop
  endfacet
  facet normal 1 0 0
    outer loop
      vertex 4 -76.8412 67.0412
      vertex 4 -86.5 29
      vertex 4 -74.0143 29
    endloop
  endfacet
  facet normal 1 -0 0
    outer loop
      vertex 4 -73.0877 47.633
      vertex 4 -71.5 29
      vertex 4 -71.5 81
    endloop
  endfacet
  facet normal 1 0 0
    outer loop
      vertex 4 -71.5 29
      vertex 4 -73.0877 47.633
      vertex 4 -71.6731 29
    endloop
  endfacet
  facet normal 1 0 -0
    outer loop
      vertex 4 -73.0877 47.633
      vertex 4 -71.5 81
      vertex 4 -75.621 81
    endloop
  endfacet
endsolid OpenSCAD_Model
