solid OpenSCAD_Model
  facet normal 0.99905 0.0435783 0
    outer loop
      vertex 116 0 129
      vertex 115.559 10.1101 1
      vertex 115.559 10.1101 129
    endloop
  endfacet
  facet normal 0.99905 0.0435783 0
    outer loop
      vertex 115.559 10.1101 1
      vertex 116 0 129
      vertex 116 0 1
    endloop
  endfacet
  facet normal -0.99905 0.0435783 0
    outer loop
      vertex -116 0 1
      vertex -115.559 10.1101 129
      vertex -115.559 10.1101 1
    endloop
  endfacet
  facet normal -0.99905 0.0435783 0
    outer loop
      vertex -115.559 10.1101 129
      vertex -116 0 1
      vertex -116 0 129
    endloop
  endfacet
  facet normal 0.0435783 0.99905 -0
    outer loop
      vertex 10.1101 115.559 1
      vertex 0 116 129
      vertex 10.1101 115.559 129
    endloop
  endfacet
  facet normal 0.0435783 0.99905 0
    outer loop
      vertex 0 116 129
      vertex 10.1101 115.559 1
      vertex 0 116 1
    endloop
  endfacet
  facet normal 0.737275 0.675593 0
    outer loop
      vertex 88.8612 74.5634 129
      vertex 82.0244 82.0244 1
      vertex 82.0244 82.0244 129
    endloop
  endfacet
  facet normal 0.737275 0.675593 0
    outer loop
      vertex 82.0244 82.0244 1
      vertex 88.8612 74.5634 129
      vertex 88.8612 74.5634 1
    endloop
  endfacet
  facet normal -0.675593 0.737275 0
    outer loop
      vertex -74.5634 88.8612 1
      vertex -82.0244 82.0244 129
      vertex -74.5634 88.8612 129
    endloop
  endfacet
  facet normal -0.675593 0.737275 0
    outer loop
      vertex -82.0244 82.0244 129
      vertex -74.5634 88.8612 1
      vertex -82.0244 82.0244 1
    endloop
  endfacet
  facet normal -0.300702 0.953718 0
    outer loop
      vertex -30.023 112.047 1
      vertex -39.6743 109.004 129
      vertex -30.023 112.047 129
    endloop
  endfacet
  facet normal -0.300702 0.953718 0
    outer loop
      vertex -39.6743 109.004 129
      vertex -30.023 112.047 1
      vertex -39.6743 109.004 1
    endloop
  endfacet
  facet normal 0.923902 0.382629 0
    outer loop
      vertex 109.004 39.6743 129
      vertex 105.132 49.0237 1
      vertex 105.132 49.0237 129
    endloop
  endfacet
  facet normal 0.923902 0.382629 0
    outer loop
      vertex 105.132 49.0237 1
      vertex 109.004 39.6743 129
      vertex 109.004 39.6743 1
    endloop
  endfacet
  facet normal 0.382629 0.923902 -0
    outer loop
      vertex 49.0237 105.132 1
      vertex 39.6743 109.004 129
      vertex 49.0237 105.132 129
    endloop
  endfacet
  facet normal 0.382629 0.923902 0
    outer loop
      vertex 39.6743 109.004 129
      vertex 49.0237 105.132 1
      vertex 39.6743 109.004 1
    endloop
  endfacet
  facet normal 0.608756 0.793357 -0
    outer loop
      vertex 74.5634 88.8612 1
      vertex 66.5349 95.0216 129
      vertex 74.5634 88.8612 129
    endloop
  endfacet
  facet normal 0.608756 0.793357 0
    outer loop
      vertex 66.5349 95.0216 129
      vertex 74.5634 88.8612 1
      vertex 66.5349 95.0216 1
    endloop
  endfacet
  facet normal -0.923902 0.382629 0
    outer loop
      vertex -109.004 39.6743 1
      vertex -105.132 49.0237 129
      vertex -105.132 49.0237 1
    endloop
  endfacet
  facet normal -0.923902 0.382629 0
    outer loop
      vertex -105.132 49.0237 129
      vertex -109.004 39.6743 1
      vertex -109.004 39.6743 129
    endloop
  endfacet
  facet normal -0.130538 0.991443 0
    outer loop
      vertex -10.1101 115.559 1
      vertex -20.1432 114.238 129
      vertex -10.1101 115.559 129
    endloop
  endfacet
  facet normal -0.130538 0.991443 0
    outer loop
      vertex -20.1432 114.238 129
      vertex -10.1101 115.559 1
      vertex -20.1432 114.238 1
    endloop
  endfacet
  facet normal 0.976281 0.216506 0
    outer loop
      vertex 114.238 20.1432 129
      vertex 112.047 30.023 1
      vertex 112.047 30.023 129
    endloop
  endfacet
  facet normal 0.976281 0.216506 0
    outer loop
      vertex 112.047 30.023 1
      vertex 114.238 20.1432 129
      vertex 114.238 20.1432 1
    endloop
  endfacet
  facet normal 0.991443 0.130538 0
    outer loop
      vertex 115.559 10.1101 129
      vertex 114.238 20.1432 1
      vertex 114.238 20.1432 129
    endloop
  endfacet
  facet normal 0.991443 0.130538 0
    outer loop
      vertex 114.238 20.1432 1
      vertex 115.559 10.1101 129
      vertex 115.559 10.1101 1
    endloop
  endfacet
  facet normal 0.953718 0.300702 0
    outer loop
      vertex 112.047 30.023 129
      vertex 109.004 39.6743 1
      vertex 109.004 39.6743 129
    endloop
  endfacet
  facet normal 0.953718 0.300702 0
    outer loop
      vertex 109.004 39.6743 1
      vertex 112.047 30.023 129
      vertex 112.047 30.023 1
    endloop
  endfacet
  facet normal 0.843388 0.537304 0
    outer loop
      vertex 100.459 58 129
      vertex 95.0216 66.5349 1
      vertex 95.0216 66.5349 129
    endloop
  endfacet
  facet normal 0.843388 0.537304 0
    outer loop
      vertex 95.0216 66.5349 1
      vertex 100.459 58 129
      vertex 100.459 58 1
    endloop
  endfacet
  facet normal 0.793357 0.608756 0
    outer loop
      vertex 95.0216 66.5349 129
      vertex 88.8612 74.5634 1
      vertex 88.8612 74.5634 129
    endloop
  endfacet
  facet normal 0.793357 0.608756 0
    outer loop
      vertex 88.8612 74.5634 1
      vertex 95.0216 66.5349 129
      vertex 95.0216 66.5349 1
    endloop
  endfacet
  facet normal 0.887001 0.461767 0
    outer loop
      vertex 105.132 49.0237 129
      vertex 100.459 58 1
      vertex 100.459 58 129
    endloop
  endfacet
  facet normal 0.887001 0.461767 0
    outer loop
      vertex 100.459 58 1
      vertex 105.132 49.0237 129
      vertex 105.132 49.0237 1
    endloop
  endfacet
  facet normal 0.216506 0.976281 -0
    outer loop
      vertex 30.023 112.047 1
      vertex 20.1432 114.238 129
      vertex 30.023 112.047 129
    endloop
  endfacet
  facet normal 0.216506 0.976281 0
    outer loop
      vertex 20.1432 114.238 129
      vertex 30.023 112.047 1
      vertex 20.1432 114.238 1
    endloop
  endfacet
  facet normal 0.300702 0.953718 -0
    outer loop
      vertex 39.6743 109.004 1
      vertex 30.023 112.047 129
      vertex 39.6743 109.004 129
    endloop
  endfacet
  facet normal 0.300702 0.953718 0
    outer loop
      vertex 30.023 112.047 129
      vertex 39.6743 109.004 1
      vertex 30.023 112.047 1
    endloop
  endfacet
  facet normal 0.130538 0.991443 -0
    outer loop
      vertex 20.1432 114.238 1
      vertex 10.1101 115.559 129
      vertex 20.1432 114.238 129
    endloop
  endfacet
  facet normal 0.130538 0.991443 0
    outer loop
      vertex 10.1101 115.559 129
      vertex 20.1432 114.238 1
      vertex 10.1101 115.559 1
    endloop
  endfacet
  facet normal 0.537304 0.843388 -0
    outer loop
      vertex 66.5349 95.0216 1
      vertex 58 100.459 129
      vertex 66.5349 95.0216 129
    endloop
  endfacet
  facet normal 0.537304 0.843388 0
    outer loop
      vertex 58 100.459 129
      vertex 66.5349 95.0216 1
      vertex 58 100.459 1
    endloop
  endfacet
  facet normal 0.675593 0.737275 -0
    outer loop
      vertex 82.0244 82.0244 1
      vertex 74.5634 88.8612 129
      vertex 82.0244 82.0244 129
    endloop
  endfacet
  facet normal 0.675593 0.737275 0
    outer loop
      vertex 74.5634 88.8612 129
      vertex 82.0244 82.0244 1
      vertex 74.5634 88.8612 1
    endloop
  endfacet
  facet normal -0.976281 0.216506 0
    outer loop
      vertex -114.238 20.1432 1
      vertex -112.047 30.023 129
      vertex -112.047 30.023 1
    endloop
  endfacet
  facet normal -0.976281 0.216506 0
    outer loop
      vertex -112.047 30.023 129
      vertex -114.238 20.1432 1
      vertex -114.238 20.1432 129
    endloop
  endfacet
  facet normal -0.793357 0.608756 0
    outer loop
      vertex -95.0216 66.5349 1
      vertex -88.8612 74.5634 129
      vertex -88.8612 74.5634 1
    endloop
  endfacet
  facet normal -0.793357 0.608756 0
    outer loop
      vertex -88.8612 74.5634 129
      vertex -95.0216 66.5349 1
      vertex -95.0216 66.5349 129
    endloop
  endfacet
  facet normal -0.737275 0.675593 0
    outer loop
      vertex -88.8612 74.5634 1
      vertex -82.0244 82.0244 129
      vertex -82.0244 82.0244 1
    endloop
  endfacet
  facet normal -0.737275 0.675593 0
    outer loop
      vertex -82.0244 82.0244 129
      vertex -88.8612 74.5634 1
      vertex -88.8612 74.5634 129
    endloop
  endfacet
  facet normal -0.843388 0.537304 0
    outer loop
      vertex -100.459 58 1
      vertex -95.0216 66.5349 129
      vertex -95.0216 66.5349 1
    endloop
  endfacet
  facet normal -0.843388 0.537304 0
    outer loop
      vertex -95.0216 66.5349 129
      vertex -100.459 58 1
      vertex -100.459 58 129
    endloop
  endfacet
  facet normal -0.953718 0.300702 0
    outer loop
      vertex -112.047 30.023 1
      vertex -109.004 39.6743 129
      vertex -109.004 39.6743 1
    endloop
  endfacet
  facet normal -0.953718 0.300702 0
    outer loop
      vertex -109.004 39.6743 129
      vertex -112.047 30.023 1
      vertex -112.047 30.023 129
    endloop
  endfacet
  facet normal -0.991443 0.130538 0
    outer loop
      vertex -115.559 10.1101 1
      vertex -114.238 20.1432 129
      vertex -114.238 20.1432 1
    endloop
  endfacet
  facet normal -0.991443 0.130538 0
    outer loop
      vertex -114.238 20.1432 129
      vertex -115.559 10.1101 1
      vertex -115.559 10.1101 129
    endloop
  endfacet
  facet normal 0 0 1
    outer loop
      vertex 105 0 142
      vertex 126 0 142
      vertex 125.521 10.9816 142
    endloop
  endfacet
  facet normal 0 0 1
    outer loop
      vertex 104.6 9.15135 142
      vertex 125.521 10.9816 142
      vertex 124.086 21.8797 142
    endloop
  endfacet
  facet normal 0 0 1
    outer loop
      vertex 126 0 142
      vertex 105 0 142
      vertex 125.521 -10.9816 142
    endloop
  endfacet
  facet normal 0 0 1
    outer loop
      vertex 103.405 18.2331 142
      vertex 124.086 21.8797 142
      vertex 121.707 32.6112 142
    endloop
  endfacet
  facet normal -0 0 1
    outer loop
      vertex 104.6 -9.15135 142
      vertex 125.521 -10.9816 142
      vertex 105 0 142
    endloop
  endfacet
  facet normal 0 0 1
    outer loop
      vertex 101.422 27.176 142
      vertex 121.707 32.6112 142
      vertex 118.401 43.0945 142
    endloop
  endfacet
  facet normal 0 0 1
    outer loop
      vertex 125.521 -10.9816 142
      vertex 104.6 -9.15135 142
      vertex 124.086 -21.8797 142
    endloop
  endfacet
  facet normal 0 0 1
    outer loop
      vertex 98.6677 35.9121 142
      vertex 118.401 43.0945 142
      vertex 114.195 53.2499 142
    endloop
  endfacet
  facet normal -0 0 1
    outer loop
      vertex 103.405 -18.2331 142
      vertex 124.086 -21.8797 142
      vertex 104.6 -9.15135 142
    endloop
  endfacet
  facet normal 0 0 1
    outer loop
      vertex 95.1623 44.3749 142
      vertex 114.195 53.2499 142
      vertex 109.119 63 142
    endloop
  endfacet
  facet normal 0 0 1
    outer loop
      vertex 124.086 -21.8797 142
      vertex 103.405 -18.2331 142
      vertex 121.707 -32.6112 142
    endloop
  endfacet
  facet normal -0 0 1
    outer loop
      vertex 101.422 -27.176 142
      vertex 121.707 -32.6112 142
      vertex 103.405 -18.2331 142
    endloop
  endfacet
  facet normal 0 0 1
    outer loop
      vertex 125.521 10.9816 142
      vertex 104.6 9.15135 142
      vertex 105 0 142
    endloop
  endfacet
  facet normal 0 0 1
    outer loop
      vertex 124.086 21.8797 142
      vertex 103.405 18.2331 142
      vertex 104.6 9.15135 142
    endloop
  endfacet
  facet normal 0 0 1
    outer loop
      vertex 90.9327 52.5 142
      vertex 109.119 63 142
      vertex 103.213 72.2706 142
    endloop
  endfacet
  facet normal 0 0 1
    outer loop
      vertex 121.707 32.6112 142
      vertex 101.422 27.176 142
      vertex 103.405 18.2331 142
    endloop
  endfacet
  facet normal 0 0 1
    outer loop
      vertex 118.401 43.0945 142
      vertex 98.6677 35.9121 142
      vertex 101.422 27.176 142
    endloop
  endfacet
  facet normal 0 0 1
    outer loop
      vertex 86.011 60.2255 142
      vertex 103.213 72.2706 142
      vertex 96.5216 80.9912 142
    endloop
  endfacet
  facet normal 0 0 1
    outer loop
      vertex 114.195 53.2499 142
      vertex 95.1623 44.3749 142
      vertex 98.6677 35.9121 142
    endloop
  endfacet
  facet normal 0 0 1
    outer loop
      vertex 109.119 63 142
      vertex 90.9327 52.5 142
      vertex 95.1623 44.3749 142
    endloop
  endfacet
  facet normal 0 0 1
    outer loop
      vertex 80.4347 67.4927 142
      vertex 96.5216 80.9912 142
      vertex 89.0955 89.0955 142
    endloop
  endfacet
  facet normal 0 0 1
    outer loop
      vertex 103.213 72.2706 142
      vertex 86.011 60.2255 142
      vertex 90.9327 52.5 142
    endloop
  endfacet
  facet normal 0 0 1
    outer loop
      vertex 74.2462 74.2462 142
      vertex 89.0955 89.0955 142
      vertex 80.9912 96.5216 142
    endloop
  endfacet
  facet normal 0 0 1
    outer loop
      vertex 96.5216 80.9912 142
      vertex 80.4347 67.4927 142
      vertex 86.011 60.2255 142
    endloop
  endfacet
  facet normal 0 0 1
    outer loop
      vertex 89.0955 89.0955 142
      vertex 74.2462 74.2462 142
      vertex 80.4347 67.4927 142
    endloop
  endfacet
  facet normal 0 0 1
    outer loop
      vertex 67.4927 80.4347 142
      vertex 80.9912 96.5216 142
      vertex 72.2706 103.213 142
    endloop
  endfacet
  facet normal 0 0 1
    outer loop
      vertex 80.9912 96.5216 142
      vertex 67.4927 80.4347 142
      vertex 74.2462 74.2462 142
    endloop
  endfacet
  facet normal 0 0 1
    outer loop
      vertex 60.2255 86.011 142
      vertex 72.2706 103.213 142
      vertex 63 109.119 142
    endloop
  endfacet
  facet normal 0 0 1
    outer loop
      vertex 72.2706 103.213 142
      vertex 60.2255 86.011 142
      vertex 67.4927 80.4347 142
    endloop
  endfacet
  facet normal 0 0 1
    outer loop
      vertex 52.5 90.9327 142
      vertex 63 109.119 142
      vertex 53.2499 114.195 142
    endloop
  endfacet
  facet normal 0 0 1
    outer loop
      vertex 63 109.119 142
      vertex 52.5 90.9327 142
      vertex 60.2255 86.011 142
    endloop
  endfacet
  facet normal 0 0 1
    outer loop
      vertex 53.2499 114.195 142
      vertex 44.3749 95.1623 142
      vertex 52.5 90.9327 142
    endloop
  endfacet
  facet normal 0 0 1
    outer loop
      vertex 43.0945 118.401 142
      vertex 44.3749 95.1623 142
      vertex 53.2499 114.195 142
    endloop
  endfacet
  facet normal 0 0 1
    outer loop
      vertex 43.0945 118.401 142
      vertex 35.9121 98.6677 142
      vertex 44.3749 95.1623 142
    endloop
  endfacet
  facet normal 0 0 1
    outer loop
      vertex 32.6112 121.707 142
      vertex 35.9121 98.6677 142
      vertex 43.0945 118.401 142
    endloop
  endfacet
  facet normal 0 0 1
    outer loop
      vertex 32.6112 121.707 142
      vertex 27.176 101.422 142
      vertex 35.9121 98.6677 142
    endloop
  endfacet
  facet normal 0 0 1
    outer loop
      vertex 21.8797 124.086 142
      vertex 27.176 101.422 142
      vertex 32.6112 121.707 142
    endloop
  endfacet
  facet normal 0 0 1
    outer loop
      vertex 21.8797 124.086 142
      vertex 18.2331 103.405 142
      vertex 27.176 101.422 142
    endloop
  endfacet
  facet normal 0 0 1
    outer loop
      vertex 10.9816 125.521 142
      vertex 18.2331 103.405 142
      vertex 21.8797 124.086 142
    endloop
  endfacet
  facet normal 0 0 1
    outer loop
      vertex 10.9816 125.521 142
      vertex 9.15135 104.6 142
      vertex 18.2331 103.405 142
    endloop
  endfacet
  facet normal 0 0 1
    outer loop
      vertex 0 126 142
      vertex 9.15135 104.6 142
      vertex 10.9816 125.521 142
    endloop
  endfacet
  facet normal 0 0 1
    outer loop
      vertex 0 126 142
      vertex 0 105 142
      vertex 9.15135 104.6 142
    endloop
  endfacet
  facet normal 0 0 1
    outer loop
      vertex 0 126 142
      vertex -9.15135 104.6 142
      vertex 0 105 142
    endloop
  endfacet
  facet normal -0 0 1
    outer loop
      vertex -10.9816 125.521 142
      vertex -9.15135 104.6 142
      vertex 0 126 142
    endloop
  endfacet
  facet normal 0 0 1
    outer loop
      vertex -10.9816 125.521 142
      vertex -18.2331 103.405 142
      vertex -9.15135 104.6 142
    endloop
  endfacet
  facet normal -0 0 1
    outer loop
      vertex -21.8797 124.086 142
      vertex -18.2331 103.405 142
      vertex -10.9816 125.521 142
    endloop
  endfacet
  facet normal 0 0 1
    outer loop
      vertex -21.8797 124.086 142
      vertex -27.176 101.422 142
      vertex -18.2331 103.405 142
    endloop
  endfacet
  facet normal -0 0 1
    outer loop
      vertex -32.6112 121.707 142
      vertex -27.176 101.422 142
      vertex -21.8797 124.086 142
    endloop
  endfacet
  facet normal 0 0 1
    outer loop
      vertex -32.6112 121.707 142
      vertex -35.9121 98.6677 142
      vertex -27.176 101.422 142
    endloop
  endfacet
  facet normal -0 0 1
    outer loop
      vertex -43.0945 118.401 142
      vertex -35.9121 98.6677 142
      vertex -32.6112 121.707 142
    endloop
  endfacet
  facet normal 0 0 1
    outer loop
      vertex -43.0945 118.401 142
      vertex -44.3749 95.1623 142
      vertex -35.9121 98.6677 142
    endloop
  endfacet
  facet normal -0 0 1
    outer loop
      vertex -53.2499 114.195 142
      vertex -44.3749 95.1623 142
      vertex -43.0945 118.401 142
    endloop
  endfacet
  facet normal 0 0 1
    outer loop
      vertex -44.3749 95.1623 142
      vertex -53.2499 114.195 142
      vertex -52.5 90.9327 142
    endloop
  endfacet
  facet normal -0 0 1
    outer loop
      vertex -63 109.119 142
      vertex -52.5 90.9327 142
      vertex -53.2499 114.195 142
    endloop
  endfacet
  facet normal 0 0 1
    outer loop
      vertex -52.5 90.9327 142
      vertex -63 109.119 142
      vertex -60.2255 86.011 142
    endloop
  endfacet
  facet normal -0 0 1
    outer loop
      vertex -72.2706 103.213 142
      vertex -60.2255 86.011 142
      vertex -63 109.119 142
    endloop
  endfacet
  facet normal 0 0 1
    outer loop
      vertex -60.2255 86.011 142
      vertex -72.2706 103.213 142
      vertex -67.4927 80.4347 142
    endloop
  endfacet
  facet normal -0 0 1
    outer loop
      vertex -80.9912 96.5216 142
      vertex -67.4927 80.4347 142
      vertex -72.2706 103.213 142
    endloop
  endfacet
  facet normal 0 0 1
    outer loop
      vertex -67.4927 80.4347 142
      vertex -80.9912 96.5216 142
      vertex -74.2462 74.2462 142
    endloop
  endfacet
  facet normal -0 0 1
    outer loop
      vertex -89.0955 89.0955 142
      vertex -74.2462 74.2462 142
      vertex -80.9912 96.5216 142
    endloop
  endfacet
  facet normal 0 0 1
    outer loop
      vertex -74.2462 74.2462 142
      vertex -89.0955 89.0955 142
      vertex -80.4347 67.4927 142
    endloop
  endfacet
  facet normal -0 0 1
    outer loop
      vertex -96.5216 80.9912 142
      vertex -80.4347 67.4927 142
      vertex -89.0955 89.0955 142
    endloop
  endfacet
  facet normal 0 0 1
    outer loop
      vertex -80.4347 67.4927 142
      vertex -96.5216 80.9912 142
      vertex -86.011 60.2255 142
    endloop
  endfacet
  facet normal -0 0 1
    outer loop
      vertex -103.213 72.2706 142
      vertex -86.011 60.2255 142
      vertex -96.5216 80.9912 142
    endloop
  endfacet
  facet normal 0 0 1
    outer loop
      vertex -86.011 60.2255 142
      vertex -103.213 72.2706 142
      vertex -90.9327 52.5 142
    endloop
  endfacet
  facet normal -0 0 1
    outer loop
      vertex -109.119 63 142
      vertex -90.9327 52.5 142
      vertex -103.213 72.2706 142
    endloop
  endfacet
  facet normal 0 0 1
    outer loop
      vertex -90.9327 52.5 142
      vertex -109.119 63 142
      vertex -95.1623 44.3749 142
    endloop
  endfacet
  facet normal -0 0 1
    outer loop
      vertex -114.195 53.2499 142
      vertex -95.1623 44.3749 142
      vertex -109.119 63 142
    endloop
  endfacet
  facet normal 0 0 1
    outer loop
      vertex -95.1623 44.3749 142
      vertex -114.195 53.2499 142
      vertex -98.6677 35.9121 142
    endloop
  endfacet
  facet normal -0 0 1
    outer loop
      vertex -118.401 43.0945 142
      vertex -98.6677 35.9121 142
      vertex -114.195 53.2499 142
    endloop
  endfacet
  facet normal 0 0 1
    outer loop
      vertex -98.6677 35.9121 142
      vertex -118.401 43.0945 142
      vertex -101.422 27.176 142
    endloop
  endfacet
  facet normal -0 0 1
    outer loop
      vertex -121.707 32.6112 142
      vertex -101.422 27.176 142
      vertex -118.401 43.0945 142
    endloop
  endfacet
  facet normal 0 0 1
    outer loop
      vertex 121.707 -32.6112 142
      vertex 101.422 -27.176 142
      vertex 118.401 -43.0945 142
    endloop
  endfacet
  facet normal -0 0 1
    outer loop
      vertex 98.6677 -35.9121 142
      vertex 118.401 -43.0945 142
      vertex 101.422 -27.176 142
    endloop
  endfacet
  facet normal 0 0 1
    outer loop
      vertex 118.401 -43.0945 142
      vertex 98.6677 -35.9121 142
      vertex 114.195 -53.2499 142
    endloop
  endfacet
  facet normal -0 0 1
    outer loop
      vertex 95.1623 -44.3749 142
      vertex 114.195 -53.2499 142
      vertex 98.6677 -35.9121 142
    endloop
  endfacet
  facet normal 0 0 1
    outer loop
      vertex 114.195 -53.2499 142
      vertex 95.1623 -44.3749 142
      vertex 109.119 -63 142
    endloop
  endfacet
  facet normal -0 0 1
    outer loop
      vertex 90.9327 -52.5 142
      vertex 109.119 -63 142
      vertex 95.1623 -44.3749 142
    endloop
  endfacet
  facet normal 0 0 1
    outer loop
      vertex 109.119 -63 142
      vertex 90.9327 -52.5 142
      vertex 103.213 -72.2706 142
    endloop
  endfacet
  facet normal -0 0 1
    outer loop
      vertex 86.011 -60.2255 142
      vertex 103.213 -72.2706 142
      vertex 90.9327 -52.5 142
    endloop
  endfacet
  facet normal 0 0 1
    outer loop
      vertex 103.213 -72.2706 142
      vertex 86.011 -60.2255 142
      vertex 96.5216 -80.9912 142
    endloop
  endfacet
  facet normal -0 0 1
    outer loop
      vertex 80.4347 -67.4927 142
      vertex 96.5216 -80.9912 142
      vertex 86.011 -60.2255 142
    endloop
  endfacet
  facet normal 0 0 1
    outer loop
      vertex 96.5216 -80.9912 142
      vertex 80.4347 -67.4927 142
      vertex 89.0955 -89.0955 142
    endloop
  endfacet
  facet normal -0 0 1
    outer loop
      vertex 74.2462 -74.2462 142
      vertex 89.0955 -89.0955 142
      vertex 80.4347 -67.4927 142
    endloop
  endfacet
  facet normal 0 0 1
    outer loop
      vertex 89.0955 -89.0955 142
      vertex 74.2462 -74.2462 142
      vertex 80.9912 -96.5216 142
    endloop
  endfacet
  facet normal -0 0 1
    outer loop
      vertex 67.4927 -80.4347 142
      vertex 80.9912 -96.5216 142
      vertex 74.2462 -74.2462 142
    endloop
  endfacet
  facet normal 0 0 1
    outer loop
      vertex 80.9912 -96.5216 142
      vertex 67.4927 -80.4347 142
      vertex 72.2706 -103.213 142
    endloop
  endfacet
  facet normal -0 0 1
    outer loop
      vertex 60.2255 -86.011 142
      vertex 72.2706 -103.213 142
      vertex 67.4927 -80.4347 142
    endloop
  endfacet
  facet normal 0 0 1
    outer loop
      vertex 72.2706 -103.213 142
      vertex 60.2255 -86.011 142
      vertex 63 -109.119 142
    endloop
  endfacet
  facet normal -0 0 1
    outer loop
      vertex 52.5 -90.9327 142
      vertex 63 -109.119 142
      vertex 60.2255 -86.011 142
    endloop
  endfacet
  facet normal 0 0 1
    outer loop
      vertex 63 -109.119 142
      vertex 52.5 -90.9327 142
      vertex 53.2499 -114.195 142
    endloop
  endfacet
  facet normal -0 0 1
    outer loop
      vertex 44.3749 -95.1623 142
      vertex 53.2499 -114.195 142
      vertex 52.5 -90.9327 142
    endloop
  endfacet
  facet normal 0 0 1
    outer loop
      vertex 44.3749 -95.1623 142
      vertex 43.0945 -118.401 142
      vertex 53.2499 -114.195 142
    endloop
  endfacet
  facet normal -0 0 1
    outer loop
      vertex 35.9121 -98.6677 142
      vertex 43.0945 -118.401 142
      vertex 44.3749 -95.1623 142
    endloop
  endfacet
  facet normal 0 0 1
    outer loop
      vertex 35.9121 -98.6677 142
      vertex 32.6112 -121.707 142
      vertex 43.0945 -118.401 142
    endloop
  endfacet
  facet normal -0 0 1
    outer loop
      vertex 27.176 -101.422 142
      vertex 32.6112 -121.707 142
      vertex 35.9121 -98.6677 142
    endloop
  endfacet
  facet normal 0 0 1
    outer loop
      vertex 27.176 -101.422 142
      vertex 21.8797 -124.086 142
      vertex 32.6112 -121.707 142
    endloop
  endfacet
  facet normal -0 0 1
    outer loop
      vertex 18.2331 -103.405 142
      vertex 21.8797 -124.086 142
      vertex 27.176 -101.422 142
    endloop
  endfacet
  facet normal 0 0 1
    outer loop
      vertex 18.2331 -103.405 142
      vertex 10.9816 -125.521 142
      vertex 21.8797 -124.086 142
    endloop
  endfacet
  facet normal -0 0 1
    outer loop
      vertex 9.15135 -104.6 142
      vertex 10.9816 -125.521 142
      vertex 18.2331 -103.405 142
    endloop
  endfacet
  facet normal -0 0 1
    outer loop
      vertex 0 -105 142
      vertex 10.9816 -125.521 142
      vertex 9.15135 -104.6 142
    endloop
  endfacet
  facet normal 0 0 1
    outer loop
      vertex 0 -105 142
      vertex 0 -126 142
      vertex 10.9816 -125.521 142
    endloop
  endfacet
  facet normal 0 0 1
    outer loop
      vertex -9.15135 -104.6 142
      vertex 0 -126 142
      vertex 0 -105 142
    endloop
  endfacet
  facet normal 0 0 1
    outer loop
      vertex -9.15135 -104.6 142
      vertex -10.9816 -125.521 142
      vertex 0 -126 142
    endloop
  endfacet
  facet normal 0 0 1
    outer loop
      vertex -18.2331 -103.405 142
      vertex -10.9816 -125.521 142
      vertex -9.15135 -104.6 142
    endloop
  endfacet
  facet normal 0 0 1
    outer loop
      vertex -18.2331 -103.405 142
      vertex -21.8797 -124.086 142
      vertex -10.9816 -125.521 142
    endloop
  endfacet
  facet normal 0 0 1
    outer loop
      vertex -27.176 -101.422 142
      vertex -21.8797 -124.086 142
      vertex -18.2331 -103.405 142
    endloop
  endfacet
  facet normal 0 0 1
    outer loop
      vertex -27.176 -101.422 142
      vertex -32.6112 -121.707 142
      vertex -21.8797 -124.086 142
    endloop
  endfacet
  facet normal 0 0 1
    outer loop
      vertex -35.9121 -98.6677 142
      vertex -32.6112 -121.707 142
      vertex -27.176 -101.422 142
    endloop
  endfacet
  facet normal 0 0 1
    outer loop
      vertex -35.9121 -98.6677 142
      vertex -43.0945 -118.401 142
      vertex -32.6112 -121.707 142
    endloop
  endfacet
  facet normal 0 0 1
    outer loop
      vertex -44.3749 -95.1623 142
      vertex -43.0945 -118.401 142
      vertex -35.9121 -98.6677 142
    endloop
  endfacet
  facet normal 0 0 1
    outer loop
      vertex -53.2499 -114.195 142
      vertex -44.3749 -95.1623 142
      vertex -52.5 -90.9327 142
    endloop
  endfacet
  facet normal 0 0 1
    outer loop
      vertex -44.3749 -95.1623 142
      vertex -53.2499 -114.195 142
      vertex -43.0945 -118.401 142
    endloop
  endfacet
  facet normal 0 0 1
    outer loop
      vertex -63 -109.119 142
      vertex -52.5 -90.9327 142
      vertex -60.2255 -86.011 142
    endloop
  endfacet
  facet normal 0 0 1
    outer loop
      vertex -52.5 -90.9327 142
      vertex -63 -109.119 142
      vertex -53.2499 -114.195 142
    endloop
  endfacet
  facet normal 0 0 1
    outer loop
      vertex -72.2706 -103.213 142
      vertex -60.2255 -86.011 142
      vertex -67.4927 -80.4347 142
    endloop
  endfacet
  facet normal 0 0 1
    outer loop
      vertex -60.2255 -86.011 142
      vertex -72.2706 -103.213 142
      vertex -63 -109.119 142
    endloop
  endfacet
  facet normal 0 0 1
    outer loop
      vertex -80.9912 -96.5216 142
      vertex -67.4927 -80.4347 142
      vertex -74.2462 -74.2462 142
    endloop
  endfacet
  facet normal 0 0 1
    outer loop
      vertex -89.0955 -89.0955 142
      vertex -74.2462 -74.2462 142
      vertex -80.4347 -67.4927 142
    endloop
  endfacet
  facet normal 0 0 1
    outer loop
      vertex -67.4927 -80.4347 142
      vertex -80.9912 -96.5216 142
      vertex -72.2706 -103.213 142
    endloop
  endfacet
  facet normal 0 0 1
    outer loop
      vertex -96.5216 -80.9912 142
      vertex -80.4347 -67.4927 142
      vertex -86.011 -60.2255 142
    endloop
  endfacet
  facet normal 0 0 1
    outer loop
      vertex -74.2462 -74.2462 142
      vertex -89.0955 -89.0955 142
      vertex -80.9912 -96.5216 142
    endloop
  endfacet
  facet normal 0 0 1
    outer loop
      vertex -103.213 -72.2706 142
      vertex -86.011 -60.2255 142
      vertex -90.9327 -52.5 142
    endloop
  endfacet
  facet normal 0 0 1
    outer loop
      vertex -109.119 -63 142
      vertex -90.9327 -52.5 142
      vertex -95.1623 -44.3749 142
    endloop
  endfacet
  facet normal 0 0 1
    outer loop
      vertex -80.4347 -67.4927 142
      vertex -96.5216 -80.9912 142
      vertex -89.0955 -89.0955 142
    endloop
  endfacet
  facet normal 0 0 1
    outer loop
      vertex -114.195 -53.2499 142
      vertex -95.1623 -44.3749 142
      vertex -98.6677 -35.9121 142
    endloop
  endfacet
  facet normal 0 0 1
    outer loop
      vertex -118.401 -43.0945 142
      vertex -98.6677 -35.9121 142
      vertex -101.422 -27.176 142
    endloop
  endfacet
  facet normal 0 0 1
    outer loop
      vertex -86.011 -60.2255 142
      vertex -103.213 -72.2706 142
      vertex -96.5216 -80.9912 142
    endloop
  endfacet
  facet normal 0 0 1
    outer loop
      vertex -121.707 -32.6112 142
      vertex -101.422 -27.176 142
      vertex -103.405 -18.2331 142
    endloop
  endfacet
  facet normal 0 0 1
    outer loop
      vertex -124.086 -21.8797 142
      vertex -103.405 -18.2331 142
      vertex -104.6 -9.15135 142
    endloop
  endfacet
  facet normal 0 0 1
    outer loop
      vertex -125.521 -10.9816 142
      vertex -104.6 -9.15135 142
      vertex -105 0 142
    endloop
  endfacet
  facet normal 0 0 1
    outer loop
      vertex -101.422 27.176 142
      vertex -121.707 32.6112 142
      vertex -103.405 18.2331 142
    endloop
  endfacet
  facet normal 0 0 1
    outer loop
      vertex -90.9327 -52.5 142
      vertex -109.119 -63 142
      vertex -103.213 -72.2706 142
    endloop
  endfacet
  facet normal -0 0 1
    outer loop
      vertex -124.086 21.8797 142
      vertex -103.405 18.2331 142
      vertex -121.707 32.6112 142
    endloop
  endfacet
  facet normal 0 0 1
    outer loop
      vertex -95.1623 -44.3749 142
      vertex -114.195 -53.2499 142
      vertex -109.119 -63 142
    endloop
  endfacet
  facet normal 0 0 1
    outer loop
      vertex -103.405 18.2331 142
      vertex -124.086 21.8797 142
      vertex -104.6 9.15135 142
    endloop
  endfacet
  facet normal 0 0 1
    outer loop
      vertex -98.6677 -35.9121 142
      vertex -118.401 -43.0945 142
      vertex -114.195 -53.2499 142
    endloop
  endfacet
  facet normal -0 0 1
    outer loop
      vertex -125.521 10.9816 142
      vertex -104.6 9.15135 142
      vertex -124.086 21.8797 142
    endloop
  endfacet
  facet normal 0 0 1
    outer loop
      vertex -101.422 -27.176 142
      vertex -121.707 -32.6112 142
      vertex -118.401 -43.0945 142
    endloop
  endfacet
  facet normal 0 0 1
    outer loop
      vertex -104.6 9.15135 142
      vertex -125.521 10.9816 142
      vertex -105 0 142
    endloop
  endfacet
  facet normal 0 0 1
    outer loop
      vertex -103.405 -18.2331 142
      vertex -124.086 -21.8797 142
      vertex -121.707 -32.6112 142
    endloop
  endfacet
  facet normal 0 0 1
    outer loop
      vertex -126 0 142
      vertex -105 0 142
      vertex -125.521 10.9816 142
    endloop
  endfacet
  facet normal 0 0 1
    outer loop
      vertex -104.6 -9.15135 142
      vertex -125.521 -10.9816 142
      vertex -124.086 -21.8797 142
    endloop
  endfacet
  facet normal 0 0 1
    outer loop
      vertex -105 0 142
      vertex -126 0 142
      vertex -125.521 -10.9816 142
    endloop
  endfacet
  facet normal -0.537304 0.843388 0
    outer loop
      vertex -58 100.459 1
      vertex -66.5349 95.0216 129
      vertex -58 100.459 129
    endloop
  endfacet
  facet normal -0.537304 0.843388 0
    outer loop
      vertex -66.5349 95.0216 129
      vertex -58 100.459 1
      vertex -66.5349 95.0216 1
    endloop
  endfacet
  facet normal -0.608756 0.793357 0
    outer loop
      vertex -66.5349 95.0216 1
      vertex -74.5634 88.8612 129
      vertex -66.5349 95.0216 129
    endloop
  endfacet
  facet normal -0.608756 0.793357 0
    outer loop
      vertex -74.5634 88.8612 129
      vertex -66.5349 95.0216 1
      vertex -74.5634 88.8612 1
    endloop
  endfacet
  facet normal -0.216506 0.976281 0
    outer loop
      vertex -20.1432 114.238 1
      vertex -30.023 112.047 129
      vertex -20.1432 114.238 129
    endloop
  endfacet
  facet normal -0.216506 0.976281 0
    outer loop
      vertex -30.023 112.047 129
      vertex -20.1432 114.238 1
      vertex -30.023 112.047 1
    endloop
  endfacet
  facet normal -0.0435783 0.99905 0
    outer loop
      vertex 0 116 1
      vertex -10.1101 115.559 129
      vertex 0 116 129
    endloop
  endfacet
  facet normal -0.0435783 0.99905 0
    outer loop
      vertex -10.1101 115.559 129
      vertex 0 116 1
      vertex -10.1101 115.559 1
    endloop
  endfacet
  facet normal 0.0435783 -0.99905 0
    outer loop
      vertex 0 -116 1
      vertex 10.1101 -115.559 129
      vertex 0 -116 129
    endloop
  endfacet
  facet normal 0.0435783 -0.99905 0
    outer loop
      vertex 10.1101 -115.559 129
      vertex 0 -116 1
      vertex 10.1101 -115.559 1
    endloop
  endfacet
  facet normal 0.216506 -0.976281 0
    outer loop
      vertex 20.1432 -114.238 1
      vertex 30.023 -112.047 129
      vertex 20.1432 -114.238 129
    endloop
  endfacet
  facet normal 0.216506 -0.976281 0
    outer loop
      vertex 30.023 -112.047 129
      vertex 20.1432 -114.238 1
      vertex 30.023 -112.047 1
    endloop
  endfacet
  facet normal 0.608756 -0.793357 0
    outer loop
      vertex 66.5349 -95.0216 1
      vertex 74.5634 -88.8612 129
      vertex 66.5349 -95.0216 129
    endloop
  endfacet
  facet normal 0.608756 -0.793357 0
    outer loop
      vertex 74.5634 -88.8612 129
      vertex 66.5349 -95.0216 1
      vertex 74.5634 -88.8612 1
    endloop
  endfacet
  facet normal 0.737275 -0.675593 0
    outer loop
      vertex 82.0244 -82.0244 129
      vertex 88.8612 -74.5634 1
      vertex 88.8612 -74.5634 129
    endloop
  endfacet
  facet normal 0.737275 -0.675593 0
    outer loop
      vertex 88.8612 -74.5634 1
      vertex 82.0244 -82.0244 129
      vertex 82.0244 -82.0244 1
    endloop
  endfacet
  facet normal 0.843388 -0.537304 0
    outer loop
      vertex 95.0216 -66.5349 129
      vertex 100.459 -58 1
      vertex 100.459 -58 129
    endloop
  endfacet
  facet normal 0.843388 -0.537304 0
    outer loop
      vertex 100.459 -58 1
      vertex 95.0216 -66.5349 129
      vertex 95.0216 -66.5349 1
    endloop
  endfacet
  facet normal -0.675593 -0.737275 0
    outer loop
      vertex -82.0244 -82.0244 1
      vertex -74.5634 -88.8612 129
      vertex -82.0244 -82.0244 129
    endloop
  endfacet
  facet normal -0.675593 -0.737275 -0
    outer loop
      vertex -74.5634 -88.8612 129
      vertex -82.0244 -82.0244 1
      vertex -74.5634 -88.8612 1
    endloop
  endfacet
  facet normal -0.537304 -0.843388 0
    outer loop
      vertex -66.5349 -95.0216 1
      vertex -58 -100.459 129
      vertex -66.5349 -95.0216 129
    endloop
  endfacet
  facet normal -0.537304 -0.843388 -0
    outer loop
      vertex -58 -100.459 129
      vertex -66.5349 -95.0216 1
      vertex -58 -100.459 1
    endloop
  endfacet
  facet normal -0.300702 -0.953718 0
    outer loop
      vertex -39.6743 -109.004 1
      vertex -30.023 -112.047 129
      vertex -39.6743 -109.004 129
    endloop
  endfacet
  facet normal -0.300702 -0.953718 -0
    outer loop
      vertex -30.023 -112.047 129
      vertex -39.6743 -109.004 1
      vertex -30.023 -112.047 1
    endloop
  endfacet
  facet normal -0.130538 -0.991443 0
    outer loop
      vertex -20.1432 -114.238 1
      vertex -10.1101 -115.559 129
      vertex -20.1432 -114.238 129
    endloop
  endfacet
  facet normal -0.130538 -0.991443 -0
    outer loop
      vertex -10.1101 -115.559 129
      vertex -20.1432 -114.238 1
      vertex -10.1101 -115.559 1
    endloop
  endfacet
  facet normal -0.793357 -0.608756 0
    outer loop
      vertex -88.8612 -74.5634 1
      vertex -95.0216 -66.5349 129
      vertex -95.0216 -66.5349 1
    endloop
  endfacet
  facet normal -0.793357 -0.608756 0
    outer loop
      vertex -95.0216 -66.5349 129
      vertex -88.8612 -74.5634 1
      vertex -88.8612 -74.5634 129
    endloop
  endfacet
  facet normal -0.976281 -0.216506 0
    outer loop
      vertex -112.047 -30.023 1
      vertex -114.238 -20.1432 129
      vertex -114.238 -20.1432 1
    endloop
  endfacet
  facet normal -0.976281 -0.216506 0
    outer loop
      vertex -114.238 -20.1432 129
      vertex -112.047 -30.023 1
      vertex -112.047 -30.023 129
    endloop
  endfacet
  facet normal -0.99905 -0.0435783 0
    outer loop
      vertex -115.559 -10.1101 1
      vertex -116 0 129
      vertex -116 0 1
    endloop
  endfacet
  facet normal -0.99905 -0.0435783 0
    outer loop
      vertex -116 0 129
      vertex -115.559 -10.1101 1
      vertex -115.559 -10.1101 129
    endloop
  endfacet
  facet normal 0.461767 0.887001 -0
    outer loop
      vertex 58 100.459 1
      vertex 49.0237 105.132 129
      vertex 58 100.459 129
    endloop
  endfacet
  facet normal 0.461767 0.887001 0
    outer loop
      vertex 49.0237 105.132 129
      vertex 58 100.459 1
      vertex 49.0237 105.132 1
    endloop
  endfacet
  facet normal -0.887001 0.461767 0
    outer loop
      vertex -105.132 49.0237 1
      vertex -100.459 58 129
      vertex -100.459 58 1
    endloop
  endfacet
  facet normal -0.887001 0.461767 0
    outer loop
      vertex -100.459 58 129
      vertex -105.132 49.0237 1
      vertex -105.132 49.0237 129
    endloop
  endfacet
  facet normal -0.461767 0.887001 0
    outer loop
      vertex -49.0237 105.132 1
      vertex -58 100.459 129
      vertex -49.0237 105.132 129
    endloop
  endfacet
  facet normal -0.461767 0.887001 0
    outer loop
      vertex -58 100.459 129
      vertex -49.0237 105.132 1
      vertex -58 100.459 1
    endloop
  endfacet
  facet normal -0.382629 0.923902 0
    outer loop
      vertex -39.6743 109.004 1
      vertex -49.0237 105.132 129
      vertex -39.6743 109.004 129
    endloop
  endfacet
  facet normal -0.382629 0.923902 0
    outer loop
      vertex -49.0237 105.132 129
      vertex -39.6743 109.004 1
      vertex -49.0237 105.132 1
    endloop
  endfacet
  facet normal 0.130538 -0.991443 0
    outer loop
      vertex 10.1101 -115.559 1
      vertex 20.1432 -114.238 129
      vertex 10.1101 -115.559 129
    endloop
  endfacet
  facet normal 0.130538 -0.991443 0
    outer loop
      vertex 20.1432 -114.238 129
      vertex 10.1101 -115.559 1
      vertex 20.1432 -114.238 1
    endloop
  endfacet
  facet normal 0.300702 -0.953718 0
    outer loop
      vertex 30.023 -112.047 1
      vertex 39.6743 -109.004 129
      vertex 30.023 -112.047 129
    endloop
  endfacet
  facet normal 0.300702 -0.953718 0
    outer loop
      vertex 39.6743 -109.004 129
      vertex 30.023 -112.047 1
      vertex 39.6743 -109.004 1
    endloop
  endfacet
  facet normal 0.675593 -0.737275 0
    outer loop
      vertex 74.5634 -88.8612 1
      vertex 82.0244 -82.0244 129
      vertex 74.5634 -88.8612 129
    endloop
  endfacet
  facet normal 0.675593 -0.737275 0
    outer loop
      vertex 82.0244 -82.0244 129
      vertex 74.5634 -88.8612 1
      vertex 82.0244 -82.0244 1
    endloop
  endfacet
  facet normal 0.537304 -0.843388 0
    outer loop
      vertex 58 -100.459 1
      vertex 66.5349 -95.0216 129
      vertex 58 -100.459 129
    endloop
  endfacet
  facet normal 0.537304 -0.843388 0
    outer loop
      vertex 66.5349 -95.0216 129
      vertex 58 -100.459 1
      vertex 66.5349 -95.0216 1
    endloop
  endfacet
  facet normal 0.382629 -0.923902 0
    outer loop
      vertex 39.6743 -109.004 1
      vertex 49.0237 -105.132 129
      vertex 39.6743 -109.004 129
    endloop
  endfacet
  facet normal 0.382629 -0.923902 0
    outer loop
      vertex 49.0237 -105.132 129
      vertex 39.6743 -109.004 1
      vertex 49.0237 -105.132 1
    endloop
  endfacet
  facet normal 0.793357 -0.608756 0
    outer loop
      vertex 88.8612 -74.5634 129
      vertex 95.0216 -66.5349 1
      vertex 95.0216 -66.5349 129
    endloop
  endfacet
  facet normal 0.793357 -0.608756 0
    outer loop
      vertex 95.0216 -66.5349 1
      vertex 88.8612 -74.5634 129
      vertex 88.8612 -74.5634 1
    endloop
  endfacet
  facet normal 0.887001 -0.461767 0
    outer loop
      vertex 100.459 -58 129
      vertex 105.132 -49.0237 1
      vertex 105.132 -49.0237 129
    endloop
  endfacet
  facet normal 0.887001 -0.461767 0
    outer loop
      vertex 105.132 -49.0237 1
      vertex 100.459 -58 129
      vertex 100.459 -58 1
    endloop
  endfacet
  facet normal 0.976281 -0.216506 0
    outer loop
      vertex 112.047 -30.023 129
      vertex 114.238 -20.1432 1
      vertex 114.238 -20.1432 129
    endloop
  endfacet
  facet normal 0.976281 -0.216506 0
    outer loop
      vertex 114.238 -20.1432 1
      vertex 112.047 -30.023 129
      vertex 112.047 -30.023 1
    endloop
  endfacet
  facet normal 0.953718 -0.300702 0
    outer loop
      vertex 109.004 -39.6743 129
      vertex 112.047 -30.023 1
      vertex 112.047 -30.023 129
    endloop
  endfacet
  facet normal 0.953718 -0.300702 0
    outer loop
      vertex 112.047 -30.023 1
      vertex 109.004 -39.6743 129
      vertex 109.004 -39.6743 1
    endloop
  endfacet
  facet normal 0.991443 -0.130538 0
    outer loop
      vertex 114.238 -20.1432 129
      vertex 115.559 -10.1101 1
      vertex 115.559 -10.1101 129
    endloop
  endfacet
  facet normal 0.991443 -0.130538 0
    outer loop
      vertex 115.559 -10.1101 1
      vertex 114.238 -20.1432 129
      vertex 114.238 -20.1432 1
    endloop
  endfacet
  facet normal -0.608756 -0.793357 0
    outer loop
      vertex -74.5634 -88.8612 1
      vertex -66.5349 -95.0216 129
      vertex -74.5634 -88.8612 129
    endloop
  endfacet
  facet normal -0.608756 -0.793357 -0
    outer loop
      vertex -66.5349 -95.0216 129
      vertex -74.5634 -88.8612 1
      vertex -66.5349 -95.0216 1
    endloop
  endfacet
  facet normal -0.461767 -0.887001 0
    outer loop
      vertex -58 -100.459 1
      vertex -49.0237 -105.132 129
      vertex -58 -100.459 129
    endloop
  endfacet
  facet normal -0.461767 -0.887001 -0
    outer loop
      vertex -49.0237 -105.132 129
      vertex -58 -100.459 1
      vertex -49.0237 -105.132 1
    endloop
  endfacet
  facet normal -0.216506 -0.976281 0
    outer loop
      vertex -30.023 -112.047 1
      vertex -20.1432 -114.238 129
      vertex -30.023 -112.047 129
    endloop
  endfacet
  facet normal -0.216506 -0.976281 -0
    outer loop
      vertex -20.1432 -114.238 129
      vertex -30.023 -112.047 1
      vertex -20.1432 -114.238 1
    endloop
  endfacet
  facet normal -0.0435783 -0.99905 0
    outer loop
      vertex -10.1101 -115.559 1
      vertex 0 -116 129
      vertex -10.1101 -115.559 129
    endloop
  endfacet
  facet normal -0.0435783 -0.99905 -0
    outer loop
      vertex 0 -116 129
      vertex -10.1101 -115.559 1
      vertex 0 -116 1
    endloop
  endfacet
  facet normal -0.923902 -0.382629 0
    outer loop
      vertex -105.132 -49.0237 1
      vertex -109.004 -39.6743 129
      vertex -109.004 -39.6743 1
    endloop
  endfacet
  facet normal -0.923902 -0.382629 0
    outer loop
      vertex -109.004 -39.6743 129
      vertex -105.132 -49.0237 1
      vertex -105.132 -49.0237 129
    endloop
  endfacet
  facet normal -0.843388 -0.537304 0
    outer loop
      vertex -95.0216 -66.5349 1
      vertex -100.459 -58 129
      vertex -100.459 -58 1
    endloop
  endfacet
  facet normal -0.843388 -0.537304 0
    outer loop
      vertex -100.459 -58 129
      vertex -95.0216 -66.5349 1
      vertex -95.0216 -66.5349 129
    endloop
  endfacet
  facet normal -0.737275 -0.675593 0
    outer loop
      vertex -82.0244 -82.0244 1
      vertex -88.8612 -74.5634 129
      vertex -88.8612 -74.5634 1
    endloop
  endfacet
  facet normal -0.737275 -0.675593 0
    outer loop
      vertex -88.8612 -74.5634 129
      vertex -82.0244 -82.0244 1
      vertex -82.0244 -82.0244 129
    endloop
  endfacet
  facet normal -0.953718 -0.300702 0
    outer loop
      vertex -109.004 -39.6743 1
      vertex -112.047 -30.023 129
      vertex -112.047 -30.023 1
    endloop
  endfacet
  facet normal -0.953718 -0.300702 0
    outer loop
      vertex -112.047 -30.023 129
      vertex -109.004 -39.6743 1
      vertex -109.004 -39.6743 129
    endloop
  endfacet
  facet normal -0.991443 -0.130538 0
    outer loop
      vertex -114.238 -20.1432 1
      vertex -115.559 -10.1101 129
      vertex -115.559 -10.1101 1
    endloop
  endfacet
  facet normal -0.991443 -0.130538 0
    outer loop
      vertex -115.559 -10.1101 129
      vertex -114.238 -20.1432 1
      vertex -114.238 -20.1432 129
    endloop
  endfacet
  facet normal 0.461767 -0.887001 0
    outer loop
      vertex 49.0237 -105.132 1
      vertex 58 -100.459 129
      vertex 49.0237 -105.132 129
    endloop
  endfacet
  facet normal 0.461767 -0.887001 0
    outer loop
      vertex 58 -100.459 129
      vertex 49.0237 -105.132 1
      vertex 58 -100.459 1
    endloop
  endfacet
  facet normal 0.923902 -0.382629 0
    outer loop
      vertex 105.132 -49.0237 129
      vertex 109.004 -39.6743 1
      vertex 109.004 -39.6743 129
    endloop
  endfacet
  facet normal 0.923902 -0.382629 0
    outer loop
      vertex 109.004 -39.6743 1
      vertex 105.132 -49.0237 129
      vertex 105.132 -49.0237 1
    endloop
  endfacet
  facet normal 0.99905 -0.0435783 0
    outer loop
      vertex 115.559 -10.1101 129
      vertex 116 0 1
      vertex 116 0 129
    endloop
  endfacet
  facet normal 0.99905 -0.0435783 0
    outer loop
      vertex 116 0 1
      vertex 115.559 -10.1101 129
      vertex 115.559 -10.1101 1
    endloop
  endfacet
  facet normal -0.382629 -0.923902 0
    outer loop
      vertex -49.0237 -105.132 1
      vertex -39.6743 -109.004 129
      vertex -49.0237 -105.132 129
    endloop
  endfacet
  facet normal -0.382629 -0.923902 -0
    outer loop
      vertex -39.6743 -109.004 129
      vertex -49.0237 -105.132 1
      vertex -39.6743 -109.004 1
    endloop
  endfacet
  facet normal -0.887001 -0.461767 0
    outer loop
      vertex -100.459 -58 1
      vertex -105.132 -49.0237 129
      vertex -105.132 -49.0237 1
    endloop
  endfacet
  facet normal -0.887001 -0.461767 0
    outer loop
      vertex -105.132 -49.0237 129
      vertex -100.459 -58 1
      vertex -100.459 -58 129
    endloop
  endfacet
  facet normal 0.675595 0.737273 -0
    outer loop
      vertex -80.4541 9.54594 -17
      vertex -81.3224 10.3416 -8
      vertex -80.4541 9.54594 -8
    endloop
  endfacet
  facet normal 0.675595 0.737273 0
    outer loop
      vertex -81.3224 10.3416 -8
      vertex -80.4541 9.54594 -17
      vertex -81.3224 10.3416 -17
    endloop
  endfacet
  facet normal 0.999047 -0.0436436 0
    outer loop
      vertex -76.5514 -1.1766 -8
      vertex -76.5 0 -17
      vertex -76.5 0 -8
    endloop
  endfacet
  facet normal 0.999047 -0.0436436 0
    outer loop
      vertex -76.5 0 -17
      vertex -76.5514 -1.1766 -8
      vertex -76.5514 -1.1766 -17
    endloop
  endfacet
  facet normal -0.382709 0.923869 0
    outer loop
      vertex -94.6173 12.6859 -17
      vertex -95.7053 12.2352 -8
      vertex -94.6173 12.6859 -8
    endloop
  endfacet
  facet normal -0.382709 0.923869 0
    outer loop
      vertex -95.7053 12.2352 -8
      vertex -94.6173 12.6859 -17
      vertex -95.7053 12.2352 -17
    endloop
  endfacet
  facet normal -0.886945 0.461875 0
    outer loop
      vertex -102.235 5.70535 -17
      vertex -101.691 6.75 -8
      vertex -101.691 6.75 -17
    endloop
  endfacet
  facet normal -0.886945 0.461875 0
    outer loop
      vertex -101.691 6.75 -8
      vertex -102.235 5.70535 -17
      vertex -102.235 5.70535 -8
    endloop
  endfacet
  facet normal 0.923879 0.382685 0
    outer loop
      vertex -77.3141 4.61727 -8
      vertex -77.7648 5.70535 -17
      vertex -77.7648 5.70535 -8
    endloop
  endfacet
  facet normal 0.923879 0.382685 0
    outer loop
      vertex -77.7648 5.70535 -17
      vertex -77.3141 4.61727 -8
      vertex -77.3141 4.61727 -17
    endloop
  endfacet
  facet normal 0.88698 0.461808 0
    outer loop
      vertex -77.7648 5.70535 -8
      vertex -78.3087 6.75 -17
      vertex -78.3087 6.75 -8
    endloop
  endfacet
  facet normal 0.88698 0.461808 0
    outer loop
      vertex -78.3087 6.75 -17
      vertex -77.7648 5.70535 -8
      vertex -77.7648 5.70535 -17
    endloop
  endfacet
  facet normal 0.461791 0.886989 -0
    outer loop
      vertex -83.25 11.6913 -17
      vertex -84.2947 12.2352 -8
      vertex -83.25 11.6913 -8
    endloop
  endfacet
  facet normal 0.461791 0.886989 0
    outer loop
      vertex -84.2947 12.2352 -8
      vertex -83.25 11.6913 -17
      vertex -84.2947 12.2352 -17
    endloop
  endfacet
  facet normal 0.216436 0.976297 -0
    outer loop
      vertex -86.5059 13.04 -17
      vertex -87.6557 13.2949 -8
      vertex -86.5059 13.04 -8
    endloop
  endfacet
  facet normal 0.216436 0.976297 0
    outer loop
      vertex -87.6557 13.2949 -8
      vertex -86.5059 13.04 -17
      vertex -87.6557 13.2949 -17
    endloop
  endfacet
  facet normal -0.976279 0.216515 0
    outer loop
      vertex -103.295 2.34425 -17
      vertex -103.04 3.49406 -8
      vertex -103.04 3.49406 -17
    endloop
  endfacet
  facet normal -0.976279 0.216515 0
    outer loop
      vertex -103.04 3.49406 -8
      vertex -103.295 2.34425 -17
      vertex -103.295 2.34425 -8
    endloop
  endfacet
  facet normal -0.737091 0.675793 0
    outer loop
      vertex -100.342 8.67763 -17
      vertex -99.5459 9.54594 -8
      vertex -99.5459 9.54594 -17
    endloop
  endfacet
  facet normal -0.737091 0.675793 0
    outer loop
      vertex -99.5459 9.54594 -8
      vertex -100.342 8.67763 -17
      vertex -100.342 8.67763 -8
    endloop
  endfacet
  facet normal -0.216436 0.976297 0
    outer loop
      vertex -92.3443 13.2949 -17
      vertex -93.4941 13.04 -8
      vertex -92.3443 13.2949 -8
    endloop
  endfacet
  facet normal -0.216436 0.976297 0
    outer loop
      vertex -93.4941 13.04 -8
      vertex -92.3443 13.2949 -17
      vertex -93.4941 13.04 -17
    endloop
  endfacet
  facet normal 0.923879 -0.382685 0
    outer loop
      vertex -77.7648 -5.70535 -8
      vertex -77.3141 -4.61727 -17
      vertex -77.3141 -4.61727 -8
    endloop
  endfacet
  facet normal 0.923879 -0.382685 0
    outer loop
      vertex -77.3141 -4.61727 -17
      vertex -77.7648 -5.70535 -8
      vertex -77.7648 -5.70535 -17
    endloop
  endfacet
  facet normal -0.216436 -0.976297 0
    outer loop
      vertex -93.4941 -13.04 -17
      vertex -92.3443 -13.2949 -8
      vertex -93.4941 -13.04 -8
    endloop
  endfacet
  facet normal -0.216436 -0.976297 -0
    outer loop
      vertex -92.3443 -13.2949 -8
      vertex -93.4941 -13.04 -17
      vertex -92.3443 -13.2949 -17
    endloop
  endfacet
  facet normal -0.675595 -0.737273 0
    outer loop
      vertex -99.5459 -9.54594 -17
      vertex -98.6776 -10.3416 -8
      vertex -99.5459 -9.54594 -8
    endloop
  endfacet
  facet normal -0.675595 -0.737273 -0
    outer loop
      vertex -98.6776 -10.3416 -8
      vertex -99.5459 -9.54594 -17
      vertex -98.6776 -10.3416 -17
    endloop
  endfacet
  facet normal 0.991448 0.130506 0
    outer loop
      vertex -76.5514 1.1766 -8
      vertex -76.7051 2.34425 -17
      vertex -76.7051 2.34425 -8
    endloop
  endfacet
  facet normal 0.991448 0.130506 0
    outer loop
      vertex -76.7051 2.34425 -17
      vertex -76.5514 1.1766 -8
      vertex -76.5514 1.1766 -17
    endloop
  endfacet
  facet normal 0.976297 0.216434 0
    outer loop
      vertex -76.7051 2.34425 -8
      vertex -76.96 3.49406 -17
      vertex -76.96 3.49406 -8
    endloop
  endfacet
  facet normal 0.976297 0.216434 0
    outer loop
      vertex -76.96 3.49406 -17
      vertex -76.7051 2.34425 -8
      vertex -76.7051 2.34425 -17
    endloop
  endfacet
  facet normal 0.953728 0.30067 0
    outer loop
      vertex -76.96 3.49406 -8
      vertex -77.3141 4.61727 -17
      vertex -77.3141 4.61727 -8
    endloop
  endfacet
  facet normal 0.953728 0.30067 0
    outer loop
      vertex -77.3141 4.61727 -17
      vertex -76.96 3.49406 -8
      vertex -76.96 3.49406 -17
    endloop
  endfacet
  facet normal 0.793334 0.608787 0
    outer loop
      vertex -78.9414 7.74328 -8
      vertex -79.6584 8.67763 -17
      vertex -79.6584 8.67763 -8
    endloop
  endfacet
  facet normal 0.793334 0.608787 0
    outer loop
      vertex -79.6584 8.67763 -17
      vertex -78.9414 7.74328 -8
      vertex -78.9414 7.74328 -17
    endloop
  endfacet
  facet normal 0.843426 0.537246 0
    outer loop
      vertex -78.3087 6.75 -8
      vertex -78.9414 7.74328 -17
      vertex -78.9414 7.74328 -8
    endloop
  endfacet
  facet normal 0.843426 0.537246 0
    outer loop
      vertex -78.9414 7.74328 -17
      vertex -78.3087 6.75 -8
      vertex -78.3087 6.75 -17
    endloop
  endfacet
  facet normal 0.73726 0.675609 0
    outer loop
      vertex -79.6584 8.67763 -8
      vertex -80.4541 9.54594 -17
      vertex -80.4541 9.54594 -8
    endloop
  endfacet
  facet normal 0.73726 0.675609 0
    outer loop
      vertex -80.4541 9.54594 -17
      vertex -79.6584 8.67763 -8
      vertex -79.6584 8.67763 -17
    endloop
  endfacet
  facet normal 0.608808 0.793318 -0
    outer loop
      vertex -81.3224 10.3416 -17
      vertex -82.2567 11.0586 -8
      vertex -81.3224 10.3416 -8
    endloop
  endfacet
  facet normal 0.608808 0.793318 0
    outer loop
      vertex -82.2567 11.0586 -8
      vertex -81.3224 10.3416 -17
      vertex -82.2567 11.0586 -17
    endloop
  endfacet
  facet normal 0.0436436 0.999047 -0
    outer loop
      vertex -88.8234 13.4486 -17
      vertex -90 13.5 -8
      vertex -88.8234 13.4486 -8
    endloop
  endfacet
  facet normal 0.0436436 0.999047 0
    outer loop
      vertex -90 13.5 -8
      vertex -88.8234 13.4486 -17
      vertex -90 13.5 -17
    endloop
  endfacet
  facet normal 0.537238 0.843431 -0
    outer loop
      vertex -82.2567 11.0586 -17
      vertex -83.25 11.6913 -8
      vertex -82.2567 11.0586 -8
    endloop
  endfacet
  facet normal 0.537238 0.843431 0
    outer loop
      vertex -83.25 11.6913 -8
      vertex -82.2567 11.0586 -17
      vertex -83.25 11.6913 -17
    endloop
  endfacet
  facet normal 0.382709 0.923869 -0
    outer loop
      vertex -84.2947 12.2352 -17
      vertex -85.3827 12.6859 -8
      vertex -84.2947 12.2352 -8
    endloop
  endfacet
  facet normal 0.382709 0.923869 0
    outer loop
      vertex -85.3827 12.6859 -8
      vertex -84.2947 12.2352 -17
      vertex -85.3827 12.6859 -17
    endloop
  endfacet
  facet normal 0.300672 0.953728 -0
    outer loop
      vertex -85.3827 12.6859 -17
      vertex -86.5059 13.04 -8
      vertex -85.3827 12.6859 -8
    endloop
  endfacet
  facet normal 0.300672 0.953728 0
    outer loop
      vertex -86.5059 13.04 -8
      vertex -85.3827 12.6859 -17
      vertex -86.5059 13.04 -17
    endloop
  endfacet
  facet normal -0.999062 0.0433046 0
    outer loop
      vertex -103.5 0 -17
      vertex -103.449 1.1766 -8
      vertex -103.449 1.1766 -17
    endloop
  endfacet
  facet normal -0.999062 0.0433046 0
    outer loop
      vertex -103.449 1.1766 -8
      vertex -103.5 0 -17
      vertex -103.5 0 -8
    endloop
  endfacet
  facet normal -0.923789 0.382903 0
    outer loop
      vertex -102.686 4.61727 -17
      vertex -102.235 5.70535 -8
      vertex -102.235 5.70535 -17
    endloop
  endfacet
  facet normal -0.923789 0.382903 0
    outer loop
      vertex -102.235 5.70535 -8
      vertex -102.686 4.61727 -17
      vertex -102.686 4.61727 -8
    endloop
  endfacet
  facet normal -0.953753 0.300592 0
    outer loop
      vertex -103.04 3.49406 -17
      vertex -102.686 4.61727 -8
      vertex -102.686 4.61727 -17
    endloop
  endfacet
  facet normal -0.953753 0.300592 0
    outer loop
      vertex -102.686 4.61727 -8
      vertex -103.04 3.49406 -17
      vertex -103.04 3.49406 -8
    endloop
  endfacet
  facet normal -0.843695 0.536823 0
    outer loop
      vertex -101.691 6.75 -17
      vertex -101.059 7.74328 -8
      vertex -101.059 7.74328 -17
    endloop
  endfacet
  facet normal -0.843695 0.536823 0
    outer loop
      vertex -101.059 7.74328 -8
      vertex -101.691 6.75 -17
      vertex -101.691 6.75 -8
    endloop
  endfacet
  facet normal -0.793334 0.608787 0
    outer loop
      vertex -101.059 7.74328 -17
      vertex -100.342 8.67763 -8
      vertex -100.342 8.67763 -17
    endloop
  endfacet
  facet normal -0.793334 0.608787 0
    outer loop
      vertex -100.342 8.67763 -8
      vertex -101.059 7.74328 -17
      vertex -101.059 7.74328 -8
    endloop
  endfacet
  facet normal -0.0436436 0.999047 0
    outer loop
      vertex -90 13.5 -17
      vertex -91.1766 13.4486 -8
      vertex -90 13.5 -8
    endloop
  endfacet
  facet normal -0.0436436 0.999047 0
    outer loop
      vertex -91.1766 13.4486 -8
      vertex -90 13.5 -17
      vertex -91.1766 13.4486 -17
    endloop
  endfacet
  facet normal -0.300672 0.953728 0
    outer loop
      vertex -93.4941 13.04 -17
      vertex -94.6173 12.6859 -8
      vertex -93.4941 13.04 -8
    endloop
  endfacet
  facet normal -0.300672 0.953728 0
    outer loop
      vertex -94.6173 12.6859 -8
      vertex -93.4941 13.04 -17
      vertex -94.6173 12.6859 -17
    endloop
  endfacet
  facet normal -0.537238 0.843431 0
    outer loop
      vertex -96.75 11.6913 -17
      vertex -97.7433 11.0586 -8
      vertex -96.75 11.6913 -8
    endloop
  endfacet
  facet normal -0.537238 0.843431 0
    outer loop
      vertex -97.7433 11.0586 -8
      vertex -96.75 11.6913 -17
      vertex -97.7433 11.0586 -17
    endloop
  endfacet
  facet normal -0.608808 0.793318 0
    outer loop
      vertex -97.7433 11.0586 -17
      vertex -98.6776 10.3416 -8
      vertex -97.7433 11.0586 -8
    endloop
  endfacet
  facet normal -0.608808 0.793318 0
    outer loop
      vertex -98.6776 10.3416 -8
      vertex -97.7433 11.0586 -17
      vertex -98.6776 10.3416 -17
    endloop
  endfacet
  facet normal -0.461791 0.886989 0
    outer loop
      vertex -95.7053 12.2352 -17
      vertex -96.75 11.6913 -8
      vertex -95.7053 12.2352 -8
    endloop
  endfacet
  facet normal -0.461791 0.886989 0
    outer loop
      vertex -96.75 11.6913 -8
      vertex -95.7053 12.2352 -17
      vertex -96.75 11.6913 -17
    endloop
  endfacet
  facet normal -0.675595 0.737273 0
    outer loop
      vertex -98.6776 10.3416 -17
      vertex -99.5459 9.54594 -8
      vertex -98.6776 10.3416 -8
    endloop
  endfacet
  facet normal -0.675595 0.737273 0
    outer loop
      vertex -99.5459 9.54594 -8
      vertex -98.6776 10.3416 -17
      vertex -99.5459 9.54594 -17
    endloop
  endfacet
  facet normal 0.999047 0.0436436 0
    outer loop
      vertex -76.5 0 -8
      vertex -76.5514 1.1766 -17
      vertex -76.5514 1.1766 -8
    endloop
  endfacet
  facet normal 0.999047 0.0436436 0
    outer loop
      vertex -76.5514 1.1766 -17
      vertex -76.5 0 -8
      vertex -76.5 0 -17
    endloop
  endfacet
  facet normal 0.953728 -0.30067 0
    outer loop
      vertex -77.3141 -4.61727 -8
      vertex -76.96 -3.49406 -17
      vertex -76.96 -3.49406 -8
    endloop
  endfacet
  facet normal 0.953728 -0.30067 0
    outer loop
      vertex -76.96 -3.49406 -17
      vertex -77.3141 -4.61727 -8
      vertex -77.3141 -4.61727 -17
    endloop
  endfacet
  facet normal 0.73726 -0.675609 0
    outer loop
      vertex -80.4541 -9.54594 -8
      vertex -79.6584 -8.67763 -17
      vertex -79.6584 -8.67763 -8
    endloop
  endfacet
  facet normal 0.73726 -0.675609 0
    outer loop
      vertex -79.6584 -8.67763 -17
      vertex -80.4541 -9.54594 -8
      vertex -80.4541 -9.54594 -17
    endloop
  endfacet
  facet normal 0.300672 -0.953728 0
    outer loop
      vertex -86.5059 -13.04 -17
      vertex -85.3827 -12.6859 -8
      vertex -86.5059 -13.04 -8
    endloop
  endfacet
  facet normal 0.300672 -0.953728 0
    outer loop
      vertex -85.3827 -12.6859 -8
      vertex -86.5059 -13.04 -17
      vertex -85.3827 -12.6859 -17
    endloop
  endfacet
  facet normal 0.608808 -0.793318 0
    outer loop
      vertex -82.2567 -11.0586 -17
      vertex -81.3224 -10.3416 -8
      vertex -82.2567 -11.0586 -8
    endloop
  endfacet
  facet normal 0.608808 -0.793318 0
    outer loop
      vertex -81.3224 -10.3416 -8
      vertex -82.2567 -11.0586 -17
      vertex -81.3224 -10.3416 -17
    endloop
  endfacet
  facet normal 0.461791 -0.886989 0
    outer loop
      vertex -84.2947 -12.2352 -17
      vertex -83.25 -11.6913 -8
      vertex -84.2947 -12.2352 -8
    endloop
  endfacet
  facet normal 0.461791 -0.886989 0
    outer loop
      vertex -83.25 -11.6913 -8
      vertex -84.2947 -12.2352 -17
      vertex -83.25 -11.6913 -17
    endloop
  endfacet
  facet normal -0.0436436 -0.999047 0
    outer loop
      vertex -91.1766 -13.4486 -17
      vertex -90 -13.5 -8
      vertex -91.1766 -13.4486 -8
    endloop
  endfacet
  facet normal -0.0436436 -0.999047 -0
    outer loop
      vertex -90 -13.5 -8
      vertex -91.1766 -13.4486 -17
      vertex -90 -13.5 -17
    endloop
  endfacet
  facet normal -0.382709 -0.923869 0
    outer loop
      vertex -95.7053 -12.2352 -17
      vertex -94.6173 -12.6859 -8
      vertex -95.7053 -12.2352 -8
    endloop
  endfacet
  facet normal -0.382709 -0.923869 -0
    outer loop
      vertex -94.6173 -12.6859 -8
      vertex -95.7053 -12.2352 -17
      vertex -94.6173 -12.6859 -17
    endloop
  endfacet
  facet normal -0.537238 -0.843431 0
    outer loop
      vertex -97.7433 -11.0586 -17
      vertex -96.75 -11.6913 -8
      vertex -97.7433 -11.0586 -8
    endloop
  endfacet
  facet normal -0.537238 -0.843431 -0
    outer loop
      vertex -96.75 -11.6913 -8
      vertex -97.7433 -11.0586 -17
      vertex -96.75 -11.6913 -17
    endloop
  endfacet
  facet normal -0.953753 -0.300592 0
    outer loop
      vertex -102.686 -4.61727 -17
      vertex -103.04 -3.49406 -8
      vertex -103.04 -3.49406 -17
    endloop
  endfacet
  facet normal -0.953753 -0.300592 0
    outer loop
      vertex -103.04 -3.49406 -8
      vertex -102.686 -4.61727 -17
      vertex -102.686 -4.61727 -8
    endloop
  endfacet
  facet normal -0.999062 -0.0433046 0
    outer loop
      vertex -103.449 -1.1766 -17
      vertex -103.5 0 -8
      vertex -103.5 0 -17
    endloop
  endfacet
  facet normal -0.999062 -0.0433046 0
    outer loop
      vertex -103.5 0 -8
      vertex -103.449 -1.1766 -17
      vertex -103.449 -1.1766 -8
    endloop
  endfacet
  facet normal -0.793334 -0.608787 0
    outer loop
      vertex -100.342 -8.67763 -17
      vertex -101.059 -7.74328 -8
      vertex -101.059 -7.74328 -17
    endloop
  endfacet
  facet normal -0.793334 -0.608787 0
    outer loop
      vertex -101.059 -7.74328 -8
      vertex -100.342 -8.67763 -17
      vertex -100.342 -8.67763 -8
    endloop
  endfacet
  facet normal -0.886945 -0.461875 0
    outer loop
      vertex -101.691 -6.75 -17
      vertex -102.235 -5.70535 -8
      vertex -102.235 -5.70535 -17
    endloop
  endfacet
  facet normal -0.886945 -0.461875 0
    outer loop
      vertex -102.235 -5.70535 -8
      vertex -101.691 -6.75 -17
      vertex -101.691 -6.75 -8
    endloop
  endfacet
  facet normal -0.737091 -0.675793 0
    outer loop
      vertex -99.5459 -9.54594 -17
      vertex -100.342 -8.67763 -8
      vertex -100.342 -8.67763 -17
    endloop
  endfacet
  facet normal -0.737091 -0.675793 0
    outer loop
      vertex -100.342 -8.67763 -8
      vertex -99.5459 -9.54594 -17
      vertex -99.5459 -9.54594 -8
    endloop
  endfacet
  facet normal -0.130501 0.991448 0
    outer loop
      vertex -91.1766 13.4486 -17
      vertex -92.3443 13.2949 -8
      vertex -91.1766 13.4486 -8
    endloop
  endfacet
  facet normal -0.130501 0.991448 0
    outer loop
      vertex -92.3443 13.2949 -8
      vertex -91.1766 13.4486 -17
      vertex -92.3443 13.2949 -17
    endloop
  endfacet
  facet normal 0.991448 -0.130506 0
    outer loop
      vertex -76.7051 -2.34425 -8
      vertex -76.5514 -1.1766 -17
      vertex -76.5514 -1.1766 -8
    endloop
  endfacet
  facet normal 0.991448 -0.130506 0
    outer loop
      vertex -76.5514 -1.1766 -17
      vertex -76.7051 -2.34425 -8
      vertex -76.7051 -2.34425 -17
    endloop
  endfacet
  facet normal 0.976297 -0.216434 0
    outer loop
      vertex -76.96 -3.49406 -8
      vertex -76.7051 -2.34425 -17
      vertex -76.7051 -2.34425 -8
    endloop
  endfacet
  facet normal 0.976297 -0.216434 0
    outer loop
      vertex -76.7051 -2.34425 -17
      vertex -76.96 -3.49406 -8
      vertex -76.96 -3.49406 -17
    endloop
  endfacet
  facet normal 0.216436 -0.976297 0
    outer loop
      vertex -87.6557 -13.2949 -17
      vertex -86.5059 -13.04 -8
      vertex -87.6557 -13.2949 -8
    endloop
  endfacet
  facet normal 0.216436 -0.976297 0
    outer loop
      vertex -86.5059 -13.04 -8
      vertex -87.6557 -13.2949 -17
      vertex -86.5059 -13.04 -17
    endloop
  endfacet
  facet normal 0.0436436 -0.999047 0
    outer loop
      vertex -90 -13.5 -17
      vertex -88.8234 -13.4486 -8
      vertex -90 -13.5 -8
    endloop
  endfacet
  facet normal 0.0436436 -0.999047 0
    outer loop
      vertex -88.8234 -13.4486 -8
      vertex -90 -13.5 -17
      vertex -88.8234 -13.4486 -17
    endloop
  endfacet
  facet normal 0.843426 -0.537246 0
    outer loop
      vertex -78.9414 -7.74328 -8
      vertex -78.3087 -6.75 -17
      vertex -78.3087 -6.75 -8
    endloop
  endfacet
  facet normal 0.843426 -0.537246 0
    outer loop
      vertex -78.3087 -6.75 -17
      vertex -78.9414 -7.74328 -8
      vertex -78.9414 -7.74328 -17
    endloop
  endfacet
  facet normal 0.793334 -0.608787 0
    outer loop
      vertex -79.6584 -8.67763 -8
      vertex -78.9414 -7.74328 -17
      vertex -78.9414 -7.74328 -8
    endloop
  endfacet
  facet normal 0.793334 -0.608787 0
    outer loop
      vertex -78.9414 -7.74328 -17
      vertex -79.6584 -8.67763 -8
      vertex -79.6584 -8.67763 -17
    endloop
  endfacet
  facet normal 0.130501 -0.991448 0
    outer loop
      vertex -88.8234 -13.4486 -17
      vertex -87.6557 -13.2949 -8
      vertex -88.8234 -13.4486 -8
    endloop
  endfacet
  facet normal 0.130501 -0.991448 0
    outer loop
      vertex -87.6557 -13.2949 -8
      vertex -88.8234 -13.4486 -17
      vertex -87.6557 -13.2949 -17
    endloop
  endfacet
  facet normal 0.382709 -0.923869 0
    outer loop
      vertex -85.3827 -12.6859 -17
      vertex -84.2947 -12.2352 -8
      vertex -85.3827 -12.6859 -8
    endloop
  endfacet
  facet normal 0.382709 -0.923869 0
    outer loop
      vertex -84.2947 -12.2352 -8
      vertex -85.3827 -12.6859 -17
      vertex -84.2947 -12.2352 -17
    endloop
  endfacet
  facet normal 0.675595 -0.737273 0
    outer loop
      vertex -81.3224 -10.3416 -17
      vertex -80.4541 -9.54594 -8
      vertex -81.3224 -10.3416 -8
    endloop
  endfacet
  facet normal 0.675595 -0.737273 0
    outer loop
      vertex -80.4541 -9.54594 -8
      vertex -81.3224 -10.3416 -17
      vertex -80.4541 -9.54594 -17
    endloop
  endfacet
  facet normal 0.537238 -0.843431 0
    outer loop
      vertex -83.25 -11.6913 -17
      vertex -82.2567 -11.0586 -8
      vertex -83.25 -11.6913 -8
    endloop
  endfacet
  facet normal 0.537238 -0.843431 0
    outer loop
      vertex -82.2567 -11.0586 -8
      vertex -83.25 -11.6913 -17
      vertex -82.2567 -11.0586 -17
    endloop
  endfacet
  facet normal -0.130501 -0.991448 0
    outer loop
      vertex -92.3443 -13.2949 -17
      vertex -91.1766 -13.4486 -8
      vertex -92.3443 -13.2949 -8
    endloop
  endfacet
  facet normal -0.130501 -0.991448 -0
    outer loop
      vertex -91.1766 -13.4486 -8
      vertex -92.3443 -13.2949 -17
      vertex -91.1766 -13.4486 -17
    endloop
  endfacet
  facet normal -0.300672 -0.953728 0
    outer loop
      vertex -94.6173 -12.6859 -17
      vertex -93.4941 -13.04 -8
      vertex -94.6173 -12.6859 -8
    endloop
  endfacet
  facet normal -0.300672 -0.953728 -0
    outer loop
      vertex -93.4941 -13.04 -8
      vertex -94.6173 -12.6859 -17
      vertex -93.4941 -13.04 -17
    endloop
  endfacet
  facet normal -0.461791 -0.886989 0
    outer loop
      vertex -96.75 -11.6913 -17
      vertex -95.7053 -12.2352 -8
      vertex -96.75 -11.6913 -8
    endloop
  endfacet
  facet normal -0.461791 -0.886989 -0
    outer loop
      vertex -95.7053 -12.2352 -8
      vertex -96.75 -11.6913 -17
      vertex -95.7053 -12.2352 -17
    endloop
  endfacet
  facet normal -0.608808 -0.793318 0
    outer loop
      vertex -98.6776 -10.3416 -17
      vertex -97.7433 -11.0586 -8
      vertex -98.6776 -10.3416 -8
    endloop
  endfacet
  facet normal -0.608808 -0.793318 -0
    outer loop
      vertex -97.7433 -11.0586 -8
      vertex -98.6776 -10.3416 -17
      vertex -97.7433 -11.0586 -17
    endloop
  endfacet
  facet normal -0.923789 -0.382903 0
    outer loop
      vertex -102.235 -5.70535 -17
      vertex -102.686 -4.61727 -8
      vertex -102.686 -4.61727 -17
    endloop
  endfacet
  facet normal -0.923789 -0.382903 0
    outer loop
      vertex -102.686 -4.61727 -8
      vertex -102.235 -5.70535 -17
      vertex -102.235 -5.70535 -8
    endloop
  endfacet
  facet normal -0.976279 -0.216515 0
    outer loop
      vertex -103.04 -3.49406 -17
      vertex -103.295 -2.34425 -8
      vertex -103.295 -2.34425 -17
    endloop
  endfacet
  facet normal -0.976279 -0.216515 0
    outer loop
      vertex -103.295 -2.34425 -8
      vertex -103.04 -3.49406 -17
      vertex -103.04 -3.49406 -8
    endloop
  endfacet
  facet normal 0 0 -1
    outer loop
      vertex -82.5 0 -17
      vertex -76.5 0 -17
      vertex -76.5514 -1.1766 -17
    endloop
  endfacet
  facet normal 0 0 -1
    outer loop
      vertex -82.5285 -0.653667 -17
      vertex -76.5514 -1.1766 -17
      vertex -76.7051 -2.34425 -17
    endloop
  endfacet
  facet normal 0 0 -1
    outer loop
      vertex -76.5 0 -17
      vertex -82.5 0 -17
      vertex -76.5514 1.1766 -17
    endloop
  endfacet
  facet normal 0 0 -1
    outer loop
      vertex -82.6139 -1.30236 -17
      vertex -76.7051 -2.34425 -17
      vertex -76.96 -3.49406 -17
    endloop
  endfacet
  facet normal 0 0 -1
    outer loop
      vertex -82.5285 0.653667 -17
      vertex -76.5514 1.1766 -17
      vertex -82.5 0 -17
    endloop
  endfacet
  facet normal 0 0 -1
    outer loop
      vertex -82.7556 -1.94114 -17
      vertex -76.96 -3.49406 -17
      vertex -77.3141 -4.61727 -17
    endloop
  endfacet
  facet normal -0 0 -1
    outer loop
      vertex -76.5514 1.1766 -17
      vertex -82.5285 0.653667 -17
      vertex -76.7051 2.34425 -17
    endloop
  endfacet
  facet normal 0 0 -1
    outer loop
      vertex -82.9523 -2.56515 -17
      vertex -77.3141 -4.61727 -17
      vertex -77.7648 -5.70535 -17
    endloop
  endfacet
  facet normal 0 0 -1
    outer loop
      vertex -82.6139 1.30236 -17
      vertex -76.7051 2.34425 -17
      vertex -82.5285 0.653667 -17
    endloop
  endfacet
  facet normal 0 0 -1
    outer loop
      vertex -83.2027 -3.16964 -17
      vertex -77.7648 -5.70535 -17
      vertex -78.3087 -6.75 -17
    endloop
  endfacet
  facet normal -0 0 -1
    outer loop
      vertex -76.7051 2.34425 -17
      vertex -82.6139 1.30236 -17
      vertex -76.96 3.49406 -17
    endloop
  endfacet
  facet normal 0 0 -1
    outer loop
      vertex -83.5048 -3.75 -17
      vertex -78.3087 -6.75 -17
      vertex -78.9414 -7.74328 -17
    endloop
  endfacet
  facet normal 0 0 -1
    outer loop
      vertex -82.7556 1.94114 -17
      vertex -76.96 3.49406 -17
      vertex -82.6139 1.30236 -17
    endloop
  endfacet
  facet normal 0 0 -1
    outer loop
      vertex -83.8564 -4.30182 -17
      vertex -78.9414 -7.74328 -17
      vertex -79.6584 -8.67763 -17
    endloop
  endfacet
  facet normal -0 0 -1
    outer loop
      vertex -76.96 3.49406 -17
      vertex -82.7556 1.94114 -17
      vertex -77.3141 4.61727 -17
    endloop
  endfacet
  facet normal 0 0 -1
    outer loop
      vertex -84.2547 -4.82091 -17
      vertex -79.6584 -8.67763 -17
      vertex -80.4541 -9.54594 -17
    endloop
  endfacet
  facet normal 0 0 -1
    outer loop
      vertex -82.9523 2.56515 -17
      vertex -77.3141 4.61727 -17
      vertex -82.7556 1.94114 -17
    endloop
  endfacet
  facet normal 0 0 -1
    outer loop
      vertex -84.6967 -5.3033 -17
      vertex -80.4541 -9.54594 -17
      vertex -81.3224 -10.3416 -17
    endloop
  endfacet
  facet normal -0 0 -1
    outer loop
      vertex -77.3141 4.61727 -17
      vertex -82.9523 2.56515 -17
      vertex -77.7648 5.70535 -17
    endloop
  endfacet
  facet normal 0 0 -1
    outer loop
      vertex -85.1791 -5.74533 -17
      vertex -81.3224 -10.3416 -17
      vertex -82.2567 -11.0586 -17
    endloop
  endfacet
  facet normal 0 0 -1
    outer loop
      vertex -83.2027 3.16964 -17
      vertex -77.7648 5.70535 -17
      vertex -82.9523 2.56515 -17
    endloop
  endfacet
  facet normal -0 0 -1
    outer loop
      vertex -77.7648 5.70535 -17
      vertex -83.2027 3.16964 -17
      vertex -78.3087 6.75 -17
    endloop
  endfacet
  facet normal 0 0 -1
    outer loop
      vertex -76.5514 -1.1766 -17
      vertex -82.5285 -0.653667 -17
      vertex -82.5 0 -17
    endloop
  endfacet
  facet normal 0 0 -1
    outer loop
      vertex -76.7051 -2.34425 -17
      vertex -82.6139 -1.30236 -17
      vertex -82.5285 -0.653667 -17
    endloop
  endfacet
  facet normal 0 0 -1
    outer loop
      vertex -76.96 -3.49406 -17
      vertex -82.7556 -1.94114 -17
      vertex -82.6139 -1.30236 -17
    endloop
  endfacet
  facet normal 0 0 -1
    outer loop
      vertex -77.3141 -4.61727 -17
      vertex -82.9523 -2.56515 -17
      vertex -82.7556 -1.94114 -17
    endloop
  endfacet
  facet normal 0 0 -1
    outer loop
      vertex -77.7648 -5.70535 -17
      vertex -83.2027 -3.16964 -17
      vertex -82.9523 -2.56515 -17
    endloop
  endfacet
  facet normal 0 0 -1
    outer loop
      vertex -85.6982 -6.14364 -17
      vertex -82.2567 -11.0586 -17
      vertex -83.25 -11.6913 -17
    endloop
  endfacet
  facet normal 0 0 -1
    outer loop
      vertex -78.3087 -6.75 -17
      vertex -83.5048 -3.75 -17
      vertex -83.2027 -3.16964 -17
    endloop
  endfacet
  facet normal 0 0 -1
    outer loop
      vertex -78.9414 -7.74328 -17
      vertex -83.8564 -4.30182 -17
      vertex -83.5048 -3.75 -17
    endloop
  endfacet
  facet normal 0 0 -1
    outer loop
      vertex -79.6584 -8.67763 -17
      vertex -84.2547 -4.82091 -17
      vertex -83.8564 -4.30182 -17
    endloop
  endfacet
  facet normal 0 0 -1
    outer loop
      vertex -86.25 -6.49519 -17
      vertex -83.25 -11.6913 -17
      vertex -84.2947 -12.2352 -17
    endloop
  endfacet
  facet normal 0 0 -1
    outer loop
      vertex -80.4541 -9.54594 -17
      vertex -84.6967 -5.3033 -17
      vertex -84.2547 -4.82091 -17
    endloop
  endfacet
  facet normal 0 0 -1
    outer loop
      vertex -81.3224 -10.3416 -17
      vertex -85.1791 -5.74533 -17
      vertex -84.6967 -5.3033 -17
    endloop
  endfacet
  facet normal 0 0 -1
    outer loop
      vertex -86.8304 -6.79731 -17
      vertex -84.2947 -12.2352 -17
      vertex -85.3827 -12.6859 -17
    endloop
  endfacet
  facet normal 0 0 -1
    outer loop
      vertex -82.2567 -11.0586 -17
      vertex -85.6982 -6.14364 -17
      vertex -85.1791 -5.74533 -17
    endloop
  endfacet
  facet normal 0 0 -1
    outer loop
      vertex -83.25 -11.6913 -17
      vertex -86.25 -6.49519 -17
      vertex -85.6982 -6.14364 -17
    endloop
  endfacet
  facet normal 0 0 -1
    outer loop
      vertex -87.4348 -7.04769 -17
      vertex -85.3827 -12.6859 -17
      vertex -86.5059 -13.04 -17
    endloop
  endfacet
  facet normal 0 0 -1
    outer loop
      vertex -84.2947 -12.2352 -17
      vertex -86.8304 -6.79731 -17
      vertex -86.25 -6.49519 -17
    endloop
  endfacet
  facet normal 0 0 -1
    outer loop
      vertex -85.3827 -12.6859 -17
      vertex -87.4348 -7.04769 -17
      vertex -86.8304 -6.79731 -17
    endloop
  endfacet
  facet normal 0 0 -1
    outer loop
      vertex -88.0589 -7.24444 -17
      vertex -86.5059 -13.04 -17
      vertex -87.6557 -13.2949 -17
    endloop
  endfacet
  facet normal 0 0 -1
    outer loop
      vertex -86.5059 -13.04 -17
      vertex -88.0589 -7.24444 -17
      vertex -87.4348 -7.04769 -17
    endloop
  endfacet
  facet normal 0 0 -1
    outer loop
      vertex -87.6557 -13.2949 -17
      vertex -88.6976 -7.38606 -17
      vertex -88.0589 -7.24444 -17
    endloop
  endfacet
  facet normal 0 0 -1
    outer loop
      vertex -88.8234 -13.4486 -17
      vertex -88.6976 -7.38606 -17
      vertex -87.6557 -13.2949 -17
    endloop
  endfacet
  facet normal 0 0 -1
    outer loop
      vertex -88.8234 -13.4486 -17
      vertex -89.3463 -7.47146 -17
      vertex -88.6976 -7.38606 -17
    endloop
  endfacet
  facet normal 0 0 -1
    outer loop
      vertex -90 -13.5 -17
      vertex -89.3463 -7.47146 -17
      vertex -88.8234 -13.4486 -17
    endloop
  endfacet
  facet normal 0 0 -1
    outer loop
      vertex -90 -13.5 -17
      vertex -90 -7.5 -17
      vertex -89.3463 -7.47146 -17
    endloop
  endfacet
  facet normal 0 0 -1
    outer loop
      vertex -90 -13.5 -17
      vertex -90.6537 -7.47146 -17
      vertex -90 -7.5 -17
    endloop
  endfacet
  facet normal 0 0 -1
    outer loop
      vertex -91.1766 -13.4486 -17
      vertex -90.6537 -7.47146 -17
      vertex -90 -13.5 -17
    endloop
  endfacet
  facet normal 0 0 -1
    outer loop
      vertex -91.1766 -13.4486 -17
      vertex -91.3024 -7.38606 -17
      vertex -90.6537 -7.47146 -17
    endloop
  endfacet
  facet normal 0 0 -1
    outer loop
      vertex -92.3443 -13.2949 -17
      vertex -91.3024 -7.38606 -17
      vertex -91.1766 -13.4486 -17
    endloop
  endfacet
  facet normal -0 0 -1
    outer loop
      vertex -91.3024 -7.38606 -17
      vertex -92.3443 -13.2949 -17
      vertex -91.9411 -7.24444 -17
    endloop
  endfacet
  facet normal 0 0 -1
    outer loop
      vertex -93.4941 -13.04 -17
      vertex -91.9411 -7.24444 -17
      vertex -92.3443 -13.2949 -17
    endloop
  endfacet
  facet normal -0 0 -1
    outer loop
      vertex -91.9411 -7.24444 -17
      vertex -93.4941 -13.04 -17
      vertex -92.5651 -7.04769 -17
    endloop
  endfacet
  facet normal 0 0 -1
    outer loop
      vertex -94.6173 -12.6859 -17
      vertex -92.5651 -7.04769 -17
      vertex -93.4941 -13.04 -17
    endloop
  endfacet
  facet normal -0 0 -1
    outer loop
      vertex -92.5651 -7.04769 -17
      vertex -94.6173 -12.6859 -17
      vertex -93.1696 -6.79731 -17
    endloop
  endfacet
  facet normal 0 0 -1
    outer loop
      vertex -95.7053 -12.2352 -17
      vertex -93.1696 -6.79731 -17
      vertex -94.6173 -12.6859 -17
    endloop
  endfacet
  facet normal -0 0 -1
    outer loop
      vertex -93.1696 -6.79731 -17
      vertex -95.7053 -12.2352 -17
      vertex -93.75 -6.49519 -17
    endloop
  endfacet
  facet normal 0 0 -1
    outer loop
      vertex -96.75 -11.6913 -17
      vertex -93.75 -6.49519 -17
      vertex -95.7053 -12.2352 -17
    endloop
  endfacet
  facet normal -0 0 -1
    outer loop
      vertex -93.75 -6.49519 -17
      vertex -96.75 -11.6913 -17
      vertex -94.3018 -6.14364 -17
    endloop
  endfacet
  facet normal 0 0 -1
    outer loop
      vertex -97.7433 -11.0586 -17
      vertex -94.3018 -6.14364 -17
      vertex -96.75 -11.6913 -17
    endloop
  endfacet
  facet normal -0 0 -1
    outer loop
      vertex -94.3018 -6.14364 -17
      vertex -97.7433 -11.0586 -17
      vertex -94.8209 -5.74533 -17
    endloop
  endfacet
  facet normal 0 0 -1
    outer loop
      vertex -98.6776 -10.3416 -17
      vertex -94.8209 -5.74533 -17
      vertex -97.7433 -11.0586 -17
    endloop
  endfacet
  facet normal -0 0 -1
    outer loop
      vertex -94.8209 -5.74533 -17
      vertex -98.6776 -10.3416 -17
      vertex -95.3033 -5.3033 -17
    endloop
  endfacet
  facet normal 0 0 -1
    outer loop
      vertex -99.5459 -9.54594 -17
      vertex -95.3033 -5.3033 -17
      vertex -98.6776 -10.3416 -17
    endloop
  endfacet
  facet normal -0 0 -1
    outer loop
      vertex -95.3033 -5.3033 -17
      vertex -99.5459 -9.54594 -17
      vertex -95.7453 -4.82091 -17
    endloop
  endfacet
  facet normal 0 0 -1
    outer loop
      vertex -100.342 -8.67763 -17
      vertex -95.7453 -4.82091 -17
      vertex -99.5459 -9.54594 -17
    endloop
  endfacet
  facet normal -0 0 -1
    outer loop
      vertex -95.7453 -4.82091 -17
      vertex -100.342 -8.67763 -17
      vertex -96.1436 -4.30182 -17
    endloop
  endfacet
  facet normal 0 0 -1
    outer loop
      vertex -101.059 -7.74328 -17
      vertex -96.1436 -4.30182 -17
      vertex -100.342 -8.67763 -17
    endloop
  endfacet
  facet normal -0 0 -1
    outer loop
      vertex -96.1436 -4.30182 -17
      vertex -101.059 -7.74328 -17
      vertex -96.4952 -3.75 -17
    endloop
  endfacet
  facet normal -0 0 -1
    outer loop
      vertex -96.4952 -3.75 -17
      vertex -101.691 -6.75 -17
      vertex -96.7973 -3.16964 -17
    endloop
  endfacet
  facet normal 0 0 -1
    outer loop
      vertex -101.691 -6.75 -17
      vertex -96.4952 -3.75 -17
      vertex -101.059 -7.74328 -17
    endloop
  endfacet
  facet normal 0 0 -1
    outer loop
      vertex -83.5048 3.75 -17
      vertex -78.3087 6.75 -17
      vertex -83.2027 3.16964 -17
    endloop
  endfacet
  facet normal -0 0 -1
    outer loop
      vertex -78.3087 6.75 -17
      vertex -83.5048 3.75 -17
      vertex -78.9414 7.74328 -17
    endloop
  endfacet
  facet normal 0 0 -1
    outer loop
      vertex -83.8564 4.30182 -17
      vertex -78.9414 7.74328 -17
      vertex -83.5048 3.75 -17
    endloop
  endfacet
  facet normal -0 0 -1
    outer loop
      vertex -78.9414 7.74328 -17
      vertex -83.8564 4.30182 -17
      vertex -79.6584 8.67763 -17
    endloop
  endfacet
  facet normal 0 0 -1
    outer loop
      vertex -84.2547 4.82091 -17
      vertex -79.6584 8.67763 -17
      vertex -83.8564 4.30182 -17
    endloop
  endfacet
  facet normal -0 0 -1
    outer loop
      vertex -79.6584 8.67763 -17
      vertex -84.2547 4.82091 -17
      vertex -80.4541 9.54594 -17
    endloop
  endfacet
  facet normal 0 0 -1
    outer loop
      vertex -84.6967 5.3033 -17
      vertex -80.4541 9.54594 -17
      vertex -84.2547 4.82091 -17
    endloop
  endfacet
  facet normal -0 0 -1
    outer loop
      vertex -80.4541 9.54594 -17
      vertex -84.6967 5.3033 -17
      vertex -81.3224 10.3416 -17
    endloop
  endfacet
  facet normal 0 0 -1
    outer loop
      vertex -85.1791 5.74533 -17
      vertex -81.3224 10.3416 -17
      vertex -84.6967 5.3033 -17
    endloop
  endfacet
  facet normal -0 0 -1
    outer loop
      vertex -81.3224 10.3416 -17
      vertex -85.1791 5.74533 -17
      vertex -82.2567 11.0586 -17
    endloop
  endfacet
  facet normal 0 0 -1
    outer loop
      vertex -85.6982 6.14364 -17
      vertex -82.2567 11.0586 -17
      vertex -85.1791 5.74533 -17
    endloop
  endfacet
  facet normal -0 0 -1
    outer loop
      vertex -82.2567 11.0586 -17
      vertex -85.6982 6.14364 -17
      vertex -83.25 11.6913 -17
    endloop
  endfacet
  facet normal 0 0 -1
    outer loop
      vertex -86.25 6.49519 -17
      vertex -83.25 11.6913 -17
      vertex -85.6982 6.14364 -17
    endloop
  endfacet
  facet normal -0 0 -1
    outer loop
      vertex -83.25 11.6913 -17
      vertex -86.25 6.49519 -17
      vertex -84.2947 12.2352 -17
    endloop
  endfacet
  facet normal 0 0 -1
    outer loop
      vertex -86.8304 6.79731 -17
      vertex -84.2947 12.2352 -17
      vertex -86.25 6.49519 -17
    endloop
  endfacet
  facet normal -0 0 -1
    outer loop
      vertex -84.2947 12.2352 -17
      vertex -86.8304 6.79731 -17
      vertex -85.3827 12.6859 -17
    endloop
  endfacet
  facet normal 0 0 -1
    outer loop
      vertex -87.4348 7.04769 -17
      vertex -85.3827 12.6859 -17
      vertex -86.8304 6.79731 -17
    endloop
  endfacet
  facet normal -0 0 -1
    outer loop
      vertex -85.3827 12.6859 -17
      vertex -87.4348 7.04769 -17
      vertex -86.5059 13.04 -17
    endloop
  endfacet
  facet normal 0 0 -1
    outer loop
      vertex -88.0589 7.24444 -17
      vertex -86.5059 13.04 -17
      vertex -87.4348 7.04769 -17
    endloop
  endfacet
  facet normal -0 0 -1
    outer loop
      vertex -86.5059 13.04 -17
      vertex -88.0589 7.24444 -17
      vertex -87.6557 13.2949 -17
    endloop
  endfacet
  facet normal 0 0 -1
    outer loop
      vertex -88.6976 7.38606 -17
      vertex -87.6557 13.2949 -17
      vertex -88.0589 7.24444 -17
    endloop
  endfacet
  facet normal 0 0 -1
    outer loop
      vertex -88.6976 7.38606 -17
      vertex -88.8234 13.4486 -17
      vertex -87.6557 13.2949 -17
    endloop
  endfacet
  facet normal 0 0 -1
    outer loop
      vertex -89.3463 7.47146 -17
      vertex -88.8234 13.4486 -17
      vertex -88.6976 7.38606 -17
    endloop
  endfacet
  facet normal 0 0 -1
    outer loop
      vertex -90 7.5 -17
      vertex -88.8234 13.4486 -17
      vertex -89.3463 7.47146 -17
    endloop
  endfacet
  facet normal 0 0 -1
    outer loop
      vertex -90 7.5 -17
      vertex -90 13.5 -17
      vertex -88.8234 13.4486 -17
    endloop
  endfacet
  facet normal 0 0 -1
    outer loop
      vertex -90.6537 7.47146 -17
      vertex -90 13.5 -17
      vertex -90 7.5 -17
    endloop
  endfacet
  facet normal 0 0 -1
    outer loop
      vertex -90.6537 7.47146 -17
      vertex -91.1766 13.4486 -17
      vertex -90 13.5 -17
    endloop
  endfacet
  facet normal 0 0 -1
    outer loop
      vertex -91.3024 7.38606 -17
      vertex -91.1766 13.4486 -17
      vertex -90.6537 7.47146 -17
    endloop
  endfacet
  facet normal 0 0 -1
    outer loop
      vertex -92.3443 13.2949 -17
      vertex -91.3024 7.38606 -17
      vertex -91.9411 7.24444 -17
    endloop
  endfacet
  facet normal 0 0 -1
    outer loop
      vertex -91.3024 7.38606 -17
      vertex -92.3443 13.2949 -17
      vertex -91.1766 13.4486 -17
    endloop
  endfacet
  facet normal 0 0 -1
    outer loop
      vertex -93.4941 13.04 -17
      vertex -91.9411 7.24444 -17
      vertex -92.5651 7.04769 -17
    endloop
  endfacet
  facet normal 0 0 -1
    outer loop
      vertex -94.6173 12.6859 -17
      vertex -92.5651 7.04769 -17
      vertex -93.1696 6.79731 -17
    endloop
  endfacet
  facet normal 0 0 -1
    outer loop
      vertex -91.9411 7.24444 -17
      vertex -93.4941 13.04 -17
      vertex -92.3443 13.2949 -17
    endloop
  endfacet
  facet normal 0 0 -1
    outer loop
      vertex -95.7053 12.2352 -17
      vertex -93.1696 6.79731 -17
      vertex -93.75 6.49519 -17
    endloop
  endfacet
  facet normal 0 0 -1
    outer loop
      vertex -96.75 11.6913 -17
      vertex -93.75 6.49519 -17
      vertex -94.3018 6.14364 -17
    endloop
  endfacet
  facet normal 0 0 -1
    outer loop
      vertex -92.5651 7.04769 -17
      vertex -94.6173 12.6859 -17
      vertex -93.4941 13.04 -17
    endloop
  endfacet
  facet normal 0 0 -1
    outer loop
      vertex -97.7433 11.0586 -17
      vertex -94.3018 6.14364 -17
      vertex -94.8209 5.74533 -17
    endloop
  endfacet
  facet normal 0 0 -1
    outer loop
      vertex -98.6776 10.3416 -17
      vertex -94.8209 5.74533 -17
      vertex -95.3033 5.3033 -17
    endloop
  endfacet
  facet normal 0 0 -1
    outer loop
      vertex -93.1696 6.79731 -17
      vertex -95.7053 12.2352 -17
      vertex -94.6173 12.6859 -17
    endloop
  endfacet
  facet normal 0 0 -1
    outer loop
      vertex -99.5459 9.54594 -17
      vertex -95.3033 5.3033 -17
      vertex -95.7453 4.82091 -17
    endloop
  endfacet
  facet normal 0 0 -1
    outer loop
      vertex -100.342 8.67763 -17
      vertex -95.7453 4.82091 -17
      vertex -96.1436 4.30182 -17
    endloop
  endfacet
  facet normal 0 0 -1
    outer loop
      vertex -101.059 7.74328 -17
      vertex -96.1436 4.30182 -17
      vertex -96.4952 3.75 -17
    endloop
  endfacet
  facet normal 0 0 -1
    outer loop
      vertex -93.75 6.49519 -17
      vertex -96.75 11.6913 -17
      vertex -95.7053 12.2352 -17
    endloop
  endfacet
  facet normal 0 0 -1
    outer loop
      vertex -101.691 6.75 -17
      vertex -96.4952 3.75 -17
      vertex -96.7973 3.16964 -17
    endloop
  endfacet
  facet normal 0 0 -1
    outer loop
      vertex -102.235 5.70535 -17
      vertex -96.7973 3.16964 -17
      vertex -97.0477 2.56515 -17
    endloop
  endfacet
  facet normal 0 0 -1
    outer loop
      vertex -102.686 4.61727 -17
      vertex -97.0477 2.56515 -17
      vertex -97.2444 1.94114 -17
    endloop
  endfacet
  facet normal 0 0 -1
    outer loop
      vertex -103.04 3.49406 -17
      vertex -97.2444 1.94114 -17
      vertex -97.3861 1.30236 -17
    endloop
  endfacet
  facet normal 0 0 -1
    outer loop
      vertex -103.295 2.34425 -17
      vertex -97.3861 1.30236 -17
      vertex -97.4715 0.653667 -17
    endloop
  endfacet
  facet normal 0 0 -1
    outer loop
      vertex -94.3018 6.14364 -17
      vertex -97.7433 11.0586 -17
      vertex -96.75 11.6913 -17
    endloop
  endfacet
  facet normal 0 0 -1
    outer loop
      vertex -103.449 1.1766 -17
      vertex -97.4715 0.653667 -17
      vertex -97.5 0 -17
    endloop
  endfacet
  facet normal 0 0 -1
    outer loop
      vertex -102.235 -5.70535 -17
      vertex -96.7973 -3.16964 -17
      vertex -101.691 -6.75 -17
    endloop
  endfacet
  facet normal -0 0 -1
    outer loop
      vertex -96.7973 -3.16964 -17
      vertex -102.235 -5.70535 -17
      vertex -97.0477 -2.56515 -17
    endloop
  endfacet
  facet normal 0 0 -1
    outer loop
      vertex -94.8209 5.74533 -17
      vertex -98.6776 10.3416 -17
      vertex -97.7433 11.0586 -17
    endloop
  endfacet
  facet normal 0 0 -1
    outer loop
      vertex -102.686 -4.61727 -17
      vertex -97.0477 -2.56515 -17
      vertex -102.235 -5.70535 -17
    endloop
  endfacet
  facet normal 0 0 -1
    outer loop
      vertex -95.3033 5.3033 -17
      vertex -99.5459 9.54594 -17
      vertex -98.6776 10.3416 -17
    endloop
  endfacet
  facet normal -0 0 -1
    outer loop
      vertex -97.0477 -2.56515 -17
      vertex -102.686 -4.61727 -17
      vertex -97.2444 -1.94114 -17
    endloop
  endfacet
  facet normal 0 0 -1
    outer loop
      vertex -95.7453 4.82091 -17
      vertex -100.342 8.67763 -17
      vertex -99.5459 9.54594 -17
    endloop
  endfacet
  facet normal 0 0 -1
    outer loop
      vertex -103.04 -3.49406 -17
      vertex -97.2444 -1.94114 -17
      vertex -102.686 -4.61727 -17
    endloop
  endfacet
  facet normal 0 0 -1
    outer loop
      vertex -96.1436 4.30182 -17
      vertex -101.059 7.74328 -17
      vertex -100.342 8.67763 -17
    endloop
  endfacet
  facet normal -0 0 -1
    outer loop
      vertex -97.2444 -1.94114 -17
      vertex -103.04 -3.49406 -17
      vertex -97.3861 -1.30236 -17
    endloop
  endfacet
  facet normal 0 0 -1
    outer loop
      vertex -96.4952 3.75 -17
      vertex -101.691 6.75 -17
      vertex -101.059 7.74328 -17
    endloop
  endfacet
  facet normal 0 0 -1
    outer loop
      vertex -103.295 -2.34425 -17
      vertex -97.3861 -1.30236 -17
      vertex -103.04 -3.49406 -17
    endloop
  endfacet
  facet normal 0 0 -1
    outer loop
      vertex -96.7973 3.16964 -17
      vertex -102.235 5.70535 -17
      vertex -101.691 6.75 -17
    endloop
  endfacet
  facet normal -0 0 -1
    outer loop
      vertex -97.3861 -1.30236 -17
      vertex -103.295 -2.34425 -17
      vertex -97.4715 -0.653667 -17
    endloop
  endfacet
  facet normal 0 0 -1
    outer loop
      vertex -97.0477 2.56515 -17
      vertex -102.686 4.61727 -17
      vertex -102.235 5.70535 -17
    endloop
  endfacet
  facet normal 0 0 -1
    outer loop
      vertex -103.449 -1.1766 -17
      vertex -97.4715 -0.653667 -17
      vertex -103.295 -2.34425 -17
    endloop
  endfacet
  facet normal 0 0 -1
    outer loop
      vertex -97.2444 1.94114 -17
      vertex -103.04 3.49406 -17
      vertex -102.686 4.61727 -17
    endloop
  endfacet
  facet normal -0 0 -1
    outer loop
      vertex -97.4715 -0.653667 -17
      vertex -103.449 -1.1766 -17
      vertex -97.5 0 -17
    endloop
  endfacet
  facet normal 0 0 -1
    outer loop
      vertex -97.3861 1.30236 -17
      vertex -103.295 2.34425 -17
      vertex -103.04 3.49406 -17
    endloop
  endfacet
  facet normal 0 0 -1
    outer loop
      vertex -103.5 0 -17
      vertex -97.5 0 -17
      vertex -103.449 -1.1766 -17
    endloop
  endfacet
  facet normal 0 0 -1
    outer loop
      vertex -97.4715 0.653667 -17
      vertex -103.449 1.1766 -17
      vertex -103.295 2.34425 -17
    endloop
  endfacet
  facet normal 0 0 -1
    outer loop
      vertex -97.5 0 -17
      vertex -103.5 0 -17
      vertex -103.449 1.1766 -17
    endloop
  endfacet
  facet normal -0.843695 -0.536823 0
    outer loop
      vertex -101.059 -7.74328 -17
      vertex -101.691 -6.75 -8
      vertex -101.691 -6.75 -17
    endloop
  endfacet
  facet normal -0.843695 -0.536823 0
    outer loop
      vertex -101.691 -6.75 -8
      vertex -101.059 -7.74328 -17
      vertex -101.059 -7.74328 -8
    endloop
  endfacet
  facet normal 0.130501 0.991448 -0
    outer loop
      vertex -87.6557 13.2949 -17
      vertex -88.8234 13.4486 -8
      vertex -87.6557 13.2949 -8
    endloop
  endfacet
  facet normal 0.130501 0.991448 0
    outer loop
      vertex -88.8234 13.4486 -8
      vertex -87.6557 13.2949 -17
      vertex -88.8234 13.4486 -17
    endloop
  endfacet
  facet normal 0 0 1
    outer loop
      vertex 116 0 1
      vertex 125 0 1
      vertex 124.524 10.8945 1
    endloop
  endfacet
  facet normal 0 0 1
    outer loop
      vertex 115.559 10.1101 1
      vertex 124.524 10.8945 1
      vertex 123.101 21.706 1
    endloop
  endfacet
  facet normal 0 0 1
    outer loop
      vertex 125 0 1
      vertex 116 0 1
      vertex 124.524 -10.8945 1
    endloop
  endfacet
  facet normal 0 0 1
    outer loop
      vertex 114.238 20.1432 1
      vertex 123.101 21.706 1
      vertex 120.741 32.3524 1
    endloop
  endfacet
  facet normal -0 0 1
    outer loop
      vertex 115.559 -10.1101 1
      vertex 124.524 -10.8945 1
      vertex 116 0 1
    endloop
  endfacet
  facet normal 0 0 1
    outer loop
      vertex 112.047 30.023 1
      vertex 120.741 32.3524 1
      vertex 117.462 42.7525 1
    endloop
  endfacet
  facet normal 0 0 1
    outer loop
      vertex 124.524 -10.8945 1
      vertex 115.559 -10.1101 1
      vertex 123.101 -21.706 1
    endloop
  endfacet
  facet normal -0 0 1
    outer loop
      vertex 114.238 -20.1432 1
      vertex 123.101 -21.706 1
      vertex 115.559 -10.1101 1
    endloop
  endfacet
  facet normal 0 0 1
    outer loop
      vertex 124.524 10.8945 1
      vertex 115.559 10.1101 1
      vertex 116 0 1
    endloop
  endfacet
  facet normal 0 0 1
    outer loop
      vertex 123.101 21.706 1
      vertex 114.238 20.1432 1
      vertex 115.559 10.1101 1
    endloop
  endfacet
  facet normal 0 0 1
    outer loop
      vertex 109.004 39.6743 1
      vertex 117.462 42.7525 1
      vertex 113.288 52.8273 1
    endloop
  endfacet
  facet normal 0 0 1
    outer loop
      vertex 120.741 32.3524 1
      vertex 112.047 30.023 1
      vertex 114.238 20.1432 1
    endloop
  endfacet
  facet normal 0 0 1
    outer loop
      vertex 117.462 42.7525 1
      vertex 109.004 39.6743 1
      vertex 112.047 30.023 1
    endloop
  endfacet
  facet normal 0 0 1
    outer loop
      vertex 105.132 49.0237 1
      vertex 113.288 52.8273 1
      vertex 108.253 62.5 1
    endloop
  endfacet
  facet normal 0 0 1
    outer loop
      vertex 113.288 52.8273 1
      vertex 105.132 49.0237 1
      vertex 109.004 39.6743 1
    endloop
  endfacet
  facet normal 0 0 1
    outer loop
      vertex 100.459 58 1
      vertex 108.253 62.5 1
      vertex 102.394 71.6971 1
    endloop
  endfacet
  facet normal 0 0 1
    outer loop
      vertex 108.253 62.5 1
      vertex 100.459 58 1
      vertex 105.132 49.0237 1
    endloop
  endfacet
  facet normal 0 0 1
    outer loop
      vertex 95.0216 66.5349 1
      vertex 102.394 71.6971 1
      vertex 95.7556 80.3484 1
    endloop
  endfacet
  facet normal 0 0 1
    outer loop
      vertex 102.394 71.6971 1
      vertex 95.0216 66.5349 1
      vertex 100.459 58 1
    endloop
  endfacet
  facet normal 0 0 1
    outer loop
      vertex 95.7556 80.3484 1
      vertex 88.8612 74.5634 1
      vertex 95.0216 66.5349 1
    endloop
  endfacet
  facet normal 0 0 1
    outer loop
      vertex 88.3884 88.3884 1
      vertex 88.8612 74.5634 1
      vertex 95.7556 80.3484 1
    endloop
  endfacet
  facet normal 0 0 1
    outer loop
      vertex 88.3884 88.3884 1
      vertex 82.0244 82.0244 1
      vertex 88.8612 74.5634 1
    endloop
  endfacet
  facet normal 0 0 1
    outer loop
      vertex 80.3484 95.7556 1
      vertex 82.0244 82.0244 1
      vertex 88.3884 88.3884 1
    endloop
  endfacet
  facet normal 0 0 1
    outer loop
      vertex 80.3484 95.7556 1
      vertex 74.5634 88.8612 1
      vertex 82.0244 82.0244 1
    endloop
  endfacet
  facet normal 0 0 1
    outer loop
      vertex 71.6971 102.394 1
      vertex 74.5634 88.8612 1
      vertex 80.3484 95.7556 1
    endloop
  endfacet
  facet normal 0 0 1
    outer loop
      vertex 71.6971 102.394 1
      vertex 66.5349 95.0216 1
      vertex 74.5634 88.8612 1
    endloop
  endfacet
  facet normal 0 0 1
    outer loop
      vertex 62.5 108.253 1
      vertex 66.5349 95.0216 1
      vertex 71.6971 102.394 1
    endloop
  endfacet
  facet normal 0 0 1
    outer loop
      vertex 62.5 108.253 1
      vertex 58 100.459 1
      vertex 66.5349 95.0216 1
    endloop
  endfacet
  facet normal 0 0 1
    outer loop
      vertex 52.8273 113.288 1
      vertex 58 100.459 1
      vertex 62.5 108.253 1
    endloop
  endfacet
  facet normal 0 0 1
    outer loop
      vertex 52.8273 113.288 1
      vertex 49.0237 105.132 1
      vertex 58 100.459 1
    endloop
  endfacet
  facet normal 0 0 1
    outer loop
      vertex 42.7525 117.462 1
      vertex 49.0237 105.132 1
      vertex 52.8273 113.288 1
    endloop
  endfacet
  facet normal 0 0 1
    outer loop
      vertex 42.7525 117.462 1
      vertex 39.6743 109.004 1
      vertex 49.0237 105.132 1
    endloop
  endfacet
  facet normal 0 0 1
    outer loop
      vertex 32.3524 120.741 1
      vertex 39.6743 109.004 1
      vertex 42.7525 117.462 1
    endloop
  endfacet
  facet normal 0 0 1
    outer loop
      vertex 32.3524 120.741 1
      vertex 30.023 112.047 1
      vertex 39.6743 109.004 1
    endloop
  endfacet
  facet normal 0 0 1
    outer loop
      vertex 21.706 123.101 1
      vertex 30.023 112.047 1
      vertex 32.3524 120.741 1
    endloop
  endfacet
  facet normal 0 0 1
    outer loop
      vertex 21.706 123.101 1
      vertex 20.1432 114.238 1
      vertex 30.023 112.047 1
    endloop
  endfacet
  facet normal 0 0 1
    outer loop
      vertex 10.8945 124.524 1
      vertex 20.1432 114.238 1
      vertex 21.706 123.101 1
    endloop
  endfacet
  facet normal 0 0 1
    outer loop
      vertex 10.8945 124.524 1
      vertex 10.1101 115.559 1
      vertex 20.1432 114.238 1
    endloop
  endfacet
  facet normal 0 0 1
    outer loop
      vertex 0 125 1
      vertex 10.1101 115.559 1
      vertex 10.8945 124.524 1
    endloop
  endfacet
  facet normal 0 0 1
    outer loop
      vertex 0 125 1
      vertex 0 116 1
      vertex 10.1101 115.559 1
    endloop
  endfacet
  facet normal 0 0 1
    outer loop
      vertex 0 125 1
      vertex -10.1101 115.559 1
      vertex 0 116 1
    endloop
  endfacet
  facet normal -0 0 1
    outer loop
      vertex -10.8945 124.524 1
      vertex -10.1101 115.559 1
      vertex 0 125 1
    endloop
  endfacet
  facet normal 0 0 1
    outer loop
      vertex -10.8945 124.524 1
      vertex -20.1432 114.238 1
      vertex -10.1101 115.559 1
    endloop
  endfacet
  facet normal -0 0 1
    outer loop
      vertex -21.706 123.101 1
      vertex -20.1432 114.238 1
      vertex -10.8945 124.524 1
    endloop
  endfacet
  facet normal 0 0 1
    outer loop
      vertex -21.706 123.101 1
      vertex -30.023 112.047 1
      vertex -20.1432 114.238 1
    endloop
  endfacet
  facet normal -0 0 1
    outer loop
      vertex -32.3524 120.741 1
      vertex -30.023 112.047 1
      vertex -21.706 123.101 1
    endloop
  endfacet
  facet normal 0 0 1
    outer loop
      vertex -32.3524 120.741 1
      vertex -39.6743 109.004 1
      vertex -30.023 112.047 1
    endloop
  endfacet
  facet normal -0 0 1
    outer loop
      vertex -42.7525 117.462 1
      vertex -39.6743 109.004 1
      vertex -32.3524 120.741 1
    endloop
  endfacet
  facet normal 0 0 1
    outer loop
      vertex -42.7525 117.462 1
      vertex -49.0237 105.132 1
      vertex -39.6743 109.004 1
    endloop
  endfacet
  facet normal -0 0 1
    outer loop
      vertex -52.8273 113.288 1
      vertex -49.0237 105.132 1
      vertex -42.7525 117.462 1
    endloop
  endfacet
  facet normal 0 0 1
    outer loop
      vertex -52.8273 113.288 1
      vertex -58 100.459 1
      vertex -49.0237 105.132 1
    endloop
  endfacet
  facet normal -0 0 1
    outer loop
      vertex -62.5 108.253 1
      vertex -58 100.459 1
      vertex -52.8273 113.288 1
    endloop
  endfacet
  facet normal 0 0 1
    outer loop
      vertex -62.5 108.253 1
      vertex -66.5349 95.0216 1
      vertex -58 100.459 1
    endloop
  endfacet
  facet normal -0 0 1
    outer loop
      vertex -71.6971 102.394 1
      vertex -66.5349 95.0216 1
      vertex -62.5 108.253 1
    endloop
  endfacet
  facet normal 0 0 1
    outer loop
      vertex -71.6971 102.394 1
      vertex -74.5634 88.8612 1
      vertex -66.5349 95.0216 1
    endloop
  endfacet
  facet normal -0 0 1
    outer loop
      vertex -80.3484 95.7556 1
      vertex -74.5634 88.8612 1
      vertex -71.6971 102.394 1
    endloop
  endfacet
  facet normal 0 0 1
    outer loop
      vertex -80.3484 95.7556 1
      vertex -82.0244 82.0244 1
      vertex -74.5634 88.8612 1
    endloop
  endfacet
  facet normal -0 0 1
    outer loop
      vertex -88.3884 88.3884 1
      vertex -82.0244 82.0244 1
      vertex -80.3484 95.7556 1
    endloop
  endfacet
  facet normal 0 0 1
    outer loop
      vertex -88.3884 88.3884 1
      vertex -88.8612 74.5634 1
      vertex -82.0244 82.0244 1
    endloop
  endfacet
  facet normal -0 0 1
    outer loop
      vertex -95.7556 80.3484 1
      vertex -88.8612 74.5634 1
      vertex -88.3884 88.3884 1
    endloop
  endfacet
  facet normal 0 0 1
    outer loop
      vertex -88.8612 74.5634 1
      vertex -95.7556 80.3484 1
      vertex -95.0216 66.5349 1
    endloop
  endfacet
  facet normal -0 0 1
    outer loop
      vertex -102.394 71.6971 1
      vertex -95.0216 66.5349 1
      vertex -95.7556 80.3484 1
    endloop
  endfacet
  facet normal 0 0 1
    outer loop
      vertex -95.0216 66.5349 1
      vertex -102.394 71.6971 1
      vertex -100.459 58 1
    endloop
  endfacet
  facet normal -0 0 1
    outer loop
      vertex -108.253 62.5 1
      vertex -100.459 58 1
      vertex -102.394 71.6971 1
    endloop
  endfacet
  facet normal 0 0 1
    outer loop
      vertex -100.459 58 1
      vertex -108.253 62.5 1
      vertex -105.132 49.0237 1
    endloop
  endfacet
  facet normal -0 0 1
    outer loop
      vertex -113.288 52.8273 1
      vertex -105.132 49.0237 1
      vertex -108.253 62.5 1
    endloop
  endfacet
  facet normal 0 0 1
    outer loop
      vertex -105.132 49.0237 1
      vertex -113.288 52.8273 1
      vertex -109.004 39.6743 1
    endloop
  endfacet
  facet normal -0 0 1
    outer loop
      vertex -117.462 42.7525 1
      vertex -109.004 39.6743 1
      vertex -113.288 52.8273 1
    endloop
  endfacet
  facet normal 0 0 1
    outer loop
      vertex -109.004 39.6743 1
      vertex -117.462 42.7525 1
      vertex -112.047 30.023 1
    endloop
  endfacet
  facet normal -0 0 1
    outer loop
      vertex -120.741 32.3524 1
      vertex -112.047 30.023 1
      vertex -117.462 42.7525 1
    endloop
  endfacet
  facet normal -0 0 1
    outer loop
      vertex -123.101 21.706 1
      vertex -114.238 20.1432 1
      vertex -120.741 32.3524 1
    endloop
  endfacet
  facet normal 0 0 1
    outer loop
      vertex -112.047 30.023 1
      vertex -120.741 32.3524 1
      vertex -114.238 20.1432 1
    endloop
  endfacet
  facet normal 0 0 1
    outer loop
      vertex 123.101 -21.706 1
      vertex 114.238 -20.1432 1
      vertex 120.741 -32.3524 1
    endloop
  endfacet
  facet normal -0 0 1
    outer loop
      vertex 112.047 -30.023 1
      vertex 120.741 -32.3524 1
      vertex 114.238 -20.1432 1
    endloop
  endfacet
  facet normal 0 0 1
    outer loop
      vertex 120.741 -32.3524 1
      vertex 112.047 -30.023 1
      vertex 117.462 -42.7525 1
    endloop
  endfacet
  facet normal -0 0 1
    outer loop
      vertex 109.004 -39.6743 1
      vertex 117.462 -42.7525 1
      vertex 112.047 -30.023 1
    endloop
  endfacet
  facet normal 0 0 1
    outer loop
      vertex 117.462 -42.7525 1
      vertex 109.004 -39.6743 1
      vertex 113.288 -52.8273 1
    endloop
  endfacet
  facet normal -0 0 1
    outer loop
      vertex 105.132 -49.0237 1
      vertex 113.288 -52.8273 1
      vertex 109.004 -39.6743 1
    endloop
  endfacet
  facet normal 0 0 1
    outer loop
      vertex 113.288 -52.8273 1
      vertex 105.132 -49.0237 1
      vertex 108.253 -62.5 1
    endloop
  endfacet
  facet normal -0 0 1
    outer loop
      vertex 100.459 -58 1
      vertex 108.253 -62.5 1
      vertex 105.132 -49.0237 1
    endloop
  endfacet
  facet normal 0 0 1
    outer loop
      vertex 108.253 -62.5 1
      vertex 100.459 -58 1
      vertex 102.394 -71.6971 1
    endloop
  endfacet
  facet normal -0 0 1
    outer loop
      vertex 95.0216 -66.5349 1
      vertex 102.394 -71.6971 1
      vertex 100.459 -58 1
    endloop
  endfacet
  facet normal 0 0 1
    outer loop
      vertex 102.394 -71.6971 1
      vertex 95.0216 -66.5349 1
      vertex 95.7556 -80.3484 1
    endloop
  endfacet
  facet normal -0 0 1
    outer loop
      vertex 88.8612 -74.5634 1
      vertex 95.7556 -80.3484 1
      vertex 95.0216 -66.5349 1
    endloop
  endfacet
  facet normal 0 0 1
    outer loop
      vertex 88.8612 -74.5634 1
      vertex 88.3884 -88.3884 1
      vertex 95.7556 -80.3484 1
    endloop
  endfacet
  facet normal -0 0 1
    outer loop
      vertex 82.0244 -82.0244 1
      vertex 88.3884 -88.3884 1
      vertex 88.8612 -74.5634 1
    endloop
  endfacet
  facet normal 0 0 1
    outer loop
      vertex 82.0244 -82.0244 1
      vertex 80.3484 -95.7556 1
      vertex 88.3884 -88.3884 1
    endloop
  endfacet
  facet normal -0 0 1
    outer loop
      vertex 74.5634 -88.8612 1
      vertex 80.3484 -95.7556 1
      vertex 82.0244 -82.0244 1
    endloop
  endfacet
  facet normal 0 0 1
    outer loop
      vertex 74.5634 -88.8612 1
      vertex 71.6971 -102.394 1
      vertex 80.3484 -95.7556 1
    endloop
  endfacet
  facet normal -0 0 1
    outer loop
      vertex 66.5349 -95.0216 1
      vertex 71.6971 -102.394 1
      vertex 74.5634 -88.8612 1
    endloop
  endfacet
  facet normal 0 0 1
    outer loop
      vertex 66.5349 -95.0216 1
      vertex 62.5 -108.253 1
      vertex 71.6971 -102.394 1
    endloop
  endfacet
  facet normal -0 0 1
    outer loop
      vertex 58 -100.459 1
      vertex 62.5 -108.253 1
      vertex 66.5349 -95.0216 1
    endloop
  endfacet
  facet normal 0 0 1
    outer loop
      vertex 58 -100.459 1
      vertex 52.8273 -113.288 1
      vertex 62.5 -108.253 1
    endloop
  endfacet
  facet normal -0 0 1
    outer loop
      vertex 49.0237 -105.132 1
      vertex 52.8273 -113.288 1
      vertex 58 -100.459 1
    endloop
  endfacet
  facet normal 0 0 1
    outer loop
      vertex 49.0237 -105.132 1
      vertex 42.7525 -117.462 1
      vertex 52.8273 -113.288 1
    endloop
  endfacet
  facet normal -0 0 1
    outer loop
      vertex 39.6743 -109.004 1
      vertex 42.7525 -117.462 1
      vertex 49.0237 -105.132 1
    endloop
  endfacet
  facet normal 0 0 1
    outer loop
      vertex 39.6743 -109.004 1
      vertex 32.3524 -120.741 1
      vertex 42.7525 -117.462 1
    endloop
  endfacet
  facet normal -0 0 1
    outer loop
      vertex 30.023 -112.047 1
      vertex 32.3524 -120.741 1
      vertex 39.6743 -109.004 1
    endloop
  endfacet
  facet normal 0 0 1
    outer loop
      vertex 30.023 -112.047 1
      vertex 21.706 -123.101 1
      vertex 32.3524 -120.741 1
    endloop
  endfacet
  facet normal -0 0 1
    outer loop
      vertex 20.1432 -114.238 1
      vertex 21.706 -123.101 1
      vertex 30.023 -112.047 1
    endloop
  endfacet
  facet normal 0 0 1
    outer loop
      vertex 20.1432 -114.238 1
      vertex 10.8945 -124.524 1
      vertex 21.706 -123.101 1
    endloop
  endfacet
  facet normal -0 0 1
    outer loop
      vertex 10.1101 -115.559 1
      vertex 10.8945 -124.524 1
      vertex 20.1432 -114.238 1
    endloop
  endfacet
  facet normal -0 0 1
    outer loop
      vertex 0 -116 1
      vertex 10.8945 -124.524 1
      vertex 10.1101 -115.559 1
    endloop
  endfacet
  facet normal 0 0 1
    outer loop
      vertex 0 -116 1
      vertex 0 -125 1
      vertex 10.8945 -124.524 1
    endloop
  endfacet
  facet normal 0 0 1
    outer loop
      vertex -10.1101 -115.559 1
      vertex 0 -125 1
      vertex 0 -116 1
    endloop
  endfacet
  facet normal 0 0 1
    outer loop
      vertex -10.1101 -115.559 1
      vertex -10.8945 -124.524 1
      vertex 0 -125 1
    endloop
  endfacet
  facet normal 0 0 1
    outer loop
      vertex -20.1432 -114.238 1
      vertex -10.8945 -124.524 1
      vertex -10.1101 -115.559 1
    endloop
  endfacet
  facet normal 0 0 1
    outer loop
      vertex -20.1432 -114.238 1
      vertex -21.706 -123.101 1
      vertex -10.8945 -124.524 1
    endloop
  endfacet
  facet normal 0 0 1
    outer loop
      vertex -30.023 -112.047 1
      vertex -21.706 -123.101 1
      vertex -20.1432 -114.238 1
    endloop
  endfacet
  facet normal 0 0 1
    outer loop
      vertex -30.023 -112.047 1
      vertex -32.3524 -120.741 1
      vertex -21.706 -123.101 1
    endloop
  endfacet
  facet normal 0 0 1
    outer loop
      vertex -39.6743 -109.004 1
      vertex -32.3524 -120.741 1
      vertex -30.023 -112.047 1
    endloop
  endfacet
  facet normal 0 0 1
    outer loop
      vertex -39.6743 -109.004 1
      vertex -42.7525 -117.462 1
      vertex -32.3524 -120.741 1
    endloop
  endfacet
  facet normal 0 0 1
    outer loop
      vertex -49.0237 -105.132 1
      vertex -42.7525 -117.462 1
      vertex -39.6743 -109.004 1
    endloop
  endfacet
  facet normal 0 0 1
    outer loop
      vertex -49.0237 -105.132 1
      vertex -52.8273 -113.288 1
      vertex -42.7525 -117.462 1
    endloop
  endfacet
  facet normal 0 0 1
    outer loop
      vertex -58 -100.459 1
      vertex -52.8273 -113.288 1
      vertex -49.0237 -105.132 1
    endloop
  endfacet
  facet normal 0 0 1
    outer loop
      vertex -58 -100.459 1
      vertex -62.5 -108.253 1
      vertex -52.8273 -113.288 1
    endloop
  endfacet
  facet normal 0 0 1
    outer loop
      vertex -66.5349 -95.0216 1
      vertex -62.5 -108.253 1
      vertex -58 -100.459 1
    endloop
  endfacet
  facet normal 0 0 1
    outer loop
      vertex -66.5349 -95.0216 1
      vertex -71.6971 -102.394 1
      vertex -62.5 -108.253 1
    endloop
  endfacet
  facet normal 0 0 1
    outer loop
      vertex -74.5634 -88.8612 1
      vertex -71.6971 -102.394 1
      vertex -66.5349 -95.0216 1
    endloop
  endfacet
  facet normal 0 0 1
    outer loop
      vertex -74.5634 -88.8612 1
      vertex -80.3484 -95.7556 1
      vertex -71.6971 -102.394 1
    endloop
  endfacet
  facet normal 0 0 1
    outer loop
      vertex -82.0244 -82.0244 1
      vertex -80.3484 -95.7556 1
      vertex -74.5634 -88.8612 1
    endloop
  endfacet
  facet normal 0 0 1
    outer loop
      vertex -82.0244 -82.0244 1
      vertex -88.3884 -88.3884 1
      vertex -80.3484 -95.7556 1
    endloop
  endfacet
  facet normal 0 0 1
    outer loop
      vertex -88.8612 -74.5634 1
      vertex -88.3884 -88.3884 1
      vertex -82.0244 -82.0244 1
    endloop
  endfacet
  facet normal 0 0 1
    outer loop
      vertex -95.7556 -80.3484 1
      vertex -88.8612 -74.5634 1
      vertex -95.0216 -66.5349 1
    endloop
  endfacet
  facet normal 0 0 1
    outer loop
      vertex -88.8612 -74.5634 1
      vertex -95.7556 -80.3484 1
      vertex -88.3884 -88.3884 1
    endloop
  endfacet
  facet normal 0 0 1
    outer loop
      vertex -102.394 -71.6971 1
      vertex -95.0216 -66.5349 1
      vertex -100.459 -58 1
    endloop
  endfacet
  facet normal 0 0 1
    outer loop
      vertex -95.0216 -66.5349 1
      vertex -102.394 -71.6971 1
      vertex -95.7556 -80.3484 1
    endloop
  endfacet
  facet normal 0 0 1
    outer loop
      vertex -108.253 -62.5 1
      vertex -100.459 -58 1
      vertex -105.132 -49.0237 1
    endloop
  endfacet
  facet normal 0 0 1
    outer loop
      vertex -100.459 -58 1
      vertex -108.253 -62.5 1
      vertex -102.394 -71.6971 1
    endloop
  endfacet
  facet normal 0 0 1
    outer loop
      vertex -113.288 -52.8273 1
      vertex -105.132 -49.0237 1
      vertex -109.004 -39.6743 1
    endloop
  endfacet
  facet normal 0 0 1
    outer loop
      vertex -117.462 -42.7525 1
      vertex -109.004 -39.6743 1
      vertex -112.047 -30.023 1
    endloop
  endfacet
  facet normal 0 0 1
    outer loop
      vertex -105.132 -49.0237 1
      vertex -113.288 -52.8273 1
      vertex -108.253 -62.5 1
    endloop
  endfacet
  facet normal 0 0 1
    outer loop
      vertex -120.741 -32.3524 1
      vertex -112.047 -30.023 1
      vertex -114.238 -20.1432 1
    endloop
  endfacet
  facet normal 0 0 1
    outer loop
      vertex -123.101 -21.706 1
      vertex -114.238 -20.1432 1
      vertex -115.559 -10.1101 1
    endloop
  endfacet
  facet normal 0 0 1
    outer loop
      vertex -109.004 -39.6743 1
      vertex -117.462 -42.7525 1
      vertex -113.288 -52.8273 1
    endloop
  endfacet
  facet normal 0 0 1
    outer loop
      vertex -124.524 -10.8945 1
      vertex -115.559 -10.1101 1
      vertex -116 0 1
    endloop
  endfacet
  facet normal 0 0 1
    outer loop
      vertex -114.238 20.1432 1
      vertex -123.101 21.706 1
      vertex -115.559 10.1101 1
    endloop
  endfacet
  facet normal -0 0 1
    outer loop
      vertex -124.524 10.8945 1
      vertex -115.559 10.1101 1
      vertex -123.101 21.706 1
    endloop
  endfacet
  facet normal 0 0 1
    outer loop
      vertex -112.047 -30.023 1
      vertex -120.741 -32.3524 1
      vertex -117.462 -42.7525 1
    endloop
  endfacet
  facet normal 0 0 1
    outer loop
      vertex -115.559 10.1101 1
      vertex -124.524 10.8945 1
      vertex -116 0 1
    endloop
  endfacet
  facet normal 0 0 1
    outer loop
      vertex -114.238 -20.1432 1
      vertex -123.101 -21.706 1
      vertex -120.741 -32.3524 1
    endloop
  endfacet
  facet normal 0 0 1
    outer loop
      vertex -125 0 1
      vertex -116 0 1
      vertex -124.524 10.8945 1
    endloop
  endfacet
  facet normal 0 0 1
    outer loop
      vertex -115.559 -10.1101 1
      vertex -124.524 -10.8945 1
      vertex -123.101 -21.706 1
    endloop
  endfacet
  facet normal 0 0 1
    outer loop
      vertex -116 0 1
      vertex -125 0 1
      vertex -124.524 -10.8945 1
    endloop
  endfacet
  facet normal -0.991415 0.130757 0
    outer loop
      vertex -103.449 1.1766 -17
      vertex -103.295 2.34425 -8
      vertex -103.295 2.34425 -17
    endloop
  endfacet
  facet normal -0.991415 0.130757 0
    outer loop
      vertex -103.295 2.34425 -8
      vertex -103.449 1.1766 -17
      vertex -103.449 1.1766 -8
    endloop
  endfacet
  facet normal 0.88698 -0.461808 0
    outer loop
      vertex -78.3087 -6.75 -8
      vertex -77.7648 -5.70535 -17
      vertex -77.7648 -5.70535 -8
    endloop
  endfacet
  facet normal 0.88698 -0.461808 0
    outer loop
      vertex -77.7648 -5.70535 -17
      vertex -78.3087 -6.75 -8
      vertex -78.3087 -6.75 -17
    endloop
  endfacet
  facet normal -0.991415 -0.130757 0
    outer loop
      vertex -103.295 -2.34425 -17
      vertex -103.449 -1.1766 -8
      vertex -103.449 -1.1766 -17
    endloop
  endfacet
  facet normal -0.991415 -0.130757 0
    outer loop
      vertex -103.449 -1.1766 -8
      vertex -103.295 -2.34425 -17
      vertex -103.295 -2.34425 -8
    endloop
  endfacet
  facet normal 0.608753 0.79336 -0
    outer loop
      vertex 80.9912 96.5216 129
      vertex 72.2706 103.213 142
      vertex 80.9912 96.5216 142
    endloop
  endfacet
  facet normal 0.608753 0.79336 0
    outer loop
      vertex 72.2706 103.213 142
      vertex 80.9912 96.5216 129
      vertex 72.2706 103.213 129
    endloop
  endfacet
  facet normal -0.300758 0.953701 0
    outer loop
      vertex -32.6112 121.707 129
      vertex -43.0945 118.401 142
      vertex -32.6112 121.707 142
    endloop
  endfacet
  facet normal -0.300758 0.953701 0
    outer loop
      vertex -43.0945 118.401 142
      vertex -32.6112 121.707 129
      vertex -43.0945 118.401 129
    endloop
  endfacet
  facet normal -0.923896 0.382644 0
    outer loop
      vertex -118.401 43.0945 129
      vertex -114.195 53.2499 142
      vertex -114.195 53.2499 129
    endloop
  endfacet
  facet normal -0.923896 0.382644 0
    outer loop
      vertex -114.195 53.2499 142
      vertex -118.401 43.0945 129
      vertex -118.401 43.0945 142
    endloop
  endfacet
  facet normal 0.608753 -0.79336 0
    outer loop
      vertex 72.2706 -103.213 129
      vertex 80.9912 -96.5216 142
      vertex 72.2706 -103.213 142
    endloop
  endfacet
  facet normal 0.608753 -0.79336 0
    outer loop
      vertex 80.9912 -96.5216 142
      vertex 72.2706 -103.213 129
      vertex 80.9912 -96.5216 129
    endloop
  endfacet
  facet normal 0.886995 0.461779 0
    outer loop
      vertex 114.195 53.2499 142
      vertex 109.119 63 129
      vertex 109.119 63 142
    endloop
  endfacet
  facet normal 0.886995 0.461779 0
    outer loop
      vertex 109.119 63 129
      vertex 114.195 53.2499 142
      vertex 114.195 53.2499 129
    endloop
  endfacet
  facet normal 0.843392 0.537298 0
    outer loop
      vertex 109.119 63 142
      vertex 103.213 72.2706 129
      vertex 103.213 72.2706 142
    endloop
  endfacet
  facet normal 0.843392 0.537298 0
    outer loop
      vertex 103.213 72.2706 129
      vertex 109.119 63 142
      vertex 109.119 63 129
    endloop
  endfacet
  facet normal 0.382644 0.923896 -0
    outer loop
      vertex 53.2499 114.195 129
      vertex 43.0945 118.401 142
      vertex 53.2499 114.195 142
    endloop
  endfacet
  facet normal 0.382644 0.923896 0
    outer loop
      vertex 43.0945 118.401 142
      vertex 53.2499 114.195 129
      vertex 43.0945 118.401 129
    endloop
  endfacet
  facet normal -0.737283 0.675584 0
    outer loop
      vertex -96.5216 80.9912 129
      vertex -89.0955 89.0955 142
      vertex -89.0955 89.0955 129
    endloop
  endfacet
  facet normal -0.737283 0.675584 0
    outer loop
      vertex -89.0955 89.0955 142
      vertex -96.5216 80.9912 129
      vertex -96.5216 80.9912 142
    endloop
  endfacet
  facet normal -0.130547 0.991442 0
    outer loop
      vertex -10.9816 125.521 129
      vertex -21.8797 124.086 142
      vertex -10.9816 125.521 142
    endloop
  endfacet
  facet normal -0.130547 0.991442 0
    outer loop
      vertex -21.8797 124.086 142
      vertex -10.9816 125.521 129
      vertex -21.8797 124.086 129
    endloop
  endfacet
  facet normal 0.99905 -0.043577 0
    outer loop
      vertex 125.521 -10.9816 142
      vertex 126 0 129
      vertex 126 0 142
    endloop
  endfacet
  facet normal 0.99905 -0.043577 0
    outer loop
      vertex 126 0 129
      vertex 125.521 -10.9816 142
      vertex 125.521 -10.9816 129
    endloop
  endfacet
  facet normal 0.79336 -0.608753 0
    outer loop
      vertex 96.5216 -80.9912 142
      vertex 103.213 -72.2706 129
      vertex 103.213 -72.2706 142
    endloop
  endfacet
  facet normal 0.79336 -0.608753 0
    outer loop
      vertex 103.213 -72.2706 129
      vertex 96.5216 -80.9912 142
      vertex 96.5216 -80.9912 129
    endloop
  endfacet
  facet normal -0.130547 -0.991442 0
    outer loop
      vertex -21.8797 -124.086 129
      vertex -10.9816 -125.521 142
      vertex -21.8797 -124.086 142
    endloop
  endfacet
  facet normal -0.130547 -0.991442 -0
    outer loop
      vertex -10.9816 -125.521 142
      vertex -21.8797 -124.086 129
      vertex -10.9816 -125.521 129
    endloop
  endfacet
  facet normal -0.675584 -0.737283 0
    outer loop
      vertex -89.0955 -89.0955 129
      vertex -80.9912 -96.5216 142
      vertex -89.0955 -89.0955 142
    endloop
  endfacet
  facet normal -0.675584 -0.737283 -0
    outer loop
      vertex -80.9912 -96.5216 142
      vertex -89.0955 -89.0955 129
      vertex -80.9912 -96.5216 129
    endloop
  endfacet
  facet normal -0.991442 -0.130547 0
    outer loop
      vertex -124.086 -21.8797 129
      vertex -125.521 -10.9816 142
      vertex -125.521 -10.9816 129
    endloop
  endfacet
  facet normal -0.991442 -0.130547 0
    outer loop
      vertex -125.521 -10.9816 142
      vertex -124.086 -21.8797 129
      vertex -124.086 -21.8797 142
    endloop
  endfacet
  facet normal 0.991442 0.130547 0
    outer loop
      vertex 125.521 10.9816 142
      vertex 124.086 21.8797 129
      vertex 124.086 21.8797 142
    endloop
  endfacet
  facet normal 0.991442 0.130547 0
    outer loop
      vertex 124.086 21.8797 129
      vertex 125.521 10.9816 142
      vertex 125.521 10.9816 129
    endloop
  endfacet
  facet normal 0.953701 0.300758 0
    outer loop
      vertex 121.707 32.6112 142
      vertex 118.401 43.0945 129
      vertex 118.401 43.0945 142
    endloop
  endfacet
  facet normal 0.953701 0.300758 0
    outer loop
      vertex 118.401 43.0945 129
      vertex 121.707 32.6112 142
      vertex 121.707 32.6112 129
    endloop
  endfacet
  facet normal 0.923896 0.382644 0
    outer loop
      vertex 118.401 43.0945 142
      vertex 114.195 53.2499 129
      vertex 114.195 53.2499 142
    endloop
  endfacet
  facet normal 0.923896 0.382644 0
    outer loop
      vertex 114.195 53.2499 129
      vertex 118.401 43.0945 142
      vertex 118.401 43.0945 129
    endloop
  endfacet
  facet normal 0.737283 0.675584 0
    outer loop
      vertex 96.5216 80.9912 142
      vertex 89.0955 89.0955 129
      vertex 89.0955 89.0955 142
    endloop
  endfacet
  facet normal 0.737283 0.675584 0
    outer loop
      vertex 89.0955 89.0955 129
      vertex 96.5216 80.9912 142
      vertex 96.5216 80.9912 129
    endloop
  endfacet
  facet normal 0.79336 0.608753 0
    outer loop
      vertex 103.213 72.2706 142
      vertex 96.5216 80.9912 129
      vertex 96.5216 80.9912 142
    endloop
  endfacet
  facet normal 0.79336 0.608753 0
    outer loop
      vertex 96.5216 80.9912 129
      vertex 103.213 72.2706 142
      vertex 103.213 72.2706 129
    endloop
  endfacet
  facet normal 0.675584 0.737283 -0
    outer loop
      vertex 89.0955 89.0955 129
      vertex 80.9912 96.5216 142
      vertex 89.0955 89.0955 142
    endloop
  endfacet
  facet normal 0.675584 0.737283 0
    outer loop
      vertex 80.9912 96.5216 142
      vertex 89.0955 89.0955 129
      vertex 80.9912 96.5216 129
    endloop
  endfacet
  facet normal 0.537298 0.843392 -0
    outer loop
      vertex 72.2706 103.213 129
      vertex 63 109.119 142
      vertex 72.2706 103.213 142
    endloop
  endfacet
  facet normal 0.537298 0.843392 0
    outer loop
      vertex 63 109.119 142
      vertex 72.2706 103.213 129
      vertex 63 109.119 129
    endloop
  endfacet
  facet normal 0.043577 0.99905 -0
    outer loop
      vertex 10.9816 125.521 129
      vertex 0 126 142
      vertex 10.9816 125.521 142
    endloop
  endfacet
  facet normal 0.043577 0.99905 0
    outer loop
      vertex 0 126 142
      vertex 10.9816 125.521 129
      vertex 0 126 129
    endloop
  endfacet
  facet normal 0.461779 0.886995 -0
    outer loop
      vertex 63 109.119 129
      vertex 53.2499 114.195 142
      vertex 63 109.119 142
    endloop
  endfacet
  facet normal 0.461779 0.886995 0
    outer loop
      vertex 53.2499 114.195 142
      vertex 63 109.119 129
      vertex 53.2499 114.195 129
    endloop
  endfacet
  facet normal 0.300758 0.953701 -0
    outer loop
      vertex 43.0945 118.401 129
      vertex 32.6112 121.707 142
      vertex 43.0945 118.401 142
    endloop
  endfacet
  facet normal 0.300758 0.953701 0
    outer loop
      vertex 32.6112 121.707 142
      vertex 43.0945 118.401 129
      vertex 32.6112 121.707 129
    endloop
  endfacet
  facet normal 0.21643 0.976298 -0
    outer loop
      vertex 32.6112 121.707 129
      vertex 21.8797 124.086 142
      vertex 32.6112 121.707 142
    endloop
  endfacet
  facet normal 0.21643 0.976298 0
    outer loop
      vertex 21.8797 124.086 142
      vertex 32.6112 121.707 129
      vertex 21.8797 124.086 129
    endloop
  endfacet
  facet normal -0.99905 0.043577 0
    outer loop
      vertex -126 0 129
      vertex -125.521 10.9816 142
      vertex -125.521 10.9816 129
    endloop
  endfacet
  facet normal -0.99905 0.043577 0
    outer loop
      vertex -125.521 10.9816 142
      vertex -126 0 129
      vertex -126 0 142
    endloop
  endfacet
  facet normal -0.953701 0.300758 0
    outer loop
      vertex -121.707 32.6112 129
      vertex -118.401 43.0945 142
      vertex -118.401 43.0945 129
    endloop
  endfacet
  facet normal -0.953701 0.300758 0
    outer loop
      vertex -118.401 43.0945 142
      vertex -121.707 32.6112 129
      vertex -121.707 32.6112 142
    endloop
  endfacet
  facet normal -0.976298 0.21643 0
    outer loop
      vertex -124.086 21.8797 129
      vertex -121.707 32.6112 142
      vertex -121.707 32.6112 129
    endloop
  endfacet
  facet normal -0.976298 0.21643 0
    outer loop
      vertex -121.707 32.6112 142
      vertex -124.086 21.8797 129
      vertex -124.086 21.8797 142
    endloop
  endfacet
  facet normal -0.886995 0.461779 0
    outer loop
      vertex -114.195 53.2499 129
      vertex -109.119 63 142
      vertex -109.119 63 129
    endloop
  endfacet
  facet normal -0.886995 0.461779 0
    outer loop
      vertex -109.119 63 142
      vertex -114.195 53.2499 129
      vertex -114.195 53.2499 142
    endloop
  endfacet
  facet normal -0.843392 0.537298 0
    outer loop
      vertex -109.119 63 129
      vertex -103.213 72.2706 142
      vertex -103.213 72.2706 129
    endloop
  endfacet
  facet normal -0.843392 0.537298 0
    outer loop
      vertex -103.213 72.2706 142
      vertex -109.119 63 129
      vertex -109.119 63 142
    endloop
  endfacet
  facet normal -0.21643 0.976298 0
    outer loop
      vertex -21.8797 124.086 129
      vertex -32.6112 121.707 142
      vertex -21.8797 124.086 142
    endloop
  endfacet
  facet normal -0.21643 0.976298 0
    outer loop
      vertex -32.6112 121.707 142
      vertex -21.8797 124.086 129
      vertex -32.6112 121.707 129
    endloop
  endfacet
  facet normal -0.043577 0.99905 0
    outer loop
      vertex 0 126 129
      vertex -10.9816 125.521 142
      vertex 0 126 142
    endloop
  endfacet
  facet normal -0.043577 0.99905 0
    outer loop
      vertex -10.9816 125.521 142
      vertex 0 126 129
      vertex -10.9816 125.521 129
    endloop
  endfacet
  facet normal -0.461779 0.886995 0
    outer loop
      vertex -53.2499 114.195 129
      vertex -63 109.119 142
      vertex -53.2499 114.195 142
    endloop
  endfacet
  facet normal -0.461779 0.886995 0
    outer loop
      vertex -63 109.119 142
      vertex -53.2499 114.195 129
      vertex -63 109.119 129
    endloop
  endfacet
  facet normal -0.382644 0.923896 0
    outer loop
      vertex -43.0945 118.401 129
      vertex -53.2499 114.195 142
      vertex -43.0945 118.401 142
    endloop
  endfacet
  facet normal -0.382644 0.923896 0
    outer loop
      vertex -53.2499 114.195 142
      vertex -43.0945 118.401 129
      vertex -53.2499 114.195 129
    endloop
  endfacet
  facet normal -0.675584 0.737283 0
    outer loop
      vertex -80.9912 96.5216 129
      vertex -89.0955 89.0955 142
      vertex -80.9912 96.5216 142
    endloop
  endfacet
  facet normal -0.675584 0.737283 0
    outer loop
      vertex -89.0955 89.0955 142
      vertex -80.9912 96.5216 129
      vertex -89.0955 89.0955 129
    endloop
  endfacet
  facet normal 0.99905 0.043577 0
    outer loop
      vertex 126 0 142
      vertex 125.521 10.9816 129
      vertex 125.521 10.9816 142
    endloop
  endfacet
  facet normal 0.99905 0.043577 0
    outer loop
      vertex 125.521 10.9816 129
      vertex 126 0 142
      vertex 126 0 129
    endloop
  endfacet
  facet normal 0.21643 -0.976298 0
    outer loop
      vertex 21.8797 -124.086 129
      vertex 32.6112 -121.707 142
      vertex 21.8797 -124.086 142
    endloop
  endfacet
  facet normal 0.21643 -0.976298 0
    outer loop
      vertex 32.6112 -121.707 142
      vertex 21.8797 -124.086 129
      vertex 32.6112 -121.707 129
    endloop
  endfacet
  facet normal 0.300758 -0.953701 0
    outer loop
      vertex 32.6112 -121.707 129
      vertex 43.0945 -118.401 142
      vertex 32.6112 -121.707 142
    endloop
  endfacet
  facet normal 0.300758 -0.953701 0
    outer loop
      vertex 43.0945 -118.401 142
      vertex 32.6112 -121.707 129
      vertex 43.0945 -118.401 129
    endloop
  endfacet
  facet normal 0.675584 -0.737283 0
    outer loop
      vertex 80.9912 -96.5216 129
      vertex 89.0955 -89.0955 142
      vertex 80.9912 -96.5216 142
    endloop
  endfacet
  facet normal 0.675584 -0.737283 0
    outer loop
      vertex 89.0955 -89.0955 142
      vertex 80.9912 -96.5216 129
      vertex 89.0955 -89.0955 129
    endloop
  endfacet
  facet normal 0.461779 -0.886995 0
    outer loop
      vertex 53.2499 -114.195 129
      vertex 63 -109.119 142
      vertex 53.2499 -114.195 142
    endloop
  endfacet
  facet normal 0.461779 -0.886995 0
    outer loop
      vertex 63 -109.119 142
      vertex 53.2499 -114.195 129
      vertex 63 -109.119 129
    endloop
  endfacet
  facet normal 0.886995 -0.461779 0
    outer loop
      vertex 109.119 -63 142
      vertex 114.195 -53.2499 129
      vertex 114.195 -53.2499 142
    endloop
  endfacet
  facet normal 0.886995 -0.461779 0
    outer loop
      vertex 114.195 -53.2499 129
      vertex 109.119 -63 142
      vertex 109.119 -63 129
    endloop
  endfacet
  facet normal -0.043577 -0.99905 0
    outer loop
      vertex -10.9816 -125.521 129
      vertex 0 -126 142
      vertex -10.9816 -125.521 142
    endloop
  endfacet
  facet normal -0.043577 -0.99905 -0
    outer loop
      vertex 0 -126 142
      vertex -10.9816 -125.521 129
      vertex 0 -126 129
    endloop
  endfacet
  facet normal -0.300758 -0.953701 0
    outer loop
      vertex -43.0945 -118.401 129
      vertex -32.6112 -121.707 142
      vertex -43.0945 -118.401 142
    endloop
  endfacet
  facet normal -0.300758 -0.953701 -0
    outer loop
      vertex -32.6112 -121.707 142
      vertex -43.0945 -118.401 129
      vertex -32.6112 -121.707 129
    endloop
  endfacet
  facet normal -0.461779 -0.886995 0
    outer loop
      vertex -63 -109.119 129
      vertex -53.2499 -114.195 142
      vertex -63 -109.119 142
    endloop
  endfacet
  facet normal -0.461779 -0.886995 -0
    outer loop
      vertex -53.2499 -114.195 142
      vertex -63 -109.119 129
      vertex -53.2499 -114.195 129
    endloop
  endfacet
  facet normal -0.537298 -0.843392 0
    outer loop
      vertex -72.2706 -103.213 129
      vertex -63 -109.119 142
      vertex -72.2706 -103.213 142
    endloop
  endfacet
  facet normal -0.537298 -0.843392 -0
    outer loop
      vertex -63 -109.119 142
      vertex -72.2706 -103.213 129
      vertex -63 -109.119 129
    endloop
  endfacet
  facet normal -0.976298 -0.21643 0
    outer loop
      vertex -121.707 -32.6112 129
      vertex -124.086 -21.8797 142
      vertex -124.086 -21.8797 129
    endloop
  endfacet
  facet normal -0.976298 -0.21643 0
    outer loop
      vertex -124.086 -21.8797 142
      vertex -121.707 -32.6112 129
      vertex -121.707 -32.6112 142
    endloop
  endfacet
  facet normal -0.99905 -0.043577 0
    outer loop
      vertex -125.521 -10.9816 129
      vertex -126 0 142
      vertex -126 0 129
    endloop
  endfacet
  facet normal -0.99905 -0.043577 0
    outer loop
      vertex -126 0 142
      vertex -125.521 -10.9816 129
      vertex -125.521 -10.9816 142
    endloop
  endfacet
  facet normal 0 0 -1
    outer loop
      vertex 116 0 129
      vertex 126 0 129
      vertex 125.521 -10.9816 129
    endloop
  endfacet
  facet normal 0 0 -1
    outer loop
      vertex 115.559 -10.1101 129
      vertex 125.521 -10.9816 129
      vertex 124.086 -21.8797 129
    endloop
  endfacet
  facet normal 0 0 -1
    outer loop
      vertex 126 0 129
      vertex 116 0 129
      vertex 125.521 10.9816 129
    endloop
  endfacet
  facet normal 0 0 -1
    outer loop
      vertex 114.238 -20.1432 129
      vertex 124.086 -21.8797 129
      vertex 121.707 -32.6112 129
    endloop
  endfacet
  facet normal 0 0 -1
    outer loop
      vertex 115.559 10.1101 129
      vertex 125.521 10.9816 129
      vertex 116 0 129
    endloop
  endfacet
  facet normal 0 0 -1
    outer loop
      vertex 112.047 -30.023 129
      vertex 121.707 -32.6112 129
      vertex 118.401 -43.0945 129
    endloop
  endfacet
  facet normal -0 0 -1
    outer loop
      vertex 125.521 10.9816 129
      vertex 115.559 10.1101 129
      vertex 124.086 21.8797 129
    endloop
  endfacet
  facet normal 0 0 -1
    outer loop
      vertex 114.238 20.1432 129
      vertex 124.086 21.8797 129
      vertex 115.559 10.1101 129
    endloop
  endfacet
  facet normal 0 0 -1
    outer loop
      vertex 125.521 -10.9816 129
      vertex 115.559 -10.1101 129
      vertex 116 0 129
    endloop
  endfacet
  facet normal 0 0 -1
    outer loop
      vertex 124.086 -21.8797 129
      vertex 114.238 -20.1432 129
      vertex 115.559 -10.1101 129
    endloop
  endfacet
  facet normal 0 0 -1
    outer loop
      vertex 109.004 -39.6743 129
      vertex 118.401 -43.0945 129
      vertex 114.195 -53.2499 129
    endloop
  endfacet
  facet normal 0 0 -1
    outer loop
      vertex 121.707 -32.6112 129
      vertex 112.047 -30.023 129
      vertex 114.238 -20.1432 129
    endloop
  endfacet
  facet normal 0 0 -1
    outer loop
      vertex 105.132 -49.0237 129
      vertex 114.195 -53.2499 129
      vertex 109.119 -63 129
    endloop
  endfacet
  facet normal 0 0 -1
    outer loop
      vertex 118.401 -43.0945 129
      vertex 109.004 -39.6743 129
      vertex 112.047 -30.023 129
    endloop
  endfacet
  facet normal 0 0 -1
    outer loop
      vertex 114.195 -53.2499 129
      vertex 105.132 -49.0237 129
      vertex 109.004 -39.6743 129
    endloop
  endfacet
  facet normal 0 0 -1
    outer loop
      vertex 100.459 -58 129
      vertex 109.119 -63 129
      vertex 103.213 -72.2706 129
    endloop
  endfacet
  facet normal 0 0 -1
    outer loop
      vertex 109.119 -63 129
      vertex 100.459 -58 129
      vertex 105.132 -49.0237 129
    endloop
  endfacet
  facet normal 0 0 -1
    outer loop
      vertex 95.0216 -66.5349 129
      vertex 103.213 -72.2706 129
      vertex 96.5216 -80.9912 129
    endloop
  endfacet
  facet normal 0 0 -1
    outer loop
      vertex 103.213 -72.2706 129
      vertex 95.0216 -66.5349 129
      vertex 100.459 -58 129
    endloop
  endfacet
  facet normal 0 0 -1
    outer loop
      vertex 88.8612 -74.5634 129
      vertex 96.5216 -80.9912 129
      vertex 89.0955 -89.0955 129
    endloop
  endfacet
  facet normal 0 0 -1
    outer loop
      vertex 96.5216 -80.9912 129
      vertex 88.8612 -74.5634 129
      vertex 95.0216 -66.5349 129
    endloop
  endfacet
  facet normal 0 0 -1
    outer loop
      vertex 89.0955 -89.0955 129
      vertex 82.0244 -82.0244 129
      vertex 88.8612 -74.5634 129
    endloop
  endfacet
  facet normal 0 0 -1
    outer loop
      vertex 80.9912 -96.5216 129
      vertex 82.0244 -82.0244 129
      vertex 89.0955 -89.0955 129
    endloop
  endfacet
  facet normal 0 0 -1
    outer loop
      vertex 80.9912 -96.5216 129
      vertex 74.5634 -88.8612 129
      vertex 82.0244 -82.0244 129
    endloop
  endfacet
  facet normal 0 0 -1
    outer loop
      vertex 72.2706 -103.213 129
      vertex 74.5634 -88.8612 129
      vertex 80.9912 -96.5216 129
    endloop
  endfacet
  facet normal 0 0 -1
    outer loop
      vertex 72.2706 -103.213 129
      vertex 66.5349 -95.0216 129
      vertex 74.5634 -88.8612 129
    endloop
  endfacet
  facet normal 0 0 -1
    outer loop
      vertex 63 -109.119 129
      vertex 66.5349 -95.0216 129
      vertex 72.2706 -103.213 129
    endloop
  endfacet
  facet normal 0 0 -1
    outer loop
      vertex 63 -109.119 129
      vertex 58 -100.459 129
      vertex 66.5349 -95.0216 129
    endloop
  endfacet
  facet normal 0 0 -1
    outer loop
      vertex 53.2499 -114.195 129
      vertex 58 -100.459 129
      vertex 63 -109.119 129
    endloop
  endfacet
  facet normal 0 0 -1
    outer loop
      vertex 53.2499 -114.195 129
      vertex 49.0237 -105.132 129
      vertex 58 -100.459 129
    endloop
  endfacet
  facet normal 0 0 -1
    outer loop
      vertex 43.0945 -118.401 129
      vertex 49.0237 -105.132 129
      vertex 53.2499 -114.195 129
    endloop
  endfacet
  facet normal 0 0 -1
    outer loop
      vertex 43.0945 -118.401 129
      vertex 39.6743 -109.004 129
      vertex 49.0237 -105.132 129
    endloop
  endfacet
  facet normal 0 0 -1
    outer loop
      vertex 32.6112 -121.707 129
      vertex 39.6743 -109.004 129
      vertex 43.0945 -118.401 129
    endloop
  endfacet
  facet normal 0 0 -1
    outer loop
      vertex 32.6112 -121.707 129
      vertex 30.023 -112.047 129
      vertex 39.6743 -109.004 129
    endloop
  endfacet
  facet normal 0 0 -1
    outer loop
      vertex 21.8797 -124.086 129
      vertex 30.023 -112.047 129
      vertex 32.6112 -121.707 129
    endloop
  endfacet
  facet normal 0 0 -1
    outer loop
      vertex 21.8797 -124.086 129
      vertex 20.1432 -114.238 129
      vertex 30.023 -112.047 129
    endloop
  endfacet
  facet normal 0 0 -1
    outer loop
      vertex 10.9816 -125.521 129
      vertex 20.1432 -114.238 129
      vertex 21.8797 -124.086 129
    endloop
  endfacet
  facet normal 0 0 -1
    outer loop
      vertex 10.9816 -125.521 129
      vertex 10.1101 -115.559 129
      vertex 20.1432 -114.238 129
    endloop
  endfacet
  facet normal 0 0 -1
    outer loop
      vertex 0 -126 129
      vertex 10.1101 -115.559 129
      vertex 10.9816 -125.521 129
    endloop
  endfacet
  facet normal 0 0 -1
    outer loop
      vertex 0 -126 129
      vertex 0 -116 129
      vertex 10.1101 -115.559 129
    endloop
  endfacet
  facet normal 0 0 -1
    outer loop
      vertex 0 -126 129
      vertex -10.1101 -115.559 129
      vertex 0 -116 129
    endloop
  endfacet
  facet normal 0 0 -1
    outer loop
      vertex -10.9816 -125.521 129
      vertex -10.1101 -115.559 129
      vertex 0 -126 129
    endloop
  endfacet
  facet normal 0 0 -1
    outer loop
      vertex -10.9816 -125.521 129
      vertex -20.1432 -114.238 129
      vertex -10.1101 -115.559 129
    endloop
  endfacet
  facet normal 0 0 -1
    outer loop
      vertex -21.8797 -124.086 129
      vertex -20.1432 -114.238 129
      vertex -10.9816 -125.521 129
    endloop
  endfacet
  facet normal 0 0 -1
    outer loop
      vertex -21.8797 -124.086 129
      vertex -30.023 -112.047 129
      vertex -20.1432 -114.238 129
    endloop
  endfacet
  facet normal 0 0 -1
    outer loop
      vertex -32.6112 -121.707 129
      vertex -30.023 -112.047 129
      vertex -21.8797 -124.086 129
    endloop
  endfacet
  facet normal 0 0 -1
    outer loop
      vertex -32.6112 -121.707 129
      vertex -39.6743 -109.004 129
      vertex -30.023 -112.047 129
    endloop
  endfacet
  facet normal 0 0 -1
    outer loop
      vertex -43.0945 -118.401 129
      vertex -39.6743 -109.004 129
      vertex -32.6112 -121.707 129
    endloop
  endfacet
  facet normal 0 0 -1
    outer loop
      vertex -43.0945 -118.401 129
      vertex -49.0237 -105.132 129
      vertex -39.6743 -109.004 129
    endloop
  endfacet
  facet normal 0 0 -1
    outer loop
      vertex -53.2499 -114.195 129
      vertex -49.0237 -105.132 129
      vertex -43.0945 -118.401 129
    endloop
  endfacet
  facet normal 0 0 -1
    outer loop
      vertex -53.2499 -114.195 129
      vertex -58 -100.459 129
      vertex -49.0237 -105.132 129
    endloop
  endfacet
  facet normal 0 0 -1
    outer loop
      vertex -63 -109.119 129
      vertex -58 -100.459 129
      vertex -53.2499 -114.195 129
    endloop
  endfacet
  facet normal 0 0 -1
    outer loop
      vertex -63 -109.119 129
      vertex -66.5349 -95.0216 129
      vertex -58 -100.459 129
    endloop
  endfacet
  facet normal 0 0 -1
    outer loop
      vertex -72.2706 -103.213 129
      vertex -66.5349 -95.0216 129
      vertex -63 -109.119 129
    endloop
  endfacet
  facet normal 0 0 -1
    outer loop
      vertex -72.2706 -103.213 129
      vertex -74.5634 -88.8612 129
      vertex -66.5349 -95.0216 129
    endloop
  endfacet
  facet normal 0 0 -1
    outer loop
      vertex -80.9912 -96.5216 129
      vertex -74.5634 -88.8612 129
      vertex -72.2706 -103.213 129
    endloop
  endfacet
  facet normal 0 0 -1
    outer loop
      vertex -80.9912 -96.5216 129
      vertex -82.0244 -82.0244 129
      vertex -74.5634 -88.8612 129
    endloop
  endfacet
  facet normal 0 0 -1
    outer loop
      vertex -89.0955 -89.0955 129
      vertex -82.0244 -82.0244 129
      vertex -80.9912 -96.5216 129
    endloop
  endfacet
  facet normal -0 0 -1
    outer loop
      vertex -82.0244 -82.0244 129
      vertex -89.0955 -89.0955 129
      vertex -88.8612 -74.5634 129
    endloop
  endfacet
  facet normal 0 0 -1
    outer loop
      vertex -96.5216 -80.9912 129
      vertex -88.8612 -74.5634 129
      vertex -89.0955 -89.0955 129
    endloop
  endfacet
  facet normal -0 0 -1
    outer loop
      vertex -88.8612 -74.5634 129
      vertex -96.5216 -80.9912 129
      vertex -95.0216 -66.5349 129
    endloop
  endfacet
  facet normal 0 0 -1
    outer loop
      vertex -103.213 -72.2706 129
      vertex -95.0216 -66.5349 129
      vertex -96.5216 -80.9912 129
    endloop
  endfacet
  facet normal -0 0 -1
    outer loop
      vertex -95.0216 -66.5349 129
      vertex -103.213 -72.2706 129
      vertex -100.459 -58 129
    endloop
  endfacet
  facet normal 0 0 -1
    outer loop
      vertex -109.119 -63 129
      vertex -100.459 -58 129
      vertex -103.213 -72.2706 129
    endloop
  endfacet
  facet normal -0 0 -1
    outer loop
      vertex -100.459 -58 129
      vertex -109.119 -63 129
      vertex -105.132 -49.0237 129
    endloop
  endfacet
  facet normal 0 0 -1
    outer loop
      vertex -114.195 -53.2499 129
      vertex -105.132 -49.0237 129
      vertex -109.119 -63 129
    endloop
  endfacet
  facet normal -0 0 -1
    outer loop
      vertex -105.132 -49.0237 129
      vertex -114.195 -53.2499 129
      vertex -109.004 -39.6743 129
    endloop
  endfacet
  facet normal 0 0 -1
    outer loop
      vertex -118.401 -43.0945 129
      vertex -109.004 -39.6743 129
      vertex -114.195 -53.2499 129
    endloop
  endfacet
  facet normal -0 0 -1
    outer loop
      vertex -109.004 -39.6743 129
      vertex -118.401 -43.0945 129
      vertex -112.047 -30.023 129
    endloop
  endfacet
  facet normal 0 0 -1
    outer loop
      vertex -121.707 -32.6112 129
      vertex -112.047 -30.023 129
      vertex -118.401 -43.0945 129
    endloop
  endfacet
  facet normal -0 0 -1
    outer loop
      vertex -112.047 -30.023 129
      vertex -121.707 -32.6112 129
      vertex -114.238 -20.1432 129
    endloop
  endfacet
  facet normal 0 0 -1
    outer loop
      vertex -124.086 -21.8797 129
      vertex -114.238 -20.1432 129
      vertex -121.707 -32.6112 129
    endloop
  endfacet
  facet normal -0 0 -1
    outer loop
      vertex 124.086 21.8797 129
      vertex 114.238 20.1432 129
      vertex 121.707 32.6112 129
    endloop
  endfacet
  facet normal 0 0 -1
    outer loop
      vertex 112.047 30.023 129
      vertex 121.707 32.6112 129
      vertex 114.238 20.1432 129
    endloop
  endfacet
  facet normal -0 0 -1
    outer loop
      vertex 121.707 32.6112 129
      vertex 112.047 30.023 129
      vertex 118.401 43.0945 129
    endloop
  endfacet
  facet normal 0 0 -1
    outer loop
      vertex 109.004 39.6743 129
      vertex 118.401 43.0945 129
      vertex 112.047 30.023 129
    endloop
  endfacet
  facet normal -0 0 -1
    outer loop
      vertex 118.401 43.0945 129
      vertex 109.004 39.6743 129
      vertex 114.195 53.2499 129
    endloop
  endfacet
  facet normal 0 0 -1
    outer loop
      vertex 105.132 49.0237 129
      vertex 114.195 53.2499 129
      vertex 109.004 39.6743 129
    endloop
  endfacet
  facet normal -0 0 -1
    outer loop
      vertex 114.195 53.2499 129
      vertex 105.132 49.0237 129
      vertex 109.119 63 129
    endloop
  endfacet
  facet normal 0 0 -1
    outer loop
      vertex 100.459 58 129
      vertex 109.119 63 129
      vertex 105.132 49.0237 129
    endloop
  endfacet
  facet normal -0 0 -1
    outer loop
      vertex 109.119 63 129
      vertex 100.459 58 129
      vertex 103.213 72.2706 129
    endloop
  endfacet
  facet normal 0 0 -1
    outer loop
      vertex 95.0216 66.5349 129
      vertex 103.213 72.2706 129
      vertex 100.459 58 129
    endloop
  endfacet
  facet normal -0 0 -1
    outer loop
      vertex 103.213 72.2706 129
      vertex 95.0216 66.5349 129
      vertex 96.5216 80.9912 129
    endloop
  endfacet
  facet normal 0 0 -1
    outer loop
      vertex 88.8612 74.5634 129
      vertex 96.5216 80.9912 129
      vertex 95.0216 66.5349 129
    endloop
  endfacet
  facet normal -0 0 -1
    outer loop
      vertex 96.5216 80.9912 129
      vertex 88.8612 74.5634 129
      vertex 89.0955 89.0955 129
    endloop
  endfacet
  facet normal 0 0 -1
    outer loop
      vertex 82.0244 82.0244 129
      vertex 89.0955 89.0955 129
      vertex 88.8612 74.5634 129
    endloop
  endfacet
  facet normal 0 0 -1
    outer loop
      vertex 82.0244 82.0244 129
      vertex 80.9912 96.5216 129
      vertex 89.0955 89.0955 129
    endloop
  endfacet
  facet normal 0 0 -1
    outer loop
      vertex 74.5634 88.8612 129
      vertex 80.9912 96.5216 129
      vertex 82.0244 82.0244 129
    endloop
  endfacet
  facet normal 0 0 -1
    outer loop
      vertex 74.5634 88.8612 129
      vertex 72.2706 103.213 129
      vertex 80.9912 96.5216 129
    endloop
  endfacet
  facet normal 0 0 -1
    outer loop
      vertex 66.5349 95.0216 129
      vertex 72.2706 103.213 129
      vertex 74.5634 88.8612 129
    endloop
  endfacet
  facet normal 0 0 -1
    outer loop
      vertex 66.5349 95.0216 129
      vertex 63 109.119 129
      vertex 72.2706 103.213 129
    endloop
  endfacet
  facet normal 0 0 -1
    outer loop
      vertex 58 100.459 129
      vertex 63 109.119 129
      vertex 66.5349 95.0216 129
    endloop
  endfacet
  facet normal 0 0 -1
    outer loop
      vertex 58 100.459 129
      vertex 53.2499 114.195 129
      vertex 63 109.119 129
    endloop
  endfacet
  facet normal 0 0 -1
    outer loop
      vertex 49.0237 105.132 129
      vertex 53.2499 114.195 129
      vertex 58 100.459 129
    endloop
  endfacet
  facet normal 0 0 -1
    outer loop
      vertex 49.0237 105.132 129
      vertex 43.0945 118.401 129
      vertex 53.2499 114.195 129
    endloop
  endfacet
  facet normal 0 0 -1
    outer loop
      vertex 39.6743 109.004 129
      vertex 43.0945 118.401 129
      vertex 49.0237 105.132 129
    endloop
  endfacet
  facet normal 0 0 -1
    outer loop
      vertex 39.6743 109.004 129
      vertex 32.6112 121.707 129
      vertex 43.0945 118.401 129
    endloop
  endfacet
  facet normal 0 0 -1
    outer loop
      vertex 30.023 112.047 129
      vertex 32.6112 121.707 129
      vertex 39.6743 109.004 129
    endloop
  endfacet
  facet normal 0 0 -1
    outer loop
      vertex 30.023 112.047 129
      vertex 21.8797 124.086 129
      vertex 32.6112 121.707 129
    endloop
  endfacet
  facet normal 0 0 -1
    outer loop
      vertex 20.1432 114.238 129
      vertex 21.8797 124.086 129
      vertex 30.023 112.047 129
    endloop
  endfacet
  facet normal 0 0 -1
    outer loop
      vertex 20.1432 114.238 129
      vertex 10.9816 125.521 129
      vertex 21.8797 124.086 129
    endloop
  endfacet
  facet normal 0 0 -1
    outer loop
      vertex 10.1101 115.559 129
      vertex 10.9816 125.521 129
      vertex 20.1432 114.238 129
    endloop
  endfacet
  facet normal 0 0 -1
    outer loop
      vertex 0 116 129
      vertex 10.9816 125.521 129
      vertex 10.1101 115.559 129
    endloop
  endfacet
  facet normal 0 0 -1
    outer loop
      vertex 0 116 129
      vertex 0 126 129
      vertex 10.9816 125.521 129
    endloop
  endfacet
  facet normal 0 0 -1
    outer loop
      vertex -10.1101 115.559 129
      vertex 0 126 129
      vertex 0 116 129
    endloop
  endfacet
  facet normal 0 0 -1
    outer loop
      vertex -10.1101 115.559 129
      vertex -10.9816 125.521 129
      vertex 0 126 129
    endloop
  endfacet
  facet normal 0 0 -1
    outer loop
      vertex -20.1432 114.238 129
      vertex -10.9816 125.521 129
      vertex -10.1101 115.559 129
    endloop
  endfacet
  facet normal 0 0 -1
    outer loop
      vertex -20.1432 114.238 129
      vertex -21.8797 124.086 129
      vertex -10.9816 125.521 129
    endloop
  endfacet
  facet normal 0 0 -1
    outer loop
      vertex -30.023 112.047 129
      vertex -21.8797 124.086 129
      vertex -20.1432 114.238 129
    endloop
  endfacet
  facet normal 0 0 -1
    outer loop
      vertex -30.023 112.047 129
      vertex -32.6112 121.707 129
      vertex -21.8797 124.086 129
    endloop
  endfacet
  facet normal 0 0 -1
    outer loop
      vertex -39.6743 109.004 129
      vertex -32.6112 121.707 129
      vertex -30.023 112.047 129
    endloop
  endfacet
  facet normal 0 0 -1
    outer loop
      vertex -39.6743 109.004 129
      vertex -43.0945 118.401 129
      vertex -32.6112 121.707 129
    endloop
  endfacet
  facet normal 0 0 -1
    outer loop
      vertex -49.0237 105.132 129
      vertex -43.0945 118.401 129
      vertex -39.6743 109.004 129
    endloop
  endfacet
  facet normal 0 0 -1
    outer loop
      vertex -49.0237 105.132 129
      vertex -53.2499 114.195 129
      vertex -43.0945 118.401 129
    endloop
  endfacet
  facet normal 0 0 -1
    outer loop
      vertex -58 100.459 129
      vertex -53.2499 114.195 129
      vertex -49.0237 105.132 129
    endloop
  endfacet
  facet normal 0 0 -1
    outer loop
      vertex -58 100.459 129
      vertex -63 109.119 129
      vertex -53.2499 114.195 129
    endloop
  endfacet
  facet normal 0 0 -1
    outer loop
      vertex -66.5349 95.0216 129
      vertex -63 109.119 129
      vertex -58 100.459 129
    endloop
  endfacet
  facet normal 0 0 -1
    outer loop
      vertex -66.5349 95.0216 129
      vertex -72.2706 103.213 129
      vertex -63 109.119 129
    endloop
  endfacet
  facet normal 0 0 -1
    outer loop
      vertex -74.5634 88.8612 129
      vertex -72.2706 103.213 129
      vertex -66.5349 95.0216 129
    endloop
  endfacet
  facet normal 0 0 -1
    outer loop
      vertex -74.5634 88.8612 129
      vertex -80.9912 96.5216 129
      vertex -72.2706 103.213 129
    endloop
  endfacet
  facet normal 0 0 -1
    outer loop
      vertex -82.0244 82.0244 129
      vertex -80.9912 96.5216 129
      vertex -74.5634 88.8612 129
    endloop
  endfacet
  facet normal 0 0 -1
    outer loop
      vertex -89.0955 89.0955 129
      vertex -82.0244 82.0244 129
      vertex -88.8612 74.5634 129
    endloop
  endfacet
  facet normal 0 0 -1
    outer loop
      vertex -82.0244 82.0244 129
      vertex -89.0955 89.0955 129
      vertex -80.9912 96.5216 129
    endloop
  endfacet
  facet normal 0 0 -1
    outer loop
      vertex -96.5216 80.9912 129
      vertex -88.8612 74.5634 129
      vertex -95.0216 66.5349 129
    endloop
  endfacet
  facet normal 0 0 -1
    outer loop
      vertex -88.8612 74.5634 129
      vertex -96.5216 80.9912 129
      vertex -89.0955 89.0955 129
    endloop
  endfacet
  facet normal 0 0 -1
    outer loop
      vertex -103.213 72.2706 129
      vertex -95.0216 66.5349 129
      vertex -100.459 58 129
    endloop
  endfacet
  facet normal 0 0 -1
    outer loop
      vertex -95.0216 66.5349 129
      vertex -103.213 72.2706 129
      vertex -96.5216 80.9912 129
    endloop
  endfacet
  facet normal 0 0 -1
    outer loop
      vertex -109.119 63 129
      vertex -100.459 58 129
      vertex -105.132 49.0237 129
    endloop
  endfacet
  facet normal 0 0 -1
    outer loop
      vertex -114.195 53.2499 129
      vertex -105.132 49.0237 129
      vertex -109.004 39.6743 129
    endloop
  endfacet
  facet normal 0 0 -1
    outer loop
      vertex -100.459 58 129
      vertex -109.119 63 129
      vertex -103.213 72.2706 129
    endloop
  endfacet
  facet normal 0 0 -1
    outer loop
      vertex -118.401 43.0945 129
      vertex -109.004 39.6743 129
      vertex -112.047 30.023 129
    endloop
  endfacet
  facet normal 0 0 -1
    outer loop
      vertex -105.132 49.0237 129
      vertex -114.195 53.2499 129
      vertex -109.119 63 129
    endloop
  endfacet
  facet normal 0 0 -1
    outer loop
      vertex -121.707 32.6112 129
      vertex -112.047 30.023 129
      vertex -114.238 20.1432 129
    endloop
  endfacet
  facet normal 0 0 -1
    outer loop
      vertex -124.086 21.8797 129
      vertex -114.238 20.1432 129
      vertex -115.559 10.1101 129
    endloop
  endfacet
  facet normal 0 0 -1
    outer loop
      vertex -125.521 10.9816 129
      vertex -115.559 10.1101 129
      vertex -116 0 129
    endloop
  endfacet
  facet normal -0 0 -1
    outer loop
      vertex -114.238 -20.1432 129
      vertex -124.086 -21.8797 129
      vertex -115.559 -10.1101 129
    endloop
  endfacet
  facet normal 0 0 -1
    outer loop
      vertex -109.004 39.6743 129
      vertex -118.401 43.0945 129
      vertex -114.195 53.2499 129
    endloop
  endfacet
  facet normal 0 0 -1
    outer loop
      vertex -125.521 -10.9816 129
      vertex -115.559 -10.1101 129
      vertex -124.086 -21.8797 129
    endloop
  endfacet
  facet normal 0 0 -1
    outer loop
      vertex -112.047 30.023 129
      vertex -121.707 32.6112 129
      vertex -118.401 43.0945 129
    endloop
  endfacet
  facet normal -0 0 -1
    outer loop
      vertex -115.559 -10.1101 129
      vertex -125.521 -10.9816 129
      vertex -116 0 129
    endloop
  endfacet
  facet normal 0 0 -1
    outer loop
      vertex -114.238 20.1432 129
      vertex -124.086 21.8797 129
      vertex -121.707 32.6112 129
    endloop
  endfacet
  facet normal 0 0 -1
    outer loop
      vertex -126 0 129
      vertex -116 0 129
      vertex -125.521 -10.9816 129
    endloop
  endfacet
  facet normal 0 0 -1
    outer loop
      vertex -115.559 10.1101 129
      vertex -125.521 10.9816 129
      vertex -124.086 21.8797 129
    endloop
  endfacet
  facet normal 0 0 -1
    outer loop
      vertex -116 0 129
      vertex -126 0 129
      vertex -125.521 10.9816 129
    endloop
  endfacet
  facet normal -0.923896 -0.382644 0
    outer loop
      vertex -114.195 -53.2499 129
      vertex -118.401 -43.0945 142
      vertex -118.401 -43.0945 129
    endloop
  endfacet
  facet normal -0.923896 -0.382644 0
    outer loop
      vertex -118.401 -43.0945 142
      vertex -114.195 -53.2499 129
      vertex -114.195 -53.2499 142
    endloop
  endfacet
  facet normal -0.737283 -0.675584 0
    outer loop
      vertex -89.0955 -89.0955 129
      vertex -96.5216 -80.9912 142
      vertex -96.5216 -80.9912 129
    endloop
  endfacet
  facet normal -0.737283 -0.675584 0
    outer loop
      vertex -96.5216 -80.9912 142
      vertex -89.0955 -89.0955 129
      vertex -89.0955 -89.0955 142
    endloop
  endfacet
  facet normal 0.976298 0.21643 0
    outer loop
      vertex 124.086 21.8797 142
      vertex 121.707 32.6112 129
      vertex 121.707 32.6112 142
    endloop
  endfacet
  facet normal 0.976298 0.21643 0
    outer loop
      vertex 121.707 32.6112 129
      vertex 124.086 21.8797 142
      vertex 124.086 21.8797 129
    endloop
  endfacet
  facet normal 0.130547 0.991442 -0
    outer loop
      vertex 21.8797 124.086 129
      vertex 10.9816 125.521 142
      vertex 21.8797 124.086 142
    endloop
  endfacet
  facet normal 0.130547 0.991442 0
    outer loop
      vertex 10.9816 125.521 142
      vertex 21.8797 124.086 129
      vertex 10.9816 125.521 129
    endloop
  endfacet
  facet normal -0.991442 0.130547 0
    outer loop
      vertex -125.521 10.9816 129
      vertex -124.086 21.8797 142
      vertex -124.086 21.8797 129
    endloop
  endfacet
  facet normal -0.991442 0.130547 0
    outer loop
      vertex -124.086 21.8797 142
      vertex -125.521 10.9816 129
      vertex -125.521 10.9816 142
    endloop
  endfacet
  facet normal -0.79336 0.608753 0
    outer loop
      vertex -103.213 72.2706 129
      vertex -96.5216 80.9912 142
      vertex -96.5216 80.9912 129
    endloop
  endfacet
  facet normal -0.79336 0.608753 0
    outer loop
      vertex -96.5216 80.9912 142
      vertex -103.213 72.2706 129
      vertex -103.213 72.2706 142
    endloop
  endfacet
  facet normal -0.608753 0.79336 0
    outer loop
      vertex -72.2706 103.213 129
      vertex -80.9912 96.5216 142
      vertex -72.2706 103.213 142
    endloop
  endfacet
  facet normal -0.608753 0.79336 0
    outer loop
      vertex -80.9912 96.5216 142
      vertex -72.2706 103.213 129
      vertex -80.9912 96.5216 129
    endloop
  endfacet
  facet normal -0.537298 0.843392 0
    outer loop
      vertex -63 109.119 129
      vertex -72.2706 103.213 142
      vertex -63 109.119 142
    endloop
  endfacet
  facet normal -0.537298 0.843392 0
    outer loop
      vertex -72.2706 103.213 142
      vertex -63 109.119 129
      vertex -72.2706 103.213 129
    endloop
  endfacet
  facet normal 0.043577 -0.99905 0
    outer loop
      vertex 0 -126 129
      vertex 10.9816 -125.521 142
      vertex 0 -126 142
    endloop
  endfacet
  facet normal 0.043577 -0.99905 0
    outer loop
      vertex 10.9816 -125.521 142
      vertex 0 -126 129
      vertex 10.9816 -125.521 129
    endloop
  endfacet
  facet normal 0.991442 -0.130547 0
    outer loop
      vertex 124.086 -21.8797 142
      vertex 125.521 -10.9816 129
      vertex 125.521 -10.9816 142
    endloop
  endfacet
  facet normal 0.991442 -0.130547 0
    outer loop
      vertex 125.521 -10.9816 129
      vertex 124.086 -21.8797 142
      vertex 124.086 -21.8797 129
    endloop
  endfacet
  facet normal 0.953701 -0.300758 0
    outer loop
      vertex 118.401 -43.0945 142
      vertex 121.707 -32.6112 129
      vertex 121.707 -32.6112 142
    endloop
  endfacet
  facet normal 0.953701 -0.300758 0
    outer loop
      vertex 121.707 -32.6112 129
      vertex 118.401 -43.0945 142
      vertex 118.401 -43.0945 129
    endloop
  endfacet
  facet normal 0.130547 -0.991442 0
    outer loop
      vertex 10.9816 -125.521 129
      vertex 21.8797 -124.086 142
      vertex 10.9816 -125.521 142
    endloop
  endfacet
  facet normal 0.130547 -0.991442 0
    outer loop
      vertex 21.8797 -124.086 142
      vertex 10.9816 -125.521 129
      vertex 21.8797 -124.086 129
    endloop
  endfacet
  facet normal 0.382644 -0.923896 0
    outer loop
      vertex 43.0945 -118.401 129
      vertex 53.2499 -114.195 142
      vertex 43.0945 -118.401 142
    endloop
  endfacet
  facet normal 0.382644 -0.923896 0
    outer loop
      vertex 53.2499 -114.195 142
      vertex 43.0945 -118.401 129
      vertex 53.2499 -114.195 129
    endloop
  endfacet
  facet normal 0.737283 -0.675584 0
    outer loop
      vertex 89.0955 -89.0955 142
      vertex 96.5216 -80.9912 129
      vertex 96.5216 -80.9912 142
    endloop
  endfacet
  facet normal 0.737283 -0.675584 0
    outer loop
      vertex 96.5216 -80.9912 129
      vertex 89.0955 -89.0955 142
      vertex 89.0955 -89.0955 129
    endloop
  endfacet
  facet normal 0.537298 -0.843392 0
    outer loop
      vertex 63 -109.119 129
      vertex 72.2706 -103.213 142
      vertex 63 -109.119 142
    endloop
  endfacet
  facet normal 0.537298 -0.843392 0
    outer loop
      vertex 72.2706 -103.213 142
      vertex 63 -109.119 129
      vertex 72.2706 -103.213 129
    endloop
  endfacet
  facet normal 0.923896 -0.382644 0
    outer loop
      vertex 114.195 -53.2499 142
      vertex 118.401 -43.0945 129
      vertex 118.401 -43.0945 142
    endloop
  endfacet
  facet normal 0.923896 -0.382644 0
    outer loop
      vertex 118.401 -43.0945 129
      vertex 114.195 -53.2499 142
      vertex 114.195 -53.2499 129
    endloop
  endfacet
  facet normal 0.843392 -0.537298 0
    outer loop
      vertex 103.213 -72.2706 142
      vertex 109.119 -63 129
      vertex 109.119 -63 142
    endloop
  endfacet
  facet normal 0.843392 -0.537298 0
    outer loop
      vertex 109.119 -63 129
      vertex 103.213 -72.2706 142
      vertex 103.213 -72.2706 129
    endloop
  endfacet
  facet normal -0.21643 -0.976298 0
    outer loop
      vertex -32.6112 -121.707 129
      vertex -21.8797 -124.086 142
      vertex -32.6112 -121.707 142
    endloop
  endfacet
  facet normal -0.21643 -0.976298 -0
    outer loop
      vertex -21.8797 -124.086 142
      vertex -32.6112 -121.707 129
      vertex -21.8797 -124.086 129
    endloop
  endfacet
  facet normal -0.382644 -0.923896 0
    outer loop
      vertex -53.2499 -114.195 129
      vertex -43.0945 -118.401 142
      vertex -53.2499 -114.195 142
    endloop
  endfacet
  facet normal -0.382644 -0.923896 -0
    outer loop
      vertex -43.0945 -118.401 142
      vertex -53.2499 -114.195 129
      vertex -43.0945 -118.401 129
    endloop
  endfacet
  facet normal -0.608753 -0.79336 0
    outer loop
      vertex -80.9912 -96.5216 129
      vertex -72.2706 -103.213 142
      vertex -80.9912 -96.5216 142
    endloop
  endfacet
  facet normal -0.608753 -0.79336 -0
    outer loop
      vertex -72.2706 -103.213 142
      vertex -80.9912 -96.5216 129
      vertex -72.2706 -103.213 129
    endloop
  endfacet
  facet normal -0.953701 -0.300758 0
    outer loop
      vertex -118.401 -43.0945 129
      vertex -121.707 -32.6112 142
      vertex -121.707 -32.6112 129
    endloop
  endfacet
  facet normal -0.953701 -0.300758 0
    outer loop
      vertex -121.707 -32.6112 142
      vertex -118.401 -43.0945 129
      vertex -118.401 -43.0945 142
    endloop
  endfacet
  facet normal -0.886995 -0.461779 0
    outer loop
      vertex -109.119 -63 129
      vertex -114.195 -53.2499 142
      vertex -114.195 -53.2499 129
    endloop
  endfacet
  facet normal -0.886995 -0.461779 0
    outer loop
      vertex -114.195 -53.2499 142
      vertex -109.119 -63 129
      vertex -109.119 -63 142
    endloop
  endfacet
  facet normal -0.843392 -0.537298 0
    outer loop
      vertex -103.213 -72.2706 129
      vertex -109.119 -63 142
      vertex -109.119 -63 129
    endloop
  endfacet
  facet normal -0.843392 -0.537298 0
    outer loop
      vertex -109.119 -63 142
      vertex -103.213 -72.2706 129
      vertex -103.213 -72.2706 142
    endloop
  endfacet
  facet normal 0.976298 -0.21643 0
    outer loop
      vertex 121.707 -32.6112 142
      vertex 124.086 -21.8797 129
      vertex 124.086 -21.8797 142
    endloop
  endfacet
  facet normal 0.976298 -0.21643 0
    outer loop
      vertex 124.086 -21.8797 129
      vertex 121.707 -32.6112 142
      vertex 121.707 -32.6112 129
    endloop
  endfacet
  facet normal -0.79336 -0.608753 0
    outer loop
      vertex -96.5216 -80.9912 129
      vertex -103.213 -72.2706 142
      vertex -103.213 -72.2706 129
    endloop
  endfacet
  facet normal -0.79336 -0.608753 0
    outer loop
      vertex -103.213 -72.2706 142
      vertex -96.5216 -80.9912 129
      vertex -96.5216 -80.9912 142
    endloop
  endfacet
  facet normal 0.976301 0.216418 0
    outer loop
      vertex 123.101 21.706 1
      vertex 120.741 32.3524 -8
      vertex 120.741 32.3524 1
    endloop
  endfacet
  facet normal 0.976301 0.216418 0
    outer loop
      vertex 120.741 32.3524 -8
      vertex 123.101 21.706 1
      vertex 123.101 21.706 -8
    endloop
  endfacet
  facet normal 0.999047 0.0436501 0
    outer loop
      vertex 125 0 1
      vertex 124.524 10.8945 -8
      vertex 124.524 10.8945 1
    endloop
  endfacet
  facet normal 0.999047 0.0436501 0
    outer loop
      vertex 124.524 10.8945 -8
      vertex 125 0 1
      vertex 125 0 -8
    endloop
  endfacet
  facet normal -0.999047 0.0436501 0
    outer loop
      vertex -125 0 -8
      vertex -124.524 10.8945 1
      vertex -124.524 10.8945 -8
    endloop
  endfacet
  facet normal -0.999047 0.0436501 0
    outer loop
      vertex -124.524 10.8945 1
      vertex -125 0 -8
      vertex -125 0 1
    endloop
  endfacet
  facet normal 0.0436501 0.999047 -0
    outer loop
      vertex 10.8945 124.524 -8
      vertex 0 125 1
      vertex 10.8945 124.524 1
    endloop
  endfacet
  facet normal 0.0436501 0.999047 0
    outer loop
      vertex 0 125 1
      vertex 10.8945 124.524 -8
      vertex 0 125 -8
    endloop
  endfacet
  facet normal 0.737282 0.675585 0
    outer loop
      vertex 95.7556 80.3484 1
      vertex 88.3884 88.3884 -8
      vertex 88.3884 88.3884 1
    endloop
  endfacet
  facet normal 0.737282 0.675585 0
    outer loop
      vertex 88.3884 88.3884 -8
      vertex 95.7556 80.3484 1
      vertex 95.7556 80.3484 -8
    endloop
  endfacet
  facet normal -0.675585 0.737282 0
    outer loop
      vertex -80.3484 95.7556 -8
      vertex -88.3884 88.3884 1
      vertex -80.3484 95.7556 1
    endloop
  endfacet
  facet normal -0.675585 0.737282 0
    outer loop
      vertex -88.3884 88.3884 1
      vertex -80.3484 95.7556 -8
      vertex -88.3884 88.3884 -8
    endloop
  endfacet
  facet normal -0.300694 0.953721 0
    outer loop
      vertex -32.3524 120.741 -8
      vertex -42.7525 117.462 1
      vertex -32.3524 120.741 1
    endloop
  endfacet
  facet normal -0.300694 0.953721 0
    outer loop
      vertex -42.7525 117.462 1
      vertex -32.3524 120.741 -8
      vertex -42.7525 117.462 -8
    endloop
  endfacet
  facet normal 0.953721 0.300694 0
    outer loop
      vertex 120.741 32.3524 1
      vertex 117.462 42.7525 -8
      vertex 117.462 42.7525 1
    endloop
  endfacet
  facet normal 0.953721 0.300694 0
    outer loop
      vertex 117.462 42.7525 -8
      vertex 120.741 32.3524 1
      vertex 120.741 32.3524 -8
    endloop
  endfacet
  facet normal 0.382752 0.923851 -0
    outer loop
      vertex 52.8273 113.288 -8
      vertex 42.7525 117.462 1
      vertex 52.8273 113.288 1
    endloop
  endfacet
  facet normal 0.382752 0.923851 0
    outer loop
      vertex 42.7525 117.462 1
      vertex 52.8273 113.288 -8
      vertex 42.7525 117.462 -8
    endloop
  endfacet
  facet normal -0.887022 0.461728 0
    outer loop
      vertex -113.288 52.8273 -8
      vertex -108.253 62.5 1
      vertex -108.253 62.5 -8
    endloop
  endfacet
  facet normal -0.887022 0.461728 0
    outer loop
      vertex -108.253 62.5 1
      vertex -113.288 52.8273 -8
      vertex -113.288 52.8273 1
    endloop
  endfacet
  facet normal 0.887022 -0.461728 0
    outer loop
      vertex 108.253 -62.5 1
      vertex 113.288 -52.8273 -8
      vertex 113.288 -52.8273 1
    endloop
  endfacet
  facet normal 0.887022 -0.461728 0
    outer loop
      vertex 113.288 -52.8273 -8
      vertex 108.253 -62.5 1
      vertex 108.253 -62.5 -8
    endloop
  endfacet
  facet normal 0.216418 -0.976301 0
    outer loop
      vertex 21.706 -123.101 -8
      vertex 32.3524 -120.741 1
      vertex 21.706 -123.101 1
    endloop
  endfacet
  facet normal 0.216418 -0.976301 0
    outer loop
      vertex 32.3524 -120.741 1
      vertex 21.706 -123.101 -8
      vertex 32.3524 -120.741 -8
    endloop
  endfacet
  facet normal 0.675585 -0.737282 0
    outer loop
      vertex 80.3484 -95.7556 -8
      vertex 88.3884 -88.3884 1
      vertex 80.3484 -95.7556 1
    endloop
  endfacet
  facet normal 0.675585 -0.737282 0
    outer loop
      vertex 88.3884 -88.3884 1
      vertex 80.3484 -95.7556 -8
      vertex 88.3884 -88.3884 -8
    endloop
  endfacet
  facet normal 0.991449 -0.130494 0
    outer loop
      vertex 123.101 -21.706 1
      vertex 124.524 -10.8945 -8
      vertex 124.524 -10.8945 1
    endloop
  endfacet
  facet normal 0.991449 -0.130494 0
    outer loop
      vertex 124.524 -10.8945 -8
      vertex 123.101 -21.706 1
      vertex 123.101 -21.706 -8
    endloop
  endfacet
  facet normal -0.300694 -0.953721 0
    outer loop
      vertex -42.7525 -117.462 -8
      vertex -32.3524 -120.741 1
      vertex -42.7525 -117.462 1
    endloop
  endfacet
  facet normal -0.300694 -0.953721 -0
    outer loop
      vertex -32.3524 -120.741 1
      vertex -42.7525 -117.462 -8
      vertex -32.3524 -120.741 -8
    endloop
  endfacet
  facet normal -0.461728 -0.887022 0
    outer loop
      vertex -62.5 -108.253 -8
      vertex -52.8273 -113.288 1
      vertex -62.5 -108.253 1
    endloop
  endfacet
  facet normal -0.461728 -0.887022 -0
    outer loop
      vertex -52.8273 -113.288 1
      vertex -62.5 -108.253 -8
      vertex -52.8273 -113.288 -8
    endloop
  endfacet
  facet normal 0.991449 0.130494 0
    outer loop
      vertex 124.524 10.8945 1
      vertex 123.101 21.706 -8
      vertex 123.101 21.706 1
    endloop
  endfacet
  facet normal 0.991449 0.130494 0
    outer loop
      vertex 123.101 21.706 -8
      vertex 124.524 10.8945 1
      vertex 124.524 10.8945 -8
    endloop
  endfacet
  facet normal 0.923851 0.382752 0
    outer loop
      vertex 117.462 42.7525 1
      vertex 113.288 52.8273 -8
      vertex 113.288 52.8273 1
    endloop
  endfacet
  facet normal 0.923851 0.382752 0
    outer loop
      vertex 113.288 52.8273 -8
      vertex 117.462 42.7525 1
      vertex 117.462 42.7525 -8
    endloop
  endfacet
  facet normal 0.887022 0.461728 0
    outer loop
      vertex 113.288 52.8273 1
      vertex 108.253 62.5 -8
      vertex 108.253 62.5 1
    endloop
  endfacet
  facet normal 0.887022 0.461728 0
    outer loop
      vertex 108.253 62.5 -8
      vertex 113.288 52.8273 1
      vertex 113.288 52.8273 -8
    endloop
  endfacet
  facet normal 0.793352 0.608763 0
    outer loop
      vertex 102.394 71.6971 1
      vertex 95.7556 80.3484 -8
      vertex 95.7556 80.3484 1
    endloop
  endfacet
  facet normal 0.793352 0.608763 0
    outer loop
      vertex 95.7556 80.3484 -8
      vertex 102.394 71.6971 1
      vertex 102.394 71.6971 -8
    endloop
  endfacet
  facet normal 0.8434 0.537287 0
    outer loop
      vertex 108.253 62.5 1
      vertex 102.394 71.6971 -8
      vertex 102.394 71.6971 1
    endloop
  endfacet
  facet normal 0.8434 0.537287 0
    outer loop
      vertex 102.394 71.6971 -8
      vertex 108.253 62.5 1
      vertex 108.253 62.5 -8
    endloop
  endfacet
  facet normal 0.300694 0.953721 -0
    outer loop
      vertex 42.7525 117.462 -8
      vertex 32.3524 120.741 1
      vertex 42.7525 117.462 1
    endloop
  endfacet
  facet normal 0.300694 0.953721 0
    outer loop
      vertex 32.3524 120.741 1
      vertex 42.7525 117.462 -8
      vertex 32.3524 120.741 -8
    endloop
  endfacet
  facet normal 0.216418 0.976301 -0
    outer loop
      vertex 32.3524 120.741 -8
      vertex 21.706 123.101 1
      vertex 32.3524 120.741 1
    endloop
  endfacet
  facet normal 0.216418 0.976301 0
    outer loop
      vertex 21.706 123.101 1
      vertex 32.3524 120.741 -8
      vertex 21.706 123.101 -8
    endloop
  endfacet
  facet normal 0.130494 0.991449 -0
    outer loop
      vertex 21.706 123.101 -8
      vertex 10.8945 124.524 1
      vertex 21.706 123.101 1
    endloop
  endfacet
  facet normal 0.130494 0.991449 0
    outer loop
      vertex 10.8945 124.524 1
      vertex 21.706 123.101 -8
      vertex 10.8945 124.524 -8
    endloop
  endfacet
  facet normal 0.675585 0.737282 -0
    outer loop
      vertex 88.3884 88.3884 -8
      vertex 80.3484 95.7556 1
      vertex 88.3884 88.3884 1
    endloop
  endfacet
  facet normal 0.675585 0.737282 0
    outer loop
      vertex 80.3484 95.7556 1
      vertex 88.3884 88.3884 -8
      vertex 80.3484 95.7556 -8
    endloop
  endfacet
  facet normal -0.737282 0.675585 0
    outer loop
      vertex -95.7556 80.3484 -8
      vertex -88.3884 88.3884 1
      vertex -88.3884 88.3884 -8
    endloop
  endfacet
  facet normal -0.737282 0.675585 0
    outer loop
      vertex -88.3884 88.3884 1
      vertex -95.7556 80.3484 -8
      vertex -95.7556 80.3484 1
    endloop
  endfacet
  facet normal -0.923851 0.382752 0
    outer loop
      vertex -117.462 42.7525 -8
      vertex -113.288 52.8273 1
      vertex -113.288 52.8273 -8
    endloop
  endfacet
  facet normal -0.923851 0.382752 0
    outer loop
      vertex -113.288 52.8273 1
      vertex -117.462 42.7525 -8
      vertex -117.462 42.7525 1
    endloop
  endfacet
  facet normal -0.976301 0.216418 0
    outer loop
      vertex -123.101 21.706 -8
      vertex -120.741 32.3524 1
      vertex -120.741 32.3524 -8
    endloop
  endfacet
  facet normal -0.976301 0.216418 0
    outer loop
      vertex -120.741 32.3524 1
      vertex -123.101 21.706 -8
      vertex -123.101 21.706 1
    endloop
  endfacet
  facet normal -0.461728 0.887022 0
    outer loop
      vertex -52.8273 113.288 -8
      vertex -62.5 108.253 1
      vertex -52.8273 113.288 1
    endloop
  endfacet
  facet normal -0.461728 0.887022 0
    outer loop
      vertex -62.5 108.253 1
      vertex -52.8273 113.288 -8
      vertex -62.5 108.253 -8
    endloop
  endfacet
  facet normal -0.608763 0.793352 0
    outer loop
      vertex -71.6971 102.394 -8
      vertex -80.3484 95.7556 1
      vertex -71.6971 102.394 1
    endloop
  endfacet
  facet normal -0.608763 0.793352 0
    outer loop
      vertex -80.3484 95.7556 1
      vertex -71.6971 102.394 -8
      vertex -80.3484 95.7556 -8
    endloop
  endfacet
  facet normal -0.0436501 0.999047 0
    outer loop
      vertex 0 125 -8
      vertex -10.8945 124.524 1
      vertex 0 125 1
    endloop
  endfacet
  facet normal -0.0436501 0.999047 0
    outer loop
      vertex -10.8945 124.524 1
      vertex 0 125 -8
      vertex -10.8945 124.524 -8
    endloop
  endfacet
  facet normal -0.216418 0.976301 0
    outer loop
      vertex -21.706 123.101 -8
      vertex -32.3524 120.741 1
      vertex -21.706 123.101 1
    endloop
  endfacet
  facet normal -0.216418 0.976301 0
    outer loop
      vertex -32.3524 120.741 1
      vertex -21.706 123.101 -8
      vertex -32.3524 120.741 -8
    endloop
  endfacet
  facet normal -0.130494 0.991449 0
    outer loop
      vertex -10.8945 124.524 -8
      vertex -21.706 123.101 1
      vertex -10.8945 124.524 1
    endloop
  endfacet
  facet normal -0.130494 0.991449 0
    outer loop
      vertex -21.706 123.101 1
      vertex -10.8945 124.524 -8
      vertex -21.706 123.101 -8
    endloop
  endfacet
  facet normal 0.0436501 -0.999047 0
    outer loop
      vertex 0 -125 -8
      vertex 10.8945 -124.524 1
      vertex 0 -125 1
    endloop
  endfacet
  facet normal 0.0436501 -0.999047 0
    outer loop
      vertex 10.8945 -124.524 1
      vertex 0 -125 -8
      vertex 10.8945 -124.524 -8
    endloop
  endfacet
  facet normal 0.130494 -0.991449 0
    outer loop
      vertex 10.8945 -124.524 -8
      vertex 21.706 -123.101 1
      vertex 10.8945 -124.524 1
    endloop
  endfacet
  facet normal 0.130494 -0.991449 0
    outer loop
      vertex 21.706 -123.101 1
      vertex 10.8945 -124.524 -8
      vertex 21.706 -123.101 -8
    endloop
  endfacet
  facet normal 0.382752 -0.923851 0
    outer loop
      vertex 42.7525 -117.462 -8
      vertex 52.8273 -113.288 1
      vertex 42.7525 -117.462 1
    endloop
  endfacet
  facet normal 0.382752 -0.923851 0
    outer loop
      vertex 52.8273 -113.288 1
      vertex 42.7525 -117.462 -8
      vertex 52.8273 -113.288 -8
    endloop
  endfacet
  facet normal 0.737282 -0.675585 0
    outer loop
      vertex 88.3884 -88.3884 1
      vertex 95.7556 -80.3484 -8
      vertex 95.7556 -80.3484 1
    endloop
  endfacet
  facet normal 0.737282 -0.675585 0
    outer loop
      vertex 95.7556 -80.3484 -8
      vertex 88.3884 -88.3884 1
      vertex 88.3884 -88.3884 -8
    endloop
  endfacet
  facet normal -0.130494 -0.991449 0
    outer loop
      vertex -21.706 -123.101 -8
      vertex -10.8945 -124.524 1
      vertex -21.706 -123.101 1
    endloop
  endfacet
  facet normal -0.130494 -0.991449 -0
    outer loop
      vertex -10.8945 -124.524 1
      vertex -21.706 -123.101 -8
      vertex -10.8945 -124.524 -8
    endloop
  endfacet
  facet normal -0.675585 -0.737282 0
    outer loop
      vertex -88.3884 -88.3884 -8
      vertex -80.3484 -95.7556 1
      vertex -88.3884 -88.3884 1
    endloop
  endfacet
  facet normal -0.675585 -0.737282 -0
    outer loop
      vertex -80.3484 -95.7556 1
      vertex -88.3884 -88.3884 -8
      vertex -80.3484 -95.7556 -8
    endloop
  endfacet
  facet normal -0.0436501 -0.999047 0
    outer loop
      vertex -10.8945 -124.524 -8
      vertex 0 -125 1
      vertex -10.8945 -124.524 1
    endloop
  endfacet
  facet normal -0.0436501 -0.999047 -0
    outer loop
      vertex 0 -125 1
      vertex -10.8945 -124.524 -8
      vertex 0 -125 -8
    endloop
  endfacet
  facet normal -0.537287 -0.8434 0
    outer loop
      vertex -71.6971 -102.394 -8
      vertex -62.5 -108.253 1
      vertex -71.6971 -102.394 1
    endloop
  endfacet
  facet normal -0.537287 -0.8434 -0
    outer loop
      vertex -62.5 -108.253 1
      vertex -71.6971 -102.394 -8
      vertex -62.5 -108.253 -8
    endloop
  endfacet
  facet normal -0.737282 -0.675585 0
    outer loop
      vertex -88.3884 -88.3884 -8
      vertex -95.7556 -80.3484 1
      vertex -95.7556 -80.3484 -8
    endloop
  endfacet
  facet normal -0.737282 -0.675585 0
    outer loop
      vertex -95.7556 -80.3484 1
      vertex -88.3884 -88.3884 -8
      vertex -88.3884 -88.3884 1
    endloop
  endfacet
  facet normal -0.923851 -0.382752 0
    outer loop
      vertex -113.288 -52.8273 -8
      vertex -117.462 -42.7525 1
      vertex -117.462 -42.7525 -8
    endloop
  endfacet
  facet normal -0.923851 -0.382752 0
    outer loop
      vertex -117.462 -42.7525 1
      vertex -113.288 -52.8273 -8
      vertex -113.288 -52.8273 1
    endloop
  endfacet
  facet normal -0.976301 -0.216418 0
    outer loop
      vertex -120.741 -32.3524 -8
      vertex -123.101 -21.706 1
      vertex -123.101 -21.706 -8
    endloop
  endfacet
  facet normal -0.976301 -0.216418 0
    outer loop
      vertex -123.101 -21.706 1
      vertex -120.741 -32.3524 -8
      vertex -120.741 -32.3524 1
    endloop
  endfacet
  facet normal -0.999047 -0.0436501 0
    outer loop
      vertex -124.524 -10.8945 -8
      vertex -125 0 1
      vertex -125 0 -8
    endloop
  endfacet
  facet normal -0.999047 -0.0436501 0
    outer loop
      vertex -125 0 1
      vertex -124.524 -10.8945 -8
      vertex -124.524 -10.8945 1
    endloop
  endfacet
  facet normal 0 0 -1
    outer loop
      vertex -76.5 0 -8
      vertex 125 0 -8
      vertex 124.524 -10.8945 -8
    endloop
  endfacet
  facet normal 0 0 -1
    outer loop
      vertex -76.5 0 -8
      vertex 124.524 -10.8945 -8
      vertex 123.101 -21.706 -8
    endloop
  endfacet
  facet normal 0 0 -1
    outer loop
      vertex 125 0 -8
      vertex -76.5 0 -8
      vertex 124.524 10.8945 -8
    endloop
  endfacet
  facet normal 0 0 -1
    outer loop
      vertex -76.5 0 -8
      vertex 123.101 -21.706 -8
      vertex 120.741 -32.3524 -8
    endloop
  endfacet
  facet normal -0 0 -1
    outer loop
      vertex 124.524 10.8945 -8
      vertex -76.5 0 -8
      vertex 123.101 21.706 -8
    endloop
  endfacet
  facet normal 0 0 -1
    outer loop
      vertex -76.5514 -1.1766 -8
      vertex 120.741 -32.3524 -8
      vertex 117.462 -42.7525 -8
    endloop
  endfacet
  facet normal -0 0 -1
    outer loop
      vertex 123.101 21.706 -8
      vertex -76.5 0 -8
      vertex 120.741 32.3524 -8
    endloop
  endfacet
  facet normal 0 0 -1
    outer loop
      vertex -76.5514 -1.1766 -8
      vertex 117.462 -42.7525 -8
      vertex 113.288 -52.8273 -8
    endloop
  endfacet
  facet normal 0 0 -1
    outer loop
      vertex -76.5514 1.1766 -8
      vertex 120.741 32.3524 -8
      vertex -76.5 0 -8
    endloop
  endfacet
  facet normal 0 0 -1
    outer loop
      vertex -76.5514 -1.1766 -8
      vertex 113.288 -52.8273 -8
      vertex 108.253 -62.5 -8
    endloop
  endfacet
  facet normal -0 0 -1
    outer loop
      vertex 120.741 32.3524 -8
      vertex -76.5514 1.1766 -8
      vertex 117.462 42.7525 -8
    endloop
  endfacet
  facet normal 0 0 -1
    outer loop
      vertex -76.5514 -1.1766 -8
      vertex 108.253 -62.5 -8
      vertex 102.394 -71.6971 -8
    endloop
  endfacet
  facet normal -0 0 -1
    outer loop
      vertex 117.462 42.7525 -8
      vertex -76.5514 1.1766 -8
      vertex 113.288 52.8273 -8
    endloop
  endfacet
  facet normal 0 0 -1
    outer loop
      vertex -76.7051 -2.34425 -8
      vertex 102.394 -71.6971 -8
      vertex 95.7556 -80.3484 -8
    endloop
  endfacet
  facet normal -0 0 -1
    outer loop
      vertex 113.288 52.8273 -8
      vertex -76.5514 1.1766 -8
      vertex 108.253 62.5 -8
    endloop
  endfacet
  facet normal 0 0 -1
    outer loop
      vertex -76.7051 -2.34425 -8
      vertex 95.7556 -80.3484 -8
      vertex 88.3884 -88.3884 -8
    endloop
  endfacet
  facet normal -0 0 -1
    outer loop
      vertex 108.253 62.5 -8
      vertex -76.5514 1.1766 -8
      vertex 102.394 71.6971 -8
    endloop
  endfacet
  facet normal 0 0 -1
    outer loop
      vertex -76.7051 -2.34425 -8
      vertex 88.3884 -88.3884 -8
      vertex 80.3484 -95.7556 -8
    endloop
  endfacet
  facet normal 0 0 -1
    outer loop
      vertex -76.7051 2.34425 -8
      vertex 102.394 71.6971 -8
      vertex -76.5514 1.1766 -8
    endloop
  endfacet
  facet normal 0 0 -1
    outer loop
      vertex -76.7051 -2.34425 -8
      vertex 80.3484 -95.7556 -8
      vertex 71.6971 -102.394 -8
    endloop
  endfacet
  facet normal -0 0 -1
    outer loop
      vertex 102.394 71.6971 -8
      vertex -76.7051 2.34425 -8
      vertex 95.7556 80.3484 -8
    endloop
  endfacet
  facet normal 0 0 -1
    outer loop
      vertex -76.96 -3.49406 -8
      vertex 71.6971 -102.394 -8
      vertex 62.5 -108.253 -8
    endloop
  endfacet
  facet normal -0 0 -1
    outer loop
      vertex 95.7556 80.3484 -8
      vertex -76.7051 2.34425 -8
      vertex 88.3884 88.3884 -8
    endloop
  endfacet
  facet normal 0 0 -1
    outer loop
      vertex -76.96 -3.49406 -8
      vertex 62.5 -108.253 -8
      vertex 52.8273 -113.288 -8
    endloop
  endfacet
  facet normal -0 0 -1
    outer loop
      vertex 88.3884 88.3884 -8
      vertex -76.7051 2.34425 -8
      vertex 80.3484 95.7556 -8
    endloop
  endfacet
  facet normal 0 0 -1
    outer loop
      vertex -76.96 -3.49406 -8
      vertex 52.8273 -113.288 -8
      vertex 42.7525 -117.462 -8
    endloop
  endfacet
  facet normal -0 0 -1
    outer loop
      vertex 80.3484 95.7556 -8
      vertex -76.7051 2.34425 -8
      vertex 71.6971 102.394 -8
    endloop
  endfacet
  facet normal 0 0 -1
    outer loop
      vertex -76.96 -3.49406 -8
      vertex 42.7525 -117.462 -8
      vertex 32.3524 -120.741 -8
    endloop
  endfacet
  facet normal 0 0 -1
    outer loop
      vertex -76.96 3.49406 -8
      vertex 71.6971 102.394 -8
      vertex -76.7051 2.34425 -8
    endloop
  endfacet
  facet normal 0 0 -1
    outer loop
      vertex -77.3141 -4.61727 -8
      vertex 32.3524 -120.741 -8
      vertex 21.706 -123.101 -8
    endloop
  endfacet
  facet normal -0 0 -1
    outer loop
      vertex 71.6971 102.394 -8
      vertex -76.96 3.49406 -8
      vertex 62.5 108.253 -8
    endloop
  endfacet
  facet normal 0 0 -1
    outer loop
      vertex -77.3141 -4.61727 -8
      vertex 21.706 -123.101 -8
      vertex 10.8945 -124.524 -8
    endloop
  endfacet
  facet normal -0 0 -1
    outer loop
      vertex 62.5 108.253 -8
      vertex -76.96 3.49406 -8
      vertex 52.8273 113.288 -8
    endloop
  endfacet
  facet normal 0 0 -1
    outer loop
      vertex -77.3141 -4.61727 -8
      vertex 10.8945 -124.524 -8
      vertex 0 -125 -8
    endloop
  endfacet
  facet normal -0 0 -1
    outer loop
      vertex 52.8273 113.288 -8
      vertex -76.96 3.49406 -8
      vertex 42.7525 117.462 -8
    endloop
  endfacet
  facet normal 0 0 -1
    outer loop
      vertex -77.7648 -5.70535 -8
      vertex 0 -125 -8
      vertex -10.8945 -124.524 -8
    endloop
  endfacet
  facet normal -0 0 -1
    outer loop
      vertex 42.7525 117.462 -8
      vertex -76.96 3.49406 -8
      vertex 32.3524 120.741 -8
    endloop
  endfacet
  facet normal 0 0 -1
    outer loop
      vertex -77.7648 -5.70535 -8
      vertex -10.8945 -124.524 -8
      vertex -21.706 -123.101 -8
    endloop
  endfacet
  facet normal 0 0 -1
    outer loop
      vertex -77.3141 4.61727 -8
      vertex 32.3524 120.741 -8
      vertex -76.96 3.49406 -8
    endloop
  endfacet
  facet normal 0 0 -1
    outer loop
      vertex -78.3087 -6.75 -8
      vertex -21.706 -123.101 -8
      vertex -32.3524 -120.741 -8
    endloop
  endfacet
  facet normal -0 0 -1
    outer loop
      vertex 32.3524 120.741 -8
      vertex -77.3141 4.61727 -8
      vertex 21.706 123.101 -8
    endloop
  endfacet
  facet normal 0 0 -1
    outer loop
      vertex -78.3087 -6.75 -8
      vertex -32.3524 -120.741 -8
      vertex -42.7525 -117.462 -8
    endloop
  endfacet
  facet normal -0 0 -1
    outer loop
      vertex 21.706 123.101 -8
      vertex -77.3141 4.61727 -8
      vertex 10.8945 124.524 -8
    endloop
  endfacet
  facet normal 0 0 -1
    outer loop
      vertex -78.9414 -7.74328 -8
      vertex -42.7525 -117.462 -8
      vertex -52.8273 -113.288 -8
    endloop
  endfacet
  facet normal -0 0 -1
    outer loop
      vertex 10.8945 124.524 -8
      vertex -77.3141 4.61727 -8
      vertex 0 125 -8
    endloop
  endfacet
  facet normal 0 0 -1
    outer loop
      vertex -79.6584 -8.67763 -8
      vertex -52.8273 -113.288 -8
      vertex -62.5 -108.253 -8
    endloop
  endfacet
  facet normal 0 0 -1
    outer loop
      vertex -77.7648 5.70535 -8
      vertex 0 125 -8
      vertex -77.3141 4.61727 -8
    endloop
  endfacet
  facet normal 0 0 -1
    outer loop
      vertex -79.6584 -8.67763 -8
      vertex -62.5 -108.253 -8
      vertex -71.6971 -102.394 -8
    endloop
  endfacet
  facet normal 0 0 -1
    outer loop
      vertex 0 125 -8
      vertex -77.7648 5.70535 -8
      vertex -10.8945 124.524 -8
    endloop
  endfacet
  facet normal 0 0 -1
    outer loop
      vertex -10.8945 124.524 -8
      vertex -77.7648 5.70535 -8
      vertex -21.706 123.101 -8
    endloop
  endfacet
  facet normal 0 0 -1
    outer loop
      vertex 120.741 -32.3524 -8
      vertex -76.5514 -1.1766 -8
      vertex -76.5 0 -8
    endloop
  endfacet
  facet normal 0 0 -1
    outer loop
      vertex 102.394 -71.6971 -8
      vertex -76.7051 -2.34425 -8
      vertex -76.5514 -1.1766 -8
    endloop
  endfacet
  facet normal 0 0 -1
    outer loop
      vertex 71.6971 -102.394 -8
      vertex -76.96 -3.49406 -8
      vertex -76.7051 -2.34425 -8
    endloop
  endfacet
  facet normal 0 0 -1
    outer loop
      vertex 32.3524 -120.741 -8
      vertex -77.3141 -4.61727 -8
      vertex -76.96 -3.49406 -8
    endloop
  endfacet
  facet normal 0 0 -1
    outer loop
      vertex 0 -125 -8
      vertex -77.7648 -5.70535 -8
      vertex -77.3141 -4.61727 -8
    endloop
  endfacet
  facet normal 0 0 -1
    outer loop
      vertex -21.706 -123.101 -8
      vertex -78.3087 -6.75 -8
      vertex -77.7648 -5.70535 -8
    endloop
  endfacet
  facet normal 0 0 -1
    outer loop
      vertex -42.7525 -117.462 -8
      vertex -78.9414 -7.74328 -8
      vertex -78.3087 -6.75 -8
    endloop
  endfacet
  facet normal 0 0 -1
    outer loop
      vertex -52.8273 -113.288 -8
      vertex -79.6584 -8.67763 -8
      vertex -78.9414 -7.74328 -8
    endloop
  endfacet
  facet normal 0 0 -1
    outer loop
      vertex -80.4541 -9.54594 -8
      vertex -71.6971 -102.394 -8
      vertex -80.3484 -95.7556 -8
    endloop
  endfacet
  facet normal 0 0 -1
    outer loop
      vertex -71.6971 -102.394 -8
      vertex -80.4541 -9.54594 -8
      vertex -79.6584 -8.67763 -8
    endloop
  endfacet
  facet normal 0 0 -1
    outer loop
      vertex -80.3484 -95.7556 -8
      vertex -81.3224 -10.3416 -8
      vertex -80.4541 -9.54594 -8
    endloop
  endfacet
  facet normal 0 0 -1
    outer loop
      vertex -88.3884 -88.3884 -8
      vertex -81.3224 -10.3416 -8
      vertex -80.3484 -95.7556 -8
    endloop
  endfacet
  facet normal 0 0 -1
    outer loop
      vertex -81.3224 -10.3416 -8
      vertex -88.3884 -88.3884 -8
      vertex -82.2567 -11.0586 -8
    endloop
  endfacet
  facet normal 0 0 -1
    outer loop
      vertex -82.2567 -11.0586 -8
      vertex -88.3884 -88.3884 -8
      vertex -83.25 -11.6913 -8
    endloop
  endfacet
  facet normal 0 0 -1
    outer loop
      vertex -95.7556 -80.3484 -8
      vertex -83.25 -11.6913 -8
      vertex -88.3884 -88.3884 -8
    endloop
  endfacet
  facet normal 0 0 -1
    outer loop
      vertex -83.25 -11.6913 -8
      vertex -95.7556 -80.3484 -8
      vertex -84.2947 -12.2352 -8
    endloop
  endfacet
  facet normal 0 0 -1
    outer loop
      vertex -102.394 -71.6971 -8
      vertex -84.2947 -12.2352 -8
      vertex -95.7556 -80.3484 -8
    endloop
  endfacet
  facet normal 0 0 -1
    outer loop
      vertex -84.2947 -12.2352 -8
      vertex -102.394 -71.6971 -8
      vertex -85.3827 -12.6859 -8
    endloop
  endfacet
  facet normal 0 0 -1
    outer loop
      vertex -85.3827 -12.6859 -8
      vertex -102.394 -71.6971 -8
      vertex -86.5059 -13.04 -8
    endloop
  endfacet
  facet normal 0 0 -1
    outer loop
      vertex -108.253 -62.5 -8
      vertex -86.5059 -13.04 -8
      vertex -102.394 -71.6971 -8
    endloop
  endfacet
  facet normal 0 0 -1
    outer loop
      vertex -86.5059 -13.04 -8
      vertex -108.253 -62.5 -8
      vertex -87.6557 -13.2949 -8
    endloop
  endfacet
  facet normal 0 0 -1
    outer loop
      vertex -87.6557 -13.2949 -8
      vertex -108.253 -62.5 -8
      vertex -88.8234 -13.4486 -8
    endloop
  endfacet
  facet normal 0 0 -1
    outer loop
      vertex -113.288 -52.8273 -8
      vertex -88.8234 -13.4486 -8
      vertex -108.253 -62.5 -8
    endloop
  endfacet
  facet normal 0 0 -1
    outer loop
      vertex -88.8234 -13.4486 -8
      vertex -113.288 -52.8273 -8
      vertex -90 -13.5 -8
    endloop
  endfacet
  facet normal -0 0 -1
    outer loop
      vertex -90 -13.5 -8
      vertex -113.288 -52.8273 -8
      vertex -91.1766 -13.4486 -8
    endloop
  endfacet
  facet normal 0 0 -1
    outer loop
      vertex -117.462 -42.7525 -8
      vertex -91.1766 -13.4486 -8
      vertex -113.288 -52.8273 -8
    endloop
  endfacet
  facet normal -0 0 -1
    outer loop
      vertex -91.1766 -13.4486 -8
      vertex -117.462 -42.7525 -8
      vertex -92.3443 -13.2949 -8
    endloop
  endfacet
  facet normal -0 0 -1
    outer loop
      vertex -92.3443 -13.2949 -8
      vertex -117.462 -42.7525 -8
      vertex -93.4941 -13.04 -8
    endloop
  endfacet
  facet normal -0 0 -1
    outer loop
      vertex -93.4941 -13.04 -8
      vertex -117.462 -42.7525 -8
      vertex -94.6173 -12.6859 -8
    endloop
  endfacet
  facet normal 0 0 -1
    outer loop
      vertex -120.741 -32.3524 -8
      vertex -94.6173 -12.6859 -8
      vertex -117.462 -42.7525 -8
    endloop
  endfacet
  facet normal -0 0 -1
    outer loop
      vertex -94.6173 -12.6859 -8
      vertex -120.741 -32.3524 -8
      vertex -95.7053 -12.2352 -8
    endloop
  endfacet
  facet normal -0 0 -1
    outer loop
      vertex -95.7053 -12.2352 -8
      vertex -120.741 -32.3524 -8
      vertex -96.75 -11.6913 -8
    endloop
  endfacet
  facet normal -0 0 -1
    outer loop
      vertex -96.75 -11.6913 -8
      vertex -120.741 -32.3524 -8
      vertex -97.7433 -11.0586 -8
    endloop
  endfacet
  facet normal 0 0 -1
    outer loop
      vertex -123.101 -21.706 -8
      vertex -97.7433 -11.0586 -8
      vertex -120.741 -32.3524 -8
    endloop
  endfacet
  facet normal -0 0 -1
    outer loop
      vertex -97.7433 -11.0586 -8
      vertex -123.101 -21.706 -8
      vertex -98.6776 -10.3416 -8
    endloop
  endfacet
  facet normal -0 0 -1
    outer loop
      vertex -98.6776 -10.3416 -8
      vertex -123.101 -21.706 -8
      vertex -99.5459 -9.54594 -8
    endloop
  endfacet
  facet normal -0 0 -1
    outer loop
      vertex -99.5459 -9.54594 -8
      vertex -123.101 -21.706 -8
      vertex -100.342 -8.67763 -8
    endloop
  endfacet
  facet normal -0 0 -1
    outer loop
      vertex -100.342 -8.67763 -8
      vertex -123.101 -21.706 -8
      vertex -101.059 -7.74328 -8
    endloop
  endfacet
  facet normal 0 0 -1
    outer loop
      vertex -124.524 -10.8945 -8
      vertex -101.059 -7.74328 -8
      vertex -123.101 -21.706 -8
    endloop
  endfacet
  facet normal -0 0 -1
    outer loop
      vertex -101.059 -7.74328 -8
      vertex -124.524 -10.8945 -8
      vertex -101.691 -6.75 -8
    endloop
  endfacet
  facet normal -0 0 -1
    outer loop
      vertex -101.691 -6.75 -8
      vertex -124.524 -10.8945 -8
      vertex -102.235 -5.70535 -8
    endloop
  endfacet
  facet normal 0 0 -1
    outer loop
      vertex -78.3087 6.75 -8
      vertex -21.706 123.101 -8
      vertex -77.7648 5.70535 -8
    endloop
  endfacet
  facet normal 0 0 -1
    outer loop
      vertex -21.706 123.101 -8
      vertex -78.3087 6.75 -8
      vertex -32.3524 120.741 -8
    endloop
  endfacet
  facet normal 0 0 -1
    outer loop
      vertex -32.3524 120.741 -8
      vertex -78.3087 6.75 -8
      vertex -42.7525 117.462 -8
    endloop
  endfacet
  facet normal 0 0 -1
    outer loop
      vertex -78.9414 7.74328 -8
      vertex -42.7525 117.462 -8
      vertex -78.3087 6.75 -8
    endloop
  endfacet
  facet normal 0 0 -1
    outer loop
      vertex -42.7525 117.462 -8
      vertex -78.9414 7.74328 -8
      vertex -52.8273 113.288 -8
    endloop
  endfacet
  facet normal 0 0 -1
    outer loop
      vertex -79.6584 8.67763 -8
      vertex -52.8273 113.288 -8
      vertex -78.9414 7.74328 -8
    endloop
  endfacet
  facet normal 0 0 -1
    outer loop
      vertex -52.8273 113.288 -8
      vertex -79.6584 8.67763 -8
      vertex -62.5 108.253 -8
    endloop
  endfacet
  facet normal 0 0 -1
    outer loop
      vertex -62.5 108.253 -8
      vertex -79.6584 8.67763 -8
      vertex -71.6971 102.394 -8
    endloop
  endfacet
  facet normal 0 0 -1
    outer loop
      vertex -80.4541 9.54594 -8
      vertex -71.6971 102.394 -8
      vertex -79.6584 8.67763 -8
    endloop
  endfacet
  facet normal 0 0 -1
    outer loop
      vertex -71.6971 102.394 -8
      vertex -80.4541 9.54594 -8
      vertex -80.3484 95.7556 -8
    endloop
  endfacet
  facet normal 0 0 -1
    outer loop
      vertex -81.3224 10.3416 -8
      vertex -80.3484 95.7556 -8
      vertex -80.4541 9.54594 -8
    endloop
  endfacet
  facet normal 0 0 -1
    outer loop
      vertex -88.3884 88.3884 -8
      vertex -81.3224 10.3416 -8
      vertex -82.2567 11.0586 -8
    endloop
  endfacet
  facet normal 0 0 -1
    outer loop
      vertex -88.3884 88.3884 -8
      vertex -82.2567 11.0586 -8
      vertex -83.25 11.6913 -8
    endloop
  endfacet
  facet normal 0 0 -1
    outer loop
      vertex -95.7556 80.3484 -8
      vertex -83.25 11.6913 -8
      vertex -84.2947 12.2352 -8
    endloop
  endfacet
  facet normal 0 0 -1
    outer loop
      vertex -102.394 71.6971 -8
      vertex -84.2947 12.2352 -8
      vertex -85.3827 12.6859 -8
    endloop
  endfacet
  facet normal 0 0 -1
    outer loop
      vertex -102.394 71.6971 -8
      vertex -85.3827 12.6859 -8
      vertex -86.5059 13.04 -8
    endloop
  endfacet
  facet normal 0 0 -1
    outer loop
      vertex -108.253 62.5 -8
      vertex -86.5059 13.04 -8
      vertex -87.6557 13.2949 -8
    endloop
  endfacet
  facet normal 0 0 -1
    outer loop
      vertex -81.3224 10.3416 -8
      vertex -88.3884 88.3884 -8
      vertex -80.3484 95.7556 -8
    endloop
  endfacet
  facet normal 0 0 -1
    outer loop
      vertex -108.253 62.5 -8
      vertex -87.6557 13.2949 -8
      vertex -88.8234 13.4486 -8
    endloop
  endfacet
  facet normal 0 0 -1
    outer loop
      vertex -113.288 52.8273 -8
      vertex -88.8234 13.4486 -8
      vertex -90 13.5 -8
    endloop
  endfacet
  facet normal 0 0 -1
    outer loop
      vertex -113.288 52.8273 -8
      vertex -90 13.5 -8
      vertex -91.1766 13.4486 -8
    endloop
  endfacet
  facet normal 0 0 -1
    outer loop
      vertex -117.462 42.7525 -8
      vertex -91.1766 13.4486 -8
      vertex -92.3443 13.2949 -8
    endloop
  endfacet
  facet normal 0 0 -1
    outer loop
      vertex -117.462 42.7525 -8
      vertex -92.3443 13.2949 -8
      vertex -93.4941 13.04 -8
    endloop
  endfacet
  facet normal 0 0 -1
    outer loop
      vertex -117.462 42.7525 -8
      vertex -93.4941 13.04 -8
      vertex -94.6173 12.6859 -8
    endloop
  endfacet
  facet normal 0 0 -1
    outer loop
      vertex -120.741 32.3524 -8
      vertex -94.6173 12.6859 -8
      vertex -95.7053 12.2352 -8
    endloop
  endfacet
  facet normal 0 0 -1
    outer loop
      vertex -83.25 11.6913 -8
      vertex -95.7556 80.3484 -8
      vertex -88.3884 88.3884 -8
    endloop
  endfacet
  facet normal 0 0 -1
    outer loop
      vertex -120.741 32.3524 -8
      vertex -95.7053 12.2352 -8
      vertex -96.75 11.6913 -8
    endloop
  endfacet
  facet normal 0 0 -1
    outer loop
      vertex -120.741 32.3524 -8
      vertex -96.75 11.6913 -8
      vertex -97.7433 11.0586 -8
    endloop
  endfacet
  facet normal 0 0 -1
    outer loop
      vertex -123.101 21.706 -8
      vertex -97.7433 11.0586 -8
      vertex -98.6776 10.3416 -8
    endloop
  endfacet
  facet normal 0 0 -1
    outer loop
      vertex -123.101 21.706 -8
      vertex -98.6776 10.3416 -8
      vertex -99.5459 9.54594 -8
    endloop
  endfacet
  facet normal 0 0 -1
    outer loop
      vertex -123.101 21.706 -8
      vertex -99.5459 9.54594 -8
      vertex -100.342 8.67763 -8
    endloop
  endfacet
  facet normal 0 0 -1
    outer loop
      vertex -123.101 21.706 -8
      vertex -100.342 8.67763 -8
      vertex -101.059 7.74328 -8
    endloop
  endfacet
  facet normal 0 0 -1
    outer loop
      vertex -124.524 10.8945 -8
      vertex -101.059 7.74328 -8
      vertex -101.691 6.75 -8
    endloop
  endfacet
  facet normal 0 0 -1
    outer loop
      vertex -124.524 10.8945 -8
      vertex -101.691 6.75 -8
      vertex -102.235 5.70535 -8
    endloop
  endfacet
  facet normal 0 0 -1
    outer loop
      vertex -84.2947 12.2352 -8
      vertex -102.394 71.6971 -8
      vertex -95.7556 80.3484 -8
    endloop
  endfacet
  facet normal 0 0 -1
    outer loop
      vertex -124.524 10.8945 -8
      vertex -102.235 5.70535 -8
      vertex -102.686 4.61727 -8
    endloop
  endfacet
  facet normal 0 0 -1
    outer loop
      vertex -124.524 10.8945 -8
      vertex -102.686 4.61727 -8
      vertex -103.04 3.49406 -8
    endloop
  endfacet
  facet normal 0 0 -1
    outer loop
      vertex -124.524 10.8945 -8
      vertex -103.04 3.49406 -8
      vertex -103.295 2.34425 -8
    endloop
  endfacet
  facet normal 0 0 -1
    outer loop
      vertex -125 0 -8
      vertex -103.295 2.34425 -8
      vertex -103.449 1.1766 -8
    endloop
  endfacet
  facet normal 0 0 -1
    outer loop
      vertex -125 0 -8
      vertex -103.449 1.1766 -8
      vertex -103.5 0 -8
    endloop
  endfacet
  facet normal -0 0 -1
    outer loop
      vertex -102.235 -5.70535 -8
      vertex -124.524 -10.8945 -8
      vertex -102.686 -4.61727 -8
    endloop
  endfacet
  facet normal 0 0 -1
    outer loop
      vertex -86.5059 13.04 -8
      vertex -108.253 62.5 -8
      vertex -102.394 71.6971 -8
    endloop
  endfacet
  facet normal -0 0 -1
    outer loop
      vertex -102.686 -4.61727 -8
      vertex -124.524 -10.8945 -8
      vertex -103.04 -3.49406 -8
    endloop
  endfacet
  facet normal 0 0 -1
    outer loop
      vertex -88.8234 13.4486 -8
      vertex -113.288 52.8273 -8
      vertex -108.253 62.5 -8
    endloop
  endfacet
  facet normal -0 0 -1
    outer loop
      vertex -103.04 -3.49406 -8
      vertex -124.524 -10.8945 -8
      vertex -103.295 -2.34425 -8
    endloop
  endfacet
  facet normal 0 0 -1
    outer loop
      vertex -91.1766 13.4486 -8
      vertex -117.462 42.7525 -8
      vertex -113.288 52.8273 -8
    endloop
  endfacet
  facet normal 0 0 -1
    outer loop
      vertex -125 0 -8
      vertex -103.295 -2.34425 -8
      vertex -124.524 -10.8945 -8
    endloop
  endfacet
  facet normal 0 0 -1
    outer loop
      vertex -94.6173 12.6859 -8
      vertex -120.741 32.3524 -8
      vertex -117.462 42.7525 -8
    endloop
  endfacet
  facet normal 0 0 -1
    outer loop
      vertex -103.295 -2.34425 -8
      vertex -125 0 -8
      vertex -103.449 -1.1766 -8
    endloop
  endfacet
  facet normal 0 0 -1
    outer loop
      vertex -97.7433 11.0586 -8
      vertex -123.101 21.706 -8
      vertex -120.741 32.3524 -8
    endloop
  endfacet
  facet normal 0 0 -1
    outer loop
      vertex -103.449 -1.1766 -8
      vertex -125 0 -8
      vertex -103.5 0 -8
    endloop
  endfacet
  facet normal 0 0 -1
    outer loop
      vertex -101.059 7.74328 -8
      vertex -124.524 10.8945 -8
      vertex -123.101 21.706 -8
    endloop
  endfacet
  facet normal -0 0 -1
    outer loop
      vertex -103.295 2.34425 -8
      vertex -125 0 -8
      vertex -124.524 10.8945 -8
    endloop
  endfacet
  facet normal 0.461728 0.887022 -0
    outer loop
      vertex 62.5 108.253 -8
      vertex 52.8273 113.288 1
      vertex 62.5 108.253 1
    endloop
  endfacet
  facet normal 0.461728 0.887022 0
    outer loop
      vertex 52.8273 113.288 1
      vertex 62.5 108.253 -8
      vertex 52.8273 113.288 -8
    endloop
  endfacet
  facet normal 0.608763 0.793352 -0
    outer loop
      vertex 80.3484 95.7556 -8
      vertex 71.6971 102.394 1
      vertex 80.3484 95.7556 1
    endloop
  endfacet
  facet normal 0.608763 0.793352 0
    outer loop
      vertex 71.6971 102.394 1
      vertex 80.3484 95.7556 -8
      vertex 71.6971 102.394 -8
    endloop
  endfacet
  facet normal 0.537287 0.8434 -0
    outer loop
      vertex 71.6971 102.394 -8
      vertex 62.5 108.253 1
      vertex 71.6971 102.394 1
    endloop
  endfacet
  facet normal 0.537287 0.8434 0
    outer loop
      vertex 62.5 108.253 1
      vertex 71.6971 102.394 -8
      vertex 62.5 108.253 -8
    endloop
  endfacet
  facet normal -0.991449 0.130494 0
    outer loop
      vertex -124.524 10.8945 -8
      vertex -123.101 21.706 1
      vertex -123.101 21.706 -8
    endloop
  endfacet
  facet normal -0.991449 0.130494 0
    outer loop
      vertex -123.101 21.706 1
      vertex -124.524 10.8945 -8
      vertex -124.524 10.8945 1
    endloop
  endfacet
  facet normal -0.953721 0.300694 0
    outer loop
      vertex -120.741 32.3524 -8
      vertex -117.462 42.7525 1
      vertex -117.462 42.7525 -8
    endloop
  endfacet
  facet normal -0.953721 0.300694 0
    outer loop
      vertex -117.462 42.7525 1
      vertex -120.741 32.3524 -8
      vertex -120.741 32.3524 1
    endloop
  endfacet
  facet normal -0.382752 0.923851 0
    outer loop
      vertex -42.7525 117.462 -8
      vertex -52.8273 113.288 1
      vertex -42.7525 117.462 1
    endloop
  endfacet
  facet normal -0.382752 0.923851 0
    outer loop
      vertex -52.8273 113.288 1
      vertex -42.7525 117.462 -8
      vertex -52.8273 113.288 -8
    endloop
  endfacet
  facet normal -0.537287 0.8434 0
    outer loop
      vertex -62.5 108.253 -8
      vertex -71.6971 102.394 1
      vertex -62.5 108.253 1
    endloop
  endfacet
  facet normal -0.537287 0.8434 0
    outer loop
      vertex -71.6971 102.394 1
      vertex -62.5 108.253 -8
      vertex -71.6971 102.394 -8
    endloop
  endfacet
  facet normal 0.300694 -0.953721 0
    outer loop
      vertex 32.3524 -120.741 -8
      vertex 42.7525 -117.462 1
      vertex 32.3524 -120.741 1
    endloop
  endfacet
  facet normal 0.300694 -0.953721 0
    outer loop
      vertex 42.7525 -117.462 1
      vertex 32.3524 -120.741 -8
      vertex 42.7525 -117.462 -8
    endloop
  endfacet
  facet normal 0.537287 -0.8434 0
    outer loop
      vertex 62.5 -108.253 -8
      vertex 71.6971 -102.394 1
      vertex 62.5 -108.253 1
    endloop
  endfacet
  facet normal 0.537287 -0.8434 0
    outer loop
      vertex 71.6971 -102.394 1
      vertex 62.5 -108.253 -8
      vertex 71.6971 -102.394 -8
    endloop
  endfacet
  facet normal 0.461728 -0.887022 0
    outer loop
      vertex 52.8273 -113.288 -8
      vertex 62.5 -108.253 1
      vertex 52.8273 -113.288 1
    endloop
  endfacet
  facet normal 0.461728 -0.887022 0
    outer loop
      vertex 62.5 -108.253 1
      vertex 52.8273 -113.288 -8
      vertex 62.5 -108.253 -8
    endloop
  endfacet
  facet normal 0.793352 -0.608763 0
    outer loop
      vertex 95.7556 -80.3484 1
      vertex 102.394 -71.6971 -8
      vertex 102.394 -71.6971 1
    endloop
  endfacet
  facet normal 0.793352 -0.608763 0
    outer loop
      vertex 102.394 -71.6971 -8
      vertex 95.7556 -80.3484 1
      vertex 95.7556 -80.3484 -8
    endloop
  endfacet
  facet normal 0.923851 -0.382752 0
    outer loop
      vertex 113.288 -52.8273 1
      vertex 117.462 -42.7525 -8
      vertex 117.462 -42.7525 1
    endloop
  endfacet
  facet normal 0.923851 -0.382752 0
    outer loop
      vertex 117.462 -42.7525 -8
      vertex 113.288 -52.8273 1
      vertex 113.288 -52.8273 -8
    endloop
  endfacet
  facet normal 0.953721 -0.300694 0
    outer loop
      vertex 117.462 -42.7525 1
      vertex 120.741 -32.3524 -8
      vertex 120.741 -32.3524 1
    endloop
  endfacet
  facet normal 0.953721 -0.300694 0
    outer loop
      vertex 120.741 -32.3524 -8
      vertex 117.462 -42.7525 1
      vertex 117.462 -42.7525 -8
    endloop
  endfacet
  facet normal -0.216418 -0.976301 0
    outer loop
      vertex -32.3524 -120.741 -8
      vertex -21.706 -123.101 1
      vertex -32.3524 -120.741 1
    endloop
  endfacet
  facet normal -0.216418 -0.976301 -0
    outer loop
      vertex -21.706 -123.101 1
      vertex -32.3524 -120.741 -8
      vertex -21.706 -123.101 -8
    endloop
  endfacet
  facet normal -0.382752 -0.923851 0
    outer loop
      vertex -52.8273 -113.288 -8
      vertex -42.7525 -117.462 1
      vertex -52.8273 -113.288 1
    endloop
  endfacet
  facet normal -0.382752 -0.923851 -0
    outer loop
      vertex -42.7525 -117.462 1
      vertex -52.8273 -113.288 -8
      vertex -42.7525 -117.462 -8
    endloop
  endfacet
  facet normal -0.608763 -0.793352 0
    outer loop
      vertex -80.3484 -95.7556 -8
      vertex -71.6971 -102.394 1
      vertex -80.3484 -95.7556 1
    endloop
  endfacet
  facet normal -0.608763 -0.793352 -0
    outer loop
      vertex -71.6971 -102.394 1
      vertex -80.3484 -95.7556 -8
      vertex -71.6971 -102.394 -8
    endloop
  endfacet
  facet normal -0.8434 -0.537287 0
    outer loop
      vertex -102.394 -71.6971 -8
      vertex -108.253 -62.5 1
      vertex -108.253 -62.5 -8
    endloop
  endfacet
  facet normal -0.8434 -0.537287 0
    outer loop
      vertex -108.253 -62.5 1
      vertex -102.394 -71.6971 -8
      vertex -102.394 -71.6971 1
    endloop
  endfacet
  facet normal -0.887022 -0.461728 0
    outer loop
      vertex -108.253 -62.5 -8
      vertex -113.288 -52.8273 1
      vertex -113.288 -52.8273 -8
    endloop
  endfacet
  facet normal -0.887022 -0.461728 0
    outer loop
      vertex -113.288 -52.8273 1
      vertex -108.253 -62.5 -8
      vertex -108.253 -62.5 1
    endloop
  endfacet
  facet normal -0.991449 -0.130494 0
    outer loop
      vertex -123.101 -21.706 -8
      vertex -124.524 -10.8945 1
      vertex -124.524 -10.8945 -8
    endloop
  endfacet
  facet normal -0.991449 -0.130494 0
    outer loop
      vertex -124.524 -10.8945 1
      vertex -123.101 -21.706 -8
      vertex -123.101 -21.706 1
    endloop
  endfacet
  facet normal -0.953721 -0.300694 0
    outer loop
      vertex -117.462 -42.7525 -8
      vertex -120.741 -32.3524 1
      vertex -120.741 -32.3524 -8
    endloop
  endfacet
  facet normal -0.953721 -0.300694 0
    outer loop
      vertex -120.741 -32.3524 1
      vertex -117.462 -42.7525 -8
      vertex -117.462 -42.7525 1
    endloop
  endfacet
  facet normal -0.8434 0.537287 0
    outer loop
      vertex -108.253 62.5 -8
      vertex -102.394 71.6971 1
      vertex -102.394 71.6971 -8
    endloop
  endfacet
  facet normal -0.8434 0.537287 0
    outer loop
      vertex -102.394 71.6971 1
      vertex -108.253 62.5 -8
      vertex -108.253 62.5 1
    endloop
  endfacet
  facet normal -0.793352 0.608763 0
    outer loop
      vertex -102.394 71.6971 -8
      vertex -95.7556 80.3484 1
      vertex -95.7556 80.3484 -8
    endloop
  endfacet
  facet normal -0.793352 0.608763 0
    outer loop
      vertex -95.7556 80.3484 1
      vertex -102.394 71.6971 -8
      vertex -102.394 71.6971 1
    endloop
  endfacet
  facet normal 0.608763 -0.793352 0
    outer loop
      vertex 71.6971 -102.394 -8
      vertex 80.3484 -95.7556 1
      vertex 71.6971 -102.394 1
    endloop
  endfacet
  facet normal 0.608763 -0.793352 0
    outer loop
      vertex 80.3484 -95.7556 1
      vertex 71.6971 -102.394 -8
      vertex 80.3484 -95.7556 -8
    endloop
  endfacet
  facet normal 0.8434 -0.537287 0
    outer loop
      vertex 102.394 -71.6971 1
      vertex 108.253 -62.5 -8
      vertex 108.253 -62.5 1
    endloop
  endfacet
  facet normal 0.8434 -0.537287 0
    outer loop
      vertex 108.253 -62.5 -8
      vertex 102.394 -71.6971 1
      vertex 102.394 -71.6971 -8
    endloop
  endfacet
  facet normal 0.999047 -0.0436501 0
    outer loop
      vertex 124.524 -10.8945 1
      vertex 125 0 -8
      vertex 125 0 1
    endloop
  endfacet
  facet normal 0.999047 -0.0436501 0
    outer loop
      vertex 125 0 -8
      vertex 124.524 -10.8945 1
      vertex 124.524 -10.8945 -8
    endloop
  endfacet
  facet normal 0.976301 -0.216418 0
    outer loop
      vertex 120.741 -32.3524 1
      vertex 123.101 -21.706 -8
      vertex 123.101 -21.706 1
    endloop
  endfacet
  facet normal 0.976301 -0.216418 0
    outer loop
      vertex 123.101 -21.706 -8
      vertex 120.741 -32.3524 1
      vertex 120.741 -32.3524 -8
    endloop
  endfacet
  facet normal -0.793352 -0.608763 0
    outer loop
      vertex -95.7556 -80.3484 -8
      vertex -102.394 -71.6971 1
      vertex -102.394 -71.6971 -8
    endloop
  endfacet
  facet normal -0.793352 -0.608763 0
    outer loop
      vertex -102.394 -71.6971 1
      vertex -95.7556 -80.3484 -8
      vertex -95.7556 -80.3484 1
    endloop
  endfacet
  facet normal -0.675594 -0.737274 0
    outer loop
      vertex 67.4927 80.4347 12
      vertex 74.2462 74.2462 142
      vertex 67.4927 80.4347 142
    endloop
  endfacet
  facet normal -0.675594 -0.737274 -0
    outer loop
      vertex 74.2462 74.2462 142
      vertex 67.4927 80.4347 12
      vertex 74.2462 74.2462 12
    endloop
  endfacet
  facet normal 0.382683 -0.92388 0
    outer loop
      vertex -44.3749 95.1623 12
      vertex -35.9121 98.6677 142
      vertex -44.3749 95.1623 142
    endloop
  endfacet
  facet normal 0.382683 -0.92388 0
    outer loop
      vertex -35.9121 98.6677 142
      vertex -44.3749 95.1623 12
      vertex -35.9121 98.6677 12
    endloop
  endfacet
  facet normal 0.887013 -0.461744 0
    outer loop
      vertex -95.1623 44.3749 142
      vertex -90.9327 52.5 12
      vertex -90.9327 52.5 142
    endloop
  endfacet
  facet normal 0.887013 -0.461744 0
    outer loop
      vertex -90.9327 52.5 12
      vertex -95.1623 44.3749 142
      vertex -95.1623 44.3749 12
    endloop
  endfacet
  facet normal -0.991454 0.130458 0
    outer loop
      vertex 103.405 -18.2331 12
      vertex 104.6 -9.15135 142
      vertex 104.6 -9.15135 12
    endloop
  endfacet
  facet normal -0.991454 0.130458 0
    outer loop
      vertex 104.6 -9.15135 142
      vertex 103.405 -18.2331 12
      vertex 103.405 -18.2331 142
    endloop
  endfacet
  facet normal -0.92388 -0.382683 0
    outer loop
      vertex 98.6677 35.9121 12
      vertex 95.1623 44.3749 142
      vertex 95.1623 44.3749 12
    endloop
  endfacet
  facet normal -0.92388 -0.382683 0
    outer loop
      vertex 95.1623 44.3749 142
      vertex 98.6677 35.9121 12
      vertex 98.6677 35.9121 142
    endloop
  endfacet
  facet normal -0.887013 -0.461744 0
    outer loop
      vertex 95.1623 44.3749 12
      vertex 90.9327 52.5 142
      vertex 90.9327 52.5 12
    endloop
  endfacet
  facet normal -0.887013 -0.461744 0
    outer loop
      vertex 90.9327 52.5 142
      vertex 95.1623 44.3749 12
      vertex 95.1623 44.3749 142
    endloop
  endfacet
  facet normal -0.461744 -0.887013 0
    outer loop
      vertex 44.3749 95.1623 12
      vertex 52.5 90.9327 142
      vertex 44.3749 95.1623 142
    endloop
  endfacet
  facet normal -0.461744 -0.887013 -0
    outer loop
      vertex 52.5 90.9327 142
      vertex 44.3749 95.1623 12
      vertex 52.5 90.9327 12
    endloop
  endfacet
  facet normal -0.216482 -0.976287 0
    outer loop
      vertex 18.2331 103.405 12
      vertex 27.176 101.422 142
      vertex 18.2331 103.405 142
    endloop
  endfacet
  facet normal -0.216482 -0.976287 -0
    outer loop
      vertex 27.176 101.422 142
      vertex 18.2331 103.405 12
      vertex 27.176 101.422 12
    endloop
  endfacet
  facet normal 0.976287 -0.216482 0
    outer loop
      vertex -103.405 18.2331 142
      vertex -101.422 27.176 12
      vertex -101.422 27.176 142
    endloop
  endfacet
  facet normal 0.976287 -0.216482 0
    outer loop
      vertex -101.422 27.176 12
      vertex -103.405 18.2331 142
      vertex -103.405 18.2331 12
    endloop
  endfacet
  facet normal 0.737274 -0.675594 0
    outer loop
      vertex -80.4347 67.4927 142
      vertex -74.2462 74.2462 12
      vertex -74.2462 74.2462 142
    endloop
  endfacet
  facet normal 0.737274 -0.675594 0
    outer loop
      vertex -74.2462 74.2462 12
      vertex -80.4347 67.4927 142
      vertex -80.4347 67.4927 12
    endloop
  endfacet
  facet normal 0.216482 -0.976287 0
    outer loop
      vertex -27.176 101.422 12
      vertex -18.2331 103.405 142
      vertex -27.176 101.422 142
    endloop
  endfacet
  facet normal 0.216482 -0.976287 0
    outer loop
      vertex -18.2331 103.405 142
      vertex -27.176 101.422 12
      vertex -18.2331 103.405 12
    endloop
  endfacet
  facet normal -0.92388 0.382683 0
    outer loop
      vertex 95.1623 -44.3749 12
      vertex 98.6677 -35.9121 142
      vertex 98.6677 -35.9121 12
    endloop
  endfacet
  facet normal -0.92388 0.382683 0
    outer loop
      vertex 98.6677 -35.9121 142
      vertex 95.1623 -44.3749 12
      vertex 95.1623 -44.3749 142
    endloop
  endfacet
  facet normal 0.216482 0.976287 -0
    outer loop
      vertex -18.2331 -103.405 12
      vertex -27.176 -101.422 142
      vertex -18.2331 -103.405 142
    endloop
  endfacet
  facet normal 0.216482 0.976287 0
    outer loop
      vertex -27.176 -101.422 142
      vertex -18.2331 -103.405 12
      vertex -27.176 -101.422 12
    endloop
  endfacet
  facet normal 0.675594 0.737274 -0
    outer loop
      vertex -67.4927 -80.4347 12
      vertex -74.2462 -74.2462 142
      vertex -67.4927 -80.4347 142
    endloop
  endfacet
  facet normal 0.675594 0.737274 0
    outer loop
      vertex -74.2462 -74.2462 142
      vertex -67.4927 -80.4347 12
      vertex -74.2462 -74.2462 12
    endloop
  endfacet
  facet normal 0.976287 0.216482 0
    outer loop
      vertex -101.422 -27.176 142
      vertex -103.405 -18.2331 12
      vertex -103.405 -18.2331 142
    endloop
  endfacet
  facet normal 0.976287 0.216482 0
    outer loop
      vertex -103.405 -18.2331 12
      vertex -101.422 -27.176 142
      vertex -101.422 -27.176 12
    endloop
  endfacet
  facet normal -0.976287 -0.216482 0
    outer loop
      vertex 103.405 18.2331 12
      vertex 101.422 27.176 142
      vertex 101.422 27.176 12
    endloop
  endfacet
  facet normal -0.976287 -0.216482 0
    outer loop
      vertex 101.422 27.176 142
      vertex 103.405 18.2331 12
      vertex 103.405 18.2331 142
    endloop
  endfacet
  facet normal -0.953723 -0.300688 0
    outer loop
      vertex 101.422 27.176 12
      vertex 98.6677 35.9121 142
      vertex 98.6677 35.9121 12
    endloop
  endfacet
  facet normal -0.953723 -0.300688 0
    outer loop
      vertex 98.6677 35.9121 142
      vertex 101.422 27.176 12
      vertex 101.422 27.176 142
    endloop
  endfacet
  facet normal -0.793354 -0.60876 0
    outer loop
      vertex 86.011 60.2255 12
      vertex 80.4347 67.4927 142
      vertex 80.4347 67.4927 12
    endloop
  endfacet
  facet normal -0.793354 -0.60876 0
    outer loop
      vertex 80.4347 67.4927 142
      vertex 86.011 60.2255 12
      vertex 86.011 60.2255 142
    endloop
  endfacet
  facet normal -0.843391 -0.537301 0
    outer loop
      vertex 90.9327 52.5 12
      vertex 86.011 60.2255 142
      vertex 86.011 60.2255 12
    endloop
  endfacet
  facet normal -0.843391 -0.537301 0
    outer loop
      vertex 86.011 60.2255 142
      vertex 90.9327 52.5 12
      vertex 90.9327 52.5 142
    endloop
  endfacet
  facet normal -0.737274 -0.675594 0
    outer loop
      vertex 80.4347 67.4927 12
      vertex 74.2462 74.2462 142
      vertex 74.2462 74.2462 12
    endloop
  endfacet
  facet normal -0.737274 -0.675594 0
    outer loop
      vertex 74.2462 74.2462 142
      vertex 80.4347 67.4927 12
      vertex 80.4347 67.4927 142
    endloop
  endfacet
  facet normal -0.60876 -0.793354 0
    outer loop
      vertex 60.2255 86.011 12
      vertex 67.4927 80.4347 142
      vertex 60.2255 86.011 142
    endloop
  endfacet
  facet normal -0.60876 -0.793354 -0
    outer loop
      vertex 67.4927 80.4347 142
      vertex 60.2255 86.011 12
      vertex 67.4927 80.4347 12
    endloop
  endfacet
  facet normal -0.537301 -0.843391 0
    outer loop
      vertex 52.5 90.9327 12
      vertex 60.2255 86.011 142
      vertex 52.5 90.9327 142
    endloop
  endfacet
  facet normal -0.537301 -0.843391 -0
    outer loop
      vertex 60.2255 86.011 142
      vertex 52.5 90.9327 12
      vertex 60.2255 86.011 12
    endloop
  endfacet
  facet normal -0.382683 -0.92388 0
    outer loop
      vertex 35.9121 98.6677 12
      vertex 44.3749 95.1623 142
      vertex 35.9121 98.6677 142
    endloop
  endfacet
  facet normal -0.382683 -0.92388 -0
    outer loop
      vertex 44.3749 95.1623 142
      vertex 35.9121 98.6677 12
      vertex 44.3749 95.1623 12
    endloop
  endfacet
  facet normal -0.300688 -0.953723 0
    outer loop
      vertex 27.176 101.422 12
      vertex 35.9121 98.6677 142
      vertex 27.176 101.422 142
    endloop
  endfacet
  facet normal -0.300688 -0.953723 -0
    outer loop
      vertex 35.9121 98.6677 142
      vertex 27.176 101.422 12
      vertex 35.9121 98.6677 12
    endloop
  endfacet
  facet normal 0.92388 -0.382683 0
    outer loop
      vertex -98.6677 35.9121 142
      vertex -95.1623 44.3749 12
      vertex -95.1623 44.3749 142
    endloop
  endfacet
  facet normal 0.92388 -0.382683 0
    outer loop
      vertex -95.1623 44.3749 12
      vertex -98.6677 35.9121 142
      vertex -98.6677 35.9121 12
    endloop
  endfacet
  facet normal 0.953723 -0.300688 0
    outer loop
      vertex -101.422 27.176 142
      vertex -98.6677 35.9121 12
      vertex -98.6677 35.9121 142
    endloop
  endfacet
  facet normal 0.953723 -0.300688 0
    outer loop
      vertex -98.6677 35.9121 12
      vertex -101.422 27.176 142
      vertex -101.422 27.176 12
    endloop
  endfacet
  facet normal 0.843391 -0.537301 0
    outer loop
      vertex -90.9327 52.5 142
      vertex -86.011 60.2255 12
      vertex -86.011 60.2255 142
    endloop
  endfacet
  facet normal 0.843391 -0.537301 0
    outer loop
      vertex -86.011 60.2255 12
      vertex -90.9327 52.5 142
      vertex -90.9327 52.5 12
    endloop
  endfacet
  facet normal 0.793354 -0.60876 0
    outer loop
      vertex -86.011 60.2255 142
      vertex -80.4347 67.4927 12
      vertex -80.4347 67.4927 142
    endloop
  endfacet
  facet normal 0.793354 -0.60876 0
    outer loop
      vertex -80.4347 67.4927 12
      vertex -86.011 60.2255 142
      vertex -86.011 60.2255 12
    endloop
  endfacet
  facet normal 0.300688 -0.953723 0
    outer loop
      vertex -35.9121 98.6677 12
      vertex -27.176 101.422 142
      vertex -35.9121 98.6677 142
    endloop
  endfacet
  facet normal 0.300688 -0.953723 0
    outer loop
      vertex -27.176 101.422 142
      vertex -35.9121 98.6677 12
      vertex -27.176 101.422 12
    endloop
  endfacet
  facet normal 0.537301 -0.843391 0
    outer loop
      vertex -60.2255 86.011 12
      vertex -52.5 90.9327 142
      vertex -60.2255 86.011 142
    endloop
  endfacet
  facet normal 0.537301 -0.843391 0
    outer loop
      vertex -52.5 90.9327 142
      vertex -60.2255 86.011 12
      vertex -52.5 90.9327 12
    endloop
  endfacet
  facet normal 0.60876 -0.793354 0
    outer loop
      vertex -67.4927 80.4347 12
      vertex -60.2255 86.011 142
      vertex -67.4927 80.4347 142
    endloop
  endfacet
  facet normal 0.60876 -0.793354 0
    outer loop
      vertex -60.2255 86.011 142
      vertex -67.4927 80.4347 12
      vertex -60.2255 86.011 12
    endloop
  endfacet
  facet normal 0.461744 -0.887013 0
    outer loop
      vertex -52.5 90.9327 12
      vertex -44.3749 95.1623 142
      vertex -52.5 90.9327 142
    endloop
  endfacet
  facet normal 0.461744 -0.887013 0
    outer loop
      vertex -44.3749 95.1623 142
      vertex -52.5 90.9327 12
      vertex -44.3749 95.1623 12
    endloop
  endfacet
  facet normal 0.675594 -0.737274 0
    outer loop
      vertex -74.2462 74.2462 12
      vertex -67.4927 80.4347 142
      vertex -74.2462 74.2462 142
    endloop
  endfacet
  facet normal 0.675594 -0.737274 0
    outer loop
      vertex -67.4927 80.4347 142
      vertex -74.2462 74.2462 12
      vertex -67.4927 80.4347 12
    endloop
  endfacet
  facet normal -0.999046 -0.0436677 0
    outer loop
      vertex 105 0 12
      vertex 104.6 9.15135 142
      vertex 104.6 9.15135 12
    endloop
  endfacet
  facet normal -0.999046 -0.0436677 0
    outer loop
      vertex 104.6 9.15135 142
      vertex 105 0 12
      vertex 105 0 142
    endloop
  endfacet
  facet normal -0.216482 0.976287 0
    outer loop
      vertex 27.176 -101.422 12
      vertex 18.2331 -103.405 142
      vertex 27.176 -101.422 142
    endloop
  endfacet
  facet normal -0.216482 0.976287 0
    outer loop
      vertex 18.2331 -103.405 142
      vertex 27.176 -101.422 12
      vertex 18.2331 -103.405 12
    endloop
  endfacet
  facet normal -0.953723 0.300688 0
    outer loop
      vertex 98.6677 -35.9121 12
      vertex 101.422 -27.176 142
      vertex 101.422 -27.176 12
    endloop
  endfacet
  facet normal -0.953723 0.300688 0
    outer loop
      vertex 101.422 -27.176 142
      vertex 98.6677 -35.9121 12
      vertex 98.6677 -35.9121 142
    endloop
  endfacet
  facet normal -0.737274 0.675594 0
    outer loop
      vertex 74.2462 -74.2462 12
      vertex 80.4347 -67.4927 142
      vertex 80.4347 -67.4927 12
    endloop
  endfacet
  facet normal -0.737274 0.675594 0
    outer loop
      vertex 80.4347 -67.4927 142
      vertex 74.2462 -74.2462 12
      vertex 74.2462 -74.2462 142
    endloop
  endfacet
  facet normal -0.300688 0.953723 0
    outer loop
      vertex 35.9121 -98.6677 12
      vertex 27.176 -101.422 142
      vertex 35.9121 -98.6677 142
    endloop
  endfacet
  facet normal -0.300688 0.953723 0
    outer loop
      vertex 27.176 -101.422 142
      vertex 35.9121 -98.6677 12
      vertex 27.176 -101.422 12
    endloop
  endfacet
  facet normal -0.675594 0.737274 0
    outer loop
      vertex 74.2462 -74.2462 12
      vertex 67.4927 -80.4347 142
      vertex 74.2462 -74.2462 142
    endloop
  endfacet
  facet normal -0.675594 0.737274 0
    outer loop
      vertex 67.4927 -80.4347 142
      vertex 74.2462 -74.2462 12
      vertex 67.4927 -80.4347 12
    endloop
  endfacet
  facet normal -0.60876 0.793354 0
    outer loop
      vertex 67.4927 -80.4347 12
      vertex 60.2255 -86.011 142
      vertex 67.4927 -80.4347 142
    endloop
  endfacet
  facet normal -0.60876 0.793354 0
    outer loop
      vertex 60.2255 -86.011 142
      vertex 67.4927 -80.4347 12
      vertex 60.2255 -86.011 12
    endloop
  endfacet
  facet normal -0.461744 0.887013 0
    outer loop
      vertex 52.5 -90.9327 12
      vertex 44.3749 -95.1623 142
      vertex 52.5 -90.9327 142
    endloop
  endfacet
  facet normal -0.461744 0.887013 0
    outer loop
      vertex 44.3749 -95.1623 142
      vertex 52.5 -90.9327 12
      vertex 44.3749 -95.1623 12
    endloop
  endfacet
  facet normal 0.0436677 0.999046 -0
    outer loop
      vertex 0 -105 12
      vertex -9.15135 -104.6 142
      vertex 0 -105 142
    endloop
  endfacet
  facet normal 0.0436677 0.999046 0
    outer loop
      vertex -9.15135 -104.6 142
      vertex 0 -105 12
      vertex -9.15135 -104.6 12
    endloop
  endfacet
  facet normal 0.382683 0.92388 -0
    outer loop
      vertex -35.9121 -98.6677 12
      vertex -44.3749 -95.1623 142
      vertex -35.9121 -98.6677 142
    endloop
  endfacet
  facet normal 0.382683 0.92388 0
    outer loop
      vertex -44.3749 -95.1623 142
      vertex -35.9121 -98.6677 12
      vertex -44.3749 -95.1623 12
    endloop
  endfacet
  facet normal 0.537301 0.843391 -0
    outer loop
      vertex -52.5 -90.9327 12
      vertex -60.2255 -86.011 142
      vertex -52.5 -90.9327 142
    endloop
  endfacet
  facet normal 0.537301 0.843391 0
    outer loop
      vertex -60.2255 -86.011 142
      vertex -52.5 -90.9327 12
      vertex -60.2255 -86.011 12
    endloop
  endfacet
  facet normal 0.953723 0.300688 0
    outer loop
      vertex -98.6677 -35.9121 142
      vertex -101.422 -27.176 12
      vertex -101.422 -27.176 142
    endloop
  endfacet
  facet normal 0.953723 0.300688 0
    outer loop
      vertex -101.422 -27.176 12
      vertex -98.6677 -35.9121 142
      vertex -98.6677 -35.9121 12
    endloop
  endfacet
  facet normal 0.793354 0.60876 0
    outer loop
      vertex -80.4347 -67.4927 142
      vertex -86.011 -60.2255 12
      vertex -86.011 -60.2255 142
    endloop
  endfacet
  facet normal 0.793354 0.60876 0
    outer loop
      vertex -86.011 -60.2255 12
      vertex -80.4347 -67.4927 142
      vertex -80.4347 -67.4927 12
    endloop
  endfacet
  facet normal 0.887013 0.461744 0
    outer loop
      vertex -90.9327 -52.5 142
      vertex -95.1623 -44.3749 12
      vertex -95.1623 -44.3749 142
    endloop
  endfacet
  facet normal 0.887013 0.461744 0
    outer loop
      vertex -95.1623 -44.3749 12
      vertex -90.9327 -52.5 142
      vertex -90.9327 -52.5 12
    endloop
  endfacet
  facet normal 0.737274 0.675594 0
    outer loop
      vertex -74.2462 -74.2462 142
      vertex -80.4347 -67.4927 12
      vertex -80.4347 -67.4927 142
    endloop
  endfacet
  facet normal 0.737274 0.675594 0
    outer loop
      vertex -80.4347 -67.4927 12
      vertex -74.2462 -74.2462 142
      vertex -74.2462 -74.2462 12
    endloop
  endfacet
  facet normal -0.991454 -0.130458 0
    outer loop
      vertex 104.6 9.15135 12
      vertex 103.405 18.2331 142
      vertex 103.405 18.2331 12
    endloop
  endfacet
  facet normal -0.991454 -0.130458 0
    outer loop
      vertex 103.405 18.2331 142
      vertex 104.6 9.15135 12
      vertex 104.6 9.15135 142
    endloop
  endfacet
  facet normal -0.0436677 -0.999046 0
    outer loop
      vertex 0 105 12
      vertex 9.15135 104.6 142
      vertex 0 105 142
    endloop
  endfacet
  facet normal -0.0436677 -0.999046 -0
    outer loop
      vertex 9.15135 104.6 142
      vertex 0 105 12
      vertex 9.15135 104.6 12
    endloop
  endfacet
  facet normal 0.999046 -0.0436677 0
    outer loop
      vertex -105 0 142
      vertex -104.6 9.15135 12
      vertex -104.6 9.15135 142
    endloop
  endfacet
  facet normal 0.999046 -0.0436677 0
    outer loop
      vertex -104.6 9.15135 12
      vertex -105 0 142
      vertex -105 0 12
    endloop
  endfacet
  facet normal 0.0436677 -0.999046 0
    outer loop
      vertex -9.15135 104.6 12
      vertex 0 105 142
      vertex -9.15135 104.6 142
    endloop
  endfacet
  facet normal 0.0436677 -0.999046 0
    outer loop
      vertex 0 105 142
      vertex -9.15135 104.6 12
      vertex 0 105 12
    endloop
  endfacet
  facet normal 0.130458 -0.991454 0
    outer loop
      vertex -18.2331 103.405 12
      vertex -9.15135 104.6 142
      vertex -18.2331 103.405 142
    endloop
  endfacet
  facet normal 0.130458 -0.991454 0
    outer loop
      vertex -9.15135 104.6 142
      vertex -18.2331 103.405 12
      vertex -9.15135 104.6 12
    endloop
  endfacet
  facet normal -0.999046 0.0436677 0
    outer loop
      vertex 104.6 -9.15135 12
      vertex 105 0 142
      vertex 105 0 12
    endloop
  endfacet
  facet normal -0.999046 0.0436677 0
    outer loop
      vertex 105 0 142
      vertex 104.6 -9.15135 12
      vertex 104.6 -9.15135 142
    endloop
  endfacet
  facet normal -0.0436677 0.999046 0
    outer loop
      vertex 9.15135 -104.6 12
      vertex 0 -105 142
      vertex 9.15135 -104.6 142
    endloop
  endfacet
  facet normal -0.0436677 0.999046 0
    outer loop
      vertex 0 -105 142
      vertex 9.15135 -104.6 12
      vertex 0 -105 12
    endloop
  endfacet
  facet normal -0.976287 0.216482 0
    outer loop
      vertex 101.422 -27.176 12
      vertex 103.405 -18.2331 142
      vertex 103.405 -18.2331 12
    endloop
  endfacet
  facet normal -0.976287 0.216482 0
    outer loop
      vertex 103.405 -18.2331 142
      vertex 101.422 -27.176 12
      vertex 101.422 -27.176 142
    endloop
  endfacet
  facet normal -0.843391 0.537301 0
    outer loop
      vertex 86.011 -60.2255 12
      vertex 90.9327 -52.5 142
      vertex 90.9327 -52.5 12
    endloop
  endfacet
  facet normal -0.843391 0.537301 0
    outer loop
      vertex 90.9327 -52.5 142
      vertex 86.011 -60.2255 12
      vertex 86.011 -60.2255 142
    endloop
  endfacet
  facet normal -0.130458 0.991454 0
    outer loop
      vertex 18.2331 -103.405 12
      vertex 9.15135 -104.6 142
      vertex 18.2331 -103.405 142
    endloop
  endfacet
  facet normal -0.130458 0.991454 0
    outer loop
      vertex 9.15135 -104.6 142
      vertex 18.2331 -103.405 12
      vertex 9.15135 -104.6 12
    endloop
  endfacet
  facet normal -0.382683 0.92388 0
    outer loop
      vertex 44.3749 -95.1623 12
      vertex 35.9121 -98.6677 142
      vertex 44.3749 -95.1623 142
    endloop
  endfacet
  facet normal -0.382683 0.92388 0
    outer loop
      vertex 35.9121 -98.6677 142
      vertex 44.3749 -95.1623 12
      vertex 35.9121 -98.6677 12
    endloop
  endfacet
  facet normal -0.537301 0.843391 0
    outer loop
      vertex 60.2255 -86.011 12
      vertex 52.5 -90.9327 142
      vertex 60.2255 -86.011 142
    endloop
  endfacet
  facet normal -0.537301 0.843391 0
    outer loop
      vertex 52.5 -90.9327 142
      vertex 60.2255 -86.011 12
      vertex 52.5 -90.9327 12
    endloop
  endfacet
  facet normal 0.130458 0.991454 -0
    outer loop
      vertex -9.15135 -104.6 12
      vertex -18.2331 -103.405 142
      vertex -9.15135 -104.6 142
    endloop
  endfacet
  facet normal 0.130458 0.991454 0
    outer loop
      vertex -18.2331 -103.405 142
      vertex -9.15135 -104.6 12
      vertex -18.2331 -103.405 12
    endloop
  endfacet
  facet normal 0.300688 0.953723 -0
    outer loop
      vertex -27.176 -101.422 12
      vertex -35.9121 -98.6677 142
      vertex -27.176 -101.422 142
    endloop
  endfacet
  facet normal 0.300688 0.953723 0
    outer loop
      vertex -35.9121 -98.6677 142
      vertex -27.176 -101.422 12
      vertex -35.9121 -98.6677 12
    endloop
  endfacet
  facet normal 0.461744 0.887013 -0
    outer loop
      vertex -44.3749 -95.1623 12
      vertex -52.5 -90.9327 142
      vertex -44.3749 -95.1623 142
    endloop
  endfacet
  facet normal 0.461744 0.887013 0
    outer loop
      vertex -52.5 -90.9327 142
      vertex -44.3749 -95.1623 12
      vertex -52.5 -90.9327 12
    endloop
  endfacet
  facet normal 0.60876 0.793354 -0
    outer loop
      vertex -60.2255 -86.011 12
      vertex -67.4927 -80.4347 142
      vertex -60.2255 -86.011 142
    endloop
  endfacet
  facet normal 0.60876 0.793354 0
    outer loop
      vertex -67.4927 -80.4347 142
      vertex -60.2255 -86.011 12
      vertex -67.4927 -80.4347 12
    endloop
  endfacet
  facet normal 0.92388 0.382683 0
    outer loop
      vertex -95.1623 -44.3749 142
      vertex -98.6677 -35.9121 12
      vertex -98.6677 -35.9121 142
    endloop
  endfacet
  facet normal 0.92388 0.382683 0
    outer loop
      vertex -98.6677 -35.9121 12
      vertex -95.1623 -44.3749 142
      vertex -95.1623 -44.3749 12
    endloop
  endfacet
  facet normal 0.999046 0.0436677 0
    outer loop
      vertex -104.6 -9.15135 142
      vertex -105 0 12
      vertex -105 0 142
    endloop
  endfacet
  facet normal 0.999046 0.0436677 0
    outer loop
      vertex -105 0 12
      vertex -104.6 -9.15135 142
      vertex -104.6 -9.15135 12
    endloop
  endfacet
  facet normal 0 0 1
    outer loop
      vertex -82.5 0 12
      vertex 105 0 12
      vertex 104.6 9.15135 12
    endloop
  endfacet
  facet normal 0 0 1
    outer loop
      vertex -82.5 0 12
      vertex 104.6 9.15135 12
      vertex 103.405 18.2331 12
    endloop
  endfacet
  facet normal 0 0 1
    outer loop
      vertex 105 0 12
      vertex -82.5 0 12
      vertex 104.6 -9.15135 12
    endloop
  endfacet
  facet normal 0 0 1
    outer loop
      vertex -82.5 0 12
      vertex 103.405 18.2331 12
      vertex 101.422 27.176 12
    endloop
  endfacet
  facet normal 0 0 1
    outer loop
      vertex 104.6 -9.15135 12
      vertex -82.5 0 12
      vertex 103.405 -18.2331 12
    endloop
  endfacet
  facet normal 0 0 1
    outer loop
      vertex -82.5 0 12
      vertex 101.422 27.176 12
      vertex 98.6677 35.9121 12
    endloop
  endfacet
  facet normal 0 0 1
    outer loop
      vertex 103.405 -18.2331 12
      vertex -82.5 0 12
      vertex 101.422 -27.176 12
    endloop
  endfacet
  facet normal 0 0 1
    outer loop
      vertex -82.5 0 12
      vertex 98.6677 35.9121 12
      vertex 95.1623 44.3749 12
    endloop
  endfacet
  facet normal 0 0 1
    outer loop
      vertex 101.422 -27.176 12
      vertex -82.5 0 12
      vertex 98.6677 -35.9121 12
    endloop
  endfacet
  facet normal 0 0 1
    outer loop
      vertex -82.5285 0.653667 12
      vertex 95.1623 44.3749 12
      vertex 90.9327 52.5 12
    endloop
  endfacet
  facet normal 0 0 1
    outer loop
      vertex 98.6677 -35.9121 12
      vertex -82.5 0 12
      vertex 95.1623 -44.3749 12
    endloop
  endfacet
  facet normal 0 0 1
    outer loop
      vertex -82.5285 0.653667 12
      vertex 90.9327 52.5 12
      vertex 86.011 60.2255 12
    endloop
  endfacet
  facet normal -0 0 1
    outer loop
      vertex -82.5285 -0.653667 12
      vertex 95.1623 -44.3749 12
      vertex -82.5 0 12
    endloop
  endfacet
  facet normal 0 0 1
    outer loop
      vertex -82.5285 0.653667 12
      vertex 86.011 60.2255 12
      vertex 80.4347 67.4927 12
    endloop
  endfacet
  facet normal 0 0 1
    outer loop
      vertex 95.1623 -44.3749 12
      vertex -82.5285 -0.653667 12
      vertex 90.9327 -52.5 12
    endloop
  endfacet
  facet normal 0 0 1
    outer loop
      vertex -82.5285 0.653667 12
      vertex 80.4347 67.4927 12
      vertex 74.2462 74.2462 12
    endloop
  endfacet
  facet normal 0 0 1
    outer loop
      vertex 90.9327 -52.5 12
      vertex -82.5285 -0.653667 12
      vertex 86.011 -60.2255 12
    endloop
  endfacet
  facet normal 0 0 1
    outer loop
      vertex -82.5285 0.653667 12
      vertex 74.2462 74.2462 12
      vertex 67.4927 80.4347 12
    endloop
  endfacet
  facet normal 0 0 1
    outer loop
      vertex 86.011 -60.2255 12
      vertex -82.5285 -0.653667 12
      vertex 80.4347 -67.4927 12
    endloop
  endfacet
  facet normal 0 0 1
    outer loop
      vertex -82.5285 0.653667 12
      vertex 67.4927 80.4347 12
      vertex 60.2255 86.011 12
    endloop
  endfacet
  facet normal 0 0 1
    outer loop
      vertex 80.4347 -67.4927 12
      vertex -82.5285 -0.653667 12
      vertex 74.2462 -74.2462 12
    endloop
  endfacet
  facet normal 0 0 1
    outer loop
      vertex -82.5285 0.653667 12
      vertex 60.2255 86.011 12
      vertex 52.5 90.9327 12
    endloop
  endfacet
  facet normal 0 0 1
    outer loop
      vertex 74.2462 -74.2462 12
      vertex -82.5285 -0.653667 12
      vertex 67.4927 -80.4347 12
    endloop
  endfacet
  facet normal 0 0 1
    outer loop
      vertex -82.5285 0.653667 12
      vertex 52.5 90.9327 12
      vertex 44.3749 95.1623 12
    endloop
  endfacet
  facet normal 0 0 1
    outer loop
      vertex 67.4927 -80.4347 12
      vertex -82.5285 -0.653667 12
      vertex 60.2255 -86.011 12
    endloop
  endfacet
  facet normal 0 0 1
    outer loop
      vertex -82.6139 1.30236 12
      vertex 44.3749 95.1623 12
      vertex 35.9121 98.6677 12
    endloop
  endfacet
  facet normal 0 0 1
    outer loop
      vertex 60.2255 -86.011 12
      vertex -82.5285 -0.653667 12
      vertex 52.5 -90.9327 12
    endloop
  endfacet
  facet normal 0 0 1
    outer loop
      vertex -82.6139 1.30236 12
      vertex 35.9121 98.6677 12
      vertex 27.176 101.422 12
    endloop
  endfacet
  facet normal 0 0 1
    outer loop
      vertex 52.5 -90.9327 12
      vertex -82.5285 -0.653667 12
      vertex 44.3749 -95.1623 12
    endloop
  endfacet
  facet normal 0 0 1
    outer loop
      vertex -82.6139 1.30236 12
      vertex 27.176 101.422 12
      vertex 18.2331 103.405 12
    endloop
  endfacet
  facet normal -0 0 1
    outer loop
      vertex -82.6139 -1.30236 12
      vertex 44.3749 -95.1623 12
      vertex -82.5285 -0.653667 12
    endloop
  endfacet
  facet normal 0 0 1
    outer loop
      vertex -82.6139 1.30236 12
      vertex 18.2331 103.405 12
      vertex 9.15135 104.6 12
    endloop
  endfacet
  facet normal 0 0 1
    outer loop
      vertex 44.3749 -95.1623 12
      vertex -82.6139 -1.30236 12
      vertex 35.9121 -98.6677 12
    endloop
  endfacet
  facet normal 0 0 1
    outer loop
      vertex -82.6139 1.30236 12
      vertex 9.15135 104.6 12
      vertex 0 105 12
    endloop
  endfacet
  facet normal 0 0 1
    outer loop
      vertex 35.9121 -98.6677 12
      vertex -82.6139 -1.30236 12
      vertex 27.176 -101.422 12
    endloop
  endfacet
  facet normal 0 0 1
    outer loop
      vertex -82.7556 1.94114 12
      vertex 0 105 12
      vertex -9.15135 104.6 12
    endloop
  endfacet
  facet normal 0 0 1
    outer loop
      vertex 27.176 -101.422 12
      vertex -82.6139 -1.30236 12
      vertex 18.2331 -103.405 12
    endloop
  endfacet
  facet normal 0 0 1
    outer loop
      vertex -82.7556 1.94114 12
      vertex -9.15135 104.6 12
      vertex -18.2331 103.405 12
    endloop
  endfacet
  facet normal 0 0 1
    outer loop
      vertex 18.2331 -103.405 12
      vertex -82.6139 -1.30236 12
      vertex 9.15135 -104.6 12
    endloop
  endfacet
  facet normal 0 0 1
    outer loop
      vertex -82.7556 1.94114 12
      vertex -18.2331 103.405 12
      vertex -27.176 101.422 12
    endloop
  endfacet
  facet normal 0 0 1
    outer loop
      vertex 9.15135 -104.6 12
      vertex -82.6139 -1.30236 12
      vertex 0 -105 12
    endloop
  endfacet
  facet normal 0 0 1
    outer loop
      vertex -82.7556 1.94114 12
      vertex -27.176 101.422 12
      vertex -35.9121 98.6677 12
    endloop
  endfacet
  facet normal -0 0 1
    outer loop
      vertex -82.7556 -1.94114 12
      vertex 0 -105 12
      vertex -82.6139 -1.30236 12
    endloop
  endfacet
  facet normal 0 0 1
    outer loop
      vertex -82.9523 2.56515 12
      vertex -35.9121 98.6677 12
      vertex -44.3749 95.1623 12
    endloop
  endfacet
  facet normal 0 0 1
    outer loop
      vertex 0 -105 12
      vertex -82.7556 -1.94114 12
      vertex -9.15135 -104.6 12
    endloop
  endfacet
  facet normal 0 0 1
    outer loop
      vertex -82.9523 2.56515 12
      vertex -44.3749 95.1623 12
      vertex -52.5 90.9327 12
    endloop
  endfacet
  facet normal 0 0 1
    outer loop
      vertex -9.15135 -104.6 12
      vertex -82.7556 -1.94114 12
      vertex -18.2331 -103.405 12
    endloop
  endfacet
  facet normal 0 0 1
    outer loop
      vertex -82.9523 2.56515 12
      vertex -52.5 90.9327 12
      vertex -60.2255 86.011 12
    endloop
  endfacet
  facet normal 0 0 1
    outer loop
      vertex -18.2331 -103.405 12
      vertex -82.7556 -1.94114 12
      vertex -27.176 -101.422 12
    endloop
  endfacet
  facet normal 0 0 1
    outer loop
      vertex -83.2027 3.16964 12
      vertex -60.2255 86.011 12
      vertex -67.4927 80.4347 12
    endloop
  endfacet
  facet normal 0 0 1
    outer loop
      vertex -27.176 -101.422 12
      vertex -82.7556 -1.94114 12
      vertex -35.9121 -98.6677 12
    endloop
  endfacet
  facet normal 0 0 1
    outer loop
      vertex -83.5048 3.75 12
      vertex -67.4927 80.4347 12
      vertex -74.2462 74.2462 12
    endloop
  endfacet
  facet normal -0 0 1
    outer loop
      vertex -82.9523 -2.56515 12
      vertex -35.9121 -98.6677 12
      vertex -82.7556 -1.94114 12
    endloop
  endfacet
  facet normal 0 0 1
    outer loop
      vertex -83.5048 3.75 12
      vertex -74.2462 74.2462 12
      vertex -80.4347 67.4927 12
    endloop
  endfacet
  facet normal 0 0 1
    outer loop
      vertex -35.9121 -98.6677 12
      vertex -82.9523 -2.56515 12
      vertex -44.3749 -95.1623 12
    endloop
  endfacet
  facet normal 0 0 1
    outer loop
      vertex -44.3749 -95.1623 12
      vertex -82.9523 -2.56515 12
      vertex -52.5 -90.9327 12
    endloop
  endfacet
  facet normal 0 0 1
    outer loop
      vertex 95.1623 44.3749 12
      vertex -82.5285 0.653667 12
      vertex -82.5 0 12
    endloop
  endfacet
  facet normal 0 0 1
    outer loop
      vertex 44.3749 95.1623 12
      vertex -82.6139 1.30236 12
      vertex -82.5285 0.653667 12
    endloop
  endfacet
  facet normal 0 0 1
    outer loop
      vertex 0 105 12
      vertex -82.7556 1.94114 12
      vertex -82.6139 1.30236 12
    endloop
  endfacet
  facet normal 0 0 1
    outer loop
      vertex -35.9121 98.6677 12
      vertex -82.9523 2.56515 12
      vertex -82.7556 1.94114 12
    endloop
  endfacet
  facet normal 0 0 1
    outer loop
      vertex -60.2255 86.011 12
      vertex -83.2027 3.16964 12
      vertex -82.9523 2.56515 12
    endloop
  endfacet
  facet normal 0 0 1
    outer loop
      vertex -67.4927 80.4347 12
      vertex -83.5048 3.75 12
      vertex -83.2027 3.16964 12
    endloop
  endfacet
  facet normal 0 0 1
    outer loop
      vertex -80.4347 67.4927 12
      vertex -83.8564 4.30182 12
      vertex -83.5048 3.75 12
    endloop
  endfacet
  facet normal -0 0 1
    outer loop
      vertex -86.011 60.2255 12
      vertex -83.8564 4.30182 12
      vertex -80.4347 67.4927 12
    endloop
  endfacet
  facet normal 0 0 1
    outer loop
      vertex -83.8564 4.30182 12
      vertex -86.011 60.2255 12
      vertex -84.2547 4.82091 12
    endloop
  endfacet
  facet normal -0 0 1
    outer loop
      vertex -90.9327 52.5 12
      vertex -84.2547 4.82091 12
      vertex -86.011 60.2255 12
    endloop
  endfacet
  facet normal 0 0 1
    outer loop
      vertex -84.2547 4.82091 12
      vertex -90.9327 52.5 12
      vertex -84.6967 5.3033 12
    endloop
  endfacet
  facet normal 0 0 1
    outer loop
      vertex -84.6967 5.3033 12
      vertex -90.9327 52.5 12
      vertex -85.1791 5.74533 12
    endloop
  endfacet
  facet normal -0 0 1
    outer loop
      vertex -95.1623 44.3749 12
      vertex -85.1791 5.74533 12
      vertex -90.9327 52.5 12
    endloop
  endfacet
  facet normal 0 0 1
    outer loop
      vertex -85.1791 5.74533 12
      vertex -95.1623 44.3749 12
      vertex -85.6982 6.14364 12
    endloop
  endfacet
  facet normal 0 0 1
    outer loop
      vertex -85.6982 6.14364 12
      vertex -95.1623 44.3749 12
      vertex -86.25 6.49519 12
    endloop
  endfacet
  facet normal -0 0 1
    outer loop
      vertex -98.6677 35.9121 12
      vertex -86.25 6.49519 12
      vertex -95.1623 44.3749 12
    endloop
  endfacet
  facet normal 0 0 1
    outer loop
      vertex -86.25 6.49519 12
      vertex -98.6677 35.9121 12
      vertex -86.8304 6.79731 12
    endloop
  endfacet
  facet normal 0 0 1
    outer loop
      vertex -86.8304 6.79731 12
      vertex -98.6677 35.9121 12
      vertex -87.4348 7.04769 12
    endloop
  endfacet
  facet normal 0 0 1
    outer loop
      vertex -87.4348 7.04769 12
      vertex -98.6677 35.9121 12
      vertex -88.0589 7.24444 12
    endloop
  endfacet
  facet normal -0 0 1
    outer loop
      vertex -101.422 27.176 12
      vertex -88.0589 7.24444 12
      vertex -98.6677 35.9121 12
    endloop
  endfacet
  facet normal 0 0 1
    outer loop
      vertex -88.0589 7.24444 12
      vertex -101.422 27.176 12
      vertex -88.6976 7.38606 12
    endloop
  endfacet
  facet normal 0 0 1
    outer loop
      vertex -88.6976 7.38606 12
      vertex -101.422 27.176 12
      vertex -89.3463 7.47146 12
    endloop
  endfacet
  facet normal 0 0 1
    outer loop
      vertex -89.3463 7.47146 12
      vertex -101.422 27.176 12
      vertex -90 7.5 12
    endloop
  endfacet
  facet normal 0 0 1
    outer loop
      vertex -90 7.5 12
      vertex -101.422 27.176 12
      vertex -90.6537 7.47146 12
    endloop
  endfacet
  facet normal -0 0 1
    outer loop
      vertex -103.405 18.2331 12
      vertex -90.6537 7.47146 12
      vertex -101.422 27.176 12
    endloop
  endfacet
  facet normal 0 0 1
    outer loop
      vertex -90.6537 7.47146 12
      vertex -103.405 18.2331 12
      vertex -91.3024 7.38606 12
    endloop
  endfacet
  facet normal 0 0 1
    outer loop
      vertex -91.3024 7.38606 12
      vertex -103.405 18.2331 12
      vertex -91.9411 7.24444 12
    endloop
  endfacet
  facet normal 0 0 1
    outer loop
      vertex -91.9411 7.24444 12
      vertex -103.405 18.2331 12
      vertex -92.5651 7.04769 12
    endloop
  endfacet
  facet normal 0 0 1
    outer loop
      vertex -92.5651 7.04769 12
      vertex -103.405 18.2331 12
      vertex -93.1696 6.79731 12
    endloop
  endfacet
  facet normal 0 0 1
    outer loop
      vertex -93.1696 6.79731 12
      vertex -103.405 18.2331 12
      vertex -93.75 6.49519 12
    endloop
  endfacet
  facet normal -0 0 1
    outer loop
      vertex -104.6 9.15135 12
      vertex -93.75 6.49519 12
      vertex -103.405 18.2331 12
    endloop
  endfacet
  facet normal 0 0 1
    outer loop
      vertex -93.75 6.49519 12
      vertex -104.6 9.15135 12
      vertex -94.3018 6.14364 12
    endloop
  endfacet
  facet normal 0 0 1
    outer loop
      vertex -94.3018 6.14364 12
      vertex -104.6 9.15135 12
      vertex -94.8209 5.74533 12
    endloop
  endfacet
  facet normal 0 0 1
    outer loop
      vertex -94.8209 5.74533 12
      vertex -104.6 9.15135 12
      vertex -95.3033 5.3033 12
    endloop
  endfacet
  facet normal 0 0 1
    outer loop
      vertex -95.3033 5.3033 12
      vertex -104.6 9.15135 12
      vertex -95.7453 4.82091 12
    endloop
  endfacet
  facet normal 0 0 1
    outer loop
      vertex -95.7453 4.82091 12
      vertex -104.6 9.15135 12
      vertex -96.1436 4.30182 12
    endloop
  endfacet
  facet normal 0 0 1
    outer loop
      vertex -96.1436 4.30182 12
      vertex -104.6 9.15135 12
      vertex -96.4952 3.75 12
    endloop
  endfacet
  facet normal 0 0 1
    outer loop
      vertex -96.4952 3.75 12
      vertex -104.6 9.15135 12
      vertex -96.7973 3.16964 12
    endloop
  endfacet
  facet normal 0 0 1
    outer loop
      vertex -105 0 12
      vertex -97.0477 2.56515 12
      vertex -104.6 9.15135 12
    endloop
  endfacet
  facet normal 0 0 1
    outer loop
      vertex -96.7973 3.16964 12
      vertex -104.6 9.15135 12
      vertex -97.0477 2.56515 12
    endloop
  endfacet
  facet normal 0 0 1
    outer loop
      vertex -52.5 -90.9327 12
      vertex -82.9523 -2.56515 12
      vertex -60.2255 -86.011 12
    endloop
  endfacet
  facet normal -0 0 1
    outer loop
      vertex -83.2027 -3.16964 12
      vertex -60.2255 -86.011 12
      vertex -82.9523 -2.56515 12
    endloop
  endfacet
  facet normal 0 0 1
    outer loop
      vertex -60.2255 -86.011 12
      vertex -83.2027 -3.16964 12
      vertex -67.4927 -80.4347 12
    endloop
  endfacet
  facet normal -0 0 1
    outer loop
      vertex -83.5048 -3.75 12
      vertex -67.4927 -80.4347 12
      vertex -83.2027 -3.16964 12
    endloop
  endfacet
  facet normal 0 0 1
    outer loop
      vertex -67.4927 -80.4347 12
      vertex -83.5048 -3.75 12
      vertex -74.2462 -74.2462 12
    endloop
  endfacet
  facet normal 0 0 1
    outer loop
      vertex -74.2462 -74.2462 12
      vertex -83.5048 -3.75 12
      vertex -80.4347 -67.4927 12
    endloop
  endfacet
  facet normal -0 0 1
    outer loop
      vertex -83.8564 -4.30182 12
      vertex -80.4347 -67.4927 12
      vertex -83.5048 -3.75 12
    endloop
  endfacet
  facet normal 0 0 1
    outer loop
      vertex -86.011 -60.2255 12
      vertex -83.8564 -4.30182 12
      vertex -84.2547 -4.82091 12
    endloop
  endfacet
  facet normal 0 0 1
    outer loop
      vertex -90.9327 -52.5 12
      vertex -84.2547 -4.82091 12
      vertex -84.6967 -5.3033 12
    endloop
  endfacet
  facet normal 0 0 1
    outer loop
      vertex -90.9327 -52.5 12
      vertex -84.6967 -5.3033 12
      vertex -85.1791 -5.74533 12
    endloop
  endfacet
  facet normal 0 0 1
    outer loop
      vertex -95.1623 -44.3749 12
      vertex -85.1791 -5.74533 12
      vertex -85.6982 -6.14364 12
    endloop
  endfacet
  facet normal 0 0 1
    outer loop
      vertex -83.8564 -4.30182 12
      vertex -86.011 -60.2255 12
      vertex -80.4347 -67.4927 12
    endloop
  endfacet
  facet normal 0 0 1
    outer loop
      vertex -95.1623 -44.3749 12
      vertex -85.6982 -6.14364 12
      vertex -86.25 -6.49519 12
    endloop
  endfacet
  facet normal 0 0 1
    outer loop
      vertex -98.6677 -35.9121 12
      vertex -86.25 -6.49519 12
      vertex -86.8304 -6.79731 12
    endloop
  endfacet
  facet normal 0 0 1
    outer loop
      vertex -98.6677 -35.9121 12
      vertex -86.8304 -6.79731 12
      vertex -87.4348 -7.04769 12
    endloop
  endfacet
  facet normal 0 0 1
    outer loop
      vertex -98.6677 -35.9121 12
      vertex -87.4348 -7.04769 12
      vertex -88.0589 -7.24444 12
    endloop
  endfacet
  facet normal 0 0 1
    outer loop
      vertex -101.422 -27.176 12
      vertex -88.0589 -7.24444 12
      vertex -88.6976 -7.38606 12
    endloop
  endfacet
  facet normal 0 0 1
    outer loop
      vertex -101.422 -27.176 12
      vertex -88.6976 -7.38606 12
      vertex -89.3463 -7.47146 12
    endloop
  endfacet
  facet normal 0 0 1
    outer loop
      vertex -101.422 -27.176 12
      vertex -89.3463 -7.47146 12
      vertex -90 -7.5 12
    endloop
  endfacet
  facet normal 0 0 1
    outer loop
      vertex -101.422 -27.176 12
      vertex -90 -7.5 12
      vertex -90.6537 -7.47146 12
    endloop
  endfacet
  facet normal 0 0 1
    outer loop
      vertex -84.2547 -4.82091 12
      vertex -90.9327 -52.5 12
      vertex -86.011 -60.2255 12
    endloop
  endfacet
  facet normal 0 0 1
    outer loop
      vertex -103.405 -18.2331 12
      vertex -90.6537 -7.47146 12
      vertex -91.3024 -7.38606 12
    endloop
  endfacet
  facet normal 0 0 1
    outer loop
      vertex -103.405 -18.2331 12
      vertex -91.3024 -7.38606 12
      vertex -91.9411 -7.24444 12
    endloop
  endfacet
  facet normal 0 0 1
    outer loop
      vertex -103.405 -18.2331 12
      vertex -91.9411 -7.24444 12
      vertex -92.5651 -7.04769 12
    endloop
  endfacet
  facet normal 0 0 1
    outer loop
      vertex -103.405 -18.2331 12
      vertex -92.5651 -7.04769 12
      vertex -93.1696 -6.79731 12
    endloop
  endfacet
  facet normal 0 0 1
    outer loop
      vertex -103.405 -18.2331 12
      vertex -93.1696 -6.79731 12
      vertex -93.75 -6.49519 12
    endloop
  endfacet
  facet normal 0 0 1
    outer loop
      vertex -104.6 -9.15135 12
      vertex -93.75 -6.49519 12
      vertex -94.3018 -6.14364 12
    endloop
  endfacet
  facet normal 0 0 1
    outer loop
      vertex -104.6 -9.15135 12
      vertex -94.3018 -6.14364 12
      vertex -94.8209 -5.74533 12
    endloop
  endfacet
  facet normal 0 0 1
    outer loop
      vertex -85.1791 -5.74533 12
      vertex -95.1623 -44.3749 12
      vertex -90.9327 -52.5 12
    endloop
  endfacet
  facet normal 0 0 1
    outer loop
      vertex -104.6 -9.15135 12
      vertex -94.8209 -5.74533 12
      vertex -95.3033 -5.3033 12
    endloop
  endfacet
  facet normal 0 0 1
    outer loop
      vertex -104.6 -9.15135 12
      vertex -95.3033 -5.3033 12
      vertex -95.7453 -4.82091 12
    endloop
  endfacet
  facet normal 0 0 1
    outer loop
      vertex -104.6 -9.15135 12
      vertex -95.7453 -4.82091 12
      vertex -96.1436 -4.30182 12
    endloop
  endfacet
  facet normal 0 0 1
    outer loop
      vertex -104.6 -9.15135 12
      vertex -96.1436 -4.30182 12
      vertex -96.4952 -3.75 12
    endloop
  endfacet
  facet normal 0 0 1
    outer loop
      vertex -104.6 -9.15135 12
      vertex -96.4952 -3.75 12
      vertex -96.7973 -3.16964 12
    endloop
  endfacet
  facet normal 0 0 1
    outer loop
      vertex -104.6 -9.15135 12
      vertex -96.7973 -3.16964 12
      vertex -97.0477 -2.56515 12
    endloop
  endfacet
  facet normal 0 0 1
    outer loop
      vertex -105 0 12
      vertex -97.0477 -2.56515 12
      vertex -97.2444 -1.94114 12
    endloop
  endfacet
  facet normal 0 0 1
    outer loop
      vertex -105 0 12
      vertex -97.2444 -1.94114 12
      vertex -97.3861 -1.30236 12
    endloop
  endfacet
  facet normal 0 0 1
    outer loop
      vertex -105 0 12
      vertex -97.3861 -1.30236 12
      vertex -97.4715 -0.653667 12
    endloop
  endfacet
  facet normal 0 0 1
    outer loop
      vertex -86.25 -6.49519 12
      vertex -98.6677 -35.9121 12
      vertex -95.1623 -44.3749 12
    endloop
  endfacet
  facet normal -0 0 1
    outer loop
      vertex -105 0 12
      vertex -97.4715 -0.653667 12
      vertex -97.5 0 12
    endloop
  endfacet
  facet normal 0 0 1
    outer loop
      vertex -97.0477 2.56515 12
      vertex -105 0 12
      vertex -97.2444 1.94114 12
    endloop
  endfacet
  facet normal 0 0 1
    outer loop
      vertex -97.2444 1.94114 12
      vertex -105 0 12
      vertex -97.3861 1.30236 12
    endloop
  endfacet
  facet normal 0 0 1
    outer loop
      vertex -88.0589 -7.24444 12
      vertex -101.422 -27.176 12
      vertex -98.6677 -35.9121 12
    endloop
  endfacet
  facet normal 0 0 1
    outer loop
      vertex -97.3861 1.30236 12
      vertex -105 0 12
      vertex -97.4715 0.653667 12
    endloop
  endfacet
  facet normal 0 0 1
    outer loop
      vertex -90.6537 -7.47146 12
      vertex -103.405 -18.2331 12
      vertex -101.422 -27.176 12
    endloop
  endfacet
  facet normal 0 0 1
    outer loop
      vertex -97.4715 0.653667 12
      vertex -105 0 12
      vertex -97.5 0 12
    endloop
  endfacet
  facet normal 0 0 1
    outer loop
      vertex -93.75 -6.49519 12
      vertex -104.6 -9.15135 12
      vertex -103.405 -18.2331 12
    endloop
  endfacet
  facet normal 0 0 1
    outer loop
      vertex -97.0477 -2.56515 12
      vertex -105 0 12
      vertex -104.6 -9.15135 12
    endloop
  endfacet
  facet normal 0.843391 0.537301 0
    outer loop
      vertex -86.011 -60.2255 142
      vertex -90.9327 -52.5 12
      vertex -90.9327 -52.5 142
    endloop
  endfacet
  facet normal 0.843391 0.537301 0
    outer loop
      vertex -90.9327 -52.5 12
      vertex -86.011 -60.2255 142
      vertex -86.011 -60.2255 12
    endloop
  endfacet
  facet normal -0.130458 -0.991454 0
    outer loop
      vertex 9.15135 104.6 12
      vertex 18.2331 103.405 142
      vertex 9.15135 104.6 142
    endloop
  endfacet
  facet normal -0.130458 -0.991454 -0
    outer loop
      vertex 18.2331 103.405 142
      vertex 9.15135 104.6 12
      vertex 18.2331 103.405 12
    endloop
  endfacet
  facet normal 0.991454 -0.130458 0
    outer loop
      vertex -104.6 9.15135 142
      vertex -103.405 18.2331 12
      vertex -103.405 18.2331 142
    endloop
  endfacet
  facet normal 0.991454 -0.130458 0
    outer loop
      vertex -103.405 18.2331 12
      vertex -104.6 9.15135 142
      vertex -104.6 9.15135 12
    endloop
  endfacet
  facet normal -0.887013 0.461744 0
    outer loop
      vertex 90.9327 -52.5 12
      vertex 95.1623 -44.3749 142
      vertex 95.1623 -44.3749 12
    endloop
  endfacet
  facet normal -0.887013 0.461744 0
    outer loop
      vertex 95.1623 -44.3749 142
      vertex 90.9327 -52.5 12
      vertex 90.9327 -52.5 142
    endloop
  endfacet
  facet normal 0.991454 0.130458 0
    outer loop
      vertex -103.405 -18.2331 142
      vertex -104.6 -9.15135 12
      vertex -104.6 -9.15135 142
    endloop
  endfacet
  facet normal 0.991454 0.130458 0
    outer loop
      vertex -104.6 -9.15135 12
      vertex -103.405 -18.2331 142
      vertex -103.405 -18.2331 12
    endloop
  endfacet
  facet normal -0.793354 0.60876 0
    outer loop
      vertex 80.4347 -67.4927 12
      vertex 86.011 -60.2255 142
      vertex 86.011 -60.2255 12
    endloop
  endfacet
  facet normal -0.793354 0.60876 0
    outer loop
      vertex 86.011 -60.2255 142
      vertex 80.4347 -67.4927 12
      vertex 80.4347 -67.4927 142
    endloop
  endfacet
  facet normal -0.675583 -0.737284 0
    outer loop
      vertex -85.1791 5.74533 -17
      vertex -84.6967 5.3033 12
      vertex -85.1791 5.74533 12
    endloop
  endfacet
  facet normal -0.675583 -0.737284 -0
    outer loop
      vertex -84.6967 5.3033 12
      vertex -85.1791 5.74533 -17
      vertex -84.6967 5.3033 -17
    endloop
  endfacet
  facet normal 0.382668 -0.923886 0
    outer loop
      vertex -93.1696 6.79731 -17
      vertex -92.5651 7.04769 12
      vertex -93.1696 6.79731 12
    endloop
  endfacet
  facet normal 0.382668 -0.923886 0
    outer loop
      vertex -92.5651 7.04769 12
      vertex -93.1696 6.79731 -17
      vertex -92.5651 7.04769 -17
    endloop
  endfacet
  facet normal 0.887021 -0.461729 0
    outer loop
      vertex -96.7973 3.16964 12
      vertex -96.4952 3.75 -17
      vertex -96.4952 3.75 12
    endloop
  endfacet
  facet normal 0.887021 -0.461729 0
    outer loop
      vertex -96.4952 3.75 -17
      vertex -96.7973 3.16964 12
      vertex -96.7973 3.16964 -17
    endloop
  endfacet
  facet normal -0.991445 0.130523 0
    outer loop
      vertex -82.6139 -1.30236 -17
      vertex -82.5285 -0.653667 12
      vertex -82.5285 -0.653667 -17
    endloop
  endfacet
  facet normal -0.991445 0.130523 0
    outer loop
      vertex -82.5285 -0.653667 12
      vertex -82.6139 -1.30236 -17
      vertex -82.6139 -1.30236 12
    endloop
  endfacet
  facet normal -0.923873 -0.382699 0
    outer loop
      vertex -82.9523 2.56515 -17
      vertex -83.2027 3.16964 12
      vertex -83.2027 3.16964 -17
    endloop
  endfacet
  facet normal -0.923873 -0.382699 0
    outer loop
      vertex -83.2027 3.16964 12
      vertex -82.9523 2.56515 -17
      vertex -82.9523 2.56515 12
    endloop
  endfacet
  facet normal -0.887021 -0.461729 0
    outer loop
      vertex -83.2027 3.16964 -17
      vertex -83.5048 3.75 12
      vertex -83.5048 3.75 -17
    endloop
  endfacet
  facet normal -0.887021 -0.461729 0
    outer loop
      vertex -83.5048 3.75 12
      vertex -83.2027 3.16964 -17
      vertex -83.2027 3.16964 12
    endloop
  endfacet
  facet normal -0.461728 -0.887022 0
    outer loop
      vertex -86.8304 6.79731 -17
      vertex -86.25 6.49519 12
      vertex -86.8304 6.79731 12
    endloop
  endfacet
  facet normal -0.461728 -0.887022 -0
    outer loop
      vertex -86.25 6.49519 12
      vertex -86.8304 6.79731 -17
      vertex -86.25 6.49519 -17
    endloop
  endfacet
  facet normal -0.130522 -0.991445 0
    outer loop
      vertex -89.3463 7.47146 -17
      vertex -88.6976 7.38606 12
      vertex -89.3463 7.47146 12
    endloop
  endfacet
  facet normal -0.130522 -0.991445 -0
    outer loop
      vertex -88.6976 7.38606 12
      vertex -89.3463 7.47146 -17
      vertex -88.6976 7.38606 -17
    endloop
  endfacet
  facet normal 0.991445 -0.130523 0
    outer loop
      vertex -97.4715 0.653667 12
      vertex -97.3861 1.30236 -17
      vertex -97.3861 1.30236 12
    endloop
  endfacet
  facet normal 0.991445 -0.130523 0
    outer loop
      vertex -97.3861 1.30236 -17
      vertex -97.4715 0.653667 12
      vertex -97.4715 0.653667 -17
    endloop
  endfacet
  facet normal 0.737299 -0.675566 0
    outer loop
      vertex -95.7453 4.82091 12
      vertex -95.3033 5.3033 -17
      vertex -95.3033 5.3033 12
    endloop
  endfacet
  facet normal 0.737299 -0.675566 0
    outer loop
      vertex -95.3033 5.3033 -17
      vertex -95.7453 4.82091 12
      vertex -95.7453 4.82091 -17
    endloop
  endfacet
  facet normal 0.130522 -0.991445 0
    outer loop
      vertex -91.3024 7.38606 -17
      vertex -90.6537 7.47146 12
      vertex -91.3024 7.38606 12
    endloop
  endfacet
  facet normal 0.130522 -0.991445 0
    outer loop
      vertex -90.6537 7.47146 12
      vertex -91.3024 7.38606 -17
      vertex -90.6537 7.47146 -17
    endloop
  endfacet
  facet normal -0.923873 0.382699 0
    outer loop
      vertex -83.2027 -3.16964 -17
      vertex -82.9523 -2.56515 12
      vertex -82.9523 -2.56515 -17
    endloop
  endfacet
  facet normal -0.923873 0.382699 0
    outer loop
      vertex -82.9523 -2.56515 12
      vertex -83.2027 -3.16964 -17
      vertex -83.2027 -3.16964 12
    endloop
  endfacet
  facet normal 0.130522 0.991445 -0
    outer loop
      vertex -90.6537 -7.47146 -17
      vertex -91.3024 -7.38606 12
      vertex -90.6537 -7.47146 12
    endloop
  endfacet
  facet normal 0.130522 0.991445 0
    outer loop
      vertex -91.3024 -7.38606 12
      vertex -90.6537 -7.47146 -17
      vertex -91.3024 -7.38606 -17
    endloop
  endfacet
  facet normal 0.675583 0.737284 -0
    outer loop
      vertex -94.8209 -5.74533 -17
      vertex -95.3033 -5.3033 12
      vertex -94.8209 -5.74533 12
    endloop
  endfacet
  facet normal 0.675583 0.737284 0
    outer loop
      vertex -95.3033 -5.3033 12
      vertex -94.8209 -5.74533 -17
      vertex -95.3033 -5.3033 -17
    endloop
  endfacet
  facet normal -0.991445 -0.130523 0
    outer loop
      vertex -82.5285 0.653667 -17
      vertex -82.6139 1.30236 12
      vertex -82.6139 1.30236 -17
    endloop
  endfacet
  facet normal -0.991445 -0.130523 0
    outer loop
      vertex -82.6139 1.30236 12
      vertex -82.5285 0.653667 -17
      vertex -82.5285 0.653667 12
    endloop
  endfacet
  facet normal -0.976268 -0.216565 0
    outer loop
      vertex -82.6139 1.30236 -17
      vertex -82.7556 1.94114 12
      vertex -82.7556 1.94114 -17
    endloop
  endfacet
  facet normal -0.976268 -0.216565 0
    outer loop
      vertex -82.7556 1.94114 12
      vertex -82.6139 1.30236 -17
      vertex -82.6139 1.30236 12
    endloop
  endfacet
  facet normal -0.953739 -0.300637 0
    outer loop
      vertex -82.7556 1.94114 -17
      vertex -82.9523 2.56515 12
      vertex -82.9523 2.56515 -17
    endloop
  endfacet
  facet normal -0.953739 -0.300637 0
    outer loop
      vertex -82.9523 2.56515 12
      vertex -82.7556 1.94114 -17
      vertex -82.7556 1.94114 12
    endloop
  endfacet
  facet normal -0.793362 -0.60875 0
    outer loop
      vertex -83.8564 4.30182 -17
      vertex -84.2547 4.82091 12
      vertex -84.2547 4.82091 -17
    endloop
  endfacet
  facet normal -0.793362 -0.60875 0
    outer loop
      vertex -84.2547 4.82091 12
      vertex -83.8564 4.30182 -17
      vertex -83.8564 4.30182 12
    endloop
  endfacet
  facet normal -0.843356 -0.537356 0
    outer loop
      vertex -83.5048 3.75 -17
      vertex -83.8564 4.30182 12
      vertex -83.8564 4.30182 -17
    endloop
  endfacet
  facet normal -0.843356 -0.537356 0
    outer loop
      vertex -83.8564 4.30182 12
      vertex -83.5048 3.75 -17
      vertex -83.5048 3.75 12
    endloop
  endfacet
  facet normal -0.737299 -0.675566 0
    outer loop
      vertex -84.2547 4.82091 -17
      vertex -84.6967 5.3033 12
      vertex -84.6967 5.3033 -17
    endloop
  endfacet
  facet normal -0.737299 -0.675566 0
    outer loop
      vertex -84.6967 5.3033 12
      vertex -84.2547 4.82091 -17
      vertex -84.2547 4.82091 12
    endloop
  endfacet
  facet normal -0.608752 -0.79336 0
    outer loop
      vertex -85.6982 6.14364 -17
      vertex -85.1791 5.74533 12
      vertex -85.6982 6.14364 12
    endloop
  endfacet
  facet normal -0.608752 -0.79336 -0
    outer loop
      vertex -85.1791 5.74533 12
      vertex -85.6982 6.14364 -17
      vertex -85.1791 5.74533 -17
    endloop
  endfacet
  facet normal -0.0436176 -0.999048 0
    outer loop
      vertex -90 7.5 -17
      vertex -89.3463 7.47146 12
      vertex -90 7.5 12
    endloop
  endfacet
  facet normal -0.0436176 -0.999048 -0
    outer loop
      vertex -89.3463 7.47146 12
      vertex -90 7.5 -17
      vertex -89.3463 7.47146 -17
    endloop
  endfacet
  facet normal -0.537316 -0.843381 0
    outer loop
      vertex -86.25 6.49519 -17
      vertex -85.6982 6.14364 12
      vertex -86.25 6.49519 12
    endloop
  endfacet
  facet normal -0.537316 -0.843381 -0
    outer loop
      vertex -85.6982 6.14364 12
      vertex -86.25 6.49519 -17
      vertex -85.6982 6.14364 -17
    endloop
  endfacet
  facet normal -0.382722 -0.923864 0
    outer loop
      vertex -87.4348 7.04769 -17
      vertex -86.8304 6.79731 12
      vertex -87.4348 7.04769 12
    endloop
  endfacet
  facet normal -0.382722 -0.923864 -0
    outer loop
      vertex -86.8304 6.79731 12
      vertex -87.4348 7.04769 -17
      vertex -86.8304 6.79731 -17
    endloop
  endfacet
  facet normal -0.216474 -0.976288 0
    outer loop
      vertex -88.6976 7.38606 -17
      vertex -88.0589 7.24444 12
      vertex -88.6976 7.38606 12
    endloop
  endfacet
  facet normal -0.216474 -0.976288 -0
    outer loop
      vertex -88.0589 7.24444 12
      vertex -88.6976 7.38606 -17
      vertex -88.0589 7.24444 -17
    endloop
  endfacet
  facet normal 0.999051 -0.0435588 0
    outer loop
      vertex -97.5 0 12
      vertex -97.4715 0.653667 -17
      vertex -97.4715 0.653667 12
    endloop
  endfacet
  facet normal 0.999051 -0.0435588 0
    outer loop
      vertex -97.4715 0.653667 -17
      vertex -97.5 0 12
      vertex -97.5 0 -17
    endloop
  endfacet
  facet normal 0.923873 -0.382699 0
    outer loop
      vertex -97.0477 2.56515 12
      vertex -96.7973 3.16964 -17
      vertex -96.7973 3.16964 12
    endloop
  endfacet
  facet normal 0.923873 -0.382699 0
    outer loop
      vertex -96.7973 3.16964 -17
      vertex -97.0477 2.56515 12
      vertex -97.0477 2.56515 -17
    endloop
  endfacet
  facet normal 0.976268 -0.216565 0
    outer loop
      vertex -97.3861 1.30236 12
      vertex -97.2444 1.94114 -17
      vertex -97.2444 1.94114 12
    endloop
  endfacet
  facet normal 0.976268 -0.216565 0
    outer loop
      vertex -97.2444 1.94114 -17
      vertex -97.3861 1.30236 12
      vertex -97.3861 1.30236 -17
    endloop
  endfacet
  facet normal 0.843356 -0.537356 0
    outer loop
      vertex -96.4952 3.75 12
      vertex -96.1436 4.30182 -17
      vertex -96.1436 4.30182 12
    endloop
  endfacet
  facet normal 0.843356 -0.537356 0
    outer loop
      vertex -96.1436 4.30182 -17
      vertex -96.4952 3.75 12
      vertex -96.4952 3.75 -17
    endloop
  endfacet
  facet normal 0.793362 -0.60875 0
    outer loop
      vertex -96.1436 4.30182 12
      vertex -95.7453 4.82091 -17
      vertex -95.7453 4.82091 12
    endloop
  endfacet
  facet normal 0.793362 -0.60875 0
    outer loop
      vertex -95.7453 4.82091 -17
      vertex -96.1436 4.30182 12
      vertex -96.1436 4.30182 -17
    endloop
  endfacet
  facet normal 0.0436176 -0.999048 0
    outer loop
      vertex -90.6537 7.47146 -17
      vertex -90 7.5 12
      vertex -90.6537 7.47146 12
    endloop
  endfacet
  facet normal 0.0436176 -0.999048 0
    outer loop
      vertex -90 7.5 12
      vertex -90.6537 7.47146 -17
      vertex -90 7.5 -17
    endloop
  endfacet
  facet normal 0.537316 -0.843381 0
    outer loop
      vertex -94.3018 6.14364 -17
      vertex -93.75 6.49519 12
      vertex -94.3018 6.14364 12
    endloop
  endfacet
  facet normal 0.537316 -0.843381 0
    outer loop
      vertex -93.75 6.49519 12
      vertex -94.3018 6.14364 -17
      vertex -93.75 6.49519 -17
    endloop
  endfacet
  facet normal 0.608752 -0.79336 0
    outer loop
      vertex -94.8209 5.74533 -17
      vertex -94.3018 6.14364 12
      vertex -94.8209 5.74533 12
    endloop
  endfacet
  facet normal 0.608752 -0.79336 0
    outer loop
      vertex -94.3018 6.14364 12
      vertex -94.8209 5.74533 -17
      vertex -94.3018 6.14364 -17
    endloop
  endfacet
  facet normal 0.461728 -0.887022 0
    outer loop
      vertex -93.75 6.49519 -17
      vertex -93.1696 6.79731 12
      vertex -93.75 6.49519 12
    endloop
  endfacet
  facet normal 0.461728 -0.887022 0
    outer loop
      vertex -93.1696 6.79731 12
      vertex -93.75 6.49519 -17
      vertex -93.1696 6.79731 -17
    endloop
  endfacet
  facet normal 0.675583 -0.737284 0
    outer loop
      vertex -95.3033 5.3033 -17
      vertex -94.8209 5.74533 12
      vertex -95.3033 5.3033 12
    endloop
  endfacet
  facet normal 0.675583 -0.737284 0
    outer loop
      vertex -94.8209 5.74533 12
      vertex -95.3033 5.3033 -17
      vertex -94.8209 5.74533 -17
    endloop
  endfacet
  facet normal -0.999051 -0.0435588 0
    outer loop
      vertex -82.5 0 -17
      vertex -82.5285 0.653667 12
      vertex -82.5285 0.653667 -17
    endloop
  endfacet
  facet normal -0.999051 -0.0435588 0
    outer loop
      vertex -82.5285 0.653667 12
      vertex -82.5 0 -17
      vertex -82.5 0 12
    endloop
  endfacet
  facet normal -0.0436176 0.999048 0
    outer loop
      vertex -89.3463 -7.47146 -17
      vertex -90 -7.5 12
      vertex -89.3463 -7.47146 12
    endloop
  endfacet
  facet normal -0.0436176 0.999048 0
    outer loop
      vertex -90 -7.5 12
      vertex -89.3463 -7.47146 -17
      vertex -90 -7.5 -17
    endloop
  endfacet
  facet normal -0.953739 0.300637 0
    outer loop
      vertex -82.9523 -2.56515 -17
      vertex -82.7556 -1.94114 12
      vertex -82.7556 -1.94114 -17
    endloop
  endfacet
  facet normal -0.953739 0.300637 0
    outer loop
      vertex -82.7556 -1.94114 12
      vertex -82.9523 -2.56515 -17
      vertex -82.9523 -2.56515 12
    endloop
  endfacet
  facet normal -0.675583 0.737284 0
    outer loop
      vertex -84.6967 -5.3033 -17
      vertex -85.1791 -5.74533 12
      vertex -84.6967 -5.3033 12
    endloop
  endfacet
  facet normal -0.675583 0.737284 0
    outer loop
      vertex -85.1791 -5.74533 12
      vertex -84.6967 -5.3033 -17
      vertex -85.1791 -5.74533 -17
    endloop
  endfacet
  facet normal -0.608752 0.79336 0
    outer loop
      vertex -85.1791 -5.74533 -17
      vertex -85.6982 -6.14364 12
      vertex -85.1791 -5.74533 12
    endloop
  endfacet
  facet normal -0.608752 0.79336 0
    outer loop
      vertex -85.6982 -6.14364 12
      vertex -85.1791 -5.74533 -17
      vertex -85.6982 -6.14364 -17
    endloop
  endfacet
  facet normal -0.461728 0.887022 0
    outer loop
      vertex -86.25 -6.49519 -17
      vertex -86.8304 -6.79731 12
      vertex -86.25 -6.49519 12
    endloop
  endfacet
  facet normal -0.461728 0.887022 0
    outer loop
      vertex -86.8304 -6.79731 12
      vertex -86.25 -6.49519 -17
      vertex -86.8304 -6.79731 -17
    endloop
  endfacet
  facet normal 0.382668 0.923886 -0
    outer loop
      vertex -92.5651 -7.04769 -17
      vertex -93.1696 -6.79731 12
      vertex -92.5651 -7.04769 12
    endloop
  endfacet
  facet normal 0.382668 0.923886 0
    outer loop
      vertex -93.1696 -6.79731 12
      vertex -92.5651 -7.04769 -17
      vertex -93.1696 -6.79731 -17
    endloop
  endfacet
  facet normal 0.537316 0.843381 -0
    outer loop
      vertex -93.75 -6.49519 -17
      vertex -94.3018 -6.14364 12
      vertex -93.75 -6.49519 12
    endloop
  endfacet
  facet normal 0.537316 0.843381 0
    outer loop
      vertex -94.3018 -6.14364 12
      vertex -93.75 -6.49519 -17
      vertex -94.3018 -6.14364 -17
    endloop
  endfacet
  facet normal 0.999051 0.0435588 0
    outer loop
      vertex -97.4715 -0.653667 12
      vertex -97.5 0 -17
      vertex -97.5 0 12
    endloop
  endfacet
  facet normal 0.999051 0.0435588 0
    outer loop
      vertex -97.5 0 -17
      vertex -97.4715 -0.653667 12
      vertex -97.4715 -0.653667 -17
    endloop
  endfacet
  facet normal 0.793362 0.60875 0
    outer loop
      vertex -95.7453 -4.82091 12
      vertex -96.1436 -4.30182 -17
      vertex -96.1436 -4.30182 12
    endloop
  endfacet
  facet normal 0.793362 0.60875 0
    outer loop
      vertex -96.1436 -4.30182 -17
      vertex -95.7453 -4.82091 12
      vertex -95.7453 -4.82091 -17
    endloop
  endfacet
  facet normal 0.887021 0.461729 0
    outer loop
      vertex -96.4952 -3.75 12
      vertex -96.7973 -3.16964 -17
      vertex -96.7973 -3.16964 12
    endloop
  endfacet
  facet normal 0.887021 0.461729 0
    outer loop
      vertex -96.7973 -3.16964 -17
      vertex -96.4952 -3.75 12
      vertex -96.4952 -3.75 -17
    endloop
  endfacet
  facet normal 0.737299 0.675566 0
    outer loop
      vertex -95.3033 -5.3033 12
      vertex -95.7453 -4.82091 -17
      vertex -95.7453 -4.82091 12
    endloop
  endfacet
  facet normal 0.737299 0.675566 0
    outer loop
      vertex -95.7453 -4.82091 -17
      vertex -95.3033 -5.3033 12
      vertex -95.3033 -5.3033 -17
    endloop
  endfacet
  facet normal -0.300667 -0.953729 0
    outer loop
      vertex -88.0589 7.24444 -17
      vertex -87.4348 7.04769 12
      vertex -88.0589 7.24444 12
    endloop
  endfacet
  facet normal -0.300667 -0.953729 -0
    outer loop
      vertex -87.4348 7.04769 12
      vertex -88.0589 7.24444 -17
      vertex -87.4348 7.04769 -17
    endloop
  endfacet
  facet normal 0.953739 -0.300637 0
    outer loop
      vertex -97.2444 1.94114 12
      vertex -97.0477 2.56515 -17
      vertex -97.0477 2.56515 12
    endloop
  endfacet
  facet normal 0.953739 -0.300637 0
    outer loop
      vertex -97.0477 2.56515 -17
      vertex -97.2444 1.94114 12
      vertex -97.2444 1.94114 -17
    endloop
  endfacet
  facet normal 0.300711 -0.953715 0
    outer loop
      vertex -92.5651 7.04769 -17
      vertex -91.9411 7.24444 12
      vertex -92.5651 7.04769 12
    endloop
  endfacet
  facet normal 0.300711 -0.953715 0
    outer loop
      vertex -91.9411 7.24444 12
      vertex -92.5651 7.04769 -17
      vertex -91.9411 7.24444 -17
    endloop
  endfacet
  facet normal -0.976268 0.216565 0
    outer loop
      vertex -82.7556 -1.94114 -17
      vertex -82.6139 -1.30236 12
      vertex -82.6139 -1.30236 -17
    endloop
  endfacet
  facet normal -0.976268 0.216565 0
    outer loop
      vertex -82.6139 -1.30236 12
      vertex -82.7556 -1.94114 -17
      vertex -82.7556 -1.94114 12
    endloop
  endfacet
  facet normal -0.843356 0.537356 0
    outer loop
      vertex -83.8564 -4.30182 -17
      vertex -83.5048 -3.75 12
      vertex -83.5048 -3.75 -17
    endloop
  endfacet
  facet normal -0.843356 0.537356 0
    outer loop
      vertex -83.5048 -3.75 12
      vertex -83.8564 -4.30182 -17
      vertex -83.8564 -4.30182 12
    endloop
  endfacet
  facet normal -0.130522 0.991445 0
    outer loop
      vertex -88.6976 -7.38606 -17
      vertex -89.3463 -7.47146 12
      vertex -88.6976 -7.38606 12
    endloop
  endfacet
  facet normal -0.130522 0.991445 0
    outer loop
      vertex -89.3463 -7.47146 12
      vertex -88.6976 -7.38606 -17
      vertex -89.3463 -7.47146 -17
    endloop
  endfacet
  facet normal -0.382722 0.923864 0
    outer loop
      vertex -86.8304 -6.79731 -17
      vertex -87.4348 -7.04769 12
      vertex -86.8304 -6.79731 12
    endloop
  endfacet
  facet normal -0.382722 0.923864 0
    outer loop
      vertex -87.4348 -7.04769 12
      vertex -86.8304 -6.79731 -17
      vertex -87.4348 -7.04769 -17
    endloop
  endfacet
  facet normal -0.216474 0.976288 0
    outer loop
      vertex -88.0589 -7.24444 -17
      vertex -88.6976 -7.38606 12
      vertex -88.0589 -7.24444 12
    endloop
  endfacet
  facet normal -0.216474 0.976288 0
    outer loop
      vertex -88.6976 -7.38606 12
      vertex -88.0589 -7.24444 -17
      vertex -88.6976 -7.38606 -17
    endloop
  endfacet
  facet normal -0.537316 0.843381 0
    outer loop
      vertex -85.6982 -6.14364 -17
      vertex -86.25 -6.49519 12
      vertex -85.6982 -6.14364 12
    endloop
  endfacet
  facet normal -0.537316 0.843381 0
    outer loop
      vertex -86.25 -6.49519 12
      vertex -85.6982 -6.14364 -17
      vertex -86.25 -6.49519 -17
    endloop
  endfacet
  facet normal 0.0436176 0.999048 -0
    outer loop
      vertex -90 -7.5 -17
      vertex -90.6537 -7.47146 12
      vertex -90 -7.5 12
    endloop
  endfacet
  facet normal 0.0436176 0.999048 0
    outer loop
      vertex -90.6537 -7.47146 12
      vertex -90 -7.5 -17
      vertex -90.6537 -7.47146 -17
    endloop
  endfacet
  facet normal 0.300711 0.953715 -0
    outer loop
      vertex -91.9411 -7.24444 -17
      vertex -92.5651 -7.04769 12
      vertex -91.9411 -7.24444 12
    endloop
  endfacet
  facet normal 0.300711 0.953715 0
    outer loop
      vertex -92.5651 -7.04769 12
      vertex -91.9411 -7.24444 -17
      vertex -92.5651 -7.04769 -17
    endloop
  endfacet
  facet normal 0.461728 0.887022 -0
    outer loop
      vertex -93.1696 -6.79731 -17
      vertex -93.75 -6.49519 12
      vertex -93.1696 -6.79731 12
    endloop
  endfacet
  facet normal 0.461728 0.887022 0
    outer loop
      vertex -93.75 -6.49519 12
      vertex -93.1696 -6.79731 -17
      vertex -93.75 -6.49519 -17
    endloop
  endfacet
  facet normal 0.608752 0.79336 -0
    outer loop
      vertex -94.3018 -6.14364 -17
      vertex -94.8209 -5.74533 12
      vertex -94.3018 -6.14364 12
    endloop
  endfacet
  facet normal 0.608752 0.79336 0
    outer loop
      vertex -94.8209 -5.74533 12
      vertex -94.3018 -6.14364 -17
      vertex -94.8209 -5.74533 -17
    endloop
  endfacet
  facet normal 0.923873 0.382699 0
    outer loop
      vertex -96.7973 -3.16964 12
      vertex -97.0477 -2.56515 -17
      vertex -97.0477 -2.56515 12
    endloop
  endfacet
  facet normal 0.923873 0.382699 0
    outer loop
      vertex -97.0477 -2.56515 -17
      vertex -96.7973 -3.16964 12
      vertex -96.7973 -3.16964 -17
    endloop
  endfacet
  facet normal 0.976268 0.216565 0
    outer loop
      vertex -97.2444 -1.94114 12
      vertex -97.3861 -1.30236 -17
      vertex -97.3861 -1.30236 12
    endloop
  endfacet
  facet normal 0.976268 0.216565 0
    outer loop
      vertex -97.3861 -1.30236 -17
      vertex -97.2444 -1.94114 12
      vertex -97.2444 -1.94114 -17
    endloop
  endfacet
  facet normal 0.953739 0.300637 0
    outer loop
      vertex -97.0477 -2.56515 12
      vertex -97.2444 -1.94114 -17
      vertex -97.2444 -1.94114 12
    endloop
  endfacet
  facet normal 0.953739 0.300637 0
    outer loop
      vertex -97.2444 -1.94114 -17
      vertex -97.0477 -2.56515 12
      vertex -97.0477 -2.56515 -17
    endloop
  endfacet
  facet normal 0.991445 0.130523 0
    outer loop
      vertex -97.3861 -1.30236 12
      vertex -97.4715 -0.653667 -17
      vertex -97.4715 -0.653667 12
    endloop
  endfacet
  facet normal 0.991445 0.130523 0
    outer loop
      vertex -97.4715 -0.653667 -17
      vertex -97.3861 -1.30236 12
      vertex -97.3861 -1.30236 -17
    endloop
  endfacet
  facet normal 0.843356 0.537356 0
    outer loop
      vertex -96.1436 -4.30182 12
      vertex -96.4952 -3.75 -17
      vertex -96.4952 -3.75 12
    endloop
  endfacet
  facet normal 0.843356 0.537356 0
    outer loop
      vertex -96.4952 -3.75 -17
      vertex -96.1436 -4.30182 12
      vertex -96.1436 -4.30182 -17
    endloop
  endfacet
  facet normal 0.216474 -0.976288 0
    outer loop
      vertex -91.9411 7.24444 -17
      vertex -91.3024 7.38606 12
      vertex -91.9411 7.24444 12
    endloop
  endfacet
  facet normal 0.216474 -0.976288 0
    outer loop
      vertex -91.3024 7.38606 12
      vertex -91.9411 7.24444 -17
      vertex -91.3024 7.38606 -17
    endloop
  endfacet
  facet normal -0.999051 0.0435588 0
    outer loop
      vertex -82.5285 -0.653667 -17
      vertex -82.5 0 12
      vertex -82.5 0 -17
    endloop
  endfacet
  facet normal -0.999051 0.0435588 0
    outer loop
      vertex -82.5 0 12
      vertex -82.5285 -0.653667 -17
      vertex -82.5285 -0.653667 12
    endloop
  endfacet
  facet normal -0.887021 0.461729 0
    outer loop
      vertex -83.5048 -3.75 -17
      vertex -83.2027 -3.16964 12
      vertex -83.2027 -3.16964 -17
    endloop
  endfacet
  facet normal -0.887021 0.461729 0
    outer loop
      vertex -83.2027 -3.16964 12
      vertex -83.5048 -3.75 -17
      vertex -83.5048 -3.75 12
    endloop
  endfacet
  facet normal -0.793362 0.60875 0
    outer loop
      vertex -84.2547 -4.82091 -17
      vertex -83.8564 -4.30182 12
      vertex -83.8564 -4.30182 -17
    endloop
  endfacet
  facet normal -0.793362 0.60875 0
    outer loop
      vertex -83.8564 -4.30182 12
      vertex -84.2547 -4.82091 -17
      vertex -84.2547 -4.82091 12
    endloop
  endfacet
  facet normal -0.737299 0.675566 0
    outer loop
      vertex -84.6967 -5.3033 -17
      vertex -84.2547 -4.82091 12
      vertex -84.2547 -4.82091 -17
    endloop
  endfacet
  facet normal -0.737299 0.675566 0
    outer loop
      vertex -84.2547 -4.82091 12
      vertex -84.6967 -5.3033 -17
      vertex -84.6967 -5.3033 12
    endloop
  endfacet
  facet normal -0.300667 0.953729 0
    outer loop
      vertex -87.4348 -7.04769 -17
      vertex -88.0589 -7.24444 12
      vertex -87.4348 -7.04769 12
    endloop
  endfacet
  facet normal -0.300667 0.953729 0
    outer loop
      vertex -88.0589 -7.24444 12
      vertex -87.4348 -7.04769 -17
      vertex -88.0589 -7.24444 -17
    endloop
  endfacet
  facet normal 0.216474 0.976288 -0
    outer loop
      vertex -91.3024 -7.38606 -17
      vertex -91.9411 -7.24444 12
      vertex -91.3024 -7.38606 12
    endloop
  endfacet
  facet normal 0.216474 0.976288 0
    outer loop
      vertex -91.9411 -7.24444 12
      vertex -91.3024 -7.38606 -17
      vertex -91.9411 -7.24444 -17
    endloop
  endfacet
endsolid OpenSCAD_Model
