solid OpenSCAD_Model
  facet normal 0 0.0431563 -0.999068
    outer loop
      vertex -131 -45 104.5
      vertex -102.5 -44.2592 104.532
      vertex -102.5 -45 104.5
    endloop
  endfacet
  facet normal 0 0.0431563 -0.999068
    outer loop
      vertex -102.5 -44.2592 104.532
      vertex -131 -45 104.5
      vertex -131 -44.2592 104.532
    endloop
  endfacet
  facet normal -0 0.0431563 0.999068
    outer loop
      vertex -131 -44.2592 121.468
      vertex -102.5 -45 121.5
      vertex -102.5 -44.2592 121.468
    endloop
  endfacet
  facet normal 0 0.0431563 0.999068
    outer loop
      vertex -102.5 -45 121.5
      vertex -131 -44.2592 121.468
      vertex -131 -45 121.5
    endloop
  endfacet
  facet normal 0 0.999051 0.0435484
    outer loop
      vertex -102.5 -36.5 113
      vertex -131 -36.5323 113.741
      vertex -102.5 -36.5323 113.741
    endloop
  endfacet
  facet normal 0 0.999051 0.0435484
    outer loop
      vertex -131 -36.5323 113.741
      vertex -102.5 -36.5 113
      vertex -131 -36.5 113
    endloop
  endfacet
  facet normal 0 -0.999051 0.0435484
    outer loop
      vertex -131 -53.5 113
      vertex -102.5 -53.4677 113.741
      vertex -131 -53.4677 113.741
    endloop
  endfacet
  facet normal 0 -0.999051 0.0435484
    outer loop
      vertex -102.5 -53.4677 113.741
      vertex -131 -53.5 113
      vertex -102.5 -53.5 113
    endloop
  endfacet
  facet normal 0 -0.675621 0.737249
    outer loop
      vertex -131 -50.4637 119.511
      vertex -102.5 -51.0104 119.01
      vertex -102.5 -50.4637 119.511
    endloop
  endfacet
  facet normal 0 -0.675621 0.737249
    outer loop
      vertex -102.5 -51.0104 119.01
      vertex -131 -50.4637 119.511
      vertex -131 -51.0104 119.01
    endloop
  endfacet
  facet normal 0 0.736818 0.676091
    outer loop
      vertex -102.5 -38.4886 118.464
      vertex -131 -38.9896 119.01
      vertex -102.5 -38.9896 119.01
    endloop
  endfacet
  facet normal 0 0.736818 0.676091
    outer loop
      vertex -131 -38.9896 119.01
      vertex -102.5 -38.4886 118.464
      vertex -131 -38.4886 118.464
    endloop
  endfacet
  facet normal 0 0.923849 0.382757
    outer loop
      vertex -102.5 -37.0126 115.907
      vertex -131 -37.2964 116.592
      vertex -102.5 -37.2964 116.592
    endloop
  endfacet
  facet normal 0 0.923849 0.382757
    outer loop
      vertex -131 -37.2964 116.592
      vertex -102.5 -37.0126 115.907
      vertex -131 -37.0126 115.907
    endloop
  endfacet
  facet normal 0 -0.381788 0.92425
    outer loop
      vertex -131 -47.9072 120.987
      vertex -102.5 -48.5923 120.704
      vertex -102.5 -47.9072 120.987
    endloop
  endfacet
  facet normal 0 -0.381788 0.92425
    outer loop
      vertex -102.5 -48.5923 120.704
      vertex -131 -47.9072 120.987
      vertex -131 -48.5923 120.704
    endloop
  endfacet
  facet normal 0 0.953685 -0.300809
    outer loop
      vertex -102.5 -37.0126 110.093
      vertex -131 -36.7896 110.8
      vertex -102.5 -36.7896 110.8
    endloop
  endfacet
  facet normal 0 0.953685 -0.300809
    outer loop
      vertex -131 -36.7896 110.8
      vertex -102.5 -37.0126 110.093
      vertex -131 -37.0126 110.093
    endloop
  endfacet
  facet normal -0 0.462409 0.886667
    outer loop
      vertex -131 -40.75 120.361
      vertex -102.5 -41.4077 120.704
      vertex -102.5 -40.75 120.361
    endloop
  endfacet
  facet normal 0 0.462409 0.886667
    outer loop
      vertex -102.5 -41.4077 120.704
      vertex -131 -40.75 120.361
      vertex -131 -41.4077 120.704
    endloop
  endfacet
  facet normal 0 0.976298 0.216431
    outer loop
      vertex -102.5 -36.6291 114.476
      vertex -131 -36.7896 115.2
      vertex -102.5 -36.7896 115.2
    endloop
  endfacet
  facet normal 0 0.976298 0.216431
    outer loop
      vertex -131 -36.7896 115.2
      vertex -102.5 -36.6291 114.476
      vertex -131 -36.6291 114.476
    endloop
  endfacet
  facet normal 0 -0.923849 -0.382757
    outer loop
      vertex -131 -52.7036 109.408
      vertex -102.5 -52.9874 110.093
      vertex -131 -52.9874 110.093
    endloop
  endfacet
  facet normal 0 -0.923849 -0.382757
    outer loop
      vertex -102.5 -52.9874 110.093
      vertex -131 -52.7036 109.408
      vertex -102.5 -52.7036 109.408
    endloop
  endfacet
  facet normal -1 0 0
    outer loop
      vertex -131 -36.5323 112.259
      vertex -131 -36.5323 113.741
      vertex -131 -36.5 113
    endloop
  endfacet
  facet normal -1 0 0
    outer loop
      vertex -131 -36.6291 111.524
      vertex -131 -36.5323 113.741
      vertex -131 -36.5323 112.259
    endloop
  endfacet
  facet normal -1 0 0
    outer loop
      vertex -131 -36.6291 111.524
      vertex -131 -36.6291 114.476
      vertex -131 -36.5323 113.741
    endloop
  endfacet
  facet normal -1 0 0
    outer loop
      vertex -131 -36.7896 110.8
      vertex -131 -36.6291 114.476
      vertex -131 -36.6291 111.524
    endloop
  endfacet
  facet normal -1 0 0
    outer loop
      vertex -131 -36.7896 110.8
      vertex -131 -36.7896 115.2
      vertex -131 -36.6291 114.476
    endloop
  endfacet
  facet normal -1 0 0
    outer loop
      vertex -131 -37.0126 110.093
      vertex -131 -36.7896 115.2
      vertex -131 -36.7896 110.8
    endloop
  endfacet
  facet normal -1 0 0
    outer loop
      vertex -131 -37.0126 110.093
      vertex -131 -37.0126 115.907
      vertex -131 -36.7896 115.2
    endloop
  endfacet
  facet normal -1 0 0
    outer loop
      vertex -131 -37.2964 109.408
      vertex -131 -37.0126 115.907
      vertex -131 -37.0126 110.093
    endloop
  endfacet
  facet normal -1 0 0
    outer loop
      vertex -131 -37.2964 109.408
      vertex -131 -37.2964 116.592
      vertex -131 -37.0126 115.907
    endloop
  endfacet
  facet normal -1 0 0
    outer loop
      vertex -131 -37.6388 108.75
      vertex -131 -37.2964 116.592
      vertex -131 -37.2964 109.408
    endloop
  endfacet
  facet normal -1 0 0
    outer loop
      vertex -131 -37.6388 108.75
      vertex -131 -37.6388 117.25
      vertex -131 -37.2964 116.592
    endloop
  endfacet
  facet normal -1 0 0
    outer loop
      vertex -131 -38.0372 108.125
      vertex -131 -37.6388 117.25
      vertex -131 -37.6388 108.75
    endloop
  endfacet
  facet normal -1 0 0
    outer loop
      vertex -131 -38.0372 108.125
      vertex -131 -38.0372 117.875
      vertex -131 -37.6388 117.25
    endloop
  endfacet
  facet normal -1 0 0
    outer loop
      vertex -131 -38.4886 107.536
      vertex -131 -38.0372 117.875
      vertex -131 -38.0372 108.125
    endloop
  endfacet
  facet normal -1 0 0
    outer loop
      vertex -131 -38.4886 107.536
      vertex -131 -38.4886 118.464
      vertex -131 -38.0372 117.875
    endloop
  endfacet
  facet normal -1 0 0
    outer loop
      vertex -131 -38.9896 106.99
      vertex -131 -38.4886 118.464
      vertex -131 -38.4886 107.536
    endloop
  endfacet
  facet normal -1 0 0
    outer loop
      vertex -131 -38.9896 106.99
      vertex -131 -38.9896 119.01
      vertex -131 -38.4886 118.464
    endloop
  endfacet
  facet normal -1 0 0
    outer loop
      vertex -131 -39.5363 106.489
      vertex -131 -38.9896 119.01
      vertex -131 -38.9896 106.99
    endloop
  endfacet
  facet normal -1 0 0
    outer loop
      vertex -131 -39.5363 106.489
      vertex -131 -39.5363 119.511
      vertex -131 -38.9896 119.01
    endloop
  endfacet
  facet normal -1 0 0
    outer loop
      vertex -131 -40.1246 106.037
      vertex -131 -39.5363 119.511
      vertex -131 -39.5363 106.489
    endloop
  endfacet
  facet normal -1 0 0
    outer loop
      vertex -131 -40.1246 106.037
      vertex -131 -40.1246 119.963
      vertex -131 -39.5363 119.511
    endloop
  endfacet
  facet normal -1 0 0
    outer loop
      vertex -131 -40.75 105.639
      vertex -131 -40.1246 119.963
      vertex -131 -40.1246 106.037
    endloop
  endfacet
  facet normal -1 0 0
    outer loop
      vertex -131 -40.75 105.639
      vertex -131 -40.75 120.361
      vertex -131 -40.1246 119.963
    endloop
  endfacet
  facet normal -1 0 0
    outer loop
      vertex -131 -41.4077 105.296
      vertex -131 -40.75 120.361
      vertex -131 -40.75 105.639
    endloop
  endfacet
  facet normal -1 0 0
    outer loop
      vertex -131 -41.4077 105.296
      vertex -131 -41.4077 120.704
      vertex -131 -40.75 120.361
    endloop
  endfacet
  facet normal -1 0 0
    outer loop
      vertex -131 -42.0928 105.013
      vertex -131 -41.4077 120.704
      vertex -131 -41.4077 105.296
    endloop
  endfacet
  facet normal -1 0 0
    outer loop
      vertex -131 -42.0928 105.013
      vertex -131 -42.0928 120.987
      vertex -131 -41.4077 120.704
    endloop
  endfacet
  facet normal -1 0 0
    outer loop
      vertex -131 -42.8 104.79
      vertex -131 -42.0928 120.987
      vertex -131 -42.0928 105.013
    endloop
  endfacet
  facet normal -1 0 0
    outer loop
      vertex -131 -42.8 104.79
      vertex -131 -42.8 121.21
      vertex -131 -42.0928 120.987
    endloop
  endfacet
  facet normal -1 0 0
    outer loop
      vertex -131 -43.524 104.629
      vertex -131 -42.8 121.21
      vertex -131 -42.8 104.79
    endloop
  endfacet
  facet normal -1 0 0
    outer loop
      vertex -131 -43.524 104.629
      vertex -131 -43.524 121.371
      vertex -131 -42.8 121.21
    endloop
  endfacet
  facet normal -1 0 0
    outer loop
      vertex -131 -44.2592 104.532
      vertex -131 -43.524 121.371
      vertex -131 -43.524 104.629
    endloop
  endfacet
  facet normal -1 0 0
    outer loop
      vertex -131 -44.2592 104.532
      vertex -131 -44.2592 121.468
      vertex -131 -43.524 121.371
    endloop
  endfacet
  facet normal -1 0 0
    outer loop
      vertex -131 -45 104.5
      vertex -131 -44.2592 121.468
      vertex -131 -44.2592 104.532
    endloop
  endfacet
  facet normal -1 0 0
    outer loop
      vertex -131 -45 104.5
      vertex -131 -45 121.5
      vertex -131 -44.2592 121.468
    endloop
  endfacet
  facet normal -1 0 0
    outer loop
      vertex -131 -45.7408 104.532
      vertex -131 -45 121.5
      vertex -131 -45 104.5
    endloop
  endfacet
  facet normal -1 0 0
    outer loop
      vertex -131 -45.7408 104.532
      vertex -131 -45.7408 121.468
      vertex -131 -45 121.5
    endloop
  endfacet
  facet normal -1 0 0
    outer loop
      vertex -131 -46.476 104.629
      vertex -131 -45.7408 121.468
      vertex -131 -45.7408 104.532
    endloop
  endfacet
  facet normal -1 0 0
    outer loop
      vertex -131 -46.476 104.629
      vertex -131 -46.476 121.371
      vertex -131 -45.7408 121.468
    endloop
  endfacet
  facet normal -1 0 0
    outer loop
      vertex -131 -47.2 104.79
      vertex -131 -46.476 121.371
      vertex -131 -46.476 104.629
    endloop
  endfacet
  facet normal -1 0 0
    outer loop
      vertex -131 -47.2 104.79
      vertex -131 -47.2 121.21
      vertex -131 -46.476 121.371
    endloop
  endfacet
  facet normal -1 0 0
    outer loop
      vertex -131 -47.9072 105.013
      vertex -131 -47.2 121.21
      vertex -131 -47.2 104.79
    endloop
  endfacet
  facet normal -1 0 0
    outer loop
      vertex -131 -47.9072 105.013
      vertex -131 -47.9072 120.987
      vertex -131 -47.2 121.21
    endloop
  endfacet
  facet normal -1 0 0
    outer loop
      vertex -131 -48.5923 105.296
      vertex -131 -47.9072 120.987
      vertex -131 -47.9072 105.013
    endloop
  endfacet
  facet normal -1 0 0
    outer loop
      vertex -131 -48.5923 105.296
      vertex -131 -48.5923 120.704
      vertex -131 -47.9072 120.987
    endloop
  endfacet
  facet normal -1 0 0
    outer loop
      vertex -131 -49.25 105.639
      vertex -131 -48.5923 120.704
      vertex -131 -48.5923 105.296
    endloop
  endfacet
  facet normal -1 0 0
    outer loop
      vertex -131 -49.25 105.639
      vertex -131 -49.25 120.361
      vertex -131 -48.5923 120.704
    endloop
  endfacet
  facet normal -1 0 0
    outer loop
      vertex -131 -49.8754 106.037
      vertex -131 -49.25 120.361
      vertex -131 -49.25 105.639
    endloop
  endfacet
  facet normal -1 0 0
    outer loop
      vertex -131 -49.8754 106.037
      vertex -131 -49.8754 119.963
      vertex -131 -49.25 120.361
    endloop
  endfacet
  facet normal -1 0 0
    outer loop
      vertex -131 -50.4637 106.489
      vertex -131 -49.8754 119.963
      vertex -131 -49.8754 106.037
    endloop
  endfacet
  facet normal -1 0 0
    outer loop
      vertex -131 -50.4637 106.489
      vertex -131 -50.4637 119.511
      vertex -131 -49.8754 119.963
    endloop
  endfacet
  facet normal -1 0 0
    outer loop
      vertex -131 -51.0104 106.99
      vertex -131 -50.4637 119.511
      vertex -131 -50.4637 106.489
    endloop
  endfacet
  facet normal -1 0 0
    outer loop
      vertex -131 -51.0104 106.99
      vertex -131 -51.0104 119.01
      vertex -131 -50.4637 119.511
    endloop
  endfacet
  facet normal -1 0 0
    outer loop
      vertex -131 -51.5114 107.536
      vertex -131 -51.0104 119.01
      vertex -131 -51.0104 106.99
    endloop
  endfacet
  facet normal -1 0 0
    outer loop
      vertex -131 -51.5114 107.536
      vertex -131 -51.5114 118.464
      vertex -131 -51.0104 119.01
    endloop
  endfacet
  facet normal -1 0 0
    outer loop
      vertex -131 -51.9628 108.125
      vertex -131 -51.5114 118.464
      vertex -131 -51.5114 107.536
    endloop
  endfacet
  facet normal -1 0 0
    outer loop
      vertex -131 -51.9628 108.125
      vertex -131 -51.9628 117.875
      vertex -131 -51.5114 118.464
    endloop
  endfacet
  facet normal -1 0 0
    outer loop
      vertex -131 -52.3612 108.75
      vertex -131 -51.9628 117.875
      vertex -131 -51.9628 108.125
    endloop
  endfacet
  facet normal -1 0 0
    outer loop
      vertex -131 -52.3612 108.75
      vertex -131 -52.3612 117.25
      vertex -131 -51.9628 117.875
    endloop
  endfacet
  facet normal -1 0 0
    outer loop
      vertex -131 -52.7036 109.408
      vertex -131 -52.3612 117.25
      vertex -131 -52.3612 108.75
    endloop
  endfacet
  facet normal -1 0 0
    outer loop
      vertex -131 -52.7036 109.408
      vertex -131 -52.7036 116.592
      vertex -131 -52.3612 117.25
    endloop
  endfacet
  facet normal -1 0 0
    outer loop
      vertex -131 -52.9874 110.093
      vertex -131 -52.7036 116.592
      vertex -131 -52.7036 109.408
    endloop
  endfacet
  facet normal -1 0 0
    outer loop
      vertex -131 -52.9874 110.093
      vertex -131 -52.9874 115.907
      vertex -131 -52.7036 116.592
    endloop
  endfacet
  facet normal -1 0 0
    outer loop
      vertex -131 -53.2104 110.8
      vertex -131 -52.9874 115.907
      vertex -131 -52.9874 110.093
    endloop
  endfacet
  facet normal -1 0 0
    outer loop
      vertex -131 -53.2104 110.8
      vertex -131 -53.2104 115.2
      vertex -131 -52.9874 115.907
    endloop
  endfacet
  facet normal -1 0 0
    outer loop
      vertex -131 -53.3709 111.524
      vertex -131 -53.2104 115.2
      vertex -131 -53.2104 110.8
    endloop
  endfacet
  facet normal -1 0 0
    outer loop
      vertex -131 -53.3709 111.524
      vertex -131 -53.3709 114.476
      vertex -131 -53.2104 115.2
    endloop
  endfacet
  facet normal -1 0 0
    outer loop
      vertex -131 -53.4677 112.259
      vertex -131 -53.3709 114.476
      vertex -131 -53.3709 111.524
    endloop
  endfacet
  facet normal -1 0 0
    outer loop
      vertex -131 -53.4677 112.259
      vertex -131 -53.4677 113.741
      vertex -131 -53.3709 114.476
    endloop
  endfacet
  facet normal -1 0 -0
    outer loop
      vertex -131 -53.4677 113.741
      vertex -131 -53.4677 112.259
      vertex -131 -53.5 113
    endloop
  endfacet
  facet normal 0 -0.887084 0.461607
    outer loop
      vertex -131 -52.7036 116.592
      vertex -102.5 -52.3612 117.25
      vertex -131 -52.3612 117.25
    endloop
  endfacet
  facet normal 0 -0.887084 0.461607
    outer loop
      vertex -102.5 -52.3612 117.25
      vertex -131 -52.7036 116.592
      vertex -102.5 -52.7036 116.592
    endloop
  endfacet
  facet normal 0 -0.130803 0.991408
    outer loop
      vertex -131 -45.7408 121.468
      vertex -102.5 -46.476 121.371
      vertex -102.5 -45.7408 121.468
    endloop
  endfacet
  facet normal 0 -0.130803 0.991408
    outer loop
      vertex -102.5 -46.476 121.371
      vertex -131 -45.7408 121.468
      vertex -131 -46.476 121.371
    endloop
  endfacet
  facet normal 0 0.130803 -0.991408
    outer loop
      vertex -131 -44.2592 104.532
      vertex -102.5 -43.524 104.629
      vertex -102.5 -44.2592 104.532
    endloop
  endfacet
  facet normal 0 0.130803 -0.991408
    outer loop
      vertex -102.5 -43.524 104.629
      vertex -131 -44.2592 104.532
      vertex -131 -43.524 104.629
    endloop
  endfacet
  facet normal 0 0.300731 -0.953709
    outer loop
      vertex -131 -42.8 104.79
      vertex -102.5 -42.0928 105.013
      vertex -102.5 -42.8 104.79
    endloop
  endfacet
  facet normal 0 0.300731 -0.953709
    outer loop
      vertex -102.5 -42.0928 105.013
      vertex -131 -42.8 104.79
      vertex -131 -42.0928 105.013
    endloop
  endfacet
  facet normal 0 0.609255 -0.792975
    outer loop
      vertex -131 -40.1246 106.037
      vertex -102.5 -39.5363 106.489
      vertex -102.5 -40.1246 106.037
    endloop
  endfacet
  facet normal 0 0.609255 -0.792975
    outer loop
      vertex -102.5 -39.5363 106.489
      vertex -131 -40.1246 106.037
      vertex -131 -39.5363 106.489
    endloop
  endfacet
  facet normal 0 0.675621 -0.737249
    outer loop
      vertex -131 -39.5363 106.489
      vertex -102.5 -38.9896 106.99
      vertex -102.5 -39.5363 106.489
    endloop
  endfacet
  facet normal 0 0.675621 -0.737249
    outer loop
      vertex -102.5 -38.9896 106.99
      vertex -131 -39.5363 106.489
      vertex -131 -38.9896 106.99
    endloop
  endfacet
  facet normal 0 0.462409 -0.886667
    outer loop
      vertex -131 -41.4077 105.296
      vertex -102.5 -40.75 105.639
      vertex -102.5 -41.4077 105.296
    endloop
  endfacet
  facet normal 0 0.462409 -0.886667
    outer loop
      vertex -102.5 -40.75 105.639
      vertex -131 -41.4077 105.296
      vertex -131 -40.75 105.639
    endloop
  endfacet
  facet normal 0 0.976298 -0.216431
    outer loop
      vertex -102.5 -36.7896 110.8
      vertex -131 -36.6291 111.524
      vertex -102.5 -36.6291 111.524
    endloop
  endfacet
  facet normal 0 0.976298 -0.216431
    outer loop
      vertex -131 -36.6291 111.524
      vertex -102.5 -36.7896 110.8
      vertex -131 -36.7896 110.8
    endloop
  endfacet
  facet normal 0 0.999051 -0.0435484
    outer loop
      vertex -102.5 -36.5323 112.259
      vertex -131 -36.5 113
      vertex -102.5 -36.5 113
    endloop
  endfacet
  facet normal 0 0.999051 -0.0435484
    outer loop
      vertex -131 -36.5 113
      vertex -102.5 -36.5323 112.259
      vertex -131 -36.5323 112.259
    endloop
  endfacet
  facet normal 0 0.923849 -0.382757
    outer loop
      vertex -102.5 -37.2964 109.408
      vertex -131 -37.0126 110.093
      vertex -102.5 -37.0126 110.093
    endloop
  endfacet
  facet normal 0 0.923849 -0.382757
    outer loop
      vertex -131 -37.0126 110.093
      vertex -102.5 -37.2964 109.408
      vertex -131 -37.2964 109.408
    endloop
  endfacet
  facet normal -0 0.217073 0.976155
    outer loop
      vertex -131 -42.8 121.21
      vertex -102.5 -43.524 121.371
      vertex -102.5 -42.8 121.21
    endloop
  endfacet
  facet normal 0 0.217073 0.976155
    outer loop
      vertex -102.5 -43.524 121.371
      vertex -131 -42.8 121.21
      vertex -131 -43.524 121.371
    endloop
  endfacet
  facet normal -0 0.609255 0.792975
    outer loop
      vertex -131 -39.5363 119.511
      vertex -102.5 -40.1246 119.963
      vertex -102.5 -39.5363 119.511
    endloop
  endfacet
  facet normal 0 0.609255 0.792975
    outer loop
      vertex -102.5 -40.1246 119.963
      vertex -131 -39.5363 119.511
      vertex -131 -40.1246 119.963
    endloop
  endfacet
  facet normal -0 0.675621 0.737249
    outer loop
      vertex -131 -38.9896 119.01
      vertex -102.5 -39.5363 119.511
      vertex -102.5 -38.9896 119.01
    endloop
  endfacet
  facet normal 0 0.675621 0.737249
    outer loop
      vertex -102.5 -39.5363 119.511
      vertex -131 -38.9896 119.01
      vertex -131 -39.5363 119.511
    endloop
  endfacet
  facet normal -0 0.536893 0.84365
    outer loop
      vertex -131 -40.1246 119.963
      vertex -102.5 -40.75 120.361
      vertex -102.5 -40.1246 119.963
    endloop
  endfacet
  facet normal 0 0.536893 0.84365
    outer loop
      vertex -102.5 -40.75 120.361
      vertex -131 -40.1246 119.963
      vertex -131 -40.75 120.361
    endloop
  endfacet
  facet normal -0 0.130803 0.991408
    outer loop
      vertex -131 -43.524 121.371
      vertex -102.5 -44.2592 121.468
      vertex -102.5 -43.524 121.371
    endloop
  endfacet
  facet normal 0 0.130803 0.991408
    outer loop
      vertex -102.5 -44.2592 121.468
      vertex -131 -43.524 121.371
      vertex -131 -44.2592 121.468
    endloop
  endfacet
  facet normal 0 0.84325 0.537521
    outer loop
      vertex -102.5 -37.6388 117.25
      vertex -131 -38.0372 117.875
      vertex -102.5 -38.0372 117.875
    endloop
  endfacet
  facet normal 0 0.84325 0.537521
    outer loop
      vertex -131 -38.0372 117.875
      vertex -102.5 -37.6388 117.25
      vertex -131 -37.6388 117.25
    endloop
  endfacet
  facet normal 0 0.887084 0.461607
    outer loop
      vertex -102.5 -37.2964 116.592
      vertex -131 -37.6388 117.25
      vertex -102.5 -37.6388 117.25
    endloop
  endfacet
  facet normal 0 0.887084 0.461607
    outer loop
      vertex -131 -37.6388 117.25
      vertex -102.5 -37.2964 116.592
      vertex -131 -37.2964 116.592
    endloop
  endfacet
  facet normal 0 0.793715 0.60829
    outer loop
      vertex -102.5 -38.0372 117.875
      vertex -131 -38.4886 118.464
      vertex -102.5 -38.4886 118.464
    endloop
  endfacet
  facet normal 0 0.793715 0.60829
    outer loop
      vertex -131 -38.4886 118.464
      vertex -102.5 -38.0372 117.875
      vertex -131 -38.0372 117.875
    endloop
  endfacet
  facet normal 0 0.953685 0.300809
    outer loop
      vertex -102.5 -36.7896 115.2
      vertex -131 -37.0126 115.907
      vertex -102.5 -37.0126 115.907
    endloop
  endfacet
  facet normal 0 0.953685 0.300809
    outer loop
      vertex -131 -37.0126 115.907
      vertex -102.5 -36.7896 115.2
      vertex -131 -36.7896 115.2
    endloop
  endfacet
  facet normal 0 0.991439 0.130573
    outer loop
      vertex -102.5 -36.5323 113.741
      vertex -131 -36.6291 114.476
      vertex -102.5 -36.6291 114.476
    endloop
  endfacet
  facet normal 0 0.991439 0.130573
    outer loop
      vertex -131 -36.6291 114.476
      vertex -102.5 -36.5323 113.741
      vertex -131 -36.5323 113.741
    endloop
  endfacet
  facet normal 0 -0.999051 -0.0435484
    outer loop
      vertex -131 -53.4677 112.259
      vertex -102.5 -53.5 113
      vertex -131 -53.5 113
    endloop
  endfacet
  facet normal 0 -0.999051 -0.0435484
    outer loop
      vertex -102.5 -53.5 113
      vertex -131 -53.4677 112.259
      vertex -102.5 -53.4677 112.259
    endloop
  endfacet
  facet normal 0 -0.976298 -0.216431
    outer loop
      vertex -131 -53.2104 110.8
      vertex -102.5 -53.3709 111.524
      vertex -131 -53.3709 111.524
    endloop
  endfacet
  facet normal 0 -0.976298 -0.216431
    outer loop
      vertex -102.5 -53.3709 111.524
      vertex -131 -53.2104 110.8
      vertex -102.5 -53.2104 110.8
    endloop
  endfacet
  facet normal 0 -0.793715 -0.60829
    outer loop
      vertex -131 -51.5114 107.536
      vertex -102.5 -51.9628 108.125
      vertex -131 -51.9628 108.125
    endloop
  endfacet
  facet normal 0 -0.793715 -0.60829
    outer loop
      vertex -102.5 -51.9628 108.125
      vertex -131 -51.5114 107.536
      vertex -102.5 -51.5114 107.536
    endloop
  endfacet
  facet normal 0 -0.887084 -0.461607
    outer loop
      vertex -131 -52.3612 108.75
      vertex -102.5 -52.7036 109.408
      vertex -131 -52.7036 109.408
    endloop
  endfacet
  facet normal 0 -0.887084 -0.461607
    outer loop
      vertex -102.5 -52.7036 109.408
      vertex -131 -52.3612 108.75
      vertex -102.5 -52.3612 108.75
    endloop
  endfacet
  facet normal 0 -0.675621 -0.737249
    outer loop
      vertex -131 -51.0104 106.99
      vertex -102.5 -50.4637 106.489
      vertex -102.5 -51.0104 106.99
    endloop
  endfacet
  facet normal -0 -0.675621 -0.737249
    outer loop
      vertex -102.5 -50.4637 106.489
      vertex -131 -51.0104 106.99
      vertex -131 -50.4637 106.489
    endloop
  endfacet
  facet normal 0 -0.462409 -0.886667
    outer loop
      vertex -131 -49.25 105.639
      vertex -102.5 -48.5923 105.296
      vertex -102.5 -49.25 105.639
    endloop
  endfacet
  facet normal -0 -0.462409 -0.886667
    outer loop
      vertex -102.5 -48.5923 105.296
      vertex -131 -49.25 105.639
      vertex -131 -48.5923 105.296
    endloop
  endfacet
  facet normal 0 -0.300731 -0.953709
    outer loop
      vertex -131 -47.9072 105.013
      vertex -102.5 -47.2 104.79
      vertex -102.5 -47.9072 105.013
    endloop
  endfacet
  facet normal -0 -0.300731 -0.953709
    outer loop
      vertex -102.5 -47.2 104.79
      vertex -131 -47.9072 105.013
      vertex -131 -47.2 104.79
    endloop
  endfacet
  facet normal 0 -0.130803 -0.991408
    outer loop
      vertex -131 -46.476 104.629
      vertex -102.5 -45.7408 104.532
      vertex -102.5 -46.476 104.629
    endloop
  endfacet
  facet normal -0 -0.130803 -0.991408
    outer loop
      vertex -102.5 -45.7408 104.532
      vertex -131 -46.476 104.629
      vertex -131 -45.7408 104.532
    endloop
  endfacet
  facet normal 0 -0.976298 0.216431
    outer loop
      vertex -131 -53.3709 114.476
      vertex -102.5 -53.2104 115.2
      vertex -131 -53.2104 115.2
    endloop
  endfacet
  facet normal 0 -0.976298 0.216431
    outer loop
      vertex -102.5 -53.2104 115.2
      vertex -131 -53.3709 114.476
      vertex -102.5 -53.3709 114.476
    endloop
  endfacet
  facet normal 0 -0.793715 0.60829
    outer loop
      vertex -131 -51.9628 117.875
      vertex -102.5 -51.5114 118.464
      vertex -131 -51.5114 118.464
    endloop
  endfacet
  facet normal 0 -0.793715 0.60829
    outer loop
      vertex -102.5 -51.5114 118.464
      vertex -131 -51.9628 117.875
      vertex -102.5 -51.9628 117.875
    endloop
  endfacet
  facet normal 0 -0.736818 0.676091
    outer loop
      vertex -131 -51.5114 118.464
      vertex -102.5 -51.0104 119.01
      vertex -131 -51.0104 119.01
    endloop
  endfacet
  facet normal 0 -0.736818 0.676091
    outer loop
      vertex -102.5 -51.0104 119.01
      vertex -131 -51.5114 118.464
      vertex -102.5 -51.5114 118.464
    endloop
  endfacet
  facet normal 0 -0.84325 0.537521
    outer loop
      vertex -131 -52.3612 117.25
      vertex -102.5 -51.9628 117.875
      vertex -131 -51.9628 117.875
    endloop
  endfacet
  facet normal 0 -0.84325 0.537521
    outer loop
      vertex -102.5 -51.9628 117.875
      vertex -131 -52.3612 117.25
      vertex -102.5 -52.3612 117.25
    endloop
  endfacet
  facet normal 0 -0.991439 0.130573
    outer loop
      vertex -131 -53.4677 113.741
      vertex -102.5 -53.3709 114.476
      vertex -131 -53.3709 114.476
    endloop
  endfacet
  facet normal 0 -0.991439 0.130573
    outer loop
      vertex -102.5 -53.3709 114.476
      vertex -131 -53.4677 113.741
      vertex -102.5 -53.4677 113.741
    endloop
  endfacet
  facet normal 0 -0.536893 0.84365
    outer loop
      vertex -131 -49.25 120.361
      vertex -102.5 -49.8754 119.963
      vertex -102.5 -49.25 120.361
    endloop
  endfacet
  facet normal 0 -0.536893 0.84365
    outer loop
      vertex -102.5 -49.8754 119.963
      vertex -131 -49.25 120.361
      vertex -131 -49.8754 119.963
    endloop
  endfacet
  facet normal 0 -0.462409 0.886667
    outer loop
      vertex -131 -48.5923 120.704
      vertex -102.5 -49.25 120.361
      vertex -102.5 -48.5923 120.704
    endloop
  endfacet
  facet normal 0 -0.462409 0.886667
    outer loop
      vertex -102.5 -49.25 120.361
      vertex -131 -48.5923 120.704
      vertex -131 -49.25 120.361
    endloop
  endfacet
  facet normal 0 -0.609255 0.792975
    outer loop
      vertex -131 -49.8754 119.963
      vertex -102.5 -50.4637 119.511
      vertex -102.5 -49.8754 119.963
    endloop
  endfacet
  facet normal 0 -0.609255 0.792975
    outer loop
      vertex -102.5 -50.4637 119.511
      vertex -131 -49.8754 119.963
      vertex -131 -50.4637 119.511
    endloop
  endfacet
  facet normal 0 -0.217073 0.976155
    outer loop
      vertex -131 -46.476 121.371
      vertex -102.5 -47.2 121.21
      vertex -102.5 -46.476 121.371
    endloop
  endfacet
  facet normal 0 -0.217073 0.976155
    outer loop
      vertex -102.5 -47.2 121.21
      vertex -131 -46.476 121.371
      vertex -131 -47.2 121.21
    endloop
  endfacet
  facet normal 0 -0.0431563 0.999068
    outer loop
      vertex -131 -45 121.5
      vertex -102.5 -45.7408 121.468
      vertex -102.5 -45 121.5
    endloop
  endfacet
  facet normal 0 -0.0431563 0.999068
    outer loop
      vertex -102.5 -45.7408 121.468
      vertex -131 -45 121.5
      vertex -131 -45.7408 121.468
    endloop
  endfacet
  facet normal 0 0.217073 -0.976155
    outer loop
      vertex -131 -43.524 104.629
      vertex -102.5 -42.8 104.79
      vertex -102.5 -43.524 104.629
    endloop
  endfacet
  facet normal 0 0.217073 -0.976155
    outer loop
      vertex -102.5 -42.8 104.79
      vertex -131 -43.524 104.629
      vertex -131 -42.8 104.79
    endloop
  endfacet
  facet normal 0 0.381788 -0.92425
    outer loop
      vertex -131 -42.0928 105.013
      vertex -102.5 -41.4077 105.296
      vertex -102.5 -42.0928 105.013
    endloop
  endfacet
  facet normal 0 0.381788 -0.92425
    outer loop
      vertex -102.5 -41.4077 105.296
      vertex -131 -42.0928 105.013
      vertex -131 -41.4077 105.296
    endloop
  endfacet
  facet normal 0 0.736818 -0.676091
    outer loop
      vertex -102.5 -38.9896 106.99
      vertex -131 -38.4886 107.536
      vertex -102.5 -38.4886 107.536
    endloop
  endfacet
  facet normal 0 0.736818 -0.676091
    outer loop
      vertex -131 -38.4886 107.536
      vertex -102.5 -38.9896 106.99
      vertex -131 -38.9896 106.99
    endloop
  endfacet
  facet normal 0 0.536893 -0.84365
    outer loop
      vertex -131 -40.75 105.639
      vertex -102.5 -40.1246 106.037
      vertex -102.5 -40.75 105.639
    endloop
  endfacet
  facet normal 0 0.536893 -0.84365
    outer loop
      vertex -102.5 -40.1246 106.037
      vertex -131 -40.75 105.639
      vertex -131 -40.1246 106.037
    endloop
  endfacet
  facet normal 0 0.991439 -0.130573
    outer loop
      vertex -102.5 -36.6291 111.524
      vertex -131 -36.5323 112.259
      vertex -102.5 -36.5323 112.259
    endloop
  endfacet
  facet normal 0 0.991439 -0.130573
    outer loop
      vertex -131 -36.5323 112.259
      vertex -102.5 -36.6291 111.524
      vertex -131 -36.6291 111.524
    endloop
  endfacet
  facet normal 0 0.887084 -0.461607
    outer loop
      vertex -102.5 -37.6388 108.75
      vertex -131 -37.2964 109.408
      vertex -102.5 -37.2964 109.408
    endloop
  endfacet
  facet normal 0 0.887084 -0.461607
    outer loop
      vertex -131 -37.2964 109.408
      vertex -102.5 -37.6388 108.75
      vertex -131 -37.6388 108.75
    endloop
  endfacet
  facet normal 0 0.793715 -0.60829
    outer loop
      vertex -102.5 -38.4886 107.536
      vertex -131 -38.0372 108.125
      vertex -102.5 -38.0372 108.125
    endloop
  endfacet
  facet normal 0 0.793715 -0.60829
    outer loop
      vertex -131 -38.0372 108.125
      vertex -102.5 -38.4886 107.536
      vertex -131 -38.4886 107.536
    endloop
  endfacet
  facet normal -0 0.300731 0.953709
    outer loop
      vertex -131 -42.0928 120.987
      vertex -102.5 -42.8 121.21
      vertex -102.5 -42.0928 120.987
    endloop
  endfacet
  facet normal 0 0.300731 0.953709
    outer loop
      vertex -102.5 -42.8 121.21
      vertex -131 -42.0928 120.987
      vertex -131 -42.8 121.21
    endloop
  endfacet
  facet normal -0 0.381788 0.92425
    outer loop
      vertex -131 -41.4077 120.704
      vertex -102.5 -42.0928 120.987
      vertex -102.5 -41.4077 120.704
    endloop
  endfacet
  facet normal 0 0.381788 0.92425
    outer loop
      vertex -102.5 -42.0928 120.987
      vertex -131 -41.4077 120.704
      vertex -131 -42.0928 120.987
    endloop
  endfacet
  facet normal 0 -0.0431563 -0.999068
    outer loop
      vertex -131 -45.7408 104.532
      vertex -102.5 -45 104.5
      vertex -102.5 -45.7408 104.532
    endloop
  endfacet
  facet normal -0 -0.0431563 -0.999068
    outer loop
      vertex -102.5 -45 104.5
      vertex -131 -45.7408 104.532
      vertex -131 -45 104.5
    endloop
  endfacet
  facet normal 0 -0.991439 -0.130573
    outer loop
      vertex -131 -53.3709 111.524
      vertex -102.5 -53.4677 112.259
      vertex -131 -53.4677 112.259
    endloop
  endfacet
  facet normal 0 -0.991439 -0.130573
    outer loop
      vertex -102.5 -53.4677 112.259
      vertex -131 -53.3709 111.524
      vertex -102.5 -53.3709 111.524
    endloop
  endfacet
  facet normal 0 -0.953685 -0.300809
    outer loop
      vertex -131 -52.9874 110.093
      vertex -102.5 -53.2104 110.8
      vertex -131 -53.2104 110.8
    endloop
  endfacet
  facet normal 0 -0.953685 -0.300809
    outer loop
      vertex -102.5 -53.2104 110.8
      vertex -131 -52.9874 110.093
      vertex -102.5 -52.9874 110.093
    endloop
  endfacet
  facet normal 0 -0.736818 -0.676091
    outer loop
      vertex -131 -51.0104 106.99
      vertex -102.5 -51.5114 107.536
      vertex -131 -51.5114 107.536
    endloop
  endfacet
  facet normal 0 -0.736818 -0.676091
    outer loop
      vertex -102.5 -51.5114 107.536
      vertex -131 -51.0104 106.99
      vertex -102.5 -51.0104 106.99
    endloop
  endfacet
  facet normal 0 -0.84325 -0.537521
    outer loop
      vertex -131 -51.9628 108.125
      vertex -102.5 -52.3612 108.75
      vertex -131 -52.3612 108.75
    endloop
  endfacet
  facet normal 0 -0.84325 -0.537521
    outer loop
      vertex -102.5 -52.3612 108.75
      vertex -131 -51.9628 108.125
      vertex -102.5 -51.9628 108.125
    endloop
  endfacet
  facet normal 0 -0.609255 -0.792975
    outer loop
      vertex -131 -50.4637 106.489
      vertex -102.5 -49.8754 106.037
      vertex -102.5 -50.4637 106.489
    endloop
  endfacet
  facet normal -0 -0.609255 -0.792975
    outer loop
      vertex -102.5 -49.8754 106.037
      vertex -131 -50.4637 106.489
      vertex -131 -49.8754 106.037
    endloop
  endfacet
  facet normal 0 -0.381788 -0.92425
    outer loop
      vertex -131 -48.5923 105.296
      vertex -102.5 -47.9072 105.013
      vertex -102.5 -48.5923 105.296
    endloop
  endfacet
  facet normal -0 -0.381788 -0.92425
    outer loop
      vertex -102.5 -47.9072 105.013
      vertex -131 -48.5923 105.296
      vertex -131 -47.9072 105.013
    endloop
  endfacet
  facet normal 0 -0.217073 -0.976155
    outer loop
      vertex -131 -47.2 104.79
      vertex -102.5 -46.476 104.629
      vertex -102.5 -47.2 104.79
    endloop
  endfacet
  facet normal -0 -0.217073 -0.976155
    outer loop
      vertex -102.5 -46.476 104.629
      vertex -131 -47.2 104.79
      vertex -131 -46.476 104.629
    endloop
  endfacet
  facet normal 0 -0.953685 0.300809
    outer loop
      vertex -131 -53.2104 115.2
      vertex -102.5 -52.9874 115.907
      vertex -131 -52.9874 115.907
    endloop
  endfacet
  facet normal 0 -0.953685 0.300809
    outer loop
      vertex -102.5 -52.9874 115.907
      vertex -131 -53.2104 115.2
      vertex -102.5 -53.2104 115.2
    endloop
  endfacet
  facet normal 0 -0.923849 0.382757
    outer loop
      vertex -131 -52.9874 115.907
      vertex -102.5 -52.7036 116.592
      vertex -131 -52.7036 116.592
    endloop
  endfacet
  facet normal 0 -0.923849 0.382757
    outer loop
      vertex -102.5 -52.7036 116.592
      vertex -131 -52.9874 115.907
      vertex -102.5 -52.9874 115.907
    endloop
  endfacet
  facet normal 0 -0.300731 0.953709
    outer loop
      vertex -131 -47.2 121.21
      vertex -102.5 -47.9072 120.987
      vertex -102.5 -47.2 121.21
    endloop
  endfacet
  facet normal 0 -0.300731 0.953709
    outer loop
      vertex -102.5 -47.9072 120.987
      vertex -131 -47.2 121.21
      vertex -131 -47.9072 120.987
    endloop
  endfacet
  facet normal 0 0.84325 -0.537521
    outer loop
      vertex -102.5 -38.0372 108.125
      vertex -131 -37.6388 108.75
      vertex -102.5 -37.6388 108.75
    endloop
  endfacet
  facet normal 0 0.84325 -0.537521
    outer loop
      vertex -131 -37.6388 108.75
      vertex -102.5 -38.0372 108.125
      vertex -131 -38.0372 108.125
    endloop
  endfacet
  facet normal 0 -0.536893 -0.84365
    outer loop
      vertex -131 -49.8754 106.037
      vertex -102.5 -49.25 105.639
      vertex -102.5 -49.8754 106.037
    endloop
  endfacet
  facet normal -0 -0.536893 -0.84365
    outer loop
      vertex -102.5 -49.25 105.639
      vertex -131 -49.8754 106.037
      vertex -131 -49.25 105.639
    endloop
  endfacet
  facet normal 0 0.0438568 -0.999038
    outer loop
      vertex -102.5 -45 101.5
      vertex -93.5 -43.9977 101.544
      vertex -93.5 -45 101.5
    endloop
  endfacet
  facet normal 0 0.0438568 -0.999038
    outer loop
      vertex -93.5 -43.9977 101.544
      vertex -102.5 -45 101.5
      vertex -102.5 -43.9977 101.544
    endloop
  endfacet
  facet normal -0 0.0438568 0.999038
    outer loop
      vertex -102.5 -43.9977 124.456
      vertex -93.5 -45 124.5
      vertex -93.5 -43.9977 124.456
    endloop
  endfacet
  facet normal 0 0.0438568 0.999038
    outer loop
      vertex -93.5 -45 124.5
      vertex -102.5 -43.9977 124.456
      vertex -102.5 -45 124.5
    endloop
  endfacet
  facet normal 0 0.999046 0.0436709
    outer loop
      vertex -93.5 -33.5 113
      vertex -102.5 -33.5438 114.002
      vertex -93.5 -33.5438 114.002
    endloop
  endfacet
  facet normal 0 0.999046 0.0436709
    outer loop
      vertex -102.5 -33.5438 114.002
      vertex -93.5 -33.5 113
      vertex -102.5 -33.5 113
    endloop
  endfacet
  facet normal 0 -0.999046 0.0436709
    outer loop
      vertex -102.5 -56.5 113
      vertex -93.5 -56.4562 114.002
      vertex -102.5 -56.4562 114.002
    endloop
  endfacet
  facet normal 0 -0.999046 0.0436709
    outer loop
      vertex -93.5 -56.4562 114.002
      vertex -102.5 -56.5 113
      vertex -93.5 -56.5 113
    endloop
  endfacet
  facet normal 0 -0.675743 0.737138
    outer loop
      vertex -102.5 -52.3921 121.81
      vertex -93.5 -53.1317 121.132
      vertex -93.5 -52.3921 121.81
    endloop
  endfacet
  facet normal 0 -0.675743 0.737138
    outer loop
      vertex -93.5 -53.1317 121.132
      vertex -102.5 -52.3921 121.81
      vertex -102.5 -53.1317 121.132
    endloop
  endfacet
  facet normal 0 0.737419 -0.675436
    outer loop
      vertex -93.5 -36.8683 104.868
      vertex -102.5 -36.1905 105.608
      vertex -93.5 -36.1905 105.608
    endloop
  endfacet
  facet normal 0 0.737419 -0.675436
    outer loop
      vertex -102.5 -36.1905 105.608
      vertex -93.5 -36.8683 104.868
      vertex -102.5 -36.8683 104.868
    endloop
  endfacet
  facet normal -0 0.675743 0.737138
    outer loop
      vertex -102.5 -36.8683 121.132
      vertex -93.5 -37.6079 121.81
      vertex -93.5 -36.8683 121.132
    endloop
  endfacet
  facet normal 0 0.675743 0.737138
    outer loop
      vertex -93.5 -37.6079 121.81
      vertex -102.5 -36.8683 121.132
      vertex -102.5 -37.6079 121.81
    endloop
  endfacet
  facet normal 0 0.887054 0.461667
    outer loop
      vertex -93.5 -34.5775 117.86
      vertex -102.5 -35.0407 118.75
      vertex -93.5 -35.0407 118.75
    endloop
  endfacet
  facet normal 0 0.887054 0.461667
    outer loop
      vertex -102.5 -35.0407 118.75
      vertex -93.5 -34.5775 117.86
      vertex -102.5 -34.5775 117.86
    endloop
  endfacet
  facet normal 0 -0.675743 -0.737138
    outer loop
      vertex -102.5 -53.1317 104.868
      vertex -93.5 -52.3921 104.19
      vertex -93.5 -53.1317 104.868
    endloop
  endfacet
  facet normal -0 -0.675743 -0.737138
    outer loop
      vertex -93.5 -52.3921 104.19
      vertex -102.5 -53.1317 104.868
      vertex -102.5 -52.3921 104.19
    endloop
  endfacet
  facet normal 0 -0.381888 0.924209
    outer loop
      vertex -102.5 -48.9332 123.806
      vertex -93.5 -49.8601 123.423
      vertex -93.5 -48.9332 123.806
    endloop
  endfacet
  facet normal 0 -0.381888 0.924209
    outer loop
      vertex -93.5 -49.8601 123.423
      vertex -102.5 -48.9332 123.806
      vertex -102.5 -49.8601 123.423
    endloop
  endfacet
  facet normal 0 0.953757 -0.300578
    outer loop
      vertex -93.5 -34.1935 109.067
      vertex -102.5 -33.8919 110.024
      vertex -93.5 -33.8919 110.024
    endloop
  endfacet
  facet normal 0 0.953757 -0.300578
    outer loop
      vertex -102.5 -33.8919 110.024
      vertex -93.5 -34.1935 109.067
      vertex -102.5 -34.1935 109.067
    endloop
  endfacet
  facet normal -0 0.381888 0.924209
    outer loop
      vertex -102.5 -40.1399 123.423
      vertex -93.5 -41.0668 123.806
      vertex -93.5 -40.1399 123.423
    endloop
  endfacet
  facet normal 0 0.381888 0.924209
    outer loop
      vertex -93.5 -41.0668 123.806
      vertex -102.5 -40.1399 123.423
      vertex -102.5 -41.0668 123.806
    endloop
  endfacet
  facet normal 0 0.976262 0.216593
    outer loop
      vertex -93.5 -33.6747 114.997
      vertex -102.5 -33.8919 115.976
      vertex -93.5 -33.8919 115.976
    endloop
  endfacet
  facet normal 0 0.976262 0.216593
    outer loop
      vertex -102.5 -33.8919 115.976
      vertex -93.5 -33.6747 114.997
      vertex -102.5 -33.6747 114.997
    endloop
  endfacet
  facet normal 0 -0.300998 -0.953625
    outer loop
      vertex -102.5 -48.9332 102.194
      vertex -93.5 -47.9764 101.892
      vertex -93.5 -48.9332 102.194
    endloop
  endfacet
  facet normal -0 -0.300998 -0.953625
    outer loop
      vertex -93.5 -47.9764 101.892
      vertex -102.5 -48.9332 102.194
      vertex -102.5 -47.9764 101.892
    endloop
  endfacet
  facet normal 0 -0.887054 0.461667
    outer loop
      vertex -102.5 -55.4225 117.86
      vertex -93.5 -54.9593 118.75
      vertex -102.5 -54.9593 118.75
    endloop
  endfacet
  facet normal 0 -0.887054 0.461667
    outer loop
      vertex -93.5 -54.9593 118.75
      vertex -102.5 -55.4225 117.86
      vertex -93.5 -55.4225 117.86
    endloop
  endfacet
  facet normal 0 -0.216318 0.976323
    outer loop
      vertex -102.5 -46.997 124.325
      vertex -93.5 -47.9764 124.108
      vertex -93.5 -46.997 124.325
    endloop
  endfacet
  facet normal 0 -0.216318 0.976323
    outer loop
      vertex -93.5 -47.9764 124.108
      vertex -102.5 -46.997 124.325
      vertex -102.5 -47.9764 124.108
    endloop
  endfacet
  facet normal 0 0.130571 -0.991439
    outer loop
      vertex -102.5 -43.9977 101.544
      vertex -93.5 -43.003 101.675
      vertex -93.5 -43.9977 101.544
    endloop
  endfacet
  facet normal 0 0.130571 -0.991439
    outer loop
      vertex -93.5 -43.003 101.675
      vertex -102.5 -43.9977 101.544
      vertex -102.5 -43.003 101.675
    endloop
  endfacet
  facet normal 0 0.300998 -0.953625
    outer loop
      vertex -102.5 -42.0236 101.892
      vertex -93.5 -41.0668 102.194
      vertex -93.5 -42.0236 101.892
    endloop
  endfacet
  facet normal 0 0.300998 -0.953625
    outer loop
      vertex -93.5 -41.0668 102.194
      vertex -102.5 -42.0236 101.892
      vertex -102.5 -41.0668 102.194
    endloop
  endfacet
  facet normal 0 0.608264 -0.793735
    outer loop
      vertex -102.5 -38.4039 103.58
      vertex -93.5 -37.6079 104.19
      vertex -93.5 -38.4039 103.58
    endloop
  endfacet
  facet normal 0 0.608264 -0.793735
    outer loop
      vertex -93.5 -37.6079 104.19
      vertex -102.5 -38.4039 103.58
      vertex -102.5 -37.6079 104.19
    endloop
  endfacet
  facet normal 0 0.462334 -0.886706
    outer loop
      vertex -102.5 -40.1399 102.577
      vertex -93.5 -39.25 103.041
      vertex -93.5 -40.1399 102.577
    endloop
  endfacet
  facet normal 0 0.462334 -0.886706
    outer loop
      vertex -93.5 -39.25 103.041
      vertex -102.5 -40.1399 102.577
      vertex -102.5 -39.25 103.041
    endloop
  endfacet
  facet normal 0 0.976262 -0.216593
    outer loop
      vertex -93.5 -33.8919 110.024
      vertex -102.5 -33.6747 111.003
      vertex -93.5 -33.6747 111.003
    endloop
  endfacet
  facet normal 0 0.976262 -0.216593
    outer loop
      vertex -102.5 -33.6747 111.003
      vertex -93.5 -33.8919 110.024
      vertex -102.5 -33.8919 110.024
    endloop
  endfacet
  facet normal 0 0.999046 -0.0436709
    outer loop
      vertex -93.5 -33.5438 111.998
      vertex -102.5 -33.5 113
      vertex -93.5 -33.5 113
    endloop
  endfacet
  facet normal 0 0.999046 -0.0436709
    outer loop
      vertex -102.5 -33.5 113
      vertex -93.5 -33.5438 111.998
      vertex -102.5 -33.5438 111.998
    endloop
  endfacet
  facet normal 0 0.887054 -0.461667
    outer loop
      vertex -93.5 -35.0407 107.25
      vertex -102.5 -34.5775 108.14
      vertex -93.5 -34.5775 108.14
    endloop
  endfacet
  facet normal 0 0.887054 -0.461667
    outer loop
      vertex -102.5 -34.5775 108.14
      vertex -93.5 -35.0407 107.25
      vertex -102.5 -35.0407 107.25
    endloop
  endfacet
  facet normal 0 0.793398 -0.608704
    outer loop
      vertex -93.5 -36.1905 105.608
      vertex -102.5 -35.5798 106.404
      vertex -93.5 -35.5798 106.404
    endloop
  endfacet
  facet normal 0 0.793398 -0.608704
    outer loop
      vertex -102.5 -35.5798 106.404
      vertex -93.5 -36.1905 105.608
      vertex -102.5 -36.1905 105.608
    endloop
  endfacet
  facet normal -0 0.216318 0.976323
    outer loop
      vertex -102.5 -42.0236 124.108
      vertex -93.5 -43.003 124.325
      vertex -93.5 -42.0236 124.108
    endloop
  endfacet
  facet normal 0 0.216318 0.976323
    outer loop
      vertex -93.5 -43.003 124.325
      vertex -102.5 -42.0236 124.108
      vertex -102.5 -43.003 124.325
    endloop
  endfacet
  facet normal -0 0.537282 0.843403
    outer loop
      vertex -102.5 -38.4039 122.42
      vertex -93.5 -39.25 122.959
      vertex -93.5 -38.4039 122.42
    endloop
  endfacet
  facet normal 0 0.537282 0.843403
    outer loop
      vertex -93.5 -39.25 122.959
      vertex -102.5 -38.4039 122.42
      vertex -102.5 -39.25 122.959
    endloop
  endfacet
  facet normal -0 0.608264 0.793735
    outer loop
      vertex -102.5 -37.6079 121.81
      vertex -93.5 -38.4039 122.42
      vertex -93.5 -37.6079 121.81
    endloop
  endfacet
  facet normal 0 0.608264 0.793735
    outer loop
      vertex -93.5 -38.4039 122.42
      vertex -102.5 -37.6079 121.81
      vertex -102.5 -38.4039 122.42
    endloop
  endfacet
  facet normal -0 0.462334 0.886706
    outer loop
      vertex -102.5 -39.25 122.959
      vertex -93.5 -40.1399 123.423
      vertex -93.5 -39.25 122.959
    endloop
  endfacet
  facet normal 0 0.462334 0.886706
    outer loop
      vertex -93.5 -40.1399 123.423
      vertex -102.5 -39.25 122.959
      vertex -102.5 -40.1399 123.423
    endloop
  endfacet
  facet normal -0 0.300998 0.953625
    outer loop
      vertex -102.5 -41.0668 123.806
      vertex -93.5 -42.0236 124.108
      vertex -93.5 -41.0668 123.806
    endloop
  endfacet
  facet normal 0 0.300998 0.953625
    outer loop
      vertex -93.5 -42.0236 124.108
      vertex -102.5 -41.0668 123.806
      vertex -102.5 -42.0236 124.108
    endloop
  endfacet
  facet normal -0 0.130571 0.991439
    outer loop
      vertex -102.5 -43.003 124.325
      vertex -93.5 -43.9977 124.456
      vertex -93.5 -43.003 124.325
    endloop
  endfacet
  facet normal 0 0.130571 0.991439
    outer loop
      vertex -93.5 -43.9977 124.456
      vertex -102.5 -43.003 124.325
      vertex -102.5 -43.9977 124.456
    endloop
  endfacet
  facet normal 0 0.793398 0.608704
    outer loop
      vertex -93.5 -35.5798 119.596
      vertex -102.5 -36.1905 120.392
      vertex -93.5 -36.1905 120.392
    endloop
  endfacet
  facet normal 0 0.793398 0.608704
    outer loop
      vertex -102.5 -36.1905 120.392
      vertex -93.5 -35.5798 119.596
      vertex -102.5 -35.5798 119.596
    endloop
  endfacet
  facet normal 0 0.843329 0.537398
    outer loop
      vertex -93.5 -35.0407 118.75
      vertex -102.5 -35.5798 119.596
      vertex -93.5 -35.5798 119.596
    endloop
  endfacet
  facet normal 0 0.843329 0.537398
    outer loop
      vertex -102.5 -35.5798 119.596
      vertex -93.5 -35.0407 118.75
      vertex -102.5 -35.0407 118.75
    endloop
  endfacet
  facet normal 0 0.737419 0.675436
    outer loop
      vertex -93.5 -36.1905 120.392
      vertex -102.5 -36.8683 121.132
      vertex -93.5 -36.8683 121.132
    endloop
  endfacet
  facet normal 0 0.737419 0.675436
    outer loop
      vertex -102.5 -36.8683 121.132
      vertex -93.5 -36.1905 120.392
      vertex -102.5 -36.1905 120.392
    endloop
  endfacet
  facet normal 0 0.991457 0.130434
    outer loop
      vertex -93.5 -33.5438 114.002
      vertex -102.5 -33.6747 114.997
      vertex -93.5 -33.6747 114.997
    endloop
  endfacet
  facet normal 0 0.991457 0.130434
    outer loop
      vertex -102.5 -33.6747 114.997
      vertex -93.5 -33.5438 114.002
      vertex -102.5 -33.5438 114.002
    endloop
  endfacet
  facet normal 0 -0.953757 -0.300578
    outer loop
      vertex -102.5 -55.8065 109.067
      vertex -93.5 -56.1081 110.024
      vertex -102.5 -56.1081 110.024
    endloop
  endfacet
  facet normal 0 -0.953757 -0.300578
    outer loop
      vertex -93.5 -56.1081 110.024
      vertex -102.5 -55.8065 109.067
      vertex -93.5 -55.8065 109.067
    endloop
  endfacet
  facet normal 0 -0.793398 -0.608704
    outer loop
      vertex -102.5 -53.8095 105.608
      vertex -93.5 -54.4202 106.404
      vertex -102.5 -54.4202 106.404
    endloop
  endfacet
  facet normal 0 -0.793398 -0.608704
    outer loop
      vertex -93.5 -54.4202 106.404
      vertex -102.5 -53.8095 105.608
      vertex -93.5 -53.8095 105.608
    endloop
  endfacet
  facet normal 0 -0.887054 -0.461667
    outer loop
      vertex -102.5 -54.9593 107.25
      vertex -93.5 -55.4225 108.14
      vertex -102.5 -55.4225 108.14
    endloop
  endfacet
  facet normal 0 -0.887054 -0.461667
    outer loop
      vertex -93.5 -55.4225 108.14
      vertex -102.5 -54.9593 107.25
      vertex -93.5 -54.9593 107.25
    endloop
  endfacet
  facet normal 0 -0.608264 -0.793735
    outer loop
      vertex -102.5 -52.3921 104.19
      vertex -93.5 -51.5961 103.58
      vertex -93.5 -52.3921 104.19
    endloop
  endfacet
  facet normal -0 -0.608264 -0.793735
    outer loop
      vertex -93.5 -51.5961 103.58
      vertex -102.5 -52.3921 104.19
      vertex -102.5 -51.5961 103.58
    endloop
  endfacet
  facet normal 0 -0.462334 -0.886706
    outer loop
      vertex -102.5 -50.75 103.041
      vertex -93.5 -49.8601 102.577
      vertex -93.5 -50.75 103.041
    endloop
  endfacet
  facet normal -0 -0.462334 -0.886706
    outer loop
      vertex -93.5 -49.8601 102.577
      vertex -102.5 -50.75 103.041
      vertex -102.5 -49.8601 102.577
    endloop
  endfacet
  facet normal 0 -0.216318 -0.976323
    outer loop
      vertex -102.5 -47.9764 101.892
      vertex -93.5 -46.997 101.675
      vertex -93.5 -47.9764 101.892
    endloop
  endfacet
  facet normal -0 -0.216318 -0.976323
    outer loop
      vertex -93.5 -46.997 101.675
      vertex -102.5 -47.9764 101.892
      vertex -102.5 -46.997 101.675
    endloop
  endfacet
  facet normal 0 -0.0438568 -0.999038
    outer loop
      vertex -102.5 -46.0023 101.544
      vertex -93.5 -45 101.5
      vertex -93.5 -46.0023 101.544
    endloop
  endfacet
  facet normal -0 -0.0438568 -0.999038
    outer loop
      vertex -93.5 -45 101.5
      vertex -102.5 -46.0023 101.544
      vertex -102.5 -45 101.5
    endloop
  endfacet
  facet normal 0 -0.953757 0.300578
    outer loop
      vertex -102.5 -56.1081 115.976
      vertex -93.5 -55.8065 116.933
      vertex -102.5 -55.8065 116.933
    endloop
  endfacet
  facet normal 0 -0.953757 0.300578
    outer loop
      vertex -93.5 -55.8065 116.933
      vertex -102.5 -56.1081 115.976
      vertex -93.5 -56.1081 115.976
    endloop
  endfacet
  facet normal 0 -0.793398 0.608704
    outer loop
      vertex -102.5 -54.4202 119.596
      vertex -93.5 -53.8095 120.392
      vertex -102.5 -53.8095 120.392
    endloop
  endfacet
  facet normal 0 -0.793398 0.608704
    outer loop
      vertex -93.5 -53.8095 120.392
      vertex -102.5 -54.4202 119.596
      vertex -93.5 -54.4202 119.596
    endloop
  endfacet
  facet normal 0 -0.737419 0.675436
    outer loop
      vertex -102.5 -53.8095 120.392
      vertex -93.5 -53.1317 121.132
      vertex -102.5 -53.1317 121.132
    endloop
  endfacet
  facet normal 0 -0.737419 0.675436
    outer loop
      vertex -93.5 -53.1317 121.132
      vertex -102.5 -53.8095 120.392
      vertex -93.5 -53.8095 120.392
    endloop
  endfacet
  facet normal 0 -0.843329 0.537398
    outer loop
      vertex -102.5 -54.9593 118.75
      vertex -93.5 -54.4202 119.596
      vertex -102.5 -54.4202 119.596
    endloop
  endfacet
  facet normal 0 -0.843329 0.537398
    outer loop
      vertex -93.5 -54.4202 119.596
      vertex -102.5 -54.9593 118.75
      vertex -93.5 -54.9593 118.75
    endloop
  endfacet
  facet normal 0 -0.923871 0.382704
    outer loop
      vertex -102.5 -55.8065 116.933
      vertex -93.5 -55.4225 117.86
      vertex -102.5 -55.4225 117.86
    endloop
  endfacet
  facet normal 0 -0.923871 0.382704
    outer loop
      vertex -93.5 -55.4225 117.86
      vertex -102.5 -55.8065 116.933
      vertex -93.5 -55.8065 116.933
    endloop
  endfacet
  facet normal 0 -0.976262 0.216593
    outer loop
      vertex -102.5 -56.3253 114.997
      vertex -93.5 -56.1081 115.976
      vertex -102.5 -56.1081 115.976
    endloop
  endfacet
  facet normal 0 -0.976262 0.216593
    outer loop
      vertex -93.5 -56.1081 115.976
      vertex -102.5 -56.3253 114.997
      vertex -93.5 -56.3253 114.997
    endloop
  endfacet
  facet normal 0 -0.537282 0.843403
    outer loop
      vertex -102.5 -50.75 122.959
      vertex -93.5 -51.5961 122.42
      vertex -93.5 -50.75 122.959
    endloop
  endfacet
  facet normal 0 -0.537282 0.843403
    outer loop
      vertex -93.5 -51.5961 122.42
      vertex -102.5 -50.75 122.959
      vertex -102.5 -51.5961 122.42
    endloop
  endfacet
  facet normal 0 -0.462334 0.886706
    outer loop
      vertex -102.5 -49.8601 123.423
      vertex -93.5 -50.75 122.959
      vertex -93.5 -49.8601 123.423
    endloop
  endfacet
  facet normal 0 -0.462334 0.886706
    outer loop
      vertex -93.5 -50.75 122.959
      vertex -102.5 -49.8601 123.423
      vertex -102.5 -50.75 122.959
    endloop
  endfacet
  facet normal 0 -0.608264 0.793735
    outer loop
      vertex -102.5 -51.5961 122.42
      vertex -93.5 -52.3921 121.81
      vertex -93.5 -51.5961 122.42
    endloop
  endfacet
  facet normal 0 -0.608264 0.793735
    outer loop
      vertex -93.5 -52.3921 121.81
      vertex -102.5 -51.5961 122.42
      vertex -102.5 -52.3921 121.81
    endloop
  endfacet
  facet normal 0 -0.300998 0.953625
    outer loop
      vertex -102.5 -47.9764 124.108
      vertex -93.5 -48.9332 123.806
      vertex -93.5 -47.9764 124.108
    endloop
  endfacet
  facet normal 0 -0.300998 0.953625
    outer loop
      vertex -93.5 -48.9332 123.806
      vertex -102.5 -47.9764 124.108
      vertex -102.5 -48.9332 123.806
    endloop
  endfacet
  facet normal 0 -0.130571 0.991439
    outer loop
      vertex -102.5 -46.0023 124.456
      vertex -93.5 -46.997 124.325
      vertex -93.5 -46.0023 124.456
    endloop
  endfacet
  facet normal 0 -0.130571 0.991439
    outer loop
      vertex -93.5 -46.997 124.325
      vertex -102.5 -46.0023 124.456
      vertex -102.5 -46.997 124.325
    endloop
  endfacet
  facet normal 0 0.216318 -0.976323
    outer loop
      vertex -102.5 -43.003 101.675
      vertex -93.5 -42.0236 101.892
      vertex -93.5 -43.003 101.675
    endloop
  endfacet
  facet normal 0 0.216318 -0.976323
    outer loop
      vertex -93.5 -42.0236 101.892
      vertex -102.5 -43.003 101.675
      vertex -102.5 -42.0236 101.892
    endloop
  endfacet
  facet normal 0 0.381888 -0.924209
    outer loop
      vertex -102.5 -41.0668 102.194
      vertex -93.5 -40.1399 102.577
      vertex -93.5 -41.0668 102.194
    endloop
  endfacet
  facet normal 0 0.381888 -0.924209
    outer loop
      vertex -93.5 -40.1399 102.577
      vertex -102.5 -41.0668 102.194
      vertex -102.5 -40.1399 102.577
    endloop
  endfacet
  facet normal 0 0.675743 -0.737138
    outer loop
      vertex -102.5 -37.6079 104.19
      vertex -93.5 -36.8683 104.868
      vertex -93.5 -37.6079 104.19
    endloop
  endfacet
  facet normal 0 0.675743 -0.737138
    outer loop
      vertex -93.5 -36.8683 104.868
      vertex -102.5 -37.6079 104.19
      vertex -102.5 -36.8683 104.868
    endloop
  endfacet
  facet normal 0 0.537282 -0.843403
    outer loop
      vertex -102.5 -39.25 103.041
      vertex -93.5 -38.4039 103.58
      vertex -93.5 -39.25 103.041
    endloop
  endfacet
  facet normal 0 0.537282 -0.843403
    outer loop
      vertex -93.5 -38.4039 103.58
      vertex -102.5 -39.25 103.041
      vertex -102.5 -38.4039 103.58
    endloop
  endfacet
  facet normal 0 0.991457 -0.130434
    outer loop
      vertex -93.5 -33.6747 111.003
      vertex -102.5 -33.5438 111.998
      vertex -93.5 -33.5438 111.998
    endloop
  endfacet
  facet normal 0 0.991457 -0.130434
    outer loop
      vertex -102.5 -33.5438 111.998
      vertex -93.5 -33.6747 111.003
      vertex -102.5 -33.6747 111.003
    endloop
  endfacet
  facet normal 0 0.923871 -0.382704
    outer loop
      vertex -93.5 -34.5775 108.14
      vertex -102.5 -34.1935 109.067
      vertex -93.5 -34.1935 109.067
    endloop
  endfacet
  facet normal 0 0.923871 -0.382704
    outer loop
      vertex -102.5 -34.1935 109.067
      vertex -93.5 -34.5775 108.14
      vertex -102.5 -34.5775 108.14
    endloop
  endfacet
  facet normal 0 0.843329 -0.537398
    outer loop
      vertex -93.5 -35.5798 106.404
      vertex -102.5 -35.0407 107.25
      vertex -93.5 -35.0407 107.25
    endloop
  endfacet
  facet normal 0 0.843329 -0.537398
    outer loop
      vertex -102.5 -35.0407 107.25
      vertex -93.5 -35.5798 106.404
      vertex -102.5 -35.5798 106.404
    endloop
  endfacet
  facet normal 0 0.953757 0.300578
    outer loop
      vertex -93.5 -33.8919 115.976
      vertex -102.5 -34.1935 116.933
      vertex -93.5 -34.1935 116.933
    endloop
  endfacet
  facet normal 0 0.953757 0.300578
    outer loop
      vertex -102.5 -34.1935 116.933
      vertex -93.5 -33.8919 115.976
      vertex -102.5 -33.8919 115.976
    endloop
  endfacet
  facet normal 0 0.923871 0.382704
    outer loop
      vertex -93.5 -34.1935 116.933
      vertex -102.5 -34.5775 117.86
      vertex -93.5 -34.5775 117.86
    endloop
  endfacet
  facet normal 0 0.923871 0.382704
    outer loop
      vertex -102.5 -34.5775 117.86
      vertex -93.5 -34.1935 116.933
      vertex -102.5 -34.1935 116.933
    endloop
  endfacet
  facet normal 0 -0.999046 -0.0436709
    outer loop
      vertex -102.5 -56.4562 111.998
      vertex -93.5 -56.5 113
      vertex -102.5 -56.5 113
    endloop
  endfacet
  facet normal 0 -0.999046 -0.0436709
    outer loop
      vertex -93.5 -56.5 113
      vertex -102.5 -56.4562 111.998
      vertex -93.5 -56.4562 111.998
    endloop
  endfacet
  facet normal 0 -0.976262 -0.216593
    outer loop
      vertex -102.5 -56.1081 110.024
      vertex -93.5 -56.3253 111.003
      vertex -102.5 -56.3253 111.003
    endloop
  endfacet
  facet normal 0 -0.976262 -0.216593
    outer loop
      vertex -93.5 -56.3253 111.003
      vertex -102.5 -56.1081 110.024
      vertex -93.5 -56.1081 110.024
    endloop
  endfacet
  facet normal 0 -0.923871 -0.382704
    outer loop
      vertex -102.5 -55.4225 108.14
      vertex -93.5 -55.8065 109.067
      vertex -102.5 -55.8065 109.067
    endloop
  endfacet
  facet normal 0 -0.923871 -0.382704
    outer loop
      vertex -93.5 -55.8065 109.067
      vertex -102.5 -55.4225 108.14
      vertex -93.5 -55.4225 108.14
    endloop
  endfacet
  facet normal 0 -0.737419 -0.675436
    outer loop
      vertex -102.5 -53.1317 104.868
      vertex -93.5 -53.8095 105.608
      vertex -102.5 -53.8095 105.608
    endloop
  endfacet
  facet normal 0 -0.737419 -0.675436
    outer loop
      vertex -93.5 -53.8095 105.608
      vertex -102.5 -53.1317 104.868
      vertex -93.5 -53.1317 104.868
    endloop
  endfacet
  facet normal 0 -0.843329 -0.537398
    outer loop
      vertex -102.5 -54.4202 106.404
      vertex -93.5 -54.9593 107.25
      vertex -102.5 -54.9593 107.25
    endloop
  endfacet
  facet normal 0 -0.843329 -0.537398
    outer loop
      vertex -93.5 -54.9593 107.25
      vertex -102.5 -54.4202 106.404
      vertex -93.5 -54.4202 106.404
    endloop
  endfacet
  facet normal 0 -0.537282 -0.843403
    outer loop
      vertex -102.5 -51.5961 103.58
      vertex -93.5 -50.75 103.041
      vertex -93.5 -51.5961 103.58
    endloop
  endfacet
  facet normal -0 -0.537282 -0.843403
    outer loop
      vertex -93.5 -50.75 103.041
      vertex -102.5 -51.5961 103.58
      vertex -102.5 -50.75 103.041
    endloop
  endfacet
  facet normal 0 -0.381888 -0.924209
    outer loop
      vertex -102.5 -49.8601 102.577
      vertex -93.5 -48.9332 102.194
      vertex -93.5 -49.8601 102.577
    endloop
  endfacet
  facet normal -0 -0.381888 -0.924209
    outer loop
      vertex -93.5 -48.9332 102.194
      vertex -102.5 -49.8601 102.577
      vertex -102.5 -48.9332 102.194
    endloop
  endfacet
  facet normal 0 -0.130571 -0.991439
    outer loop
      vertex -102.5 -46.997 101.675
      vertex -93.5 -46.0023 101.544
      vertex -93.5 -46.997 101.675
    endloop
  endfacet
  facet normal -0 -0.130571 -0.991439
    outer loop
      vertex -93.5 -46.0023 101.544
      vertex -102.5 -46.997 101.675
      vertex -102.5 -46.0023 101.544
    endloop
  endfacet
  facet normal -1 0 0
    outer loop
      vertex -102.5 -36.5 113
      vertex -102.5 -33.5 113
      vertex -102.5 -33.5438 111.998
    endloop
  endfacet
  facet normal -1 0 0
    outer loop
      vertex -102.5 -36.5323 112.259
      vertex -102.5 -33.5438 111.998
      vertex -102.5 -33.6747 111.003
    endloop
  endfacet
  facet normal -1 0 0
    outer loop
      vertex -102.5 -33.5 113
      vertex -102.5 -36.5 113
      vertex -102.5 -33.5438 114.002
    endloop
  endfacet
  facet normal -1 0 0
    outer loop
      vertex -102.5 -36.6291 111.524
      vertex -102.5 -33.6747 111.003
      vertex -102.5 -33.8919 110.024
    endloop
  endfacet
  facet normal -1 0 0
    outer loop
      vertex -102.5 -36.5323 113.741
      vertex -102.5 -33.5438 114.002
      vertex -102.5 -36.5 113
    endloop
  endfacet
  facet normal -1 0 0
    outer loop
      vertex -102.5 -36.7896 110.8
      vertex -102.5 -33.8919 110.024
      vertex -102.5 -34.1935 109.067
    endloop
  endfacet
  facet normal -1 -0 0
    outer loop
      vertex -102.5 -33.5438 114.002
      vertex -102.5 -36.5323 113.741
      vertex -102.5 -33.6747 114.997
    endloop
  endfacet
  facet normal -1 0 0
    outer loop
      vertex -102.5 -37.0126 110.093
      vertex -102.5 -34.1935 109.067
      vertex -102.5 -34.5775 108.14
    endloop
  endfacet
  facet normal -1 0 0
    outer loop
      vertex -102.5 -36.6291 114.476
      vertex -102.5 -33.6747 114.997
      vertex -102.5 -36.5323 113.741
    endloop
  endfacet
  facet normal -1 0 0
    outer loop
      vertex -102.5 -37.2964 109.408
      vertex -102.5 -34.5775 108.14
      vertex -102.5 -35.0407 107.25
    endloop
  endfacet
  facet normal -1 -0 0
    outer loop
      vertex -102.5 -33.6747 114.997
      vertex -102.5 -36.6291 114.476
      vertex -102.5 -33.8919 115.976
    endloop
  endfacet
  facet normal -1 0 0
    outer loop
      vertex -102.5 -37.6388 108.75
      vertex -102.5 -35.0407 107.25
      vertex -102.5 -35.5798 106.404
    endloop
  endfacet
  facet normal -1 0 0
    outer loop
      vertex -102.5 -36.7896 115.2
      vertex -102.5 -33.8919 115.976
      vertex -102.5 -36.6291 114.476
    endloop
  endfacet
  facet normal -1 0 0
    outer loop
      vertex -102.5 -38.0372 108.125
      vertex -102.5 -35.5798 106.404
      vertex -102.5 -36.1905 105.608
    endloop
  endfacet
  facet normal -1 -0 0
    outer loop
      vertex -102.5 -33.8919 115.976
      vertex -102.5 -36.7896 115.2
      vertex -102.5 -34.1935 116.933
    endloop
  endfacet
  facet normal -1 0 0
    outer loop
      vertex -102.5 -37.0126 115.907
      vertex -102.5 -34.1935 116.933
      vertex -102.5 -36.7896 115.2
    endloop
  endfacet
  facet normal -1 0 0
    outer loop
      vertex -102.5 -33.5438 111.998
      vertex -102.5 -36.5323 112.259
      vertex -102.5 -36.5 113
    endloop
  endfacet
  facet normal -1 0 0
    outer loop
      vertex -102.5 -33.6747 111.003
      vertex -102.5 -36.6291 111.524
      vertex -102.5 -36.5323 112.259
    endloop
  endfacet
  facet normal -1 0 0
    outer loop
      vertex -102.5 -33.8919 110.024
      vertex -102.5 -36.7896 110.8
      vertex -102.5 -36.6291 111.524
    endloop
  endfacet
  facet normal -1 0 0
    outer loop
      vertex -102.5 -38.4886 107.536
      vertex -102.5 -36.1905 105.608
      vertex -102.5 -36.8683 104.868
    endloop
  endfacet
  facet normal -1 0 0
    outer loop
      vertex -102.5 -34.1935 109.067
      vertex -102.5 -37.0126 110.093
      vertex -102.5 -36.7896 110.8
    endloop
  endfacet
  facet normal -1 0 0
    outer loop
      vertex -102.5 -34.5775 108.14
      vertex -102.5 -37.2964 109.408
      vertex -102.5 -37.0126 110.093
    endloop
  endfacet
  facet normal -1 0 0
    outer loop
      vertex -102.5 -38.9896 106.99
      vertex -102.5 -36.8683 104.868
      vertex -102.5 -37.6079 104.19
    endloop
  endfacet
  facet normal -1 0 0
    outer loop
      vertex -102.5 -35.0407 107.25
      vertex -102.5 -37.6388 108.75
      vertex -102.5 -37.2964 109.408
    endloop
  endfacet
  facet normal -1 0 0
    outer loop
      vertex -102.5 -35.5798 106.404
      vertex -102.5 -38.0372 108.125
      vertex -102.5 -37.6388 108.75
    endloop
  endfacet
  facet normal -1 0 0
    outer loop
      vertex -102.5 -39.5363 106.489
      vertex -102.5 -37.6079 104.19
      vertex -102.5 -38.4039 103.58
    endloop
  endfacet
  facet normal -1 0 0
    outer loop
      vertex -102.5 -36.1905 105.608
      vertex -102.5 -38.4886 107.536
      vertex -102.5 -38.0372 108.125
    endloop
  endfacet
  facet normal -1 0 0
    outer loop
      vertex -102.5 -36.8683 104.868
      vertex -102.5 -38.9896 106.99
      vertex -102.5 -38.4886 107.536
    endloop
  endfacet
  facet normal -1 0 0
    outer loop
      vertex -102.5 -40.1246 106.037
      vertex -102.5 -38.4039 103.58
      vertex -102.5 -39.25 103.041
    endloop
  endfacet
  facet normal -1 0 0
    outer loop
      vertex -102.5 -37.6079 104.19
      vertex -102.5 -39.5363 106.489
      vertex -102.5 -38.9896 106.99
    endloop
  endfacet
  facet normal -1 0 0
    outer loop
      vertex -102.5 -38.4039 103.58
      vertex -102.5 -40.1246 106.037
      vertex -102.5 -39.5363 106.489
    endloop
  endfacet
  facet normal -1 0 0
    outer loop
      vertex -102.5 -40.75 105.639
      vertex -102.5 -39.25 103.041
      vertex -102.5 -40.1399 102.577
    endloop
  endfacet
  facet normal -1 0 0
    outer loop
      vertex -102.5 -39.25 103.041
      vertex -102.5 -40.75 105.639
      vertex -102.5 -40.1246 106.037
    endloop
  endfacet
  facet normal -1 0 0
    outer loop
      vertex -102.5 -41.4077 105.296
      vertex -102.5 -40.1399 102.577
      vertex -102.5 -41.0668 102.194
    endloop
  endfacet
  facet normal -1 0 0
    outer loop
      vertex -102.5 -40.1399 102.577
      vertex -102.5 -41.4077 105.296
      vertex -102.5 -40.75 105.639
    endloop
  endfacet
  facet normal -1 0 0
    outer loop
      vertex -102.5 -42.0928 105.013
      vertex -102.5 -41.0668 102.194
      vertex -102.5 -42.0236 101.892
    endloop
  endfacet
  facet normal -1 0 0
    outer loop
      vertex -102.5 -41.0668 102.194
      vertex -102.5 -42.0928 105.013
      vertex -102.5 -41.4077 105.296
    endloop
  endfacet
  facet normal -1 0 0
    outer loop
      vertex -102.5 -42.0236 101.892
      vertex -102.5 -42.8 104.79
      vertex -102.5 -42.0928 105.013
    endloop
  endfacet
  facet normal -1 0 0
    outer loop
      vertex -102.5 -43.003 101.675
      vertex -102.5 -42.8 104.79
      vertex -102.5 -42.0236 101.892
    endloop
  endfacet
  facet normal -1 0 0
    outer loop
      vertex -102.5 -43.003 101.675
      vertex -102.5 -43.524 104.629
      vertex -102.5 -42.8 104.79
    endloop
  endfacet
  facet normal -1 0 0
    outer loop
      vertex -102.5 -43.9977 101.544
      vertex -102.5 -43.524 104.629
      vertex -102.5 -43.003 101.675
    endloop
  endfacet
  facet normal -1 0 0
    outer loop
      vertex -102.5 -43.9977 101.544
      vertex -102.5 -44.2592 104.532
      vertex -102.5 -43.524 104.629
    endloop
  endfacet
  facet normal -1 0 0
    outer loop
      vertex -102.5 -45 101.5
      vertex -102.5 -44.2592 104.532
      vertex -102.5 -43.9977 101.544
    endloop
  endfacet
  facet normal -1 0 0
    outer loop
      vertex -102.5 -45 101.5
      vertex -102.5 -45 104.5
      vertex -102.5 -44.2592 104.532
    endloop
  endfacet
  facet normal -1 0 0
    outer loop
      vertex -102.5 -45 101.5
      vertex -102.5 -45.7408 104.532
      vertex -102.5 -45 104.5
    endloop
  endfacet
  facet normal -1 0 0
    outer loop
      vertex -102.5 -46.0023 101.544
      vertex -102.5 -45.7408 104.532
      vertex -102.5 -45 101.5
    endloop
  endfacet
  facet normal -1 0 0
    outer loop
      vertex -102.5 -46.0023 101.544
      vertex -102.5 -46.476 104.629
      vertex -102.5 -45.7408 104.532
    endloop
  endfacet
  facet normal -1 0 0
    outer loop
      vertex -102.5 -46.997 101.675
      vertex -102.5 -46.476 104.629
      vertex -102.5 -46.0023 101.544
    endloop
  endfacet
  facet normal -1 0 0
    outer loop
      vertex -102.5 -46.997 101.675
      vertex -102.5 -47.2 104.79
      vertex -102.5 -46.476 104.629
    endloop
  endfacet
  facet normal -1 0 0
    outer loop
      vertex -102.5 -47.9764 101.892
      vertex -102.5 -47.2 104.79
      vertex -102.5 -46.997 101.675
    endloop
  endfacet
  facet normal -1 -0 0
    outer loop
      vertex -102.5 -47.2 104.79
      vertex -102.5 -47.9764 101.892
      vertex -102.5 -47.9072 105.013
    endloop
  endfacet
  facet normal -1 0 0
    outer loop
      vertex -102.5 -48.9332 102.194
      vertex -102.5 -47.9072 105.013
      vertex -102.5 -47.9764 101.892
    endloop
  endfacet
  facet normal -1 -0 0
    outer loop
      vertex -102.5 -47.9072 105.013
      vertex -102.5 -48.9332 102.194
      vertex -102.5 -48.5923 105.296
    endloop
  endfacet
  facet normal -1 0 0
    outer loop
      vertex -102.5 -49.8601 102.577
      vertex -102.5 -48.5923 105.296
      vertex -102.5 -48.9332 102.194
    endloop
  endfacet
  facet normal -1 -0 0
    outer loop
      vertex -102.5 -48.5923 105.296
      vertex -102.5 -49.8601 102.577
      vertex -102.5 -49.25 105.639
    endloop
  endfacet
  facet normal -1 0 0
    outer loop
      vertex -102.5 -50.75 103.041
      vertex -102.5 -49.25 105.639
      vertex -102.5 -49.8601 102.577
    endloop
  endfacet
  facet normal -1 -0 0
    outer loop
      vertex -102.5 -49.25 105.639
      vertex -102.5 -50.75 103.041
      vertex -102.5 -49.8754 106.037
    endloop
  endfacet
  facet normal -1 0 0
    outer loop
      vertex -102.5 -51.5961 103.58
      vertex -102.5 -49.8754 106.037
      vertex -102.5 -50.75 103.041
    endloop
  endfacet
  facet normal -1 -0 0
    outer loop
      vertex -102.5 -49.8754 106.037
      vertex -102.5 -51.5961 103.58
      vertex -102.5 -50.4637 106.489
    endloop
  endfacet
  facet normal -1 0 0
    outer loop
      vertex -102.5 -52.3921 104.19
      vertex -102.5 -50.4637 106.489
      vertex -102.5 -51.5961 103.58
    endloop
  endfacet
  facet normal -1 -0 0
    outer loop
      vertex -102.5 -50.4637 106.489
      vertex -102.5 -52.3921 104.19
      vertex -102.5 -51.0104 106.99
    endloop
  endfacet
  facet normal -1 0 0
    outer loop
      vertex -102.5 -53.1317 104.868
      vertex -102.5 -51.0104 106.99
      vertex -102.5 -52.3921 104.19
    endloop
  endfacet
  facet normal -1 -0 0
    outer loop
      vertex -102.5 -51.0104 106.99
      vertex -102.5 -53.1317 104.868
      vertex -102.5 -51.5114 107.536
    endloop
  endfacet
  facet normal -1 0 0
    outer loop
      vertex -102.5 -53.8095 105.608
      vertex -102.5 -51.5114 107.536
      vertex -102.5 -53.1317 104.868
    endloop
  endfacet
  facet normal -1 -0 0
    outer loop
      vertex -102.5 -51.5114 107.536
      vertex -102.5 -53.8095 105.608
      vertex -102.5 -51.9628 108.125
    endloop
  endfacet
  facet normal -1 0 0
    outer loop
      vertex -102.5 -54.4202 106.404
      vertex -102.5 -51.9628 108.125
      vertex -102.5 -53.8095 105.608
    endloop
  endfacet
  facet normal -1 -0 0
    outer loop
      vertex -102.5 -51.9628 108.125
      vertex -102.5 -54.4202 106.404
      vertex -102.5 -52.3612 108.75
    endloop
  endfacet
  facet normal -1 0 0
    outer loop
      vertex -102.5 -54.9593 107.25
      vertex -102.5 -52.3612 108.75
      vertex -102.5 -54.4202 106.404
    endloop
  endfacet
  facet normal -1 -0 0
    outer loop
      vertex -102.5 -52.3612 108.75
      vertex -102.5 -54.9593 107.25
      vertex -102.5 -52.7036 109.408
    endloop
  endfacet
  facet normal -1 0 0
    outer loop
      vertex -102.5 -55.4225 108.14
      vertex -102.5 -52.7036 109.408
      vertex -102.5 -54.9593 107.25
    endloop
  endfacet
  facet normal -1 0 0
    outer loop
      vertex -102.5 -55.8065 109.067
      vertex -102.5 -52.9874 110.093
      vertex -102.5 -55.4225 108.14
    endloop
  endfacet
  facet normal -1 -0 0
    outer loop
      vertex -102.5 -52.7036 109.408
      vertex -102.5 -55.4225 108.14
      vertex -102.5 -52.9874 110.093
    endloop
  endfacet
  facet normal -1 -0 0
    outer loop
      vertex -102.5 -34.1935 116.933
      vertex -102.5 -37.0126 115.907
      vertex -102.5 -34.5775 117.86
    endloop
  endfacet
  facet normal -1 0 0
    outer loop
      vertex -102.5 -37.2964 116.592
      vertex -102.5 -34.5775 117.86
      vertex -102.5 -37.0126 115.907
    endloop
  endfacet
  facet normal -1 -0 0
    outer loop
      vertex -102.5 -34.5775 117.86
      vertex -102.5 -37.2964 116.592
      vertex -102.5 -35.0407 118.75
    endloop
  endfacet
  facet normal -1 0 0
    outer loop
      vertex -102.5 -37.6388 117.25
      vertex -102.5 -35.0407 118.75
      vertex -102.5 -37.2964 116.592
    endloop
  endfacet
  facet normal -1 -0 0
    outer loop
      vertex -102.5 -35.0407 118.75
      vertex -102.5 -37.6388 117.25
      vertex -102.5 -35.5798 119.596
    endloop
  endfacet
  facet normal -1 0 0
    outer loop
      vertex -102.5 -38.0372 117.875
      vertex -102.5 -35.5798 119.596
      vertex -102.5 -37.6388 117.25
    endloop
  endfacet
  facet normal -1 -0 0
    outer loop
      vertex -102.5 -35.5798 119.596
      vertex -102.5 -38.0372 117.875
      vertex -102.5 -36.1905 120.392
    endloop
  endfacet
  facet normal -1 0 0
    outer loop
      vertex -102.5 -38.4886 118.464
      vertex -102.5 -36.1905 120.392
      vertex -102.5 -38.0372 117.875
    endloop
  endfacet
  facet normal -1 -0 0
    outer loop
      vertex -102.5 -36.1905 120.392
      vertex -102.5 -38.4886 118.464
      vertex -102.5 -36.8683 121.132
    endloop
  endfacet
  facet normal -1 0 0
    outer loop
      vertex -102.5 -38.9896 119.01
      vertex -102.5 -36.8683 121.132
      vertex -102.5 -38.4886 118.464
    endloop
  endfacet
  facet normal -1 -0 0
    outer loop
      vertex -102.5 -36.8683 121.132
      vertex -102.5 -38.9896 119.01
      vertex -102.5 -37.6079 121.81
    endloop
  endfacet
  facet normal -1 0 0
    outer loop
      vertex -102.5 -39.5363 119.511
      vertex -102.5 -37.6079 121.81
      vertex -102.5 -38.9896 119.01
    endloop
  endfacet
  facet normal -1 -0 0
    outer loop
      vertex -102.5 -37.6079 121.81
      vertex -102.5 -39.5363 119.511
      vertex -102.5 -38.4039 122.42
    endloop
  endfacet
  facet normal -1 0 0
    outer loop
      vertex -102.5 -40.1246 119.963
      vertex -102.5 -38.4039 122.42
      vertex -102.5 -39.5363 119.511
    endloop
  endfacet
  facet normal -1 -0 0
    outer loop
      vertex -102.5 -38.4039 122.42
      vertex -102.5 -40.1246 119.963
      vertex -102.5 -39.25 122.959
    endloop
  endfacet
  facet normal -1 0 0
    outer loop
      vertex -102.5 -40.75 120.361
      vertex -102.5 -39.25 122.959
      vertex -102.5 -40.1246 119.963
    endloop
  endfacet
  facet normal -1 -0 0
    outer loop
      vertex -102.5 -39.25 122.959
      vertex -102.5 -40.75 120.361
      vertex -102.5 -40.1399 123.423
    endloop
  endfacet
  facet normal -1 0 0
    outer loop
      vertex -102.5 -41.4077 120.704
      vertex -102.5 -40.1399 123.423
      vertex -102.5 -40.75 120.361
    endloop
  endfacet
  facet normal -1 -0 0
    outer loop
      vertex -102.5 -40.1399 123.423
      vertex -102.5 -41.4077 120.704
      vertex -102.5 -41.0668 123.806
    endloop
  endfacet
  facet normal -1 0 0
    outer loop
      vertex -102.5 -42.0928 120.987
      vertex -102.5 -41.0668 123.806
      vertex -102.5 -41.4077 120.704
    endloop
  endfacet
  facet normal -1 -0 0
    outer loop
      vertex -102.5 -41.0668 123.806
      vertex -102.5 -42.0928 120.987
      vertex -102.5 -42.0236 124.108
    endloop
  endfacet
  facet normal -1 0 0
    outer loop
      vertex -102.5 -42.8 121.21
      vertex -102.5 -42.0236 124.108
      vertex -102.5 -42.0928 120.987
    endloop
  endfacet
  facet normal -1 0 0
    outer loop
      vertex -102.5 -42.8 121.21
      vertex -102.5 -43.003 124.325
      vertex -102.5 -42.0236 124.108
    endloop
  endfacet
  facet normal -1 0 0
    outer loop
      vertex -102.5 -43.524 121.371
      vertex -102.5 -43.003 124.325
      vertex -102.5 -42.8 121.21
    endloop
  endfacet
  facet normal -1 0 0
    outer loop
      vertex -102.5 -43.524 121.371
      vertex -102.5 -43.9977 124.456
      vertex -102.5 -43.003 124.325
    endloop
  endfacet
  facet normal -1 0 0
    outer loop
      vertex -102.5 -44.2592 121.468
      vertex -102.5 -43.9977 124.456
      vertex -102.5 -43.524 121.371
    endloop
  endfacet
  facet normal -1 0 0
    outer loop
      vertex -102.5 -45 121.5
      vertex -102.5 -43.9977 124.456
      vertex -102.5 -44.2592 121.468
    endloop
  endfacet
  facet normal -1 0 0
    outer loop
      vertex -102.5 -45 121.5
      vertex -102.5 -45 124.5
      vertex -102.5 -43.9977 124.456
    endloop
  endfacet
  facet normal -1 0 0
    outer loop
      vertex -102.5 -45.7408 121.468
      vertex -102.5 -45 124.5
      vertex -102.5 -45 121.5
    endloop
  endfacet
  facet normal -1 0 0
    outer loop
      vertex -102.5 -45.7408 121.468
      vertex -102.5 -46.0023 124.456
      vertex -102.5 -45 124.5
    endloop
  endfacet
  facet normal -1 0 0
    outer loop
      vertex -102.5 -46.476 121.371
      vertex -102.5 -46.0023 124.456
      vertex -102.5 -45.7408 121.468
    endloop
  endfacet
  facet normal -1 0 0
    outer loop
      vertex -102.5 -46.476 121.371
      vertex -102.5 -46.997 124.325
      vertex -102.5 -46.0023 124.456
    endloop
  endfacet
  facet normal -1 0 0
    outer loop
      vertex -102.5 -47.2 121.21
      vertex -102.5 -46.997 124.325
      vertex -102.5 -46.476 121.371
    endloop
  endfacet
  facet normal -1 0 0
    outer loop
      vertex -102.5 -47.9764 124.108
      vertex -102.5 -47.2 121.21
      vertex -102.5 -47.9072 120.987
    endloop
  endfacet
  facet normal -1 0 0
    outer loop
      vertex -102.5 -47.2 121.21
      vertex -102.5 -47.9764 124.108
      vertex -102.5 -46.997 124.325
    endloop
  endfacet
  facet normal -1 0 0
    outer loop
      vertex -102.5 -48.9332 123.806
      vertex -102.5 -47.9072 120.987
      vertex -102.5 -48.5923 120.704
    endloop
  endfacet
  facet normal -1 0 0
    outer loop
      vertex -102.5 -47.9072 120.987
      vertex -102.5 -48.9332 123.806
      vertex -102.5 -47.9764 124.108
    endloop
  endfacet
  facet normal -1 0 0
    outer loop
      vertex -102.5 -49.8601 123.423
      vertex -102.5 -48.5923 120.704
      vertex -102.5 -49.25 120.361
    endloop
  endfacet
  facet normal -1 0 0
    outer loop
      vertex -102.5 -48.5923 120.704
      vertex -102.5 -49.8601 123.423
      vertex -102.5 -48.9332 123.806
    endloop
  endfacet
  facet normal -1 0 0
    outer loop
      vertex -102.5 -50.75 122.959
      vertex -102.5 -49.25 120.361
      vertex -102.5 -49.8754 119.963
    endloop
  endfacet
  facet normal -1 0 0
    outer loop
      vertex -102.5 -51.5961 122.42
      vertex -102.5 -49.8754 119.963
      vertex -102.5 -50.4637 119.511
    endloop
  endfacet
  facet normal -1 0 0
    outer loop
      vertex -102.5 -49.25 120.361
      vertex -102.5 -50.75 122.959
      vertex -102.5 -49.8601 123.423
    endloop
  endfacet
  facet normal -1 0 0
    outer loop
      vertex -102.5 -52.3921 121.81
      vertex -102.5 -50.4637 119.511
      vertex -102.5 -51.0104 119.01
    endloop
  endfacet
  facet normal -1 0 0
    outer loop
      vertex -102.5 -53.1317 121.132
      vertex -102.5 -51.0104 119.01
      vertex -102.5 -51.5114 118.464
    endloop
  endfacet
  facet normal -1 0 0
    outer loop
      vertex -102.5 -49.8754 119.963
      vertex -102.5 -51.5961 122.42
      vertex -102.5 -50.75 122.959
    endloop
  endfacet
  facet normal -1 0 0
    outer loop
      vertex -102.5 -53.8095 120.392
      vertex -102.5 -51.5114 118.464
      vertex -102.5 -51.9628 117.875
    endloop
  endfacet
  facet normal -1 0 0
    outer loop
      vertex -102.5 -54.4202 119.596
      vertex -102.5 -51.9628 117.875
      vertex -102.5 -52.3612 117.25
    endloop
  endfacet
  facet normal -1 0 0
    outer loop
      vertex -102.5 -50.4637 119.511
      vertex -102.5 -52.3921 121.81
      vertex -102.5 -51.5961 122.42
    endloop
  endfacet
  facet normal -1 0 0
    outer loop
      vertex -102.5 -54.9593 118.75
      vertex -102.5 -52.3612 117.25
      vertex -102.5 -52.7036 116.592
    endloop
  endfacet
  facet normal -1 0 0
    outer loop
      vertex -102.5 -55.4225 117.86
      vertex -102.5 -52.7036 116.592
      vertex -102.5 -52.9874 115.907
    endloop
  endfacet
  facet normal -1 0 0
    outer loop
      vertex -102.5 -51.0104 119.01
      vertex -102.5 -53.1317 121.132
      vertex -102.5 -52.3921 121.81
    endloop
  endfacet
  facet normal -1 0 0
    outer loop
      vertex -102.5 -55.8065 116.933
      vertex -102.5 -52.9874 115.907
      vertex -102.5 -53.2104 115.2
    endloop
  endfacet
  facet normal -1 0 0
    outer loop
      vertex -102.5 -56.1081 115.976
      vertex -102.5 -53.2104 115.2
      vertex -102.5 -53.3709 114.476
    endloop
  endfacet
  facet normal -1 0 0
    outer loop
      vertex -102.5 -56.3253 114.997
      vertex -102.5 -53.3709 114.476
      vertex -102.5 -53.4677 113.741
    endloop
  endfacet
  facet normal -1 0 0
    outer loop
      vertex -102.5 -51.5114 118.464
      vertex -102.5 -53.8095 120.392
      vertex -102.5 -53.1317 121.132
    endloop
  endfacet
  facet normal -1 0 0
    outer loop
      vertex -102.5 -56.4562 114.002
      vertex -102.5 -53.4677 113.741
      vertex -102.5 -53.5 113
    endloop
  endfacet
  facet normal -1 -0 0
    outer loop
      vertex -102.5 -52.9874 110.093
      vertex -102.5 -55.8065 109.067
      vertex -102.5 -53.2104 110.8
    endloop
  endfacet
  facet normal -1 0 0
    outer loop
      vertex -102.5 -56.1081 110.024
      vertex -102.5 -53.2104 110.8
      vertex -102.5 -55.8065 109.067
    endloop
  endfacet
  facet normal -1 0 0
    outer loop
      vertex -102.5 -51.9628 117.875
      vertex -102.5 -54.4202 119.596
      vertex -102.5 -53.8095 120.392
    endloop
  endfacet
  facet normal -1 -0 0
    outer loop
      vertex -102.5 -53.2104 110.8
      vertex -102.5 -56.1081 110.024
      vertex -102.5 -53.3709 111.524
    endloop
  endfacet
  facet normal -1 0 0
    outer loop
      vertex -102.5 -52.3612 117.25
      vertex -102.5 -54.9593 118.75
      vertex -102.5 -54.4202 119.596
    endloop
  endfacet
  facet normal -1 0 0
    outer loop
      vertex -102.5 -56.3253 111.003
      vertex -102.5 -53.3709 111.524
      vertex -102.5 -56.1081 110.024
    endloop
  endfacet
  facet normal -1 0 0
    outer loop
      vertex -102.5 -52.7036 116.592
      vertex -102.5 -55.4225 117.86
      vertex -102.5 -54.9593 118.75
    endloop
  endfacet
  facet normal -1 -0 0
    outer loop
      vertex -102.5 -53.3709 111.524
      vertex -102.5 -56.3253 111.003
      vertex -102.5 -53.4677 112.259
    endloop
  endfacet
  facet normal -1 0 0
    outer loop
      vertex -102.5 -52.9874 115.907
      vertex -102.5 -55.8065 116.933
      vertex -102.5 -55.4225 117.86
    endloop
  endfacet
  facet normal -1 0 0
    outer loop
      vertex -102.5 -56.4562 111.998
      vertex -102.5 -53.4677 112.259
      vertex -102.5 -56.3253 111.003
    endloop
  endfacet
  facet normal -1 0 0
    outer loop
      vertex -102.5 -53.2104 115.2
      vertex -102.5 -56.1081 115.976
      vertex -102.5 -55.8065 116.933
    endloop
  endfacet
  facet normal -1 -0 0
    outer loop
      vertex -102.5 -53.4677 112.259
      vertex -102.5 -56.4562 111.998
      vertex -102.5 -53.5 113
    endloop
  endfacet
  facet normal -1 0 0
    outer loop
      vertex -102.5 -53.3709 114.476
      vertex -102.5 -56.3253 114.997
      vertex -102.5 -56.1081 115.976
    endloop
  endfacet
  facet normal -1 0 0
    outer loop
      vertex -102.5 -56.5 113
      vertex -102.5 -53.5 113
      vertex -102.5 -56.4562 111.998
    endloop
  endfacet
  facet normal -1 0 0
    outer loop
      vertex -102.5 -53.4677 113.741
      vertex -102.5 -56.4562 114.002
      vertex -102.5 -56.3253 114.997
    endloop
  endfacet
  facet normal -1 0 0
    outer loop
      vertex -102.5 -53.5 113
      vertex -102.5 -56.5 113
      vertex -102.5 -56.4562 114.002
    endloop
  endfacet
  facet normal 0 -0.991457 0.130434
    outer loop
      vertex -102.5 -56.4562 114.002
      vertex -93.5 -56.3253 114.997
      vertex -102.5 -56.3253 114.997
    endloop
  endfacet
  facet normal 0 -0.991457 0.130434
    outer loop
      vertex -93.5 -56.3253 114.997
      vertex -102.5 -56.4562 114.002
      vertex -93.5 -56.4562 114.002
    endloop
  endfacet
  facet normal 1 0 0
    outer loop
      vertex -93.5 -33.5438 114.002
      vertex -93.5 -33.5438 111.998
      vertex -93.5 -33.5 113
    endloop
  endfacet
  facet normal 1 0 0
    outer loop
      vertex -93.5 -33.6747 114.997
      vertex -93.5 -33.5438 111.998
      vertex -93.5 -33.5438 114.002
    endloop
  endfacet
  facet normal 1 0 0
    outer loop
      vertex -93.5 -33.6747 114.997
      vertex -93.5 -33.6747 111.003
      vertex -93.5 -33.5438 111.998
    endloop
  endfacet
  facet normal 1 0 0
    outer loop
      vertex -93.5 -33.8919 115.976
      vertex -93.5 -33.6747 111.003
      vertex -93.5 -33.6747 114.997
    endloop
  endfacet
  facet normal 1 0 0
    outer loop
      vertex -93.5 -33.8919 115.976
      vertex -93.5 -33.8919 110.024
      vertex -93.5 -33.6747 111.003
    endloop
  endfacet
  facet normal 1 0 0
    outer loop
      vertex -93.5 -34.1935 116.933
      vertex -93.5 -33.8919 110.024
      vertex -93.5 -33.8919 115.976
    endloop
  endfacet
  facet normal 1 0 0
    outer loop
      vertex -93.5 -34.1935 116.933
      vertex -93.5 -34.1935 109.067
      vertex -93.5 -33.8919 110.024
    endloop
  endfacet
  facet normal 1 0 0
    outer loop
      vertex -93.5 -34.5775 117.86
      vertex -93.5 -34.1935 109.067
      vertex -93.5 -34.1935 116.933
    endloop
  endfacet
  facet normal 1 0 0
    outer loop
      vertex -93.5 -34.5775 117.86
      vertex -93.5 -34.5775 108.14
      vertex -93.5 -34.1935 109.067
    endloop
  endfacet
  facet normal 1 0 0
    outer loop
      vertex -93.5 -35.0407 118.75
      vertex -93.5 -34.5775 108.14
      vertex -93.5 -34.5775 117.86
    endloop
  endfacet
  facet normal 1 0 0
    outer loop
      vertex -93.5 -35.0407 118.75
      vertex -93.5 -35.0407 107.25
      vertex -93.5 -34.5775 108.14
    endloop
  endfacet
  facet normal 1 0 0
    outer loop
      vertex -93.5 -35.5798 119.596
      vertex -93.5 -35.0407 107.25
      vertex -93.5 -35.0407 118.75
    endloop
  endfacet
  facet normal 1 0 0
    outer loop
      vertex -93.5 -35.5798 119.596
      vertex -93.5 -35.5798 106.404
      vertex -93.5 -35.0407 107.25
    endloop
  endfacet
  facet normal 1 0 0
    outer loop
      vertex -93.5 -36.1905 120.392
      vertex -93.5 -35.5798 106.404
      vertex -93.5 -35.5798 119.596
    endloop
  endfacet
  facet normal 1 0 0
    outer loop
      vertex -93.5 -36.1905 120.392
      vertex -93.5 -36.1905 105.608
      vertex -93.5 -35.5798 106.404
    endloop
  endfacet
  facet normal 1 0 0
    outer loop
      vertex -93.5 -36.8683 121.132
      vertex -93.5 -36.1905 105.608
      vertex -93.5 -36.1905 120.392
    endloop
  endfacet
  facet normal 1 0 0
    outer loop
      vertex -93.5 -36.8683 121.132
      vertex -93.5 -36.8683 104.868
      vertex -93.5 -36.1905 105.608
    endloop
  endfacet
  facet normal 1 0 0
    outer loop
      vertex -93.5 -37.6079 121.81
      vertex -93.5 -36.8683 104.868
      vertex -93.5 -36.8683 121.132
    endloop
  endfacet
  facet normal 1 0 0
    outer loop
      vertex -93.5 -37.6079 121.81
      vertex -93.5 -37.6079 104.19
      vertex -93.5 -36.8683 104.868
    endloop
  endfacet
  facet normal 1 0 0
    outer loop
      vertex -93.5 -38.4039 122.42
      vertex -93.5 -37.6079 104.19
      vertex -93.5 -37.6079 121.81
    endloop
  endfacet
  facet normal 1 0 0
    outer loop
      vertex -93.5 -38.4039 122.42
      vertex -93.5 -38.4039 103.58
      vertex -93.5 -37.6079 104.19
    endloop
  endfacet
  facet normal 1 0 0
    outer loop
      vertex -93.5 -39.25 122.959
      vertex -93.5 -38.4039 103.58
      vertex -93.5 -38.4039 122.42
    endloop
  endfacet
  facet normal 1 0 0
    outer loop
      vertex -93.5 -39.25 122.959
      vertex -93.5 -39.25 103.041
      vertex -93.5 -38.4039 103.58
    endloop
  endfacet
  facet normal 1 0 0
    outer loop
      vertex -93.5 -40.1399 123.423
      vertex -93.5 -39.25 103.041
      vertex -93.5 -39.25 122.959
    endloop
  endfacet
  facet normal 1 0 0
    outer loop
      vertex -93.5 -40.1399 123.423
      vertex -93.5 -40.1399 102.577
      vertex -93.5 -39.25 103.041
    endloop
  endfacet
  facet normal 1 0 0
    outer loop
      vertex -93.5 -41.0668 123.806
      vertex -93.5 -40.1399 102.577
      vertex -93.5 -40.1399 123.423
    endloop
  endfacet
  facet normal 1 0 0
    outer loop
      vertex -93.5 -41.0668 123.806
      vertex -93.5 -41.0668 102.194
      vertex -93.5 -40.1399 102.577
    endloop
  endfacet
  facet normal 1 0 0
    outer loop
      vertex -93.5 -42.0236 124.108
      vertex -93.5 -41.0668 102.194
      vertex -93.5 -41.0668 123.806
    endloop
  endfacet
  facet normal 1 0 0
    outer loop
      vertex -93.5 -42.0236 124.108
      vertex -93.5 -42.0236 101.892
      vertex -93.5 -41.0668 102.194
    endloop
  endfacet
  facet normal 1 0 0
    outer loop
      vertex -93.5 -43.003 124.325
      vertex -93.5 -42.0236 101.892
      vertex -93.5 -42.0236 124.108
    endloop
  endfacet
  facet normal 1 0 0
    outer loop
      vertex -93.5 -43.003 124.325
      vertex -93.5 -43.003 101.675
      vertex -93.5 -42.0236 101.892
    endloop
  endfacet
  facet normal 1 0 0
    outer loop
      vertex -93.5 -43.9977 124.456
      vertex -93.5 -43.003 101.675
      vertex -93.5 -43.003 124.325
    endloop
  endfacet
  facet normal 1 0 0
    outer loop
      vertex -93.5 -43.9977 124.456
      vertex -93.5 -43.9977 101.544
      vertex -93.5 -43.003 101.675
    endloop
  endfacet
  facet normal 1 0 0
    outer loop
      vertex -93.5 -45 124.5
      vertex -93.5 -43.9977 101.544
      vertex -93.5 -43.9977 124.456
    endloop
  endfacet
  facet normal 1 0 0
    outer loop
      vertex -93.5 -45 124.5
      vertex -93.5 -45 101.5
      vertex -93.5 -43.9977 101.544
    endloop
  endfacet
  facet normal 1 -0 0
    outer loop
      vertex -93.5 -46.0023 124.456
      vertex -93.5 -45 101.5
      vertex -93.5 -45 124.5
    endloop
  endfacet
  facet normal 1 0 0
    outer loop
      vertex -93.5 -46.0023 124.456
      vertex -93.5 -46.0023 101.544
      vertex -93.5 -45 101.5
    endloop
  endfacet
  facet normal 1 -0 0
    outer loop
      vertex -93.5 -46.997 124.325
      vertex -93.5 -46.0023 101.544
      vertex -93.5 -46.0023 124.456
    endloop
  endfacet
  facet normal 1 0 0
    outer loop
      vertex -93.5 -46.997 124.325
      vertex -93.5 -46.997 101.675
      vertex -93.5 -46.0023 101.544
    endloop
  endfacet
  facet normal 1 -0 0
    outer loop
      vertex -93.5 -47.9764 124.108
      vertex -93.5 -46.997 101.675
      vertex -93.5 -46.997 124.325
    endloop
  endfacet
  facet normal 1 0 0
    outer loop
      vertex -93.5 -47.9764 124.108
      vertex -93.5 -47.9764 101.892
      vertex -93.5 -46.997 101.675
    endloop
  endfacet
  facet normal 1 -0 0
    outer loop
      vertex -93.5 -48.9332 123.806
      vertex -93.5 -47.9764 101.892
      vertex -93.5 -47.9764 124.108
    endloop
  endfacet
  facet normal 1 0 0
    outer loop
      vertex -93.5 -48.9332 123.806
      vertex -93.5 -48.9332 102.194
      vertex -93.5 -47.9764 101.892
    endloop
  endfacet
  facet normal 1 -0 0
    outer loop
      vertex -93.5 -49.8601 123.423
      vertex -93.5 -48.9332 102.194
      vertex -93.5 -48.9332 123.806
    endloop
  endfacet
  facet normal 1 0 0
    outer loop
      vertex -93.5 -49.8601 123.423
      vertex -93.5 -49.8601 102.577
      vertex -93.5 -48.9332 102.194
    endloop
  endfacet
  facet normal 1 -0 0
    outer loop
      vertex -93.5 -50.75 122.959
      vertex -93.5 -49.8601 102.577
      vertex -93.5 -49.8601 123.423
    endloop
  endfacet
  facet normal 1 0 0
    outer loop
      vertex -93.5 -50.75 122.959
      vertex -93.5 -50.75 103.041
      vertex -93.5 -49.8601 102.577
    endloop
  endfacet
  facet normal 1 -0 0
    outer loop
      vertex -93.5 -51.5961 122.42
      vertex -93.5 -50.75 103.041
      vertex -93.5 -50.75 122.959
    endloop
  endfacet
  facet normal 1 0 0
    outer loop
      vertex -93.5 -51.5961 122.42
      vertex -93.5 -51.5961 103.58
      vertex -93.5 -50.75 103.041
    endloop
  endfacet
  facet normal 1 -0 0
    outer loop
      vertex -93.5 -52.3921 121.81
      vertex -93.5 -51.5961 103.58
      vertex -93.5 -51.5961 122.42
    endloop
  endfacet
  facet normal 1 0 0
    outer loop
      vertex -93.5 -52.3921 121.81
      vertex -93.5 -52.3921 104.19
      vertex -93.5 -51.5961 103.58
    endloop
  endfacet
  facet normal 1 -0 0
    outer loop
      vertex -93.5 -53.1317 121.132
      vertex -93.5 -52.3921 104.19
      vertex -93.5 -52.3921 121.81
    endloop
  endfacet
  facet normal 1 0 0
    outer loop
      vertex -93.5 -53.1317 121.132
      vertex -93.5 -53.1317 104.868
      vertex -93.5 -52.3921 104.19
    endloop
  endfacet
  facet normal 1 -0 0
    outer loop
      vertex -93.5 -53.8095 120.392
      vertex -93.5 -53.1317 104.868
      vertex -93.5 -53.1317 121.132
    endloop
  endfacet
  facet normal 1 0 0
    outer loop
      vertex -93.5 -53.8095 120.392
      vertex -93.5 -53.8095 105.608
      vertex -93.5 -53.1317 104.868
    endloop
  endfacet
  facet normal 1 -0 0
    outer loop
      vertex -93.5 -54.4202 119.596
      vertex -93.5 -53.8095 105.608
      vertex -93.5 -53.8095 120.392
    endloop
  endfacet
  facet normal 1 0 0
    outer loop
      vertex -93.5 -54.4202 119.596
      vertex -93.5 -54.4202 106.404
      vertex -93.5 -53.8095 105.608
    endloop
  endfacet
  facet normal 1 -0 0
    outer loop
      vertex -93.5 -54.9593 118.75
      vertex -93.5 -54.4202 106.404
      vertex -93.5 -54.4202 119.596
    endloop
  endfacet
  facet normal 1 0 0
    outer loop
      vertex -93.5 -54.9593 118.75
      vertex -93.5 -54.9593 107.25
      vertex -93.5 -54.4202 106.404
    endloop
  endfacet
  facet normal 1 -0 0
    outer loop
      vertex -93.5 -55.4225 117.86
      vertex -93.5 -54.9593 107.25
      vertex -93.5 -54.9593 118.75
    endloop
  endfacet
  facet normal 1 0 0
    outer loop
      vertex -93.5 -55.4225 117.86
      vertex -93.5 -55.4225 108.14
      vertex -93.5 -54.9593 107.25
    endloop
  endfacet
  facet normal 1 -0 0
    outer loop
      vertex -93.5 -55.8065 116.933
      vertex -93.5 -55.4225 108.14
      vertex -93.5 -55.4225 117.86
    endloop
  endfacet
  facet normal 1 0 0
    outer loop
      vertex -93.5 -55.8065 116.933
      vertex -93.5 -55.8065 109.067
      vertex -93.5 -55.4225 108.14
    endloop
  endfacet
  facet normal 1 -0 0
    outer loop
      vertex -93.5 -56.1081 115.976
      vertex -93.5 -55.8065 109.067
      vertex -93.5 -55.8065 116.933
    endloop
  endfacet
  facet normal 1 0 0
    outer loop
      vertex -93.5 -56.1081 115.976
      vertex -93.5 -56.1081 110.024
      vertex -93.5 -55.8065 109.067
    endloop
  endfacet
  facet normal 1 -0 0
    outer loop
      vertex -93.5 -56.3253 114.997
      vertex -93.5 -56.1081 110.024
      vertex -93.5 -56.1081 115.976
    endloop
  endfacet
  facet normal 1 0 0
    outer loop
      vertex -93.5 -56.3253 114.997
      vertex -93.5 -56.3253 111.003
      vertex -93.5 -56.1081 110.024
    endloop
  endfacet
  facet normal 1 -0 0
    outer loop
      vertex -93.5 -56.4562 114.002
      vertex -93.5 -56.3253 111.003
      vertex -93.5 -56.3253 114.997
    endloop
  endfacet
  facet normal 1 0 0
    outer loop
      vertex -93.5 -56.4562 114.002
      vertex -93.5 -56.4562 111.998
      vertex -93.5 -56.3253 111.003
    endloop
  endfacet
  facet normal 1 0 -0
    outer loop
      vertex -93.5 -56.4562 111.998
      vertex -93.5 -56.4562 114.002
      vertex -93.5 -56.5 113
    endloop
  endfacet
  facet normal 0 -0.0438568 0.999038
    outer loop
      vertex -102.5 -45 124.5
      vertex -93.5 -46.0023 124.456
      vertex -93.5 -45 124.5
    endloop
  endfacet
  facet normal 0 -0.0438568 0.999038
    outer loop
      vertex -93.5 -46.0023 124.456
      vertex -102.5 -45 124.5
      vertex -102.5 -46.0023 124.456
    endloop
  endfacet
  facet normal 0 -0.991457 -0.130434
    outer loop
      vertex -102.5 -56.3253 111.003
      vertex -93.5 -56.4562 111.998
      vertex -102.5 -56.4562 111.998
    endloop
  endfacet
  facet normal 0 -0.991457 -0.130434
    outer loop
      vertex -93.5 -56.4562 111.998
      vertex -102.5 -56.3253 111.003
      vertex -93.5 -56.3253 111.003
    endloop
  endfacet
  facet normal -0 0.0431549 0.999068
    outer loop
      vertex -131 0.740824 121.468
      vertex -102.5 0 121.5
      vertex -102.5 0.740824 121.468
    endloop
  endfacet
  facet normal 0 0.0431549 0.999068
    outer loop
      vertex -102.5 0 121.5
      vertex -131 0.740824 121.468
      vertex -131 0 121.5
    endloop
  endfacet
  facet normal 0 -0.999048 0.0436157
    outer loop
      vertex -131 -8.5 113
      vertex -102.5 -8.46765 113.741
      vertex -131 -8.46765 113.741
    endloop
  endfacet
  facet normal 0 -0.999048 0.0436157
    outer loop
      vertex -102.5 -8.46765 113.741
      vertex -131 -8.5 113
      vertex -102.5 -8.5 113
    endloop
  endfacet
  facet normal 0 0.736838 0.676069
    outer loop
      vertex -102.5 6.51138 118.464
      vertex -131 6.01041 119.01
      vertex -102.5 6.01041 119.01
    endloop
  endfacet
  facet normal 0 0.736838 0.676069
    outer loop
      vertex -131 6.01041 119.01
      vertex -102.5 6.51138 118.464
      vertex -131 6.51138 118.464
    endloop
  endfacet
  facet normal 0 -0.609261 0.79297
    outer loop
      vertex -131 -4.8754 119.963
      vertex -102.5 -5.46369 119.511
      vertex -102.5 -4.8754 119.963
    endloop
  endfacet
  facet normal 0 -0.609261 0.79297
    outer loop
      vertex -102.5 -5.46369 119.511
      vertex -131 -4.8754 119.963
      vertex -131 -5.46369 119.511
    endloop
  endfacet
  facet normal 0 0.300727 -0.95371
    outer loop
      vertex -131 2.19996 104.79
      vertex -102.5 2.90717 105.013
      vertex -102.5 2.19996 104.79
    endloop
  endfacet
  facet normal 0 0.300727 -0.95371
    outer loop
      vertex -102.5 2.90717 105.013
      vertex -131 2.19996 104.79
      vertex -131 2.90717 105.013
    endloop
  endfacet
  facet normal 0 0.675607 -0.737262
    outer loop
      vertex -131 5.46369 106.489
      vertex -102.5 6.01041 106.99
      vertex -102.5 5.46369 106.489
    endloop
  endfacet
  facet normal 0 0.675607 -0.737262
    outer loop
      vertex -102.5 6.01041 106.99
      vertex -131 5.46369 106.489
      vertex -131 6.01041 106.99
    endloop
  endfacet
  facet normal 0 0.999048 -0.0436157
    outer loop
      vertex -102.5 8.46765 112.259
      vertex -131 8.5 113
      vertex -102.5 8.5 113
    endloop
  endfacet
  facet normal 0 0.999048 -0.0436157
    outer loop
      vertex -131 8.5 113
      vertex -102.5 8.46765 112.259
      vertex -131 8.46765 112.259
    endloop
  endfacet
  facet normal 0 0.887084 -0.461607
    outer loop
      vertex -102.5 7.36122 108.75
      vertex -131 7.70362 109.408
      vertex -102.5 7.70362 109.408
    endloop
  endfacet
  facet normal 0 0.887084 -0.461607
    outer loop
      vertex -131 7.70362 109.408
      vertex -102.5 7.36122 108.75
      vertex -131 7.36122 108.75
    endloop
  endfacet
  facet normal -0 0.536893 0.84365
    outer loop
      vertex -131 4.8754 119.963
      vertex -102.5 4.25 120.361
      vertex -102.5 4.8754 119.963
    endloop
  endfacet
  facet normal 0 0.536893 0.84365
    outer loop
      vertex -102.5 4.25 120.361
      vertex -131 4.8754 119.963
      vertex -131 4.25 120.361
    endloop
  endfacet
  facet normal -0 0.609261 0.79297
    outer loop
      vertex -131 5.46369 119.511
      vertex -102.5 4.8754 119.963
      vertex -102.5 5.46369 119.511
    endloop
  endfacet
  facet normal 0 0.609261 0.79297
    outer loop
      vertex -102.5 4.8754 119.963
      vertex -131 5.46369 119.511
      vertex -131 4.8754 119.963
    endloop
  endfacet
  facet normal 0 -0.462382 -0.886681
    outer loop
      vertex -131 -4.25 105.639
      vertex -102.5 -3.59225 105.296
      vertex -102.5 -4.25 105.639
    endloop
  endfacet
  facet normal -0 -0.462382 -0.886681
    outer loop
      vertex -102.5 -3.59225 105.296
      vertex -131 -4.25 105.639
      vertex -131 -3.59225 105.296
    endloop
  endfacet
  facet normal 0 -0.976298 -0.216431
    outer loop
      vertex -131 -8.21037 110.8
      vertex -102.5 -8.37087 111.524
      vertex -131 -8.37087 111.524
    endloop
  endfacet
  facet normal 0 -0.976298 -0.216431
    outer loop
      vertex -102.5 -8.37087 111.524
      vertex -131 -8.21037 110.8
      vertex -102.5 -8.21037 110.8
    endloop
  endfacet
  facet normal -1 0 0
    outer loop
      vertex -131 8.46765 112.259
      vertex -131 8.46765 113.741
      vertex -131 8.5 113
    endloop
  endfacet
  facet normal -1 0 0
    outer loop
      vertex -131 8.37087 111.524
      vertex -131 8.46765 113.741
      vertex -131 8.46765 112.259
    endloop
  endfacet
  facet normal -1 0 0
    outer loop
      vertex -131 8.37087 111.524
      vertex -131 8.37087 114.476
      vertex -131 8.46765 113.741
    endloop
  endfacet
  facet normal -1 0 0
    outer loop
      vertex -131 8.21037 110.8
      vertex -131 8.37087 114.476
      vertex -131 8.37087 111.524
    endloop
  endfacet
  facet normal -1 0 0
    outer loop
      vertex -131 8.21037 110.8
      vertex -131 8.21037 115.2
      vertex -131 8.37087 114.476
    endloop
  endfacet
  facet normal -1 0 0
    outer loop
      vertex -131 7.98739 110.093
      vertex -131 8.21037 115.2
      vertex -131 8.21037 110.8
    endloop
  endfacet
  facet normal -1 0 0
    outer loop
      vertex -131 7.98739 110.093
      vertex -131 7.98739 115.907
      vertex -131 8.21037 115.2
    endloop
  endfacet
  facet normal -1 0 0
    outer loop
      vertex -131 7.70362 109.408
      vertex -131 7.98739 115.907
      vertex -131 7.98739 110.093
    endloop
  endfacet
  facet normal -1 0 0
    outer loop
      vertex -131 7.70362 109.408
      vertex -131 7.70362 116.592
      vertex -131 7.98739 115.907
    endloop
  endfacet
  facet normal -1 0 0
    outer loop
      vertex -131 7.36122 108.75
      vertex -131 7.70362 116.592
      vertex -131 7.70362 109.408
    endloop
  endfacet
  facet normal -1 0 0
    outer loop
      vertex -131 7.36122 108.75
      vertex -131 7.36122 117.25
      vertex -131 7.70362 116.592
    endloop
  endfacet
  facet normal -1 0 0
    outer loop
      vertex -131 6.96279 108.125
      vertex -131 7.36122 117.25
      vertex -131 7.36122 108.75
    endloop
  endfacet
  facet normal -1 0 0
    outer loop
      vertex -131 6.96279 108.125
      vertex -131 6.96279 117.875
      vertex -131 7.36122 117.25
    endloop
  endfacet
  facet normal -1 0 0
    outer loop
      vertex -131 6.51138 107.536
      vertex -131 6.96279 117.875
      vertex -131 6.96279 108.125
    endloop
  endfacet
  facet normal -1 0 0
    outer loop
      vertex -131 6.51138 107.536
      vertex -131 6.51138 118.464
      vertex -131 6.96279 117.875
    endloop
  endfacet
  facet normal -1 0 0
    outer loop
      vertex -131 6.01041 106.99
      vertex -131 6.51138 118.464
      vertex -131 6.51138 107.536
    endloop
  endfacet
  facet normal -1 0 0
    outer loop
      vertex -131 6.01041 106.99
      vertex -131 6.01041 119.01
      vertex -131 6.51138 118.464
    endloop
  endfacet
  facet normal -1 0 0
    outer loop
      vertex -131 5.46369 106.489
      vertex -131 6.01041 119.01
      vertex -131 6.01041 106.99
    endloop
  endfacet
  facet normal -1 0 0
    outer loop
      vertex -131 5.46369 106.489
      vertex -131 5.46369 119.511
      vertex -131 6.01041 119.01
    endloop
  endfacet
  facet normal -1 0 0
    outer loop
      vertex -131 4.8754 106.037
      vertex -131 5.46369 119.511
      vertex -131 5.46369 106.489
    endloop
  endfacet
  facet normal -1 0 0
    outer loop
      vertex -131 4.8754 106.037
      vertex -131 4.8754 119.963
      vertex -131 5.46369 119.511
    endloop
  endfacet
  facet normal -1 0 0
    outer loop
      vertex -131 4.25 105.639
      vertex -131 4.8754 119.963
      vertex -131 4.8754 106.037
    endloop
  endfacet
  facet normal -1 0 0
    outer loop
      vertex -131 4.25 105.639
      vertex -131 4.25 120.361
      vertex -131 4.8754 119.963
    endloop
  endfacet
  facet normal -1 0 0
    outer loop
      vertex -131 3.59225 105.296
      vertex -131 4.25 120.361
      vertex -131 4.25 105.639
    endloop
  endfacet
  facet normal -1 0 0
    outer loop
      vertex -131 3.59225 105.296
      vertex -131 3.59225 120.704
      vertex -131 4.25 120.361
    endloop
  endfacet
  facet normal -1 0 0
    outer loop
      vertex -131 2.90717 105.013
      vertex -131 3.59225 120.704
      vertex -131 3.59225 105.296
    endloop
  endfacet
  facet normal -1 0 0
    outer loop
      vertex -131 2.90717 105.013
      vertex -131 2.90717 120.987
      vertex -131 3.59225 120.704
    endloop
  endfacet
  facet normal -1 0 0
    outer loop
      vertex -131 2.19996 104.79
      vertex -131 2.90717 120.987
      vertex -131 2.90717 105.013
    endloop
  endfacet
  facet normal -1 0 0
    outer loop
      vertex -131 2.19996 104.79
      vertex -131 2.19996 121.21
      vertex -131 2.90717 120.987
    endloop
  endfacet
  facet normal -1 0 0
    outer loop
      vertex -131 1.47601 104.629
      vertex -131 2.19996 121.21
      vertex -131 2.19996 104.79
    endloop
  endfacet
  facet normal -1 0 0
    outer loop
      vertex -131 1.47601 104.629
      vertex -131 1.47601 121.371
      vertex -131 2.19996 121.21
    endloop
  endfacet
  facet normal -1 0 0
    outer loop
      vertex -131 0.740824 104.532
      vertex -131 1.47601 121.371
      vertex -131 1.47601 104.629
    endloop
  endfacet
  facet normal -1 0 0
    outer loop
      vertex -131 0.740824 104.532
      vertex -131 0.740824 121.468
      vertex -131 1.47601 121.371
    endloop
  endfacet
  facet normal -1 0 0
    outer loop
      vertex -131 0 104.5
      vertex -131 0.740824 121.468
      vertex -131 0.740824 104.532
    endloop
  endfacet
  facet normal -1 0 0
    outer loop
      vertex -131 0 104.5
      vertex -131 0 121.5
      vertex -131 0.740824 121.468
    endloop
  endfacet
  facet normal -1 0 0
    outer loop
      vertex -131 -0.740824 104.532
      vertex -131 0 121.5
      vertex -131 0 104.5
    endloop
  endfacet
  facet normal -1 0 0
    outer loop
      vertex -131 -0.740824 104.532
      vertex -131 -0.740824 121.468
      vertex -131 0 121.5
    endloop
  endfacet
  facet normal -1 0 0
    outer loop
      vertex -131 -1.47601 104.629
      vertex -131 -0.740824 121.468
      vertex -131 -0.740824 104.532
    endloop
  endfacet
  facet normal -1 0 0
    outer loop
      vertex -131 -1.47601 104.629
      vertex -131 -1.47601 121.371
      vertex -131 -0.740824 121.468
    endloop
  endfacet
  facet normal -1 0 0
    outer loop
      vertex -131 -2.19996 104.79
      vertex -131 -1.47601 121.371
      vertex -131 -1.47601 104.629
    endloop
  endfacet
  facet normal -1 0 0
    outer loop
      vertex -131 -2.19996 104.79
      vertex -131 -2.19996 121.21
      vertex -131 -1.47601 121.371
    endloop
  endfacet
  facet normal -1 0 0
    outer loop
      vertex -131 -2.90717 105.013
      vertex -131 -2.19996 121.21
      vertex -131 -2.19996 104.79
    endloop
  endfacet
  facet normal -1 0 0
    outer loop
      vertex -131 -2.90717 105.013
      vertex -131 -2.90717 120.987
      vertex -131 -2.19996 121.21
    endloop
  endfacet
  facet normal -1 0 0
    outer loop
      vertex -131 -3.59225 105.296
      vertex -131 -2.90717 120.987
      vertex -131 -2.90717 105.013
    endloop
  endfacet
  facet normal -1 0 0
    outer loop
      vertex -131 -3.59225 105.296
      vertex -131 -3.59225 120.704
      vertex -131 -2.90717 120.987
    endloop
  endfacet
  facet normal -1 0 0
    outer loop
      vertex -131 -4.25 105.639
      vertex -131 -3.59225 120.704
      vertex -131 -3.59225 105.296
    endloop
  endfacet
  facet normal -1 0 0
    outer loop
      vertex -131 -4.25 105.639
      vertex -131 -4.25 120.361
      vertex -131 -3.59225 120.704
    endloop
  endfacet
  facet normal -1 0 0
    outer loop
      vertex -131 -4.8754 106.037
      vertex -131 -4.25 120.361
      vertex -131 -4.25 105.639
    endloop
  endfacet
  facet normal -1 0 0
    outer loop
      vertex -131 -4.8754 106.037
      vertex -131 -4.8754 119.963
      vertex -131 -4.25 120.361
    endloop
  endfacet
  facet normal -1 0 0
    outer loop
      vertex -131 -5.46369 106.489
      vertex -131 -4.8754 119.963
      vertex -131 -4.8754 106.037
    endloop
  endfacet
  facet normal -1 0 0
    outer loop
      vertex -131 -5.46369 106.489
      vertex -131 -5.46369 119.511
      vertex -131 -4.8754 119.963
    endloop
  endfacet
  facet normal -1 0 0
    outer loop
      vertex -131 -6.01041 106.99
      vertex -131 -5.46369 119.511
      vertex -131 -5.46369 106.489
    endloop
  endfacet
  facet normal -1 0 0
    outer loop
      vertex -131 -6.01041 106.99
      vertex -131 -6.01041 119.01
      vertex -131 -5.46369 119.511
    endloop
  endfacet
  facet normal -1 0 0
    outer loop
      vertex -131 -6.51138 107.536
      vertex -131 -6.01041 119.01
      vertex -131 -6.01041 106.99
    endloop
  endfacet
  facet normal -1 0 0
    outer loop
      vertex -131 -6.51138 107.536
      vertex -131 -6.51138 118.464
      vertex -131 -6.01041 119.01
    endloop
  endfacet
  facet normal -1 0 0
    outer loop
      vertex -131 -6.96279 108.125
      vertex -131 -6.51138 118.464
      vertex -131 -6.51138 107.536
    endloop
  endfacet
  facet normal -1 0 0
    outer loop
      vertex -131 -6.96279 108.125
      vertex -131 -6.96279 117.875
      vertex -131 -6.51138 118.464
    endloop
  endfacet
  facet normal -1 0 0
    outer loop
      vertex -131 -7.36122 108.75
      vertex -131 -6.96279 117.875
      vertex -131 -6.96279 108.125
    endloop
  endfacet
  facet normal -1 0 0
    outer loop
      vertex -131 -7.36122 108.75
      vertex -131 -7.36122 117.25
      vertex -131 -6.96279 117.875
    endloop
  endfacet
  facet normal -1 0 0
    outer loop
      vertex -131 -7.70362 109.408
      vertex -131 -7.36122 117.25
      vertex -131 -7.36122 108.75
    endloop
  endfacet
  facet normal -1 0 0
    outer loop
      vertex -131 -7.70362 109.408
      vertex -131 -7.70362 116.592
      vertex -131 -7.36122 117.25
    endloop
  endfacet
  facet normal -1 0 0
    outer loop
      vertex -131 -7.98739 110.093
      vertex -131 -7.70362 116.592
      vertex -131 -7.70362 109.408
    endloop
  endfacet
  facet normal -1 0 0
    outer loop
      vertex -131 -7.98739 110.093
      vertex -131 -7.98739 115.907
      vertex -131 -7.70362 116.592
    endloop
  endfacet
  facet normal -1 0 0
    outer loop
      vertex -131 -8.21037 110.8
      vertex -131 -7.98739 115.907
      vertex -131 -7.98739 110.093
    endloop
  endfacet
  facet normal -1 0 0
    outer loop
      vertex -131 -8.21037 110.8
      vertex -131 -8.21037 115.2
      vertex -131 -7.98739 115.907
    endloop
  endfacet
  facet normal -1 0 0
    outer loop
      vertex -131 -8.37087 111.524
      vertex -131 -8.21037 115.2
      vertex -131 -8.21037 110.8
    endloop
  endfacet
  facet normal -1 0 0
    outer loop
      vertex -131 -8.37087 111.524
      vertex -131 -8.37087 114.476
      vertex -131 -8.21037 115.2
    endloop
  endfacet
  facet normal -1 0 0
    outer loop
      vertex -131 -8.46765 112.259
      vertex -131 -8.37087 114.476
      vertex -131 -8.37087 111.524
    endloop
  endfacet
  facet normal -1 0 0
    outer loop
      vertex -131 -8.46765 112.259
      vertex -131 -8.46765 113.741
      vertex -131 -8.37087 114.476
    endloop
  endfacet
  facet normal -1 0 -0
    outer loop
      vertex -131 -8.46765 113.741
      vertex -131 -8.46765 112.259
      vertex -131 -8.5 113
    endloop
  endfacet
  facet normal 0 -0.736838 -0.676069
    outer loop
      vertex -131 -6.01041 106.99
      vertex -102.5 -6.51138 107.536
      vertex -131 -6.51138 107.536
    endloop
  endfacet
  facet normal 0 -0.736838 -0.676069
    outer loop
      vertex -102.5 -6.51138 107.536
      vertex -131 -6.01041 106.99
      vertex -102.5 -6.01041 106.99
    endloop
  endfacet
  facet normal 0 -0.0431549 -0.999068
    outer loop
      vertex -131 -0.740824 104.532
      vertex -102.5 0 104.5
      vertex -102.5 -0.740824 104.532
    endloop
  endfacet
  facet normal -0 -0.0431549 -0.999068
    outer loop
      vertex -102.5 0 104.5
      vertex -131 -0.740824 104.532
      vertex -131 0 104.5
    endloop
  endfacet
  facet normal 0 -0.923863 0.382722
    outer loop
      vertex -131 -7.98739 115.907
      vertex -102.5 -7.70362 116.592
      vertex -131 -7.70362 116.592
    endloop
  endfacet
  facet normal 0 -0.923863 0.382722
    outer loop
      vertex -102.5 -7.70362 116.592
      vertex -131 -7.98739 115.907
      vertex -102.5 -7.98739 115.907
    endloop
  endfacet
  facet normal 0 -0.843232 0.53755
    outer loop
      vertex -131 -7.36122 117.25
      vertex -102.5 -6.96279 117.875
      vertex -131 -6.96279 117.875
    endloop
  endfacet
  facet normal 0 -0.843232 0.53755
    outer loop
      vertex -102.5 -6.96279 117.875
      vertex -131 -7.36122 117.25
      vertex -102.5 -7.36122 117.25
    endloop
  endfacet
  facet normal 0 -0.130806 0.991408
    outer loop
      vertex -131 -0.740824 121.468
      vertex -102.5 -1.47601 121.371
      vertex -102.5 -0.740824 121.468
    endloop
  endfacet
  facet normal 0 -0.130806 0.991408
    outer loop
      vertex -102.5 -1.47601 121.371
      vertex -131 -0.740824 121.468
      vertex -131 -1.47601 121.371
    endloop
  endfacet
  facet normal 0 -0.536893 0.84365
    outer loop
      vertex -131 -4.25 120.361
      vertex -102.5 -4.8754 119.963
      vertex -102.5 -4.25 120.361
    endloop
  endfacet
  facet normal 0 -0.536893 0.84365
    outer loop
      vertex -102.5 -4.8754 119.963
      vertex -131 -4.25 120.361
      vertex -131 -4.8754 119.963
    endloop
  endfacet
  facet normal 0 0.130806 -0.991408
    outer loop
      vertex -131 0.740824 104.532
      vertex -102.5 1.47601 104.629
      vertex -102.5 0.740824 104.532
    endloop
  endfacet
  facet normal 0 0.130806 -0.991408
    outer loop
      vertex -102.5 1.47601 104.629
      vertex -131 0.740824 104.532
      vertex -131 1.47601 104.629
    endloop
  endfacet
  facet normal 0 0.217088 -0.976152
    outer loop
      vertex -131 1.47601 104.629
      vertex -102.5 2.19996 104.79
      vertex -102.5 1.47601 104.629
    endloop
  endfacet
  facet normal 0 0.217088 -0.976152
    outer loop
      vertex -102.5 2.19996 104.79
      vertex -131 1.47601 104.629
      vertex -131 2.19996 104.79
    endloop
  endfacet
  facet normal 0 0.462382 -0.886681
    outer loop
      vertex -131 3.59225 105.296
      vertex -102.5 4.25 105.639
      vertex -102.5 3.59225 105.296
    endloop
  endfacet
  facet normal 0 0.462382 -0.886681
    outer loop
      vertex -102.5 4.25 105.639
      vertex -131 3.59225 105.296
      vertex -131 4.25 105.639
    endloop
  endfacet
  facet normal 0 0.609261 -0.79297
    outer loop
      vertex -131 4.8754 106.037
      vertex -102.5 5.46369 106.489
      vertex -102.5 4.8754 106.037
    endloop
  endfacet
  facet normal 0 0.609261 -0.79297
    outer loop
      vertex -102.5 5.46369 106.489
      vertex -131 4.8754 106.037
      vertex -131 5.46369 106.489
    endloop
  endfacet
  facet normal 0 0.976298 -0.216431
    outer loop
      vertex -102.5 8.21037 110.8
      vertex -131 8.37087 111.524
      vertex -102.5 8.37087 111.524
    endloop
  endfacet
  facet normal 0 0.976298 -0.216431
    outer loop
      vertex -131 8.37087 111.524
      vertex -102.5 8.21037 110.8
      vertex -131 8.21037 110.8
    endloop
  endfacet
  facet normal 0 0.991442 -0.130547
    outer loop
      vertex -102.5 8.37087 111.524
      vertex -131 8.46765 112.259
      vertex -102.5 8.46765 112.259
    endloop
  endfacet
  facet normal 0 0.991442 -0.130547
    outer loop
      vertex -131 8.46765 112.259
      vertex -102.5 8.37087 111.524
      vertex -131 8.37087 111.524
    endloop
  endfacet
  facet normal 0 0.736838 -0.676069
    outer loop
      vertex -102.5 6.01041 106.99
      vertex -131 6.51138 107.536
      vertex -102.5 6.51138 107.536
    endloop
  endfacet
  facet normal 0 0.736838 -0.676069
    outer loop
      vertex -131 6.51138 107.536
      vertex -102.5 6.01041 106.99
      vertex -131 6.01041 106.99
    endloop
  endfacet
  facet normal 0 0.843232 -0.53755
    outer loop
      vertex -102.5 6.96279 108.125
      vertex -131 7.36122 108.75
      vertex -102.5 7.36122 108.75
    endloop
  endfacet
  facet normal 0 0.843232 -0.53755
    outer loop
      vertex -131 7.36122 108.75
      vertex -102.5 6.96279 108.125
      vertex -131 6.96279 108.125
    endloop
  endfacet
  facet normal -0 0.675607 0.737262
    outer loop
      vertex -131 6.01041 119.01
      vertex -102.5 5.46369 119.511
      vertex -102.5 6.01041 119.01
    endloop
  endfacet
  facet normal 0 0.675607 0.737262
    outer loop
      vertex -102.5 5.46369 119.511
      vertex -131 6.01041 119.01
      vertex -131 5.46369 119.511
    endloop
  endfacet
  facet normal -0 0.462382 0.886681
    outer loop
      vertex -131 4.25 120.361
      vertex -102.5 3.59225 120.704
      vertex -102.5 4.25 120.361
    endloop
  endfacet
  facet normal 0 0.462382 0.886681
    outer loop
      vertex -102.5 3.59225 120.704
      vertex -131 4.25 120.361
      vertex -131 3.59225 120.704
    endloop
  endfacet
  facet normal -0 0.217088 0.976152
    outer loop
      vertex -131 2.19996 121.21
      vertex -102.5 1.47601 121.371
      vertex -102.5 2.19996 121.21
    endloop
  endfacet
  facet normal 0 0.217088 0.976152
    outer loop
      vertex -102.5 1.47601 121.371
      vertex -131 2.19996 121.21
      vertex -131 1.47601 121.371
    endloop
  endfacet
  facet normal -0 0.130806 0.991408
    outer loop
      vertex -131 1.47601 121.371
      vertex -102.5 0.740824 121.468
      vertex -102.5 1.47601 121.371
    endloop
  endfacet
  facet normal 0 0.130806 0.991408
    outer loop
      vertex -102.5 0.740824 121.468
      vertex -131 1.47601 121.371
      vertex -131 0.740824 121.468
    endloop
  endfacet
  facet normal 0 0.887084 0.461607
    outer loop
      vertex -102.5 7.70362 116.592
      vertex -131 7.36122 117.25
      vertex -102.5 7.36122 117.25
    endloop
  endfacet
  facet normal 0 0.887084 0.461607
    outer loop
      vertex -131 7.36122 117.25
      vertex -102.5 7.70362 116.592
      vertex -131 7.70362 116.592
    endloop
  endfacet
  facet normal 0 0.843232 0.53755
    outer loop
      vertex -102.5 7.36122 117.25
      vertex -131 6.96279 117.875
      vertex -102.5 6.96279 117.875
    endloop
  endfacet
  facet normal 0 0.843232 0.53755
    outer loop
      vertex -131 6.96279 117.875
      vertex -102.5 7.36122 117.25
      vertex -131 7.36122 117.25
    endloop
  endfacet
  facet normal 0 0.793708 0.608299
    outer loop
      vertex -102.5 6.96279 117.875
      vertex -131 6.51138 118.464
      vertex -102.5 6.51138 118.464
    endloop
  endfacet
  facet normal 0 0.793708 0.608299
    outer loop
      vertex -131 6.51138 118.464
      vertex -102.5 6.96279 117.875
      vertex -131 6.96279 117.875
    endloop
  endfacet
  facet normal 0 0.999048 0.0436157
    outer loop
      vertex -102.5 8.5 113
      vertex -131 8.46765 113.741
      vertex -102.5 8.46765 113.741
    endloop
  endfacet
  facet normal 0 0.999048 0.0436157
    outer loop
      vertex -131 8.46765 113.741
      vertex -102.5 8.5 113
      vertex -131 8.5 113
    endloop
  endfacet
  facet normal 0 0.976298 0.216431
    outer loop
      vertex -102.5 8.37087 114.476
      vertex -131 8.21037 115.2
      vertex -102.5 8.21037 115.2
    endloop
  endfacet
  facet normal 0 0.976298 0.216431
    outer loop
      vertex -131 8.21037 115.2
      vertex -102.5 8.37087 114.476
      vertex -131 8.37087 114.476
    endloop
  endfacet
  facet normal 0 0.991442 0.130547
    outer loop
      vertex -102.5 8.46765 113.741
      vertex -131 8.37087 114.476
      vertex -102.5 8.37087 114.476
    endloop
  endfacet
  facet normal 0 0.991442 0.130547
    outer loop
      vertex -131 8.37087 114.476
      vertex -102.5 8.46765 113.741
      vertex -131 8.46765 113.741
    endloop
  endfacet
  facet normal 0 -0.217088 -0.976152
    outer loop
      vertex -131 -2.19996 104.79
      vertex -102.5 -1.47601 104.629
      vertex -102.5 -2.19996 104.79
    endloop
  endfacet
  facet normal -0 -0.217088 -0.976152
    outer loop
      vertex -102.5 -1.47601 104.629
      vertex -131 -2.19996 104.79
      vertex -131 -1.47601 104.629
    endloop
  endfacet
  facet normal 0 -0.999048 -0.0436157
    outer loop
      vertex -131 -8.46765 112.259
      vertex -102.5 -8.5 113
      vertex -131 -8.5 113
    endloop
  endfacet
  facet normal 0 -0.999048 -0.0436157
    outer loop
      vertex -102.5 -8.5 113
      vertex -131 -8.46765 112.259
      vertex -102.5 -8.46765 112.259
    endloop
  endfacet
  facet normal 0 -0.991442 -0.130547
    outer loop
      vertex -131 -8.37087 111.524
      vertex -102.5 -8.46765 112.259
      vertex -131 -8.46765 112.259
    endloop
  endfacet
  facet normal 0 -0.991442 -0.130547
    outer loop
      vertex -102.5 -8.46765 112.259
      vertex -131 -8.37087 111.524
      vertex -102.5 -8.37087 111.524
    endloop
  endfacet
  facet normal 0 -0.887084 -0.461607
    outer loop
      vertex -131 -7.36122 108.75
      vertex -102.5 -7.70362 109.408
      vertex -131 -7.70362 109.408
    endloop
  endfacet
  facet normal 0 -0.887084 -0.461607
    outer loop
      vertex -102.5 -7.70362 109.408
      vertex -131 -7.36122 108.75
      vertex -102.5 -7.36122 108.75
    endloop
  endfacet
  facet normal 0 -0.793708 -0.608299
    outer loop
      vertex -131 -6.51138 107.536
      vertex -102.5 -6.96279 108.125
      vertex -131 -6.96279 108.125
    endloop
  endfacet
  facet normal 0 -0.793708 -0.608299
    outer loop
      vertex -102.5 -6.96279 108.125
      vertex -131 -6.51138 107.536
      vertex -102.5 -6.51138 107.536
    endloop
  endfacet
  facet normal 0 -0.675607 -0.737262
    outer loop
      vertex -131 -6.01041 106.99
      vertex -102.5 -5.46369 106.489
      vertex -102.5 -6.01041 106.99
    endloop
  endfacet
  facet normal -0 -0.675607 -0.737262
    outer loop
      vertex -102.5 -5.46369 106.489
      vertex -131 -6.01041 106.99
      vertex -131 -5.46369 106.489
    endloop
  endfacet
  facet normal 0 -0.300727 -0.95371
    outer loop
      vertex -131 -2.90717 105.013
      vertex -102.5 -2.19996 104.79
      vertex -102.5 -2.90717 105.013
    endloop
  endfacet
  facet normal -0 -0.300727 -0.95371
    outer loop
      vertex -102.5 -2.19996 104.79
      vertex -131 -2.90717 105.013
      vertex -131 -2.19996 104.79
    endloop
  endfacet
  facet normal 0 -0.130806 -0.991408
    outer loop
      vertex -131 -1.47601 104.629
      vertex -102.5 -0.740824 104.532
      vertex -102.5 -1.47601 104.629
    endloop
  endfacet
  facet normal -0 -0.130806 -0.991408
    outer loop
      vertex -102.5 -0.740824 104.532
      vertex -131 -1.47601 104.629
      vertex -131 -0.740824 104.532
    endloop
  endfacet
  facet normal 0 -0.991442 0.130547
    outer loop
      vertex -131 -8.46765 113.741
      vertex -102.5 -8.37087 114.476
      vertex -131 -8.37087 114.476
    endloop
  endfacet
  facet normal 0 -0.991442 0.130547
    outer loop
      vertex -102.5 -8.37087 114.476
      vertex -131 -8.46765 113.741
      vertex -102.5 -8.46765 113.741
    endloop
  endfacet
  facet normal 0 -0.736838 0.676069
    outer loop
      vertex -131 -6.51138 118.464
      vertex -102.5 -6.01041 119.01
      vertex -131 -6.01041 119.01
    endloop
  endfacet
  facet normal 0 -0.736838 0.676069
    outer loop
      vertex -102.5 -6.01041 119.01
      vertex -131 -6.51138 118.464
      vertex -102.5 -6.51138 118.464
    endloop
  endfacet
  facet normal 0 -0.887084 0.461607
    outer loop
      vertex -131 -7.70362 116.592
      vertex -102.5 -7.36122 117.25
      vertex -131 -7.36122 117.25
    endloop
  endfacet
  facet normal 0 -0.887084 0.461607
    outer loop
      vertex -102.5 -7.36122 117.25
      vertex -131 -7.70362 116.592
      vertex -102.5 -7.70362 116.592
    endloop
  endfacet
  facet normal 0 -0.976298 0.216431
    outer loop
      vertex -131 -8.37087 114.476
      vertex -102.5 -8.21037 115.2
      vertex -131 -8.21037 115.2
    endloop
  endfacet
  facet normal 0 -0.976298 0.216431
    outer loop
      vertex -102.5 -8.21037 115.2
      vertex -131 -8.37087 114.476
      vertex -102.5 -8.37087 114.476
    endloop
  endfacet
  facet normal 0 -0.793708 0.608299
    outer loop
      vertex -131 -6.96279 117.875
      vertex -102.5 -6.51138 118.464
      vertex -131 -6.51138 118.464
    endloop
  endfacet
  facet normal 0 -0.793708 0.608299
    outer loop
      vertex -102.5 -6.51138 118.464
      vertex -131 -6.96279 117.875
      vertex -102.5 -6.96279 117.875
    endloop
  endfacet
  facet normal 0 -0.675607 0.737262
    outer loop
      vertex -131 -5.46369 119.511
      vertex -102.5 -6.01041 119.01
      vertex -102.5 -5.46369 119.511
    endloop
  endfacet
  facet normal 0 -0.675607 0.737262
    outer loop
      vertex -102.5 -6.01041 119.01
      vertex -131 -5.46369 119.511
      vertex -131 -6.01041 119.01
    endloop
  endfacet
  facet normal 0 -0.462382 0.886681
    outer loop
      vertex -131 -3.59225 120.704
      vertex -102.5 -4.25 120.361
      vertex -102.5 -3.59225 120.704
    endloop
  endfacet
  facet normal 0 -0.462382 0.886681
    outer loop
      vertex -102.5 -4.25 120.361
      vertex -131 -3.59225 120.704
      vertex -131 -4.25 120.361
    endloop
  endfacet
  facet normal 0 -0.217088 0.976152
    outer loop
      vertex -131 -1.47601 121.371
      vertex -102.5 -2.19996 121.21
      vertex -102.5 -1.47601 121.371
    endloop
  endfacet
  facet normal 0 -0.217088 0.976152
    outer loop
      vertex -102.5 -2.19996 121.21
      vertex -131 -1.47601 121.371
      vertex -131 -2.19996 121.21
    endloop
  endfacet
  facet normal 0 -0.0431549 0.999068
    outer loop
      vertex -131 0 121.5
      vertex -102.5 -0.740824 121.468
      vertex -102.5 0 121.5
    endloop
  endfacet
  facet normal 0 -0.0431549 0.999068
    outer loop
      vertex -102.5 -0.740824 121.468
      vertex -131 0 121.5
      vertex -131 -0.740824 121.468
    endloop
  endfacet
  facet normal 0 0.381797 -0.924246
    outer loop
      vertex -131 2.90717 105.013
      vertex -102.5 3.59225 105.296
      vertex -102.5 2.90717 105.013
    endloop
  endfacet
  facet normal 0 0.381797 -0.924246
    outer loop
      vertex -102.5 3.59225 105.296
      vertex -131 2.90717 105.013
      vertex -131 3.59225 105.296
    endloop
  endfacet
  facet normal 0 0.536893 -0.84365
    outer loop
      vertex -131 4.25 105.639
      vertex -102.5 4.8754 106.037
      vertex -102.5 4.25 105.639
    endloop
  endfacet
  facet normal 0 0.536893 -0.84365
    outer loop
      vertex -102.5 4.8754 106.037
      vertex -131 4.25 105.639
      vertex -131 4.8754 106.037
    endloop
  endfacet
  facet normal 0 0.923863 -0.382722
    outer loop
      vertex -102.5 7.70362 109.408
      vertex -131 7.98739 110.093
      vertex -102.5 7.98739 110.093
    endloop
  endfacet
  facet normal 0 0.923863 -0.382722
    outer loop
      vertex -131 7.98739 110.093
      vertex -102.5 7.70362 109.408
      vertex -131 7.70362 109.408
    endloop
  endfacet
  facet normal 0 0.953692 -0.300784
    outer loop
      vertex -102.5 7.98739 110.093
      vertex -131 8.21037 110.8
      vertex -102.5 8.21037 110.8
    endloop
  endfacet
  facet normal 0 0.953692 -0.300784
    outer loop
      vertex -131 8.21037 110.8
      vertex -102.5 7.98739 110.093
      vertex -131 7.98739 110.093
    endloop
  endfacet
  facet normal 0 0.793708 -0.608299
    outer loop
      vertex -102.5 6.51138 107.536
      vertex -131 6.96279 108.125
      vertex -102.5 6.96279 108.125
    endloop
  endfacet
  facet normal 0 0.793708 -0.608299
    outer loop
      vertex -131 6.96279 108.125
      vertex -102.5 6.51138 107.536
      vertex -131 6.51138 107.536
    endloop
  endfacet
  facet normal -0 0.300727 0.95371
    outer loop
      vertex -131 2.90717 120.987
      vertex -102.5 2.19996 121.21
      vertex -102.5 2.90717 120.987
    endloop
  endfacet
  facet normal 0 0.300727 0.95371
    outer loop
      vertex -102.5 2.19996 121.21
      vertex -131 2.90717 120.987
      vertex -131 2.19996 121.21
    endloop
  endfacet
  facet normal 0 0.923863 0.382722
    outer loop
      vertex -102.5 7.98739 115.907
      vertex -131 7.70362 116.592
      vertex -102.5 7.70362 116.592
    endloop
  endfacet
  facet normal 0 0.923863 0.382722
    outer loop
      vertex -131 7.70362 116.592
      vertex -102.5 7.98739 115.907
      vertex -131 7.98739 115.907
    endloop
  endfacet
  facet normal 0 0.0431549 -0.999068
    outer loop
      vertex -131 0 104.5
      vertex -102.5 0.740824 104.532
      vertex -102.5 0 104.5
    endloop
  endfacet
  facet normal 0 0.0431549 -0.999068
    outer loop
      vertex -102.5 0.740824 104.532
      vertex -131 0 104.5
      vertex -131 0.740824 104.532
    endloop
  endfacet
  facet normal 0 -0.953692 -0.300784
    outer loop
      vertex -131 -7.98739 110.093
      vertex -102.5 -8.21037 110.8
      vertex -131 -8.21037 110.8
    endloop
  endfacet
  facet normal 0 -0.953692 -0.300784
    outer loop
      vertex -102.5 -8.21037 110.8
      vertex -131 -7.98739 110.093
      vertex -102.5 -7.98739 110.093
    endloop
  endfacet
  facet normal 0 -0.923863 -0.382722
    outer loop
      vertex -131 -7.70362 109.408
      vertex -102.5 -7.98739 110.093
      vertex -131 -7.98739 110.093
    endloop
  endfacet
  facet normal 0 -0.923863 -0.382722
    outer loop
      vertex -102.5 -7.98739 110.093
      vertex -131 -7.70362 109.408
      vertex -102.5 -7.70362 109.408
    endloop
  endfacet
  facet normal 0 -0.843232 -0.53755
    outer loop
      vertex -131 -6.96279 108.125
      vertex -102.5 -7.36122 108.75
      vertex -131 -7.36122 108.75
    endloop
  endfacet
  facet normal 0 -0.843232 -0.53755
    outer loop
      vertex -102.5 -7.36122 108.75
      vertex -131 -6.96279 108.125
      vertex -102.5 -6.96279 108.125
    endloop
  endfacet
  facet normal 0 -0.609261 -0.79297
    outer loop
      vertex -131 -5.46369 106.489
      vertex -102.5 -4.8754 106.037
      vertex -102.5 -5.46369 106.489
    endloop
  endfacet
  facet normal -0 -0.609261 -0.79297
    outer loop
      vertex -102.5 -4.8754 106.037
      vertex -131 -5.46369 106.489
      vertex -131 -4.8754 106.037
    endloop
  endfacet
  facet normal 0 -0.381797 -0.924246
    outer loop
      vertex -131 -3.59225 105.296
      vertex -102.5 -2.90717 105.013
      vertex -102.5 -3.59225 105.296
    endloop
  endfacet
  facet normal -0 -0.381797 -0.924246
    outer loop
      vertex -102.5 -2.90717 105.013
      vertex -131 -3.59225 105.296
      vertex -131 -2.90717 105.013
    endloop
  endfacet
  facet normal 0 -0.953692 0.300784
    outer loop
      vertex -131 -8.21037 115.2
      vertex -102.5 -7.98739 115.907
      vertex -131 -7.98739 115.907
    endloop
  endfacet
  facet normal 0 -0.953692 0.300784
    outer loop
      vertex -102.5 -7.98739 115.907
      vertex -131 -8.21037 115.2
      vertex -102.5 -8.21037 115.2
    endloop
  endfacet
  facet normal 0 -0.300727 0.95371
    outer loop
      vertex -131 -2.19996 121.21
      vertex -102.5 -2.90717 120.987
      vertex -102.5 -2.19996 121.21
    endloop
  endfacet
  facet normal 0 -0.300727 0.95371
    outer loop
      vertex -102.5 -2.90717 120.987
      vertex -131 -2.19996 121.21
      vertex -131 -2.90717 120.987
    endloop
  endfacet
  facet normal 0 -0.381797 0.924246
    outer loop
      vertex -131 -2.90717 120.987
      vertex -102.5 -3.59225 120.704
      vertex -102.5 -2.90717 120.987
    endloop
  endfacet
  facet normal 0 -0.381797 0.924246
    outer loop
      vertex -102.5 -3.59225 120.704
      vertex -131 -2.90717 120.987
      vertex -131 -3.59225 120.704
    endloop
  endfacet
  facet normal -0 0.381797 0.924246
    outer loop
      vertex -131 3.59225 120.704
      vertex -102.5 2.90717 120.987
      vertex -102.5 3.59225 120.704
    endloop
  endfacet
  facet normal 0 0.381797 0.924246
    outer loop
      vertex -102.5 2.90717 120.987
      vertex -131 3.59225 120.704
      vertex -131 2.90717 120.987
    endloop
  endfacet
  facet normal 0 0.953692 0.300784
    outer loop
      vertex -102.5 8.21037 115.2
      vertex -131 7.98739 115.907
      vertex -102.5 7.98739 115.907
    endloop
  endfacet
  facet normal 0 0.953692 0.300784
    outer loop
      vertex -131 7.98739 115.907
      vertex -102.5 8.21037 115.2
      vertex -131 8.21037 115.2
    endloop
  endfacet
  facet normal 0 -0.536893 -0.84365
    outer loop
      vertex -131 -4.8754 106.037
      vertex -102.5 -4.25 105.639
      vertex -102.5 -4.8754 106.037
    endloop
  endfacet
  facet normal -0 -0.536893 -0.84365
    outer loop
      vertex -102.5 -4.25 105.639
      vertex -131 -4.8754 106.037
      vertex -131 -4.25 105.639
    endloop
  endfacet
  facet normal 0 0.793379 -0.608729
    outer loop
      vertex -93.5 8.80951 105.608
      vertex -102.5 9.42025 106.404
      vertex -93.5 9.42025 106.404
    endloop
  endfacet
  facet normal 0 0.793379 -0.608729
    outer loop
      vertex -102.5 9.42025 106.404
      vertex -93.5 8.80951 105.608
      vertex -102.5 8.80951 105.608
    endloop
  endfacet
  facet normal 0 -0.216303 -0.976326
    outer loop
      vertex -102.5 -2.97642 101.892
      vertex -93.5 -1.99695 101.675
      vertex -93.5 -2.97642 101.892
    endloop
  endfacet
  facet normal -0 -0.216303 -0.976326
    outer loop
      vertex -93.5 -1.99695 101.675
      vertex -102.5 -2.97642 101.892
      vertex -102.5 -1.99695 101.675
    endloop
  endfacet
  facet normal 0 0.923871 0.382704
    outer loop
      vertex -93.5 10.8065 116.933
      vertex -102.5 10.4225 117.86
      vertex -93.5 10.4225 117.86
    endloop
  endfacet
  facet normal 0 0.923871 0.382704
    outer loop
      vertex -102.5 10.4225 117.86
      vertex -93.5 10.8065 116.933
      vertex -102.5 10.8065 116.933
    endloop
  endfacet
  facet normal -0 0.462339 0.886703
    outer loop
      vertex -102.5 5.75 122.959
      vertex -93.5 4.86011 123.423
      vertex -93.5 5.75 122.959
    endloop
  endfacet
  facet normal 0 0.462339 0.886703
    outer loop
      vertex -93.5 4.86011 123.423
      vertex -102.5 5.75 122.959
      vertex -102.5 4.86011 123.423
    endloop
  endfacet
  facet normal 0 -0.462339 0.886703
    outer loop
      vertex -102.5 -4.86011 123.423
      vertex -93.5 -5.75 122.959
      vertex -93.5 -4.86011 123.423
    endloop
  endfacet
  facet normal 0 -0.462339 0.886703
    outer loop
      vertex -93.5 -5.75 122.959
      vertex -102.5 -4.86011 123.423
      vertex -102.5 -5.75 122.959
    endloop
  endfacet
  facet normal 0 0.300995 -0.953626
    outer loop
      vertex -102.5 2.97642 101.892
      vertex -93.5 3.93323 102.194
      vertex -93.5 2.97642 101.892
    endloop
  endfacet
  facet normal 0 0.300995 -0.953626
    outer loop
      vertex -93.5 3.93323 102.194
      vertex -102.5 2.97642 101.892
      vertex -102.5 3.93323 102.194
    endloop
  endfacet
  facet normal 0 0.675708 -0.737169
    outer loop
      vertex -102.5 7.39206 104.19
      vertex -93.5 8.13173 104.868
      vertex -93.5 7.39206 104.19
    endloop
  endfacet
  facet normal 0 0.675708 -0.737169
    outer loop
      vertex -93.5 8.13173 104.868
      vertex -102.5 7.39206 104.19
      vertex -102.5 8.13173 104.868
    endloop
  endfacet
  facet normal 0 0.887049 -0.461674
    outer loop
      vertex -93.5 9.95929 107.25
      vertex -102.5 10.4225 108.14
      vertex -93.5 10.4225 108.14
    endloop
  endfacet
  facet normal 0 0.887049 -0.461674
    outer loop
      vertex -102.5 10.4225 108.14
      vertex -93.5 9.95929 107.25
      vertex -102.5 9.95929 107.25
    endloop
  endfacet
  facet normal 0 0.999046 -0.0436709
    outer loop
      vertex -93.5 11.4562 111.998
      vertex -102.5 11.5 113
      vertex -93.5 11.5 113
    endloop
  endfacet
  facet normal 0 0.999046 -0.0436709
    outer loop
      vertex -102.5 11.5 113
      vertex -93.5 11.4562 111.998
      vertex -102.5 11.4562 111.998
    endloop
  endfacet
  facet normal -0 0.130576 0.991438
    outer loop
      vertex -102.5 1.99695 124.325
      vertex -93.5 1.00229 124.456
      vertex -93.5 1.99695 124.325
    endloop
  endfacet
  facet normal 0 0.130576 0.991438
    outer loop
      vertex -93.5 1.00229 124.456
      vertex -102.5 1.99695 124.325
      vertex -102.5 1.00229 124.456
    endloop
  endfacet
  facet normal 0 0.793379 0.608729
    outer loop
      vertex -93.5 9.42025 119.596
      vertex -102.5 8.80951 120.392
      vertex -93.5 8.80951 120.392
    endloop
  endfacet
  facet normal 0 0.793379 0.608729
    outer loop
      vertex -102.5 8.80951 120.392
      vertex -93.5 9.42025 119.596
      vertex -102.5 9.42025 119.596
    endloop
  endfacet
  facet normal 0 -0.953757 -0.300578
    outer loop
      vertex -102.5 -10.8065 109.067
      vertex -93.5 -11.1081 110.024
      vertex -102.5 -11.1081 110.024
    endloop
  endfacet
  facet normal 0 -0.953757 -0.300578
    outer loop
      vertex -93.5 -11.1081 110.024
      vertex -102.5 -10.8065 109.067
      vertex -93.5 -10.8065 109.067
    endloop
  endfacet
  facet normal 0 -0.737429 -0.675425
    outer loop
      vertex -102.5 -8.13173 104.868
      vertex -93.5 -8.80951 105.608
      vertex -102.5 -8.80951 105.608
    endloop
  endfacet
  facet normal 0 -0.737429 -0.675425
    outer loop
      vertex -93.5 -8.80951 105.608
      vertex -102.5 -8.13173 104.868
      vertex -93.5 -8.13173 104.868
    endloop
  endfacet
  facet normal 0 -0.991457 0.130434
    outer loop
      vertex -102.5 -11.4562 114.002
      vertex -93.5 -11.3253 114.997
      vertex -102.5 -11.3253 114.997
    endloop
  endfacet
  facet normal 0 -0.991457 0.130434
    outer loop
      vertex -93.5 -11.3253 114.997
      vertex -102.5 -11.4562 114.002
      vertex -93.5 -11.4562 114.002
    endloop
  endfacet
  facet normal 0 -0.843356 0.537355
    outer loop
      vertex -102.5 -9.95929 118.75
      vertex -93.5 -9.42025 119.596
      vertex -102.5 -9.42025 119.596
    endloop
  endfacet
  facet normal 0 -0.843356 0.537355
    outer loop
      vertex -93.5 -9.42025 119.596
      vertex -102.5 -9.95929 118.75
      vertex -93.5 -9.95929 118.75
    endloop
  endfacet
  facet normal 0 -0.793379 0.608729
    outer loop
      vertex -102.5 -9.42025 119.596
      vertex -93.5 -8.80951 120.392
      vertex -102.5 -8.80951 120.392
    endloop
  endfacet
  facet normal 0 -0.793379 0.608729
    outer loop
      vertex -93.5 -8.80951 120.392
      vertex -102.5 -9.42025 119.596
      vertex -93.5 -9.42025 119.596
    endloop
  endfacet
  facet normal 0 -0.216303 0.976326
    outer loop
      vertex -102.5 -1.99695 124.325
      vertex -93.5 -2.97642 124.108
      vertex -93.5 -1.99695 124.325
    endloop
  endfacet
  facet normal 0 -0.216303 0.976326
    outer loop
      vertex -93.5 -2.97642 124.108
      vertex -102.5 -1.99695 124.325
      vertex -102.5 -2.97642 124.108
    endloop
  endfacet
  facet normal 0 0.130576 -0.991438
    outer loop
      vertex -102.5 1.00229 101.544
      vertex -93.5 1.99695 101.675
      vertex -93.5 1.00229 101.544
    endloop
  endfacet
  facet normal 0 0.130576 -0.991438
    outer loop
      vertex -93.5 1.99695 101.675
      vertex -102.5 1.00229 101.544
      vertex -102.5 1.99695 101.675
    endloop
  endfacet
  facet normal 0 0.216303 -0.976326
    outer loop
      vertex -102.5 1.99695 101.675
      vertex -93.5 2.97642 101.892
      vertex -93.5 1.99695 101.675
    endloop
  endfacet
  facet normal 0 0.216303 -0.976326
    outer loop
      vertex -93.5 2.97642 101.892
      vertex -102.5 1.99695 101.675
      vertex -102.5 2.97642 101.892
    endloop
  endfacet
  facet normal 0 0.537268 -0.843411
    outer loop
      vertex -102.5 5.75 103.041
      vertex -93.5 6.59613 103.58
      vertex -93.5 5.75 103.041
    endloop
  endfacet
  facet normal 0 0.537268 -0.843411
    outer loop
      vertex -93.5 6.59613 103.58
      vertex -102.5 5.75 103.041
      vertex -102.5 6.59613 103.58
    endloop
  endfacet
  facet normal 0 0.976262 -0.216593
    outer loop
      vertex -93.5 11.1081 110.024
      vertex -102.5 11.3253 111.003
      vertex -93.5 11.3253 111.003
    endloop
  endfacet
  facet normal 0 0.976262 -0.216593
    outer loop
      vertex -102.5 11.3253 111.003
      vertex -93.5 11.1081 110.024
      vertex -102.5 11.1081 110.024
    endloop
  endfacet
  facet normal 0 0.843356 -0.537355
    outer loop
      vertex -93.5 9.42025 106.404
      vertex -102.5 9.95929 107.25
      vertex -93.5 9.95929 107.25
    endloop
  endfacet
  facet normal 0 0.843356 -0.537355
    outer loop
      vertex -102.5 9.95929 107.25
      vertex -93.5 9.42025 106.404
      vertex -102.5 9.42025 106.404
    endloop
  endfacet
  facet normal 0 0.953757 -0.300578
    outer loop
      vertex -93.5 10.8065 109.067
      vertex -102.5 11.1081 110.024
      vertex -93.5 11.1081 110.024
    endloop
  endfacet
  facet normal 0 0.953757 -0.300578
    outer loop
      vertex -102.5 11.1081 110.024
      vertex -93.5 10.8065 109.067
      vertex -102.5 10.8065 109.067
    endloop
  endfacet
  facet normal 0 0.991457 -0.130434
    outer loop
      vertex -93.5 11.3253 111.003
      vertex -102.5 11.4562 111.998
      vertex -93.5 11.4562 111.998
    endloop
  endfacet
  facet normal 0 0.991457 -0.130434
    outer loop
      vertex -102.5 11.4562 111.998
      vertex -93.5 11.3253 111.003
      vertex -102.5 11.3253 111.003
    endloop
  endfacet
  facet normal -0 0.300995 0.953626
    outer loop
      vertex -102.5 3.93323 123.806
      vertex -93.5 2.97642 124.108
      vertex -93.5 3.93323 123.806
    endloop
  endfacet
  facet normal 0 0.300995 0.953626
    outer loop
      vertex -93.5 2.97642 124.108
      vertex -102.5 3.93323 123.806
      vertex -102.5 2.97642 124.108
    endloop
  endfacet
  facet normal -0 0.216303 0.976326
    outer loop
      vertex -102.5 2.97642 124.108
      vertex -93.5 1.99695 124.325
      vertex -93.5 2.97642 124.108
    endloop
  endfacet
  facet normal 0 0.216303 0.976326
    outer loop
      vertex -93.5 1.99695 124.325
      vertex -102.5 2.97642 124.108
      vertex -102.5 1.99695 124.325
    endloop
  endfacet
  facet normal -0 0.675708 0.737169
    outer loop
      vertex -102.5 8.13173 121.132
      vertex -93.5 7.39206 121.81
      vertex -93.5 8.13173 121.132
    endloop
  endfacet
  facet normal 0 0.675708 0.737169
    outer loop
      vertex -93.5 7.39206 121.81
      vertex -102.5 8.13173 121.132
      vertex -102.5 7.39206 121.81
    endloop
  endfacet
  facet normal -0 0.608298 0.793709
    outer loop
      vertex -102.5 7.39206 121.81
      vertex -93.5 6.59613 122.42
      vertex -93.5 7.39206 121.81
    endloop
  endfacet
  facet normal 0 0.608298 0.793709
    outer loop
      vertex -93.5 6.59613 122.42
      vertex -102.5 7.39206 121.81
      vertex -102.5 6.59613 122.42
    endloop
  endfacet
  facet normal 0 0.991457 0.130434
    outer loop
      vertex -93.5 11.4562 114.002
      vertex -102.5 11.3253 114.997
      vertex -93.5 11.3253 114.997
    endloop
  endfacet
  facet normal 0 0.991457 0.130434
    outer loop
      vertex -102.5 11.3253 114.997
      vertex -93.5 11.4562 114.002
      vertex -102.5 11.4562 114.002
    endloop
  endfacet
  facet normal 0 0.953757 0.300578
    outer loop
      vertex -93.5 11.1081 115.976
      vertex -102.5 10.8065 116.933
      vertex -93.5 10.8065 116.933
    endloop
  endfacet
  facet normal 0 0.953757 0.300578
    outer loop
      vertex -102.5 10.8065 116.933
      vertex -93.5 11.1081 115.976
      vertex -102.5 11.1081 115.976
    endloop
  endfacet
  facet normal 0 0.976262 0.216593
    outer loop
      vertex -93.5 11.3253 114.997
      vertex -102.5 11.1081 115.976
      vertex -93.5 11.1081 115.976
    endloop
  endfacet
  facet normal 0 0.976262 0.216593
    outer loop
      vertex -102.5 11.1081 115.976
      vertex -93.5 11.3253 114.997
      vertex -102.5 11.3253 114.997
    endloop
  endfacet
  facet normal 0 0.887049 0.461674
    outer loop
      vertex -93.5 10.4225 117.86
      vertex -102.5 9.95929 118.75
      vertex -93.5 9.95929 118.75
    endloop
  endfacet
  facet normal 0 0.887049 0.461674
    outer loop
      vertex -102.5 9.95929 118.75
      vertex -93.5 10.4225 117.86
      vertex -102.5 10.4225 117.86
    endloop
  endfacet
  facet normal 0 0.843356 0.537355
    outer loop
      vertex -93.5 9.95929 118.75
      vertex -102.5 9.42025 119.596
      vertex -93.5 9.42025 119.596
    endloop
  endfacet
  facet normal 0 0.843356 0.537355
    outer loop
      vertex -102.5 9.42025 119.596
      vertex -93.5 9.95929 118.75
      vertex -102.5 9.95929 118.75
    endloop
  endfacet
  facet normal 0 0.737429 0.675425
    outer loop
      vertex -93.5 8.80951 120.392
      vertex -102.5 8.13173 121.132
      vertex -93.5 8.13173 121.132
    endloop
  endfacet
  facet normal 0 0.737429 0.675425
    outer loop
      vertex -102.5 8.13173 121.132
      vertex -93.5 8.80951 120.392
      vertex -102.5 8.80951 120.392
    endloop
  endfacet
  facet normal 0 0.0438572 -0.999038
    outer loop
      vertex -102.5 0 101.5
      vertex -93.5 1.00229 101.544
      vertex -93.5 0 101.5
    endloop
  endfacet
  facet normal 0 0.0438572 -0.999038
    outer loop
      vertex -93.5 1.00229 101.544
      vertex -102.5 0 101.5
      vertex -102.5 1.00229 101.544
    endloop
  endfacet
  facet normal 0 -0.976262 -0.216593
    outer loop
      vertex -102.5 -11.1081 110.024
      vertex -93.5 -11.3253 111.003
      vertex -102.5 -11.3253 111.003
    endloop
  endfacet
  facet normal 0 -0.976262 -0.216593
    outer loop
      vertex -93.5 -11.3253 111.003
      vertex -102.5 -11.1081 110.024
      vertex -93.5 -11.1081 110.024
    endloop
  endfacet
  facet normal 0 -0.887049 -0.461674
    outer loop
      vertex -102.5 -9.95929 107.25
      vertex -93.5 -10.4225 108.14
      vertex -102.5 -10.4225 108.14
    endloop
  endfacet
  facet normal 0 -0.887049 -0.461674
    outer loop
      vertex -93.5 -10.4225 108.14
      vertex -102.5 -9.95929 107.25
      vertex -93.5 -9.95929 107.25
    endloop
  endfacet
  facet normal 0 -0.793379 -0.608729
    outer loop
      vertex -102.5 -8.80951 105.608
      vertex -93.5 -9.42025 106.404
      vertex -102.5 -9.42025 106.404
    endloop
  endfacet
  facet normal 0 -0.793379 -0.608729
    outer loop
      vertex -93.5 -9.42025 106.404
      vertex -102.5 -8.80951 105.608
      vertex -93.5 -8.80951 105.608
    endloop
  endfacet
  facet normal 0 -0.843356 -0.537355
    outer loop
      vertex -102.5 -9.42025 106.404
      vertex -93.5 -9.95929 107.25
      vertex -102.5 -9.95929 107.25
    endloop
  endfacet
  facet normal 0 -0.843356 -0.537355
    outer loop
      vertex -93.5 -9.95929 107.25
      vertex -102.5 -9.42025 106.404
      vertex -93.5 -9.42025 106.404
    endloop
  endfacet
  facet normal 0 -0.953757 0.300578
    outer loop
      vertex -102.5 -11.1081 115.976
      vertex -93.5 -10.8065 116.933
      vertex -102.5 -10.8065 116.933
    endloop
  endfacet
  facet normal 0 -0.953757 0.300578
    outer loop
      vertex -93.5 -10.8065 116.933
      vertex -102.5 -11.1081 115.976
      vertex -93.5 -11.1081 115.976
    endloop
  endfacet
  facet normal 0 -0.887049 0.461674
    outer loop
      vertex -102.5 -10.4225 117.86
      vertex -93.5 -9.95929 118.75
      vertex -102.5 -9.95929 118.75
    endloop
  endfacet
  facet normal 0 -0.887049 0.461674
    outer loop
      vertex -93.5 -9.95929 118.75
      vertex -102.5 -10.4225 117.86
      vertex -93.5 -10.4225 117.86
    endloop
  endfacet
  facet normal 0 -0.737429 0.675425
    outer loop
      vertex -102.5 -8.80951 120.392
      vertex -93.5 -8.13173 121.132
      vertex -102.5 -8.13173 121.132
    endloop
  endfacet
  facet normal 0 -0.737429 0.675425
    outer loop
      vertex -93.5 -8.13173 121.132
      vertex -102.5 -8.80951 120.392
      vertex -93.5 -8.80951 120.392
    endloop
  endfacet
  facet normal 0 -0.300995 0.953626
    outer loop
      vertex -102.5 -2.97642 124.108
      vertex -93.5 -3.93323 123.806
      vertex -93.5 -2.97642 124.108
    endloop
  endfacet
  facet normal 0 -0.300995 0.953626
    outer loop
      vertex -93.5 -3.93323 123.806
      vertex -102.5 -2.97642 124.108
      vertex -102.5 -3.93323 123.806
    endloop
  endfacet
  facet normal 0 -0.130576 0.991438
    outer loop
      vertex -102.5 -1.00229 124.456
      vertex -93.5 -1.99695 124.325
      vertex -93.5 -1.00229 124.456
    endloop
  endfacet
  facet normal 0 -0.130576 0.991438
    outer loop
      vertex -93.5 -1.99695 124.325
      vertex -102.5 -1.00229 124.456
      vertex -102.5 -1.99695 124.325
    endloop
  endfacet
  facet normal 0 -0.381895 0.924206
    outer loop
      vertex -102.5 -3.93323 123.806
      vertex -93.5 -4.86011 123.423
      vertex -93.5 -3.93323 123.806
    endloop
  endfacet
  facet normal 0 -0.381895 0.924206
    outer loop
      vertex -93.5 -4.86011 123.423
      vertex -102.5 -3.93323 123.806
      vertex -102.5 -4.86011 123.423
    endloop
  endfacet
  facet normal 0 -0.537268 0.843411
    outer loop
      vertex -102.5 -5.75 122.959
      vertex -93.5 -6.59613 122.42
      vertex -93.5 -5.75 122.959
    endloop
  endfacet
  facet normal 0 -0.537268 0.843411
    outer loop
      vertex -93.5 -6.59613 122.42
      vertex -102.5 -5.75 122.959
      vertex -102.5 -6.59613 122.42
    endloop
  endfacet
  facet normal 0 -0.675708 0.737169
    outer loop
      vertex -102.5 -7.39206 121.81
      vertex -93.5 -8.13173 121.132
      vertex -93.5 -7.39206 121.81
    endloop
  endfacet
  facet normal 0 -0.675708 0.737169
    outer loop
      vertex -93.5 -8.13173 121.132
      vertex -102.5 -7.39206 121.81
      vertex -102.5 -8.13173 121.132
    endloop
  endfacet
  facet normal 0 -0.608298 0.793709
    outer loop
      vertex -102.5 -6.59613 122.42
      vertex -93.5 -7.39206 121.81
      vertex -93.5 -6.59613 122.42
    endloop
  endfacet
  facet normal 0 -0.608298 0.793709
    outer loop
      vertex -93.5 -7.39206 121.81
      vertex -102.5 -6.59613 122.42
      vertex -102.5 -7.39206 121.81
    endloop
  endfacet
  facet normal 0 0.462339 -0.886703
    outer loop
      vertex -102.5 4.86011 102.577
      vertex -93.5 5.75 103.041
      vertex -93.5 4.86011 102.577
    endloop
  endfacet
  facet normal 0 0.462339 -0.886703
    outer loop
      vertex -93.5 5.75 103.041
      vertex -102.5 4.86011 102.577
      vertex -102.5 5.75 103.041
    endloop
  endfacet
  facet normal 0 0.608298 -0.793709
    outer loop
      vertex -102.5 6.59613 103.58
      vertex -93.5 7.39206 104.19
      vertex -93.5 6.59613 103.58
    endloop
  endfacet
  facet normal 0 0.608298 -0.793709
    outer loop
      vertex -93.5 7.39206 104.19
      vertex -102.5 6.59613 103.58
      vertex -102.5 7.39206 104.19
    endloop
  endfacet
  facet normal 0 0.737429 -0.675425
    outer loop
      vertex -93.5 8.13173 104.868
      vertex -102.5 8.80951 105.608
      vertex -93.5 8.80951 105.608
    endloop
  endfacet
  facet normal 0 0.737429 -0.675425
    outer loop
      vertex -102.5 8.80951 105.608
      vertex -93.5 8.13173 104.868
      vertex -102.5 8.13173 104.868
    endloop
  endfacet
  facet normal 0 0.923871 -0.382704
    outer loop
      vertex -93.5 10.4225 108.14
      vertex -102.5 10.8065 109.067
      vertex -93.5 10.8065 109.067
    endloop
  endfacet
  facet normal 0 0.923871 -0.382704
    outer loop
      vertex -102.5 10.8065 109.067
      vertex -93.5 10.4225 108.14
      vertex -102.5 10.4225 108.14
    endloop
  endfacet
  facet normal -0 0.0438572 0.999038
    outer loop
      vertex -102.5 1.00229 124.456
      vertex -93.5 0 124.5
      vertex -93.5 1.00229 124.456
    endloop
  endfacet
  facet normal 0 0.0438572 0.999038
    outer loop
      vertex -93.5 0 124.5
      vertex -102.5 1.00229 124.456
      vertex -102.5 0 124.5
    endloop
  endfacet
  facet normal -0 0.381895 0.924206
    outer loop
      vertex -102.5 4.86011 123.423
      vertex -93.5 3.93323 123.806
      vertex -93.5 4.86011 123.423
    endloop
  endfacet
  facet normal 0 0.381895 0.924206
    outer loop
      vertex -93.5 3.93323 123.806
      vertex -102.5 4.86011 123.423
      vertex -102.5 3.93323 123.806
    endloop
  endfacet
  facet normal -0 0.537268 0.843411
    outer loop
      vertex -102.5 6.59613 122.42
      vertex -93.5 5.75 122.959
      vertex -93.5 6.59613 122.42
    endloop
  endfacet
  facet normal 0 0.537268 0.843411
    outer loop
      vertex -93.5 5.75 122.959
      vertex -102.5 6.59613 122.42
      vertex -102.5 5.75 122.959
    endloop
  endfacet
  facet normal 0 0.999046 0.0436709
    outer loop
      vertex -93.5 11.5 113
      vertex -102.5 11.4562 114.002
      vertex -93.5 11.4562 114.002
    endloop
  endfacet
  facet normal 0 0.999046 0.0436709
    outer loop
      vertex -102.5 11.4562 114.002
      vertex -93.5 11.5 113
      vertex -102.5 11.5 113
    endloop
  endfacet
  facet normal 0 -0.999046 -0.0436709
    outer loop
      vertex -102.5 -11.4562 111.998
      vertex -93.5 -11.5 113
      vertex -102.5 -11.5 113
    endloop
  endfacet
  facet normal 0 -0.999046 -0.0436709
    outer loop
      vertex -93.5 -11.5 113
      vertex -102.5 -11.4562 111.998
      vertex -93.5 -11.4562 111.998
    endloop
  endfacet
  facet normal -1 0 0
    outer loop
      vertex -102.5 8.5 113
      vertex -102.5 11.5 113
      vertex -102.5 11.4562 111.998
    endloop
  endfacet
  facet normal -1 0 0
    outer loop
      vertex -102.5 8.46765 112.259
      vertex -102.5 11.4562 111.998
      vertex -102.5 11.3253 111.003
    endloop
  endfacet
  facet normal -1 0 0
    outer loop
      vertex -102.5 11.5 113
      vertex -102.5 8.5 113
      vertex -102.5 11.4562 114.002
    endloop
  endfacet
  facet normal -1 0 0
    outer loop
      vertex -102.5 8.37087 111.524
      vertex -102.5 11.3253 111.003
      vertex -102.5 11.1081 110.024
    endloop
  endfacet
  facet normal -1 0 0
    outer loop
      vertex -102.5 8.46765 113.741
      vertex -102.5 11.4562 114.002
      vertex -102.5 8.5 113
    endloop
  endfacet
  facet normal -1 0 0
    outer loop
      vertex -102.5 8.21037 110.8
      vertex -102.5 11.1081 110.024
      vertex -102.5 10.8065 109.067
    endloop
  endfacet
  facet normal -1 -0 0
    outer loop
      vertex -102.5 11.4562 114.002
      vertex -102.5 8.46765 113.741
      vertex -102.5 11.3253 114.997
    endloop
  endfacet
  facet normal -1 0 0
    outer loop
      vertex -102.5 7.98739 110.093
      vertex -102.5 10.8065 109.067
      vertex -102.5 10.4225 108.14
    endloop
  endfacet
  facet normal -1 0 0
    outer loop
      vertex -102.5 8.37087 114.476
      vertex -102.5 11.3253 114.997
      vertex -102.5 8.46765 113.741
    endloop
  endfacet
  facet normal -1 0 0
    outer loop
      vertex -102.5 7.70362 109.408
      vertex -102.5 10.4225 108.14
      vertex -102.5 9.95929 107.25
    endloop
  endfacet
  facet normal -1 -0 0
    outer loop
      vertex -102.5 11.3253 114.997
      vertex -102.5 8.37087 114.476
      vertex -102.5 11.1081 115.976
    endloop
  endfacet
  facet normal -1 0 0
    outer loop
      vertex -102.5 7.36122 108.75
      vertex -102.5 9.95929 107.25
      vertex -102.5 9.42025 106.404
    endloop
  endfacet
  facet normal -1 0 0
    outer loop
      vertex -102.5 8.21037 115.2
      vertex -102.5 11.1081 115.976
      vertex -102.5 8.37087 114.476
    endloop
  endfacet
  facet normal -1 0 0
    outer loop
      vertex -102.5 6.96279 108.125
      vertex -102.5 9.42025 106.404
      vertex -102.5 8.80951 105.608
    endloop
  endfacet
  facet normal -1 -0 0
    outer loop
      vertex -102.5 11.1081 115.976
      vertex -102.5 8.21037 115.2
      vertex -102.5 10.8065 116.933
    endloop
  endfacet
  facet normal -1 0 0
    outer loop
      vertex -102.5 7.98739 115.907
      vertex -102.5 10.8065 116.933
      vertex -102.5 8.21037 115.2
    endloop
  endfacet
  facet normal -1 0 0
    outer loop
      vertex -102.5 11.4562 111.998
      vertex -102.5 8.46765 112.259
      vertex -102.5 8.5 113
    endloop
  endfacet
  facet normal -1 0 0
    outer loop
      vertex -102.5 11.3253 111.003
      vertex -102.5 8.37087 111.524
      vertex -102.5 8.46765 112.259
    endloop
  endfacet
  facet normal -1 0 0
    outer loop
      vertex -102.5 11.1081 110.024
      vertex -102.5 8.21037 110.8
      vertex -102.5 8.37087 111.524
    endloop
  endfacet
  facet normal -1 0 0
    outer loop
      vertex -102.5 6.51138 107.536
      vertex -102.5 8.80951 105.608
      vertex -102.5 8.13173 104.868
    endloop
  endfacet
  facet normal -1 0 0
    outer loop
      vertex -102.5 10.8065 109.067
      vertex -102.5 7.98739 110.093
      vertex -102.5 8.21037 110.8
    endloop
  endfacet
  facet normal -1 0 0
    outer loop
      vertex -102.5 10.4225 108.14
      vertex -102.5 7.70362 109.408
      vertex -102.5 7.98739 110.093
    endloop
  endfacet
  facet normal -1 0 0
    outer loop
      vertex -102.5 6.01041 106.99
      vertex -102.5 8.13173 104.868
      vertex -102.5 7.39206 104.19
    endloop
  endfacet
  facet normal -1 0 0
    outer loop
      vertex -102.5 9.95929 107.25
      vertex -102.5 7.36122 108.75
      vertex -102.5 7.70362 109.408
    endloop
  endfacet
  facet normal -1 0 0
    outer loop
      vertex -102.5 9.42025 106.404
      vertex -102.5 6.96279 108.125
      vertex -102.5 7.36122 108.75
    endloop
  endfacet
  facet normal -1 0 0
    outer loop
      vertex -102.5 5.46369 106.489
      vertex -102.5 7.39206 104.19
      vertex -102.5 6.59613 103.58
    endloop
  endfacet
  facet normal -1 0 0
    outer loop
      vertex -102.5 8.80951 105.608
      vertex -102.5 6.51138 107.536
      vertex -102.5 6.96279 108.125
    endloop
  endfacet
  facet normal -1 0 0
    outer loop
      vertex -102.5 8.13173 104.868
      vertex -102.5 6.01041 106.99
      vertex -102.5 6.51138 107.536
    endloop
  endfacet
  facet normal -1 0 0
    outer loop
      vertex -102.5 4.8754 106.037
      vertex -102.5 6.59613 103.58
      vertex -102.5 5.75 103.041
    endloop
  endfacet
  facet normal -1 0 0
    outer loop
      vertex -102.5 7.39206 104.19
      vertex -102.5 5.46369 106.489
      vertex -102.5 6.01041 106.99
    endloop
  endfacet
  facet normal -1 0 0
    outer loop
      vertex -102.5 6.59613 103.58
      vertex -102.5 4.8754 106.037
      vertex -102.5 5.46369 106.489
    endloop
  endfacet
  facet normal -1 0 0
    outer loop
      vertex -102.5 4.25 105.639
      vertex -102.5 5.75 103.041
      vertex -102.5 4.86011 102.577
    endloop
  endfacet
  facet normal -1 0 0
    outer loop
      vertex -102.5 5.75 103.041
      vertex -102.5 4.25 105.639
      vertex -102.5 4.8754 106.037
    endloop
  endfacet
  facet normal -1 0 0
    outer loop
      vertex -102.5 3.59225 105.296
      vertex -102.5 4.86011 102.577
      vertex -102.5 3.93323 102.194
    endloop
  endfacet
  facet normal -1 0 0
    outer loop
      vertex -102.5 4.86011 102.577
      vertex -102.5 3.59225 105.296
      vertex -102.5 4.25 105.639
    endloop
  endfacet
  facet normal -1 0 0
    outer loop
      vertex -102.5 2.90717 105.013
      vertex -102.5 3.93323 102.194
      vertex -102.5 2.97642 101.892
    endloop
  endfacet
  facet normal -1 0 0
    outer loop
      vertex -102.5 3.93323 102.194
      vertex -102.5 2.90717 105.013
      vertex -102.5 3.59225 105.296
    endloop
  endfacet
  facet normal -1 0 0
    outer loop
      vertex -102.5 2.97642 101.892
      vertex -102.5 2.19996 104.79
      vertex -102.5 2.90717 105.013
    endloop
  endfacet
  facet normal -1 0 0
    outer loop
      vertex -102.5 1.99695 101.675
      vertex -102.5 2.19996 104.79
      vertex -102.5 2.97642 101.892
    endloop
  endfacet
  facet normal -1 0 0
    outer loop
      vertex -102.5 1.99695 101.675
      vertex -102.5 1.47601 104.629
      vertex -102.5 2.19996 104.79
    endloop
  endfacet
  facet normal -1 0 0
    outer loop
      vertex -102.5 1.00229 101.544
      vertex -102.5 1.47601 104.629
      vertex -102.5 1.99695 101.675
    endloop
  endfacet
  facet normal -1 0 0
    outer loop
      vertex -102.5 1.00229 101.544
      vertex -102.5 0.740824 104.532
      vertex -102.5 1.47601 104.629
    endloop
  endfacet
  facet normal -1 0 0
    outer loop
      vertex -102.5 0 101.5
      vertex -102.5 0.740824 104.532
      vertex -102.5 1.00229 101.544
    endloop
  endfacet
  facet normal -1 0 0
    outer loop
      vertex -102.5 0 101.5
      vertex -102.5 0 104.5
      vertex -102.5 0.740824 104.532
    endloop
  endfacet
  facet normal -1 0 0
    outer loop
      vertex -102.5 0 101.5
      vertex -102.5 -0.740824 104.532
      vertex -102.5 0 104.5
    endloop
  endfacet
  facet normal -1 0 0
    outer loop
      vertex -102.5 -1.00229 101.544
      vertex -102.5 -0.740824 104.532
      vertex -102.5 0 101.5
    endloop
  endfacet
  facet normal -1 0 0
    outer loop
      vertex -102.5 -1.00229 101.544
      vertex -102.5 -1.47601 104.629
      vertex -102.5 -0.740824 104.532
    endloop
  endfacet
  facet normal -1 0 0
    outer loop
      vertex -102.5 -1.99695 101.675
      vertex -102.5 -1.47601 104.629
      vertex -102.5 -1.00229 101.544
    endloop
  endfacet
  facet normal -1 0 0
    outer loop
      vertex -102.5 -1.99695 101.675
      vertex -102.5 -2.19996 104.79
      vertex -102.5 -1.47601 104.629
    endloop
  endfacet
  facet normal -1 0 0
    outer loop
      vertex -102.5 -2.97642 101.892
      vertex -102.5 -2.19996 104.79
      vertex -102.5 -1.99695 101.675
    endloop
  endfacet
  facet normal -1 -0 0
    outer loop
      vertex -102.5 -2.19996 104.79
      vertex -102.5 -2.97642 101.892
      vertex -102.5 -2.90717 105.013
    endloop
  endfacet
  facet normal -1 0 0
    outer loop
      vertex -102.5 -3.93323 102.194
      vertex -102.5 -2.90717 105.013
      vertex -102.5 -2.97642 101.892
    endloop
  endfacet
  facet normal -1 -0 0
    outer loop
      vertex -102.5 -2.90717 105.013
      vertex -102.5 -3.93323 102.194
      vertex -102.5 -3.59225 105.296
    endloop
  endfacet
  facet normal -1 0 0
    outer loop
      vertex -102.5 -4.86011 102.577
      vertex -102.5 -3.59225 105.296
      vertex -102.5 -3.93323 102.194
    endloop
  endfacet
  facet normal -1 -0 0
    outer loop
      vertex -102.5 -3.59225 105.296
      vertex -102.5 -4.86011 102.577
      vertex -102.5 -4.25 105.639
    endloop
  endfacet
  facet normal -1 0 0
    outer loop
      vertex -102.5 -5.75 103.041
      vertex -102.5 -4.25 105.639
      vertex -102.5 -4.86011 102.577
    endloop
  endfacet
  facet normal -1 -0 0
    outer loop
      vertex -102.5 -4.25 105.639
      vertex -102.5 -5.75 103.041
      vertex -102.5 -4.8754 106.037
    endloop
  endfacet
  facet normal -1 0 0
    outer loop
      vertex -102.5 -6.59613 103.58
      vertex -102.5 -4.8754 106.037
      vertex -102.5 -5.75 103.041
    endloop
  endfacet
  facet normal -1 -0 0
    outer loop
      vertex -102.5 -4.8754 106.037
      vertex -102.5 -6.59613 103.58
      vertex -102.5 -5.46369 106.489
    endloop
  endfacet
  facet normal -1 0 0
    outer loop
      vertex -102.5 -7.39206 104.19
      vertex -102.5 -5.46369 106.489
      vertex -102.5 -6.59613 103.58
    endloop
  endfacet
  facet normal -1 -0 0
    outer loop
      vertex -102.5 -5.46369 106.489
      vertex -102.5 -7.39206 104.19
      vertex -102.5 -6.01041 106.99
    endloop
  endfacet
  facet normal -1 0 0
    outer loop
      vertex -102.5 -8.13173 104.868
      vertex -102.5 -6.01041 106.99
      vertex -102.5 -7.39206 104.19
    endloop
  endfacet
  facet normal -1 -0 0
    outer loop
      vertex -102.5 -6.01041 106.99
      vertex -102.5 -8.13173 104.868
      vertex -102.5 -6.51138 107.536
    endloop
  endfacet
  facet normal -1 0 0
    outer loop
      vertex -102.5 -8.80951 105.608
      vertex -102.5 -6.51138 107.536
      vertex -102.5 -8.13173 104.868
    endloop
  endfacet
  facet normal -1 -0 0
    outer loop
      vertex -102.5 -6.51138 107.536
      vertex -102.5 -8.80951 105.608
      vertex -102.5 -6.96279 108.125
    endloop
  endfacet
  facet normal -1 0 0
    outer loop
      vertex -102.5 -9.42025 106.404
      vertex -102.5 -6.96279 108.125
      vertex -102.5 -8.80951 105.608
    endloop
  endfacet
  facet normal -1 -0 0
    outer loop
      vertex -102.5 -6.96279 108.125
      vertex -102.5 -9.42025 106.404
      vertex -102.5 -7.36122 108.75
    endloop
  endfacet
  facet normal -1 0 0
    outer loop
      vertex -102.5 -9.95929 107.25
      vertex -102.5 -7.36122 108.75
      vertex -102.5 -9.42025 106.404
    endloop
  endfacet
  facet normal -1 -0 0
    outer loop
      vertex -102.5 -7.36122 108.75
      vertex -102.5 -9.95929 107.25
      vertex -102.5 -7.70362 109.408
    endloop
  endfacet
  facet normal -1 0 0
    outer loop
      vertex -102.5 -10.4225 108.14
      vertex -102.5 -7.70362 109.408
      vertex -102.5 -9.95929 107.25
    endloop
  endfacet
  facet normal -1 0 0
    outer loop
      vertex -102.5 -10.8065 109.067
      vertex -102.5 -7.98739 110.093
      vertex -102.5 -10.4225 108.14
    endloop
  endfacet
  facet normal -1 -0 0
    outer loop
      vertex -102.5 -7.70362 109.408
      vertex -102.5 -10.4225 108.14
      vertex -102.5 -7.98739 110.093
    endloop
  endfacet
  facet normal -1 -0 0
    outer loop
      vertex -102.5 10.8065 116.933
      vertex -102.5 7.98739 115.907
      vertex -102.5 10.4225 117.86
    endloop
  endfacet
  facet normal -1 0 0
    outer loop
      vertex -102.5 7.70362 116.592
      vertex -102.5 10.4225 117.86
      vertex -102.5 7.98739 115.907
    endloop
  endfacet
  facet normal -1 -0 0
    outer loop
      vertex -102.5 10.4225 117.86
      vertex -102.5 7.70362 116.592
      vertex -102.5 9.95929 118.75
    endloop
  endfacet
  facet normal -1 0 0
    outer loop
      vertex -102.5 7.36122 117.25
      vertex -102.5 9.95929 118.75
      vertex -102.5 7.70362 116.592
    endloop
  endfacet
  facet normal -1 -0 0
    outer loop
      vertex -102.5 9.95929 118.75
      vertex -102.5 7.36122 117.25
      vertex -102.5 9.42025 119.596
    endloop
  endfacet
  facet normal -1 0 0
    outer loop
      vertex -102.5 6.96279 117.875
      vertex -102.5 9.42025 119.596
      vertex -102.5 7.36122 117.25
    endloop
  endfacet
  facet normal -1 -0 0
    outer loop
      vertex -102.5 9.42025 119.596
      vertex -102.5 6.96279 117.875
      vertex -102.5 8.80951 120.392
    endloop
  endfacet
  facet normal -1 0 0
    outer loop
      vertex -102.5 6.51138 118.464
      vertex -102.5 8.80951 120.392
      vertex -102.5 6.96279 117.875
    endloop
  endfacet
  facet normal -1 -0 0
    outer loop
      vertex -102.5 8.80951 120.392
      vertex -102.5 6.51138 118.464
      vertex -102.5 8.13173 121.132
    endloop
  endfacet
  facet normal -1 0 0
    outer loop
      vertex -102.5 6.01041 119.01
      vertex -102.5 8.13173 121.132
      vertex -102.5 6.51138 118.464
    endloop
  endfacet
  facet normal -1 -0 0
    outer loop
      vertex -102.5 8.13173 121.132
      vertex -102.5 6.01041 119.01
      vertex -102.5 7.39206 121.81
    endloop
  endfacet
  facet normal -1 0 0
    outer loop
      vertex -102.5 5.46369 119.511
      vertex -102.5 7.39206 121.81
      vertex -102.5 6.01041 119.01
    endloop
  endfacet
  facet normal -1 -0 0
    outer loop
      vertex -102.5 7.39206 121.81
      vertex -102.5 5.46369 119.511
      vertex -102.5 6.59613 122.42
    endloop
  endfacet
  facet normal -1 0 0
    outer loop
      vertex -102.5 4.8754 119.963
      vertex -102.5 6.59613 122.42
      vertex -102.5 5.46369 119.511
    endloop
  endfacet
  facet normal -1 -0 0
    outer loop
      vertex -102.5 6.59613 122.42
      vertex -102.5 4.8754 119.963
      vertex -102.5 5.75 122.959
    endloop
  endfacet
  facet normal -1 0 0
    outer loop
      vertex -102.5 4.25 120.361
      vertex -102.5 5.75 122.959
      vertex -102.5 4.8754 119.963
    endloop
  endfacet
  facet normal -1 -0 0
    outer loop
      vertex -102.5 5.75 122.959
      vertex -102.5 4.25 120.361
      vertex -102.5 4.86011 123.423
    endloop
  endfacet
  facet normal -1 0 0
    outer loop
      vertex -102.5 3.59225 120.704
      vertex -102.5 4.86011 123.423
      vertex -102.5 4.25 120.361
    endloop
  endfacet
  facet normal -1 -0 0
    outer loop
      vertex -102.5 4.86011 123.423
      vertex -102.5 3.59225 120.704
      vertex -102.5 3.93323 123.806
    endloop
  endfacet
  facet normal -1 0 0
    outer loop
      vertex -102.5 2.90717 120.987
      vertex -102.5 3.93323 123.806
      vertex -102.5 3.59225 120.704
    endloop
  endfacet
  facet normal -1 -0 0
    outer loop
      vertex -102.5 3.93323 123.806
      vertex -102.5 2.90717 120.987
      vertex -102.5 2.97642 124.108
    endloop
  endfacet
  facet normal -1 0 0
    outer loop
      vertex -102.5 2.19996 121.21
      vertex -102.5 2.97642 124.108
      vertex -102.5 2.90717 120.987
    endloop
  endfacet
  facet normal -1 0 0
    outer loop
      vertex -102.5 2.19996 121.21
      vertex -102.5 1.99695 124.325
      vertex -102.5 2.97642 124.108
    endloop
  endfacet
  facet normal -1 0 0
    outer loop
      vertex -102.5 1.47601 121.371
      vertex -102.5 1.99695 124.325
      vertex -102.5 2.19996 121.21
    endloop
  endfacet
  facet normal -1 0 0
    outer loop
      vertex -102.5 1.47601 121.371
      vertex -102.5 1.00229 124.456
      vertex -102.5 1.99695 124.325
    endloop
  endfacet
  facet normal -1 0 0
    outer loop
      vertex -102.5 0.740824 121.468
      vertex -102.5 1.00229 124.456
      vertex -102.5 1.47601 121.371
    endloop
  endfacet
  facet normal -1 0 0
    outer loop
      vertex -102.5 0 121.5
      vertex -102.5 1.00229 124.456
      vertex -102.5 0.740824 121.468
    endloop
  endfacet
  facet normal -1 0 0
    outer loop
      vertex -102.5 0 121.5
      vertex -102.5 0 124.5
      vertex -102.5 1.00229 124.456
    endloop
  endfacet
  facet normal -1 0 0
    outer loop
      vertex -102.5 -0.740824 121.468
      vertex -102.5 0 124.5
      vertex -102.5 0 121.5
    endloop
  endfacet
  facet normal -1 0 0
    outer loop
      vertex -102.5 -0.740824 121.468
      vertex -102.5 -1.00229 124.456
      vertex -102.5 0 124.5
    endloop
  endfacet
  facet normal -1 0 0
    outer loop
      vertex -102.5 -1.47601 121.371
      vertex -102.5 -1.00229 124.456
      vertex -102.5 -0.740824 121.468
    endloop
  endfacet
  facet normal -1 0 0
    outer loop
      vertex -102.5 -1.47601 121.371
      vertex -102.5 -1.99695 124.325
      vertex -102.5 -1.00229 124.456
    endloop
  endfacet
  facet normal -1 0 0
    outer loop
      vertex -102.5 -2.19996 121.21
      vertex -102.5 -1.99695 124.325
      vertex -102.5 -1.47601 121.371
    endloop
  endfacet
  facet normal -1 0 0
    outer loop
      vertex -102.5 -2.97642 124.108
      vertex -102.5 -2.19996 121.21
      vertex -102.5 -2.90717 120.987
    endloop
  endfacet
  facet normal -1 0 0
    outer loop
      vertex -102.5 -2.19996 121.21
      vertex -102.5 -2.97642 124.108
      vertex -102.5 -1.99695 124.325
    endloop
  endfacet
  facet normal -1 0 0
    outer loop
      vertex -102.5 -3.93323 123.806
      vertex -102.5 -2.90717 120.987
      vertex -102.5 -3.59225 120.704
    endloop
  endfacet
  facet normal -1 0 0
    outer loop
      vertex -102.5 -2.90717 120.987
      vertex -102.5 -3.93323 123.806
      vertex -102.5 -2.97642 124.108
    endloop
  endfacet
  facet normal -1 0 0
    outer loop
      vertex -102.5 -4.86011 123.423
      vertex -102.5 -3.59225 120.704
      vertex -102.5 -4.25 120.361
    endloop
  endfacet
  facet normal -1 0 0
    outer loop
      vertex -102.5 -3.59225 120.704
      vertex -102.5 -4.86011 123.423
      vertex -102.5 -3.93323 123.806
    endloop
  endfacet
  facet normal -1 0 0
    outer loop
      vertex -102.5 -5.75 122.959
      vertex -102.5 -4.25 120.361
      vertex -102.5 -4.8754 119.963
    endloop
  endfacet
  facet normal -1 0 0
    outer loop
      vertex -102.5 -6.59613 122.42
      vertex -102.5 -4.8754 119.963
      vertex -102.5 -5.46369 119.511
    endloop
  endfacet
  facet normal -1 0 0
    outer loop
      vertex -102.5 -4.25 120.361
      vertex -102.5 -5.75 122.959
      vertex -102.5 -4.86011 123.423
    endloop
  endfacet
  facet normal -1 0 0
    outer loop
      vertex -102.5 -7.39206 121.81
      vertex -102.5 -5.46369 119.511
      vertex -102.5 -6.01041 119.01
    endloop
  endfacet
  facet normal -1 0 0
    outer loop
      vertex -102.5 -8.13173 121.132
      vertex -102.5 -6.01041 119.01
      vertex -102.5 -6.51138 118.464
    endloop
  endfacet
  facet normal -1 0 0
    outer loop
      vertex -102.5 -4.8754 119.963
      vertex -102.5 -6.59613 122.42
      vertex -102.5 -5.75 122.959
    endloop
  endfacet
  facet normal -1 0 0
    outer loop
      vertex -102.5 -8.80951 120.392
      vertex -102.5 -6.51138 118.464
      vertex -102.5 -6.96279 117.875
    endloop
  endfacet
  facet normal -1 0 0
    outer loop
      vertex -102.5 -9.42025 119.596
      vertex -102.5 -6.96279 117.875
      vertex -102.5 -7.36122 117.25
    endloop
  endfacet
  facet normal -1 0 0
    outer loop
      vertex -102.5 -5.46369 119.511
      vertex -102.5 -7.39206 121.81
      vertex -102.5 -6.59613 122.42
    endloop
  endfacet
  facet normal -1 0 0
    outer loop
      vertex -102.5 -9.95929 118.75
      vertex -102.5 -7.36122 117.25
      vertex -102.5 -7.70362 116.592
    endloop
  endfacet
  facet normal -1 0 0
    outer loop
      vertex -102.5 -10.4225 117.86
      vertex -102.5 -7.70362 116.592
      vertex -102.5 -7.98739 115.907
    endloop
  endfacet
  facet normal -1 0 0
    outer loop
      vertex -102.5 -6.01041 119.01
      vertex -102.5 -8.13173 121.132
      vertex -102.5 -7.39206 121.81
    endloop
  endfacet
  facet normal -1 0 0
    outer loop
      vertex -102.5 -10.8065 116.933
      vertex -102.5 -7.98739 115.907
      vertex -102.5 -8.21037 115.2
    endloop
  endfacet
  facet normal -1 0 0
    outer loop
      vertex -102.5 -11.1081 115.976
      vertex -102.5 -8.21037 115.2
      vertex -102.5 -8.37087 114.476
    endloop
  endfacet
  facet normal -1 0 0
    outer loop
      vertex -102.5 -11.3253 114.997
      vertex -102.5 -8.37087 114.476
      vertex -102.5 -8.46765 113.741
    endloop
  endfacet
  facet normal -1 0 0
    outer loop
      vertex -102.5 -6.51138 118.464
      vertex -102.5 -8.80951 120.392
      vertex -102.5 -8.13173 121.132
    endloop
  endfacet
  facet normal -1 0 0
    outer loop
      vertex -102.5 -11.4562 114.002
      vertex -102.5 -8.46765 113.741
      vertex -102.5 -8.5 113
    endloop
  endfacet
  facet normal -1 -0 0
    outer loop
      vertex -102.5 -7.98739 110.093
      vertex -102.5 -10.8065 109.067
      vertex -102.5 -8.21037 110.8
    endloop
  endfacet
  facet normal -1 0 0
    outer loop
      vertex -102.5 -11.1081 110.024
      vertex -102.5 -8.21037 110.8
      vertex -102.5 -10.8065 109.067
    endloop
  endfacet
  facet normal -1 0 0
    outer loop
      vertex -102.5 -6.96279 117.875
      vertex -102.5 -9.42025 119.596
      vertex -102.5 -8.80951 120.392
    endloop
  endfacet
  facet normal -1 -0 0
    outer loop
      vertex -102.5 -8.21037 110.8
      vertex -102.5 -11.1081 110.024
      vertex -102.5 -8.37087 111.524
    endloop
  endfacet
  facet normal -1 0 0
    outer loop
      vertex -102.5 -7.36122 117.25
      vertex -102.5 -9.95929 118.75
      vertex -102.5 -9.42025 119.596
    endloop
  endfacet
  facet normal -1 0 0
    outer loop
      vertex -102.5 -11.3253 111.003
      vertex -102.5 -8.37087 111.524
      vertex -102.5 -11.1081 110.024
    endloop
  endfacet
  facet normal -1 0 0
    outer loop
      vertex -102.5 -7.70362 116.592
      vertex -102.5 -10.4225 117.86
      vertex -102.5 -9.95929 118.75
    endloop
  endfacet
  facet normal -1 -0 0
    outer loop
      vertex -102.5 -8.37087 111.524
      vertex -102.5 -11.3253 111.003
      vertex -102.5 -8.46765 112.259
    endloop
  endfacet
  facet normal -1 0 0
    outer loop
      vertex -102.5 -7.98739 115.907
      vertex -102.5 -10.8065 116.933
      vertex -102.5 -10.4225 117.86
    endloop
  endfacet
  facet normal -1 0 0
    outer loop
      vertex -102.5 -11.4562 111.998
      vertex -102.5 -8.46765 112.259
      vertex -102.5 -11.3253 111.003
    endloop
  endfacet
  facet normal -1 0 0
    outer loop
      vertex -102.5 -8.21037 115.2
      vertex -102.5 -11.1081 115.976
      vertex -102.5 -10.8065 116.933
    endloop
  endfacet
  facet normal -1 -0 0
    outer loop
      vertex -102.5 -8.46765 112.259
      vertex -102.5 -11.4562 111.998
      vertex -102.5 -8.5 113
    endloop
  endfacet
  facet normal -1 0 0
    outer loop
      vertex -102.5 -8.37087 114.476
      vertex -102.5 -11.3253 114.997
      vertex -102.5 -11.1081 115.976
    endloop
  endfacet
  facet normal -1 0 0
    outer loop
      vertex -102.5 -11.5 113
      vertex -102.5 -8.5 113
      vertex -102.5 -11.4562 111.998
    endloop
  endfacet
  facet normal -1 0 0
    outer loop
      vertex -102.5 -8.46765 113.741
      vertex -102.5 -11.4562 114.002
      vertex -102.5 -11.3253 114.997
    endloop
  endfacet
  facet normal -1 0 0
    outer loop
      vertex -102.5 -8.5 113
      vertex -102.5 -11.5 113
      vertex -102.5 -11.4562 114.002
    endloop
  endfacet
  facet normal 0 -0.130576 -0.991438
    outer loop
      vertex -102.5 -1.99695 101.675
      vertex -93.5 -1.00229 101.544
      vertex -93.5 -1.99695 101.675
    endloop
  endfacet
  facet normal -0 -0.130576 -0.991438
    outer loop
      vertex -93.5 -1.00229 101.544
      vertex -102.5 -1.99695 101.675
      vertex -102.5 -1.00229 101.544
    endloop
  endfacet
  facet normal 0 -0.0438572 -0.999038
    outer loop
      vertex -102.5 -1.00229 101.544
      vertex -93.5 0 101.5
      vertex -93.5 -1.00229 101.544
    endloop
  endfacet
  facet normal -0 -0.0438572 -0.999038
    outer loop
      vertex -93.5 0 101.5
      vertex -102.5 -1.00229 101.544
      vertex -102.5 0 101.5
    endloop
  endfacet
  facet normal 0 -0.300995 -0.953626
    outer loop
      vertex -102.5 -3.93323 102.194
      vertex -93.5 -2.97642 101.892
      vertex -93.5 -3.93323 102.194
    endloop
  endfacet
  facet normal -0 -0.300995 -0.953626
    outer loop
      vertex -93.5 -2.97642 101.892
      vertex -102.5 -3.93323 102.194
      vertex -102.5 -2.97642 101.892
    endloop
  endfacet
  facet normal 0 -0.923871 -0.382704
    outer loop
      vertex -102.5 -10.4225 108.14
      vertex -93.5 -10.8065 109.067
      vertex -102.5 -10.8065 109.067
    endloop
  endfacet
  facet normal 0 -0.923871 -0.382704
    outer loop
      vertex -93.5 -10.8065 109.067
      vertex -102.5 -10.4225 108.14
      vertex -93.5 -10.4225 108.14
    endloop
  endfacet
  facet normal 0 -0.999046 0.0436709
    outer loop
      vertex -102.5 -11.5 113
      vertex -93.5 -11.4562 114.002
      vertex -102.5 -11.4562 114.002
    endloop
  endfacet
  facet normal 0 -0.999046 0.0436709
    outer loop
      vertex -93.5 -11.4562 114.002
      vertex -102.5 -11.5 113
      vertex -93.5 -11.5 113
    endloop
  endfacet
  facet normal 1 0 0
    outer loop
      vertex -93.5 11.4562 114.002
      vertex -93.5 11.4562 111.998
      vertex -93.5 11.5 113
    endloop
  endfacet
  facet normal 1 0 0
    outer loop
      vertex -93.5 11.3253 114.997
      vertex -93.5 11.4562 111.998
      vertex -93.5 11.4562 114.002
    endloop
  endfacet
  facet normal 1 0 0
    outer loop
      vertex -93.5 11.3253 114.997
      vertex -93.5 11.3253 111.003
      vertex -93.5 11.4562 111.998
    endloop
  endfacet
  facet normal 1 0 0
    outer loop
      vertex -93.5 11.1081 115.976
      vertex -93.5 11.3253 111.003
      vertex -93.5 11.3253 114.997
    endloop
  endfacet
  facet normal 1 0 0
    outer loop
      vertex -93.5 11.1081 115.976
      vertex -93.5 11.1081 110.024
      vertex -93.5 11.3253 111.003
    endloop
  endfacet
  facet normal 1 0 0
    outer loop
      vertex -93.5 10.8065 116.933
      vertex -93.5 11.1081 110.024
      vertex -93.5 11.1081 115.976
    endloop
  endfacet
  facet normal 1 0 0
    outer loop
      vertex -93.5 10.8065 116.933
      vertex -93.5 10.8065 109.067
      vertex -93.5 11.1081 110.024
    endloop
  endfacet
  facet normal 1 0 0
    outer loop
      vertex -93.5 10.4225 117.86
      vertex -93.5 10.8065 109.067
      vertex -93.5 10.8065 116.933
    endloop
  endfacet
  facet normal 1 0 0
    outer loop
      vertex -93.5 10.4225 117.86
      vertex -93.5 10.4225 108.14
      vertex -93.5 10.8065 109.067
    endloop
  endfacet
  facet normal 1 0 0
    outer loop
      vertex -93.5 9.95929 118.75
      vertex -93.5 10.4225 108.14
      vertex -93.5 10.4225 117.86
    endloop
  endfacet
  facet normal 1 0 0
    outer loop
      vertex -93.5 9.95929 118.75
      vertex -93.5 9.95929 107.25
      vertex -93.5 10.4225 108.14
    endloop
  endfacet
  facet normal 1 0 0
    outer loop
      vertex -93.5 9.42025 119.596
      vertex -93.5 9.95929 107.25
      vertex -93.5 9.95929 118.75
    endloop
  endfacet
  facet normal 1 0 0
    outer loop
      vertex -93.5 9.42025 119.596
      vertex -93.5 9.42025 106.404
      vertex -93.5 9.95929 107.25
    endloop
  endfacet
  facet normal 1 0 0
    outer loop
      vertex -93.5 8.80951 120.392
      vertex -93.5 9.42025 106.404
      vertex -93.5 9.42025 119.596
    endloop
  endfacet
  facet normal 1 0 0
    outer loop
      vertex -93.5 8.80951 120.392
      vertex -93.5 8.80951 105.608
      vertex -93.5 9.42025 106.404
    endloop
  endfacet
  facet normal 1 0 0
    outer loop
      vertex -93.5 8.13173 121.132
      vertex -93.5 8.80951 105.608
      vertex -93.5 8.80951 120.392
    endloop
  endfacet
  facet normal 1 0 0
    outer loop
      vertex -93.5 8.13173 121.132
      vertex -93.5 8.13173 104.868
      vertex -93.5 8.80951 105.608
    endloop
  endfacet
  facet normal 1 0 0
    outer loop
      vertex -93.5 7.39206 121.81
      vertex -93.5 8.13173 104.868
      vertex -93.5 8.13173 121.132
    endloop
  endfacet
  facet normal 1 0 0
    outer loop
      vertex -93.5 7.39206 121.81
      vertex -93.5 7.39206 104.19
      vertex -93.5 8.13173 104.868
    endloop
  endfacet
  facet normal 1 0 0
    outer loop
      vertex -93.5 6.59613 122.42
      vertex -93.5 7.39206 104.19
      vertex -93.5 7.39206 121.81
    endloop
  endfacet
  facet normal 1 0 0
    outer loop
      vertex -93.5 6.59613 122.42
      vertex -93.5 6.59613 103.58
      vertex -93.5 7.39206 104.19
    endloop
  endfacet
  facet normal 1 0 0
    outer loop
      vertex -93.5 5.75 122.959
      vertex -93.5 6.59613 103.58
      vertex -93.5 6.59613 122.42
    endloop
  endfacet
  facet normal 1 0 0
    outer loop
      vertex -93.5 5.75 122.959
      vertex -93.5 5.75 103.041
      vertex -93.5 6.59613 103.58
    endloop
  endfacet
  facet normal 1 0 0
    outer loop
      vertex -93.5 4.86011 123.423
      vertex -93.5 5.75 103.041
      vertex -93.5 5.75 122.959
    endloop
  endfacet
  facet normal 1 0 0
    outer loop
      vertex -93.5 4.86011 123.423
      vertex -93.5 4.86011 102.577
      vertex -93.5 5.75 103.041
    endloop
  endfacet
  facet normal 1 0 0
    outer loop
      vertex -93.5 3.93323 123.806
      vertex -93.5 4.86011 102.577
      vertex -93.5 4.86011 123.423
    endloop
  endfacet
  facet normal 1 0 0
    outer loop
      vertex -93.5 3.93323 123.806
      vertex -93.5 3.93323 102.194
      vertex -93.5 4.86011 102.577
    endloop
  endfacet
  facet normal 1 0 0
    outer loop
      vertex -93.5 2.97642 124.108
      vertex -93.5 3.93323 102.194
      vertex -93.5 3.93323 123.806
    endloop
  endfacet
  facet normal 1 0 0
    outer loop
      vertex -93.5 2.97642 124.108
      vertex -93.5 2.97642 101.892
      vertex -93.5 3.93323 102.194
    endloop
  endfacet
  facet normal 1 0 0
    outer loop
      vertex -93.5 1.99695 124.325
      vertex -93.5 2.97642 101.892
      vertex -93.5 2.97642 124.108
    endloop
  endfacet
  facet normal 1 0 0
    outer loop
      vertex -93.5 1.99695 124.325
      vertex -93.5 1.99695 101.675
      vertex -93.5 2.97642 101.892
    endloop
  endfacet
  facet normal 1 0 0
    outer loop
      vertex -93.5 1.00229 124.456
      vertex -93.5 1.99695 101.675
      vertex -93.5 1.99695 124.325
    endloop
  endfacet
  facet normal 1 0 0
    outer loop
      vertex -93.5 1.00229 124.456
      vertex -93.5 1.00229 101.544
      vertex -93.5 1.99695 101.675
    endloop
  endfacet
  facet normal 1 0 0
    outer loop
      vertex -93.5 0 124.5
      vertex -93.5 1.00229 101.544
      vertex -93.5 1.00229 124.456
    endloop
  endfacet
  facet normal 1 0 0
    outer loop
      vertex -93.5 0 124.5
      vertex -93.5 0 101.5
      vertex -93.5 1.00229 101.544
    endloop
  endfacet
  facet normal 1 -0 0
    outer loop
      vertex -93.5 -1.00229 124.456
      vertex -93.5 0 101.5
      vertex -93.5 0 124.5
    endloop
  endfacet
  facet normal 1 0 0
    outer loop
      vertex -93.5 -1.00229 124.456
      vertex -93.5 -1.00229 101.544
      vertex -93.5 0 101.5
    endloop
  endfacet
  facet normal 1 -0 0
    outer loop
      vertex -93.5 -1.99695 124.325
      vertex -93.5 -1.00229 101.544
      vertex -93.5 -1.00229 124.456
    endloop
  endfacet
  facet normal 1 0 0
    outer loop
      vertex -93.5 -1.99695 124.325
      vertex -93.5 -1.99695 101.675
      vertex -93.5 -1.00229 101.544
    endloop
  endfacet
  facet normal 1 -0 0
    outer loop
      vertex -93.5 -2.97642 124.108
      vertex -93.5 -1.99695 101.675
      vertex -93.5 -1.99695 124.325
    endloop
  endfacet
  facet normal 1 0 0
    outer loop
      vertex -93.5 -2.97642 124.108
      vertex -93.5 -2.97642 101.892
      vertex -93.5 -1.99695 101.675
    endloop
  endfacet
  facet normal 1 -0 0
    outer loop
      vertex -93.5 -3.93323 123.806
      vertex -93.5 -2.97642 101.892
      vertex -93.5 -2.97642 124.108
    endloop
  endfacet
  facet normal 1 0 0
    outer loop
      vertex -93.5 -3.93323 123.806
      vertex -93.5 -3.93323 102.194
      vertex -93.5 -2.97642 101.892
    endloop
  endfacet
  facet normal 1 -0 0
    outer loop
      vertex -93.5 -4.86011 123.423
      vertex -93.5 -3.93323 102.194
      vertex -93.5 -3.93323 123.806
    endloop
  endfacet
  facet normal 1 0 0
    outer loop
      vertex -93.5 -4.86011 123.423
      vertex -93.5 -4.86011 102.577
      vertex -93.5 -3.93323 102.194
    endloop
  endfacet
  facet normal 1 -0 0
    outer loop
      vertex -93.5 -5.75 122.959
      vertex -93.5 -4.86011 102.577
      vertex -93.5 -4.86011 123.423
    endloop
  endfacet
  facet normal 1 0 0
    outer loop
      vertex -93.5 -5.75 122.959
      vertex -93.5 -5.75 103.041
      vertex -93.5 -4.86011 102.577
    endloop
  endfacet
  facet normal 1 -0 0
    outer loop
      vertex -93.5 -6.59613 122.42
      vertex -93.5 -5.75 103.041
      vertex -93.5 -5.75 122.959
    endloop
  endfacet
  facet normal 1 0 0
    outer loop
      vertex -93.5 -6.59613 122.42
      vertex -93.5 -6.59613 103.58
      vertex -93.5 -5.75 103.041
    endloop
  endfacet
  facet normal 1 -0 0
    outer loop
      vertex -93.5 -7.39206 121.81
      vertex -93.5 -6.59613 103.58
      vertex -93.5 -6.59613 122.42
    endloop
  endfacet
  facet normal 1 0 0
    outer loop
      vertex -93.5 -7.39206 121.81
      vertex -93.5 -7.39206 104.19
      vertex -93.5 -6.59613 103.58
    endloop
  endfacet
  facet normal 1 -0 0
    outer loop
      vertex -93.5 -8.13173 121.132
      vertex -93.5 -7.39206 104.19
      vertex -93.5 -7.39206 121.81
    endloop
  endfacet
  facet normal 1 0 0
    outer loop
      vertex -93.5 -8.13173 121.132
      vertex -93.5 -8.13173 104.868
      vertex -93.5 -7.39206 104.19
    endloop
  endfacet
  facet normal 1 -0 0
    outer loop
      vertex -93.5 -8.80951 120.392
      vertex -93.5 -8.13173 104.868
      vertex -93.5 -8.13173 121.132
    endloop
  endfacet
  facet normal 1 0 0
    outer loop
      vertex -93.5 -8.80951 120.392
      vertex -93.5 -8.80951 105.608
      vertex -93.5 -8.13173 104.868
    endloop
  endfacet
  facet normal 1 -0 0
    outer loop
      vertex -93.5 -9.42025 119.596
      vertex -93.5 -8.80951 105.608
      vertex -93.5 -8.80951 120.392
    endloop
  endfacet
  facet normal 1 0 0
    outer loop
      vertex -93.5 -9.42025 119.596
      vertex -93.5 -9.42025 106.404
      vertex -93.5 -8.80951 105.608
    endloop
  endfacet
  facet normal 1 -0 0
    outer loop
      vertex -93.5 -9.95929 118.75
      vertex -93.5 -9.42025 106.404
      vertex -93.5 -9.42025 119.596
    endloop
  endfacet
  facet normal 1 0 0
    outer loop
      vertex -93.5 -9.95929 118.75
      vertex -93.5 -9.95929 107.25
      vertex -93.5 -9.42025 106.404
    endloop
  endfacet
  facet normal 1 -0 0
    outer loop
      vertex -93.5 -10.4225 117.86
      vertex -93.5 -9.95929 107.25
      vertex -93.5 -9.95929 118.75
    endloop
  endfacet
  facet normal 1 0 0
    outer loop
      vertex -93.5 -10.4225 117.86
      vertex -93.5 -10.4225 108.14
      vertex -93.5 -9.95929 107.25
    endloop
  endfacet
  facet normal 1 -0 0
    outer loop
      vertex -93.5 -10.8065 116.933
      vertex -93.5 -10.4225 108.14
      vertex -93.5 -10.4225 117.86
    endloop
  endfacet
  facet normal 1 0 0
    outer loop
      vertex -93.5 -10.8065 116.933
      vertex -93.5 -10.8065 109.067
      vertex -93.5 -10.4225 108.14
    endloop
  endfacet
  facet normal 1 -0 0
    outer loop
      vertex -93.5 -11.1081 115.976
      vertex -93.5 -10.8065 109.067
      vertex -93.5 -10.8065 116.933
    endloop
  endfacet
  facet normal 1 0 0
    outer loop
      vertex -93.5 -11.1081 115.976
      vertex -93.5 -11.1081 110.024
      vertex -93.5 -10.8065 109.067
    endloop
  endfacet
  facet normal 1 -0 0
    outer loop
      vertex -93.5 -11.3253 114.997
      vertex -93.5 -11.1081 110.024
      vertex -93.5 -11.1081 115.976
    endloop
  endfacet
  facet normal 1 0 0
    outer loop
      vertex -93.5 -11.3253 114.997
      vertex -93.5 -11.3253 111.003
      vertex -93.5 -11.1081 110.024
    endloop
  endfacet
  facet normal 1 -0 0
    outer loop
      vertex -93.5 -11.4562 114.002
      vertex -93.5 -11.3253 111.003
      vertex -93.5 -11.3253 114.997
    endloop
  endfacet
  facet normal 1 0 0
    outer loop
      vertex -93.5 -11.4562 114.002
      vertex -93.5 -11.4562 111.998
      vertex -93.5 -11.3253 111.003
    endloop
  endfacet
  facet normal 1 0 -0
    outer loop
      vertex -93.5 -11.4562 111.998
      vertex -93.5 -11.4562 114.002
      vertex -93.5 -11.5 113
    endloop
  endfacet
  facet normal 0 -0.976262 0.216593
    outer loop
      vertex -102.5 -11.3253 114.997
      vertex -93.5 -11.1081 115.976
      vertex -102.5 -11.1081 115.976
    endloop
  endfacet
  facet normal 0 -0.976262 0.216593
    outer loop
      vertex -93.5 -11.1081 115.976
      vertex -102.5 -11.3253 114.997
      vertex -93.5 -11.3253 114.997
    endloop
  endfacet
  facet normal 0 -0.923871 0.382704
    outer loop
      vertex -102.5 -10.8065 116.933
      vertex -93.5 -10.4225 117.86
      vertex -102.5 -10.4225 117.86
    endloop
  endfacet
  facet normal 0 -0.923871 0.382704
    outer loop
      vertex -93.5 -10.4225 117.86
      vertex -102.5 -10.8065 116.933
      vertex -93.5 -10.8065 116.933
    endloop
  endfacet
  facet normal 0 -0.0438572 0.999038
    outer loop
      vertex -102.5 0 124.5
      vertex -93.5 -1.00229 124.456
      vertex -93.5 0 124.5
    endloop
  endfacet
  facet normal 0 -0.0438572 0.999038
    outer loop
      vertex -93.5 -1.00229 124.456
      vertex -102.5 0 124.5
      vertex -102.5 -1.00229 124.456
    endloop
  endfacet
  facet normal 0 0.381895 -0.924206
    outer loop
      vertex -102.5 3.93323 102.194
      vertex -93.5 4.86011 102.577
      vertex -93.5 3.93323 102.194
    endloop
  endfacet
  facet normal 0 0.381895 -0.924206
    outer loop
      vertex -93.5 4.86011 102.577
      vertex -102.5 3.93323 102.194
      vertex -102.5 4.86011 102.577
    endloop
  endfacet
  facet normal 0 -0.462339 -0.886703
    outer loop
      vertex -102.5 -5.75 103.041
      vertex -93.5 -4.86011 102.577
      vertex -93.5 -5.75 103.041
    endloop
  endfacet
  facet normal -0 -0.462339 -0.886703
    outer loop
      vertex -93.5 -4.86011 102.577
      vertex -102.5 -5.75 103.041
      vertex -102.5 -4.86011 102.577
    endloop
  endfacet
  facet normal 0 -0.381895 -0.924206
    outer loop
      vertex -102.5 -4.86011 102.577
      vertex -93.5 -3.93323 102.194
      vertex -93.5 -4.86011 102.577
    endloop
  endfacet
  facet normal -0 -0.381895 -0.924206
    outer loop
      vertex -93.5 -3.93323 102.194
      vertex -102.5 -4.86011 102.577
      vertex -102.5 -3.93323 102.194
    endloop
  endfacet
  facet normal 0 -0.991457 -0.130434
    outer loop
      vertex -102.5 -11.3253 111.003
      vertex -93.5 -11.4562 111.998
      vertex -102.5 -11.4562 111.998
    endloop
  endfacet
  facet normal 0 -0.991457 -0.130434
    outer loop
      vertex -93.5 -11.4562 111.998
      vertex -102.5 -11.3253 111.003
      vertex -93.5 -11.3253 111.003
    endloop
  endfacet
  facet normal 0 -0.675708 -0.737169
    outer loop
      vertex -102.5 -8.13173 104.868
      vertex -93.5 -7.39206 104.19
      vertex -93.5 -8.13173 104.868
    endloop
  endfacet
  facet normal -0 -0.675708 -0.737169
    outer loop
      vertex -93.5 -7.39206 104.19
      vertex -102.5 -8.13173 104.868
      vertex -102.5 -7.39206 104.19
    endloop
  endfacet
  facet normal 0 -0.537268 -0.843411
    outer loop
      vertex -102.5 -6.59613 103.58
      vertex -93.5 -5.75 103.041
      vertex -93.5 -6.59613 103.58
    endloop
  endfacet
  facet normal -0 -0.537268 -0.843411
    outer loop
      vertex -93.5 -5.75 103.041
      vertex -102.5 -6.59613 103.58
      vertex -102.5 -5.75 103.041
    endloop
  endfacet
  facet normal 0 -0.608298 -0.793709
    outer loop
      vertex -102.5 -7.39206 104.19
      vertex -93.5 -6.59613 103.58
      vertex -93.5 -7.39206 104.19
    endloop
  endfacet
  facet normal -0 -0.608298 -0.793709
    outer loop
      vertex -93.5 -6.59613 103.58
      vertex -102.5 -7.39206 104.19
      vertex -102.5 -6.59613 103.58
    endloop
  endfacet
  facet normal 0 0.462409 -0.886667
    outer loop
      vertex -131 48.5923 105.296
      vertex -102.5 49.25 105.639
      vertex -102.5 48.5923 105.296
    endloop
  endfacet
  facet normal 0 0.462409 -0.886667
    outer loop
      vertex -102.5 49.25 105.639
      vertex -131 48.5923 105.296
      vertex -131 49.25 105.639
    endloop
  endfacet
  facet normal -0 0.462409 0.886667
    outer loop
      vertex -131 49.25 120.361
      vertex -102.5 48.5923 120.704
      vertex -102.5 49.25 120.361
    endloop
  endfacet
  facet normal 0 0.462409 0.886667
    outer loop
      vertex -102.5 48.5923 120.704
      vertex -131 49.25 120.361
      vertex -131 48.5923 120.704
    endloop
  endfacet
  facet normal 0 0.999051 -0.0435484
    outer loop
      vertex -102.5 53.4677 112.259
      vertex -131 53.5 113
      vertex -102.5 53.5 113
    endloop
  endfacet
  facet normal 0 0.999051 -0.0435484
    outer loop
      vertex -131 53.5 113
      vertex -102.5 53.4677 112.259
      vertex -131 53.4677 112.259
    endloop
  endfacet
  facet normal 0 0.887084 -0.461607
    outer loop
      vertex -102.5 52.3612 108.75
      vertex -131 52.7036 109.408
      vertex -102.5 52.7036 109.408
    endloop
  endfacet
  facet normal 0 0.887084 -0.461607
    outer loop
      vertex -131 52.7036 109.408
      vertex -102.5 52.3612 108.75
      vertex -131 52.3612 108.75
    endloop
  endfacet
  facet normal 0 0.793715 0.60829
    outer loop
      vertex -102.5 51.9628 117.875
      vertex -131 51.5114 118.464
      vertex -102.5 51.5114 118.464
    endloop
  endfacet
  facet normal 0 0.793715 0.60829
    outer loop
      vertex -131 51.5114 118.464
      vertex -102.5 51.9628 117.875
      vertex -131 51.9628 117.875
    endloop
  endfacet
  facet normal 0 -0.976298 -0.216431
    outer loop
      vertex -131 36.7896 110.8
      vertex -102.5 36.6291 111.524
      vertex -131 36.6291 111.524
    endloop
  endfacet
  facet normal 0 -0.976298 -0.216431
    outer loop
      vertex -102.5 36.6291 111.524
      vertex -131 36.7896 110.8
      vertex -102.5 36.7896 110.8
    endloop
  endfacet
  facet normal 0 0.130803 -0.991408
    outer loop
      vertex -131 45.7408 104.532
      vertex -102.5 46.476 104.629
      vertex -102.5 45.7408 104.532
    endloop
  endfacet
  facet normal 0 0.130803 -0.991408
    outer loop
      vertex -102.5 46.476 104.629
      vertex -131 45.7408 104.532
      vertex -131 46.476 104.629
    endloop
  endfacet
  facet normal 0 0.609255 -0.792975
    outer loop
      vertex -131 49.8754 106.037
      vertex -102.5 50.4637 106.489
      vertex -102.5 49.8754 106.037
    endloop
  endfacet
  facet normal 0 0.609255 -0.792975
    outer loop
      vertex -102.5 50.4637 106.489
      vertex -131 49.8754 106.037
      vertex -131 50.4637 106.489
    endloop
  endfacet
  facet normal 0 0.675621 -0.737249
    outer loop
      vertex -131 50.4637 106.489
      vertex -102.5 51.0104 106.99
      vertex -102.5 50.4637 106.489
    endloop
  endfacet
  facet normal 0 0.675621 -0.737249
    outer loop
      vertex -102.5 51.0104 106.99
      vertex -131 50.4637 106.489
      vertex -131 51.0104 106.99
    endloop
  endfacet
  facet normal 0 0.976298 -0.216431
    outer loop
      vertex -102.5 53.2104 110.8
      vertex -131 53.3709 111.524
      vertex -102.5 53.3709 111.524
    endloop
  endfacet
  facet normal 0 0.976298 -0.216431
    outer loop
      vertex -131 53.3709 111.524
      vertex -102.5 53.2104 110.8
      vertex -131 53.2104 110.8
    endloop
  endfacet
  facet normal 0 0.991439 -0.130573
    outer loop
      vertex -102.5 53.3709 111.524
      vertex -131 53.4677 112.259
      vertex -102.5 53.4677 112.259
    endloop
  endfacet
  facet normal 0 0.991439 -0.130573
    outer loop
      vertex -131 53.4677 112.259
      vertex -102.5 53.3709 111.524
      vertex -131 53.3709 111.524
    endloop
  endfacet
  facet normal 0 0.736818 -0.676091
    outer loop
      vertex -102.5 51.0104 106.99
      vertex -131 51.5114 107.536
      vertex -102.5 51.5114 107.536
    endloop
  endfacet
  facet normal 0 0.736818 -0.676091
    outer loop
      vertex -131 51.5114 107.536
      vertex -102.5 51.0104 106.99
      vertex -131 51.0104 106.99
    endloop
  endfacet
  facet normal 0 0.84325 -0.537521
    outer loop
      vertex -102.5 51.9628 108.125
      vertex -131 52.3612 108.75
      vertex -102.5 52.3612 108.75
    endloop
  endfacet
  facet normal 0 0.84325 -0.537521
    outer loop
      vertex -131 52.3612 108.75
      vertex -102.5 51.9628 108.125
      vertex -131 51.9628 108.125
    endloop
  endfacet
  facet normal -0 0.0431563 0.999068
    outer loop
      vertex -131 45.7408 121.468
      vertex -102.5 45 121.5
      vertex -102.5 45.7408 121.468
    endloop
  endfacet
  facet normal 0 0.0431563 0.999068
    outer loop
      vertex -102.5 45 121.5
      vertex -131 45.7408 121.468
      vertex -131 45 121.5
    endloop
  endfacet
  facet normal -0 0.217073 0.976155
    outer loop
      vertex -131 47.2 121.21
      vertex -102.5 46.476 121.371
      vertex -102.5 47.2 121.21
    endloop
  endfacet
  facet normal 0 0.217073 0.976155
    outer loop
      vertex -102.5 46.476 121.371
      vertex -131 47.2 121.21
      vertex -131 46.476 121.371
    endloop
  endfacet
  facet normal -0 0.130803 0.991408
    outer loop
      vertex -131 46.476 121.371
      vertex -102.5 45.7408 121.468
      vertex -102.5 46.476 121.371
    endloop
  endfacet
  facet normal 0 0.130803 0.991408
    outer loop
      vertex -102.5 45.7408 121.468
      vertex -131 46.476 121.371
      vertex -131 45.7408 121.468
    endloop
  endfacet
  facet normal -0 0.675621 0.737249
    outer loop
      vertex -131 51.0104 119.01
      vertex -102.5 50.4637 119.511
      vertex -102.5 51.0104 119.01
    endloop
  endfacet
  facet normal 0 0.675621 0.737249
    outer loop
      vertex -102.5 50.4637 119.511
      vertex -131 51.0104 119.01
      vertex -131 50.4637 119.511
    endloop
  endfacet
  facet normal -0 0.536893 0.84365
    outer loop
      vertex -131 49.8754 119.963
      vertex -102.5 49.25 120.361
      vertex -102.5 49.8754 119.963
    endloop
  endfacet
  facet normal 0 0.536893 0.84365
    outer loop
      vertex -102.5 49.25 120.361
      vertex -131 49.8754 119.963
      vertex -131 49.25 120.361
    endloop
  endfacet
  facet normal -0 0.609255 0.792975
    outer loop
      vertex -131 50.4637 119.511
      vertex -102.5 49.8754 119.963
      vertex -102.5 50.4637 119.511
    endloop
  endfacet
  facet normal 0 0.609255 0.792975
    outer loop
      vertex -102.5 49.8754 119.963
      vertex -131 50.4637 119.511
      vertex -131 49.8754 119.963
    endloop
  endfacet
  facet normal 0 0.999051 0.0435484
    outer loop
      vertex -102.5 53.5 113
      vertex -131 53.4677 113.741
      vertex -102.5 53.4677 113.741
    endloop
  endfacet
  facet normal 0 0.999051 0.0435484
    outer loop
      vertex -131 53.4677 113.741
      vertex -102.5 53.5 113
      vertex -131 53.5 113
    endloop
  endfacet
  facet normal 0 0.991439 0.130573
    outer loop
      vertex -102.5 53.4677 113.741
      vertex -131 53.3709 114.476
      vertex -102.5 53.3709 114.476
    endloop
  endfacet
  facet normal 0 0.991439 0.130573
    outer loop
      vertex -131 53.3709 114.476
      vertex -102.5 53.4677 113.741
      vertex -131 53.4677 113.741
    endloop
  endfacet
  facet normal 0 0.887084 0.461607
    outer loop
      vertex -102.5 52.7036 116.592
      vertex -131 52.3612 117.25
      vertex -102.5 52.3612 117.25
    endloop
  endfacet
  facet normal 0 0.887084 0.461607
    outer loop
      vertex -131 52.3612 117.25
      vertex -102.5 52.7036 116.592
      vertex -131 52.7036 116.592
    endloop
  endfacet
  facet normal 0 0.84325 0.537521
    outer loop
      vertex -102.5 52.3612 117.25
      vertex -131 51.9628 117.875
      vertex -102.5 51.9628 117.875
    endloop
  endfacet
  facet normal 0 0.84325 0.537521
    outer loop
      vertex -131 51.9628 117.875
      vertex -102.5 52.3612 117.25
      vertex -131 52.3612 117.25
    endloop
  endfacet
  facet normal 0 0.736818 0.676091
    outer loop
      vertex -102.5 51.5114 118.464
      vertex -131 51.0104 119.01
      vertex -102.5 51.0104 119.01
    endloop
  endfacet
  facet normal 0 0.736818 0.676091
    outer loop
      vertex -131 51.0104 119.01
      vertex -102.5 51.5114 118.464
      vertex -131 51.5114 118.464
    endloop
  endfacet
  facet normal 0 0.0431563 -0.999068
    outer loop
      vertex -131 45 104.5
      vertex -102.5 45.7408 104.532
      vertex -102.5 45 104.5
    endloop
  endfacet
  facet normal 0 0.0431563 -0.999068
    outer loop
      vertex -102.5 45.7408 104.532
      vertex -131 45 104.5
      vertex -131 45.7408 104.532
    endloop
  endfacet
  facet normal 0 -0.991439 -0.130573
    outer loop
      vertex -131 36.6291 111.524
      vertex -102.5 36.5323 112.259
      vertex -131 36.5323 112.259
    endloop
  endfacet
  facet normal 0 -0.991439 -0.130573
    outer loop
      vertex -102.5 36.5323 112.259
      vertex -131 36.6291 111.524
      vertex -102.5 36.6291 111.524
    endloop
  endfacet
  facet normal 0 0.381788 -0.92425
    outer loop
      vertex -131 47.9072 105.013
      vertex -102.5 48.5923 105.296
      vertex -102.5 47.9072 105.013
    endloop
  endfacet
  facet normal 0 0.381788 -0.92425
    outer loop
      vertex -102.5 48.5923 105.296
      vertex -131 47.9072 105.013
      vertex -131 48.5923 105.296
    endloop
  endfacet
  facet normal 0 0.217073 -0.976155
    outer loop
      vertex -131 46.476 104.629
      vertex -102.5 47.2 104.79
      vertex -102.5 46.476 104.629
    endloop
  endfacet
  facet normal 0 0.217073 -0.976155
    outer loop
      vertex -102.5 47.2 104.79
      vertex -131 46.476 104.629
      vertex -131 47.2 104.79
    endloop
  endfacet
  facet normal 0 0.536893 -0.84365
    outer loop
      vertex -131 49.25 105.639
      vertex -102.5 49.8754 106.037
      vertex -102.5 49.25 105.639
    endloop
  endfacet
  facet normal 0 0.536893 -0.84365
    outer loop
      vertex -102.5 49.8754 106.037
      vertex -131 49.25 105.639
      vertex -131 49.8754 106.037
    endloop
  endfacet
  facet normal 0 0.923849 -0.382757
    outer loop
      vertex -102.5 52.7036 109.408
      vertex -131 52.9874 110.093
      vertex -102.5 52.9874 110.093
    endloop
  endfacet
  facet normal 0 0.923849 -0.382757
    outer loop
      vertex -131 52.9874 110.093
      vertex -102.5 52.7036 109.408
      vertex -131 52.7036 109.408
    endloop
  endfacet
  facet normal 0 0.953685 -0.300809
    outer loop
      vertex -102.5 52.9874 110.093
      vertex -131 53.2104 110.8
      vertex -102.5 53.2104 110.8
    endloop
  endfacet
  facet normal 0 0.953685 -0.300809
    outer loop
      vertex -131 53.2104 110.8
      vertex -102.5 52.9874 110.093
      vertex -131 52.9874 110.093
    endloop
  endfacet
  facet normal 0 0.793715 -0.60829
    outer loop
      vertex -102.5 51.5114 107.536
      vertex -131 51.9628 108.125
      vertex -102.5 51.9628 108.125
    endloop
  endfacet
  facet normal 0 0.793715 -0.60829
    outer loop
      vertex -131 51.9628 108.125
      vertex -102.5 51.5114 107.536
      vertex -131 51.5114 107.536
    endloop
  endfacet
  facet normal -0 0.300731 0.953709
    outer loop
      vertex -131 47.9072 120.987
      vertex -102.5 47.2 121.21
      vertex -102.5 47.9072 120.987
    endloop
  endfacet
  facet normal 0 0.300731 0.953709
    outer loop
      vertex -102.5 47.2 121.21
      vertex -131 47.9072 120.987
      vertex -131 47.2 121.21
    endloop
  endfacet
  facet normal 0 0.923849 0.382757
    outer loop
      vertex -102.5 52.9874 115.907
      vertex -131 52.7036 116.592
      vertex -102.5 52.7036 116.592
    endloop
  endfacet
  facet normal 0 0.923849 0.382757
    outer loop
      vertex -131 52.7036 116.592
      vertex -102.5 52.9874 115.907
      vertex -131 52.9874 115.907
    endloop
  endfacet
  facet normal 0 0.976298 0.216431
    outer loop
      vertex -102.5 53.3709 114.476
      vertex -131 53.2104 115.2
      vertex -102.5 53.2104 115.2
    endloop
  endfacet
  facet normal 0 0.976298 0.216431
    outer loop
      vertex -131 53.2104 115.2
      vertex -102.5 53.3709 114.476
      vertex -131 53.3709 114.476
    endloop
  endfacet
  facet normal 0 -0.130803 -0.991408
    outer loop
      vertex -131 43.524 104.629
      vertex -102.5 44.2592 104.532
      vertex -102.5 43.524 104.629
    endloop
  endfacet
  facet normal -0 -0.130803 -0.991408
    outer loop
      vertex -102.5 44.2592 104.532
      vertex -131 43.524 104.629
      vertex -131 44.2592 104.532
    endloop
  endfacet
  facet normal 0 -0.0431563 -0.999068
    outer loop
      vertex -131 44.2592 104.532
      vertex -102.5 45 104.5
      vertex -102.5 44.2592 104.532
    endloop
  endfacet
  facet normal -0 -0.0431563 -0.999068
    outer loop
      vertex -102.5 45 104.5
      vertex -131 44.2592 104.532
      vertex -131 45 104.5
    endloop
  endfacet
  facet normal 0 -0.217073 -0.976155
    outer loop
      vertex -131 42.8 104.79
      vertex -102.5 43.524 104.629
      vertex -102.5 42.8 104.79
    endloop
  endfacet
  facet normal -0 -0.217073 -0.976155
    outer loop
      vertex -102.5 43.524 104.629
      vertex -131 42.8 104.79
      vertex -131 43.524 104.629
    endloop
  endfacet
  facet normal 0 -0.381788 -0.92425
    outer loop
      vertex -131 41.4077 105.296
      vertex -102.5 42.0928 105.013
      vertex -102.5 41.4077 105.296
    endloop
  endfacet
  facet normal -0 -0.381788 -0.92425
    outer loop
      vertex -102.5 42.0928 105.013
      vertex -131 41.4077 105.296
      vertex -131 42.0928 105.013
    endloop
  endfacet
  facet normal 0 -0.736818 0.676091
    outer loop
      vertex -131 38.4886 118.464
      vertex -102.5 38.9896 119.01
      vertex -131 38.9896 119.01
    endloop
  endfacet
  facet normal 0 -0.736818 0.676091
    outer loop
      vertex -102.5 38.9896 119.01
      vertex -131 38.4886 118.464
      vertex -102.5 38.4886 118.464
    endloop
  endfacet
  facet normal 0 -0.999051 -0.0435484
    outer loop
      vertex -131 36.5323 112.259
      vertex -102.5 36.5 113
      vertex -131 36.5 113
    endloop
  endfacet
  facet normal 0 -0.999051 -0.0435484
    outer loop
      vertex -102.5 36.5 113
      vertex -131 36.5323 112.259
      vertex -102.5 36.5323 112.259
    endloop
  endfacet
  facet normal 0 -0.923849 0.382757
    outer loop
      vertex -131 37.0126 115.907
      vertex -102.5 37.2964 116.592
      vertex -131 37.2964 116.592
    endloop
  endfacet
  facet normal 0 -0.923849 0.382757
    outer loop
      vertex -102.5 37.2964 116.592
      vertex -131 37.0126 115.907
      vertex -102.5 37.0126 115.907
    endloop
  endfacet
  facet normal 0 -0.675621 0.737249
    outer loop
      vertex -131 39.5363 119.511
      vertex -102.5 38.9896 119.01
      vertex -102.5 39.5363 119.511
    endloop
  endfacet
  facet normal 0 -0.675621 0.737249
    outer loop
      vertex -102.5 38.9896 119.01
      vertex -131 39.5363 119.511
      vertex -131 38.9896 119.01
    endloop
  endfacet
  facet normal 0 -0.953685 -0.300809
    outer loop
      vertex -131 37.0126 110.093
      vertex -102.5 36.7896 110.8
      vertex -131 36.7896 110.8
    endloop
  endfacet
  facet normal 0 -0.953685 -0.300809
    outer loop
      vertex -102.5 36.7896 110.8
      vertex -131 37.0126 110.093
      vertex -102.5 37.0126 110.093
    endloop
  endfacet
  facet normal 0 0.300731 -0.953709
    outer loop
      vertex -131 47.2 104.79
      vertex -102.5 47.9072 105.013
      vertex -102.5 47.2 104.79
    endloop
  endfacet
  facet normal 0 0.300731 -0.953709
    outer loop
      vertex -102.5 47.9072 105.013
      vertex -131 47.2 104.79
      vertex -131 47.9072 105.013
    endloop
  endfacet
  facet normal -0 0.381788 0.92425
    outer loop
      vertex -131 48.5923 120.704
      vertex -102.5 47.9072 120.987
      vertex -102.5 48.5923 120.704
    endloop
  endfacet
  facet normal 0 0.381788 0.92425
    outer loop
      vertex -102.5 47.9072 120.987
      vertex -131 48.5923 120.704
      vertex -131 47.9072 120.987
    endloop
  endfacet
  facet normal 0 0.953685 0.300809
    outer loop
      vertex -102.5 53.2104 115.2
      vertex -131 52.9874 115.907
      vertex -102.5 52.9874 115.907
    endloop
  endfacet
  facet normal 0 0.953685 0.300809
    outer loop
      vertex -131 52.9874 115.907
      vertex -102.5 53.2104 115.2
      vertex -131 53.2104 115.2
    endloop
  endfacet
  facet normal 0 -0.793715 -0.60829
    outer loop
      vertex -131 38.4886 107.536
      vertex -102.5 38.0372 108.125
      vertex -131 38.0372 108.125
    endloop
  endfacet
  facet normal 0 -0.793715 -0.60829
    outer loop
      vertex -102.5 38.0372 108.125
      vertex -131 38.4886 107.536
      vertex -102.5 38.4886 107.536
    endloop
  endfacet
  facet normal 0 -0.609255 -0.792975
    outer loop
      vertex -131 39.5363 106.489
      vertex -102.5 40.1246 106.037
      vertex -102.5 39.5363 106.489
    endloop
  endfacet
  facet normal -0 -0.609255 -0.792975
    outer loop
      vertex -102.5 40.1246 106.037
      vertex -131 39.5363 106.489
      vertex -131 40.1246 106.037
    endloop
  endfacet
  facet normal 0 -0.300731 -0.953709
    outer loop
      vertex -131 42.0928 105.013
      vertex -102.5 42.8 104.79
      vertex -102.5 42.0928 105.013
    endloop
  endfacet
  facet normal -0 -0.300731 -0.953709
    outer loop
      vertex -102.5 42.8 104.79
      vertex -131 42.0928 105.013
      vertex -131 42.8 104.79
    endloop
  endfacet
  facet normal 0 -0.84325 0.537521
    outer loop
      vertex -131 37.6388 117.25
      vertex -102.5 38.0372 117.875
      vertex -131 38.0372 117.875
    endloop
  endfacet
  facet normal 0 -0.84325 0.537521
    outer loop
      vertex -102.5 38.0372 117.875
      vertex -131 37.6388 117.25
      vertex -102.5 37.6388 117.25
    endloop
  endfacet
  facet normal 0 -0.976298 0.216431
    outer loop
      vertex -131 36.6291 114.476
      vertex -102.5 36.7896 115.2
      vertex -131 36.7896 115.2
    endloop
  endfacet
  facet normal 0 -0.976298 0.216431
    outer loop
      vertex -102.5 36.7896 115.2
      vertex -131 36.6291 114.476
      vertex -102.5 36.6291 114.476
    endloop
  endfacet
  facet normal 0 -0.953685 0.300809
    outer loop
      vertex -131 36.7896 115.2
      vertex -102.5 37.0126 115.907
      vertex -131 37.0126 115.907
    endloop
  endfacet
  facet normal 0 -0.953685 0.300809
    outer loop
      vertex -102.5 37.0126 115.907
      vertex -131 36.7896 115.2
      vertex -102.5 36.7896 115.2
    endloop
  endfacet
  facet normal 0 -0.991439 0.130573
    outer loop
      vertex -131 36.5323 113.741
      vertex -102.5 36.6291 114.476
      vertex -131 36.6291 114.476
    endloop
  endfacet
  facet normal 0 -0.991439 0.130573
    outer loop
      vertex -102.5 36.6291 114.476
      vertex -131 36.5323 113.741
      vertex -102.5 36.5323 113.741
    endloop
  endfacet
  facet normal 0 -0.887084 0.461607
    outer loop
      vertex -131 37.2964 116.592
      vertex -102.5 37.6388 117.25
      vertex -131 37.6388 117.25
    endloop
  endfacet
  facet normal 0 -0.887084 0.461607
    outer loop
      vertex -102.5 37.6388 117.25
      vertex -131 37.2964 116.592
      vertex -102.5 37.2964 116.592
    endloop
  endfacet
  facet normal 0 -0.130803 0.991408
    outer loop
      vertex -131 44.2592 121.468
      vertex -102.5 43.524 121.371
      vertex -102.5 44.2592 121.468
    endloop
  endfacet
  facet normal 0 -0.130803 0.991408
    outer loop
      vertex -102.5 43.524 121.371
      vertex -131 44.2592 121.468
      vertex -131 43.524 121.371
    endloop
  endfacet
  facet normal 0 -0.0431563 0.999068
    outer loop
      vertex -131 45 121.5
      vertex -102.5 44.2592 121.468
      vertex -102.5 45 121.5
    endloop
  endfacet
  facet normal 0 -0.0431563 0.999068
    outer loop
      vertex -102.5 44.2592 121.468
      vertex -131 45 121.5
      vertex -131 44.2592 121.468
    endloop
  endfacet
  facet normal 0 -0.217073 0.976155
    outer loop
      vertex -131 43.524 121.371
      vertex -102.5 42.8 121.21
      vertex -102.5 43.524 121.371
    endloop
  endfacet
  facet normal 0 -0.217073 0.976155
    outer loop
      vertex -102.5 42.8 121.21
      vertex -131 43.524 121.371
      vertex -131 42.8 121.21
    endloop
  endfacet
  facet normal 0 -0.381788 0.92425
    outer loop
      vertex -131 42.0928 120.987
      vertex -102.5 41.4077 120.704
      vertex -102.5 42.0928 120.987
    endloop
  endfacet
  facet normal 0 -0.381788 0.92425
    outer loop
      vertex -102.5 41.4077 120.704
      vertex -131 42.0928 120.987
      vertex -131 41.4077 120.704
    endloop
  endfacet
  facet normal 0 -0.609255 0.792975
    outer loop
      vertex -131 40.1246 119.963
      vertex -102.5 39.5363 119.511
      vertex -102.5 40.1246 119.963
    endloop
  endfacet
  facet normal 0 -0.609255 0.792975
    outer loop
      vertex -102.5 39.5363 119.511
      vertex -131 40.1246 119.963
      vertex -131 39.5363 119.511
    endloop
  endfacet
  facet normal 0 -0.536893 0.84365
    outer loop
      vertex -131 40.75 120.361
      vertex -102.5 40.1246 119.963
      vertex -102.5 40.75 120.361
    endloop
  endfacet
  facet normal 0 -0.536893 0.84365
    outer loop
      vertex -102.5 40.1246 119.963
      vertex -131 40.75 120.361
      vertex -131 40.1246 119.963
    endloop
  endfacet
  facet normal 0 -0.462409 0.886667
    outer loop
      vertex -131 41.4077 120.704
      vertex -102.5 40.75 120.361
      vertex -102.5 41.4077 120.704
    endloop
  endfacet
  facet normal 0 -0.462409 0.886667
    outer loop
      vertex -102.5 40.75 120.361
      vertex -131 41.4077 120.704
      vertex -131 40.75 120.361
    endloop
  endfacet
  facet normal 0 -0.923849 -0.382757
    outer loop
      vertex -131 37.2964 109.408
      vertex -102.5 37.0126 110.093
      vertex -131 37.0126 110.093
    endloop
  endfacet
  facet normal 0 -0.923849 -0.382757
    outer loop
      vertex -102.5 37.0126 110.093
      vertex -131 37.2964 109.408
      vertex -102.5 37.2964 109.408
    endloop
  endfacet
  facet normal 0 -0.736818 -0.676091
    outer loop
      vertex -131 38.9896 106.99
      vertex -102.5 38.4886 107.536
      vertex -131 38.4886 107.536
    endloop
  endfacet
  facet normal 0 -0.736818 -0.676091
    outer loop
      vertex -102.5 38.4886 107.536
      vertex -131 38.9896 106.99
      vertex -102.5 38.9896 106.99
    endloop
  endfacet
  facet normal 0 -0.675621 -0.737249
    outer loop
      vertex -131 38.9896 106.99
      vertex -102.5 39.5363 106.489
      vertex -102.5 38.9896 106.99
    endloop
  endfacet
  facet normal -0 -0.675621 -0.737249
    outer loop
      vertex -102.5 39.5363 106.489
      vertex -131 38.9896 106.99
      vertex -131 39.5363 106.489
    endloop
  endfacet
  facet normal 0 -0.462409 -0.886667
    outer loop
      vertex -131 40.75 105.639
      vertex -102.5 41.4077 105.296
      vertex -102.5 40.75 105.639
    endloop
  endfacet
  facet normal -0 -0.462409 -0.886667
    outer loop
      vertex -102.5 41.4077 105.296
      vertex -131 40.75 105.639
      vertex -131 41.4077 105.296
    endloop
  endfacet
  facet normal 0 -0.536893 -0.84365
    outer loop
      vertex -131 40.1246 106.037
      vertex -102.5 40.75 105.639
      vertex -102.5 40.1246 106.037
    endloop
  endfacet
  facet normal -0 -0.536893 -0.84365
    outer loop
      vertex -102.5 40.75 105.639
      vertex -131 40.1246 106.037
      vertex -131 40.75 105.639
    endloop
  endfacet
  facet normal 0 -0.999051 0.0435484
    outer loop
      vertex -131 36.5 113
      vertex -102.5 36.5323 113.741
      vertex -131 36.5323 113.741
    endloop
  endfacet
  facet normal 0 -0.999051 0.0435484
    outer loop
      vertex -102.5 36.5323 113.741
      vertex -131 36.5 113
      vertex -102.5 36.5 113
    endloop
  endfacet
  facet normal -1 0 0
    outer loop
      vertex -131 53.4677 112.259
      vertex -131 53.4677 113.741
      vertex -131 53.5 113
    endloop
  endfacet
  facet normal -1 0 0
    outer loop
      vertex -131 53.3709 111.524
      vertex -131 53.4677 113.741
      vertex -131 53.4677 112.259
    endloop
  endfacet
  facet normal -1 0 0
    outer loop
      vertex -131 53.3709 111.524
      vertex -131 53.3709 114.476
      vertex -131 53.4677 113.741
    endloop
  endfacet
  facet normal -1 0 0
    outer loop
      vertex -131 53.2104 110.8
      vertex -131 53.3709 114.476
      vertex -131 53.3709 111.524
    endloop
  endfacet
  facet normal -1 0 0
    outer loop
      vertex -131 53.2104 110.8
      vertex -131 53.2104 115.2
      vertex -131 53.3709 114.476
    endloop
  endfacet
  facet normal -1 0 0
    outer loop
      vertex -131 52.9874 110.093
      vertex -131 53.2104 115.2
      vertex -131 53.2104 110.8
    endloop
  endfacet
  facet normal -1 0 0
    outer loop
      vertex -131 52.9874 110.093
      vertex -131 52.9874 115.907
      vertex -131 53.2104 115.2
    endloop
  endfacet
  facet normal -1 0 0
    outer loop
      vertex -131 52.7036 109.408
      vertex -131 52.9874 115.907
      vertex -131 52.9874 110.093
    endloop
  endfacet
  facet normal -1 0 0
    outer loop
      vertex -131 52.7036 109.408
      vertex -131 52.7036 116.592
      vertex -131 52.9874 115.907
    endloop
  endfacet
  facet normal -1 0 0
    outer loop
      vertex -131 52.3612 108.75
      vertex -131 52.7036 116.592
      vertex -131 52.7036 109.408
    endloop
  endfacet
  facet normal -1 0 0
    outer loop
      vertex -131 52.3612 108.75
      vertex -131 52.3612 117.25
      vertex -131 52.7036 116.592
    endloop
  endfacet
  facet normal -1 0 0
    outer loop
      vertex -131 51.9628 108.125
      vertex -131 52.3612 117.25
      vertex -131 52.3612 108.75
    endloop
  endfacet
  facet normal -1 0 0
    outer loop
      vertex -131 51.9628 108.125
      vertex -131 51.9628 117.875
      vertex -131 52.3612 117.25
    endloop
  endfacet
  facet normal -1 0 0
    outer loop
      vertex -131 51.5114 107.536
      vertex -131 51.9628 117.875
      vertex -131 51.9628 108.125
    endloop
  endfacet
  facet normal -1 0 0
    outer loop
      vertex -131 51.5114 107.536
      vertex -131 51.5114 118.464
      vertex -131 51.9628 117.875
    endloop
  endfacet
  facet normal -1 0 0
    outer loop
      vertex -131 51.0104 106.99
      vertex -131 51.5114 118.464
      vertex -131 51.5114 107.536
    endloop
  endfacet
  facet normal -1 0 0
    outer loop
      vertex -131 51.0104 106.99
      vertex -131 51.0104 119.01
      vertex -131 51.5114 118.464
    endloop
  endfacet
  facet normal -1 0 0
    outer loop
      vertex -131 50.4637 106.489
      vertex -131 51.0104 119.01
      vertex -131 51.0104 106.99
    endloop
  endfacet
  facet normal -1 0 0
    outer loop
      vertex -131 50.4637 106.489
      vertex -131 50.4637 119.511
      vertex -131 51.0104 119.01
    endloop
  endfacet
  facet normal -1 0 0
    outer loop
      vertex -131 49.8754 106.037
      vertex -131 50.4637 119.511
      vertex -131 50.4637 106.489
    endloop
  endfacet
  facet normal -1 0 0
    outer loop
      vertex -131 49.8754 106.037
      vertex -131 49.8754 119.963
      vertex -131 50.4637 119.511
    endloop
  endfacet
  facet normal -1 0 0
    outer loop
      vertex -131 49.25 105.639
      vertex -131 49.8754 119.963
      vertex -131 49.8754 106.037
    endloop
  endfacet
  facet normal -1 0 0
    outer loop
      vertex -131 49.25 105.639
      vertex -131 49.25 120.361
      vertex -131 49.8754 119.963
    endloop
  endfacet
  facet normal -1 0 0
    outer loop
      vertex -131 48.5923 105.296
      vertex -131 49.25 120.361
      vertex -131 49.25 105.639
    endloop
  endfacet
  facet normal -1 0 0
    outer loop
      vertex -131 48.5923 105.296
      vertex -131 48.5923 120.704
      vertex -131 49.25 120.361
    endloop
  endfacet
  facet normal -1 0 0
    outer loop
      vertex -131 47.9072 105.013
      vertex -131 48.5923 120.704
      vertex -131 48.5923 105.296
    endloop
  endfacet
  facet normal -1 0 0
    outer loop
      vertex -131 47.9072 105.013
      vertex -131 47.9072 120.987
      vertex -131 48.5923 120.704
    endloop
  endfacet
  facet normal -1 0 0
    outer loop
      vertex -131 47.2 104.79
      vertex -131 47.9072 120.987
      vertex -131 47.9072 105.013
    endloop
  endfacet
  facet normal -1 0 0
    outer loop
      vertex -131 47.2 104.79
      vertex -131 47.2 121.21
      vertex -131 47.9072 120.987
    endloop
  endfacet
  facet normal -1 0 0
    outer loop
      vertex -131 46.476 104.629
      vertex -131 47.2 121.21
      vertex -131 47.2 104.79
    endloop
  endfacet
  facet normal -1 0 0
    outer loop
      vertex -131 46.476 104.629
      vertex -131 46.476 121.371
      vertex -131 47.2 121.21
    endloop
  endfacet
  facet normal -1 0 0
    outer loop
      vertex -131 45.7408 104.532
      vertex -131 46.476 121.371
      vertex -131 46.476 104.629
    endloop
  endfacet
  facet normal -1 0 0
    outer loop
      vertex -131 45.7408 104.532
      vertex -131 45.7408 121.468
      vertex -131 46.476 121.371
    endloop
  endfacet
  facet normal -1 0 0
    outer loop
      vertex -131 45 104.5
      vertex -131 45.7408 121.468
      vertex -131 45.7408 104.532
    endloop
  endfacet
  facet normal -1 0 0
    outer loop
      vertex -131 45 104.5
      vertex -131 45 121.5
      vertex -131 45.7408 121.468
    endloop
  endfacet
  facet normal -1 0 0
    outer loop
      vertex -131 44.2592 104.532
      vertex -131 45 121.5
      vertex -131 45 104.5
    endloop
  endfacet
  facet normal -1 0 0
    outer loop
      vertex -131 44.2592 104.532
      vertex -131 44.2592 121.468
      vertex -131 45 121.5
    endloop
  endfacet
  facet normal -1 0 0
    outer loop
      vertex -131 43.524 104.629
      vertex -131 44.2592 121.468
      vertex -131 44.2592 104.532
    endloop
  endfacet
  facet normal -1 0 0
    outer loop
      vertex -131 43.524 104.629
      vertex -131 43.524 121.371
      vertex -131 44.2592 121.468
    endloop
  endfacet
  facet normal -1 0 0
    outer loop
      vertex -131 42.8 104.79
      vertex -131 43.524 121.371
      vertex -131 43.524 104.629
    endloop
  endfacet
  facet normal -1 0 0
    outer loop
      vertex -131 42.8 104.79
      vertex -131 42.8 121.21
      vertex -131 43.524 121.371
    endloop
  endfacet
  facet normal -1 0 0
    outer loop
      vertex -131 42.0928 105.013
      vertex -131 42.8 121.21
      vertex -131 42.8 104.79
    endloop
  endfacet
  facet normal -1 0 0
    outer loop
      vertex -131 42.0928 105.013
      vertex -131 42.0928 120.987
      vertex -131 42.8 121.21
    endloop
  endfacet
  facet normal -1 0 0
    outer loop
      vertex -131 41.4077 105.296
      vertex -131 42.0928 120.987
      vertex -131 42.0928 105.013
    endloop
  endfacet
  facet normal -1 0 0
    outer loop
      vertex -131 41.4077 105.296
      vertex -131 41.4077 120.704
      vertex -131 42.0928 120.987
    endloop
  endfacet
  facet normal -1 0 0
    outer loop
      vertex -131 40.75 105.639
      vertex -131 41.4077 120.704
      vertex -131 41.4077 105.296
    endloop
  endfacet
  facet normal -1 0 0
    outer loop
      vertex -131 40.75 105.639
      vertex -131 40.75 120.361
      vertex -131 41.4077 120.704
    endloop
  endfacet
  facet normal -1 0 0
    outer loop
      vertex -131 40.1246 106.037
      vertex -131 40.75 120.361
      vertex -131 40.75 105.639
    endloop
  endfacet
  facet normal -1 0 0
    outer loop
      vertex -131 40.1246 106.037
      vertex -131 40.1246 119.963
      vertex -131 40.75 120.361
    endloop
  endfacet
  facet normal -1 0 0
    outer loop
      vertex -131 39.5363 106.489
      vertex -131 40.1246 119.963
      vertex -131 40.1246 106.037
    endloop
  endfacet
  facet normal -1 0 0
    outer loop
      vertex -131 39.5363 106.489
      vertex -131 39.5363 119.511
      vertex -131 40.1246 119.963
    endloop
  endfacet
  facet normal -1 0 0
    outer loop
      vertex -131 38.9896 106.99
      vertex -131 39.5363 119.511
      vertex -131 39.5363 106.489
    endloop
  endfacet
  facet normal -1 0 0
    outer loop
      vertex -131 38.9896 106.99
      vertex -131 38.9896 119.01
      vertex -131 39.5363 119.511
    endloop
  endfacet
  facet normal -1 0 0
    outer loop
      vertex -131 38.4886 107.536
      vertex -131 38.9896 119.01
      vertex -131 38.9896 106.99
    endloop
  endfacet
  facet normal -1 0 0
    outer loop
      vertex -131 38.4886 107.536
      vertex -131 38.4886 118.464
      vertex -131 38.9896 119.01
    endloop
  endfacet
  facet normal -1 0 0
    outer loop
      vertex -131 38.0372 108.125
      vertex -131 38.4886 118.464
      vertex -131 38.4886 107.536
    endloop
  endfacet
  facet normal -1 0 0
    outer loop
      vertex -131 38.0372 108.125
      vertex -131 38.0372 117.875
      vertex -131 38.4886 118.464
    endloop
  endfacet
  facet normal -1 0 0
    outer loop
      vertex -131 37.6388 108.75
      vertex -131 38.0372 117.875
      vertex -131 38.0372 108.125
    endloop
  endfacet
  facet normal -1 0 0
    outer loop
      vertex -131 37.6388 108.75
      vertex -131 37.6388 117.25
      vertex -131 38.0372 117.875
    endloop
  endfacet
  facet normal -1 0 0
    outer loop
      vertex -131 37.2964 109.408
      vertex -131 37.6388 117.25
      vertex -131 37.6388 108.75
    endloop
  endfacet
  facet normal -1 0 0
    outer loop
      vertex -131 37.2964 109.408
      vertex -131 37.2964 116.592
      vertex -131 37.6388 117.25
    endloop
  endfacet
  facet normal -1 0 0
    outer loop
      vertex -131 37.0126 110.093
      vertex -131 37.2964 116.592
      vertex -131 37.2964 109.408
    endloop
  endfacet
  facet normal -1 0 0
    outer loop
      vertex -131 37.0126 110.093
      vertex -131 37.0126 115.907
      vertex -131 37.2964 116.592
    endloop
  endfacet
  facet normal -1 0 0
    outer loop
      vertex -131 36.7896 110.8
      vertex -131 37.0126 115.907
      vertex -131 37.0126 110.093
    endloop
  endfacet
  facet normal -1 0 0
    outer loop
      vertex -131 36.7896 110.8
      vertex -131 36.7896 115.2
      vertex -131 37.0126 115.907
    endloop
  endfacet
  facet normal -1 0 0
    outer loop
      vertex -131 36.6291 111.524
      vertex -131 36.7896 115.2
      vertex -131 36.7896 110.8
    endloop
  endfacet
  facet normal -1 0 0
    outer loop
      vertex -131 36.6291 111.524
      vertex -131 36.6291 114.476
      vertex -131 36.7896 115.2
    endloop
  endfacet
  facet normal -1 0 0
    outer loop
      vertex -131 36.5323 112.259
      vertex -131 36.6291 114.476
      vertex -131 36.6291 111.524
    endloop
  endfacet
  facet normal -1 0 0
    outer loop
      vertex -131 36.5323 112.259
      vertex -131 36.5323 113.741
      vertex -131 36.6291 114.476
    endloop
  endfacet
  facet normal -1 0 -0
    outer loop
      vertex -131 36.5323 113.741
      vertex -131 36.5323 112.259
      vertex -131 36.5 113
    endloop
  endfacet
  facet normal 0 -0.793715 0.60829
    outer loop
      vertex -131 38.0372 117.875
      vertex -102.5 38.4886 118.464
      vertex -131 38.4886 118.464
    endloop
  endfacet
  facet normal 0 -0.793715 0.60829
    outer loop
      vertex -102.5 38.4886 118.464
      vertex -131 38.0372 117.875
      vertex -102.5 38.0372 117.875
    endloop
  endfacet
  facet normal 0 -0.300731 0.953709
    outer loop
      vertex -131 42.8 121.21
      vertex -102.5 42.0928 120.987
      vertex -102.5 42.8 121.21
    endloop
  endfacet
  facet normal 0 -0.300731 0.953709
    outer loop
      vertex -102.5 42.0928 120.987
      vertex -131 42.8 121.21
      vertex -131 42.0928 120.987
    endloop
  endfacet
  facet normal 0 -0.84325 -0.537521
    outer loop
      vertex -131 38.0372 108.125
      vertex -102.5 37.6388 108.75
      vertex -131 37.6388 108.75
    endloop
  endfacet
  facet normal 0 -0.84325 -0.537521
    outer loop
      vertex -102.5 37.6388 108.75
      vertex -131 38.0372 108.125
      vertex -102.5 38.0372 108.125
    endloop
  endfacet
  facet normal 0 -0.887084 -0.461607
    outer loop
      vertex -131 37.6388 108.75
      vertex -102.5 37.2964 109.408
      vertex -131 37.2964 109.408
    endloop
  endfacet
  facet normal 0 -0.887084 -0.461607
    outer loop
      vertex -102.5 37.2964 109.408
      vertex -131 37.6388 108.75
      vertex -102.5 37.6388 108.75
    endloop
  endfacet
  facet normal 0 0.537282 -0.843403
    outer loop
      vertex -102.5 50.75 103.041
      vertex -93.5 51.5961 103.58
      vertex -93.5 50.75 103.041
    endloop
  endfacet
  facet normal 0 0.537282 -0.843403
    outer loop
      vertex -93.5 51.5961 103.58
      vertex -102.5 50.75 103.041
      vertex -102.5 51.5961 103.58
    endloop
  endfacet
  facet normal 0 0.923871 -0.382704
    outer loop
      vertex -93.5 55.4225 108.14
      vertex -102.5 55.8065 109.067
      vertex -93.5 55.8065 109.067
    endloop
  endfacet
  facet normal 0 0.923871 -0.382704
    outer loop
      vertex -102.5 55.8065 109.067
      vertex -93.5 55.4225 108.14
      vertex -102.5 55.4225 108.14
    endloop
  endfacet
  facet normal 0 0.923871 0.382704
    outer loop
      vertex -93.5 55.8065 116.933
      vertex -102.5 55.4225 117.86
      vertex -93.5 55.4225 117.86
    endloop
  endfacet
  facet normal 0 0.923871 0.382704
    outer loop
      vertex -102.5 55.4225 117.86
      vertex -93.5 55.8065 116.933
      vertex -102.5 55.8065 116.933
    endloop
  endfacet
  facet normal -0 0.462334 0.886706
    outer loop
      vertex -102.5 50.75 122.959
      vertex -93.5 49.8601 123.423
      vertex -93.5 50.75 122.959
    endloop
  endfacet
  facet normal 0 0.462334 0.886706
    outer loop
      vertex -93.5 49.8601 123.423
      vertex -102.5 50.75 122.959
      vertex -102.5 49.8601 123.423
    endloop
  endfacet
  facet normal 0 -0.0438568 -0.999038
    outer loop
      vertex -102.5 43.9977 101.544
      vertex -93.5 45 101.5
      vertex -93.5 43.9977 101.544
    endloop
  endfacet
  facet normal -0 -0.0438568 -0.999038
    outer loop
      vertex -93.5 45 101.5
      vertex -102.5 43.9977 101.544
      vertex -102.5 45 101.5
    endloop
  endfacet
  facet normal 0 0.991457 -0.130434
    outer loop
      vertex -93.5 56.3253 111.003
      vertex -102.5 56.4562 111.998
      vertex -93.5 56.4562 111.998
    endloop
  endfacet
  facet normal 0 0.991457 -0.130434
    outer loop
      vertex -102.5 56.4562 111.998
      vertex -93.5 56.3253 111.003
      vertex -102.5 56.3253 111.003
    endloop
  endfacet
  facet normal -0 0.216318 0.976323
    outer loop
      vertex -102.5 47.9764 124.108
      vertex -93.5 46.997 124.325
      vertex -93.5 47.9764 124.108
    endloop
  endfacet
  facet normal 0 0.216318 0.976323
    outer loop
      vertex -93.5 46.997 124.325
      vertex -102.5 47.9764 124.108
      vertex -102.5 46.997 124.325
    endloop
  endfacet
  facet normal -0 0.675743 0.737138
    outer loop
      vertex -102.5 53.1317 121.132
      vertex -93.5 52.3921 121.81
      vertex -93.5 53.1317 121.132
    endloop
  endfacet
  facet normal 0 0.675743 0.737138
    outer loop
      vertex -93.5 52.3921 121.81
      vertex -102.5 53.1317 121.132
      vertex -102.5 52.3921 121.81
    endloop
  endfacet
  facet normal 0 0.976262 0.216593
    outer loop
      vertex -93.5 56.3253 114.997
      vertex -102.5 56.1081 115.976
      vertex -93.5 56.1081 115.976
    endloop
  endfacet
  facet normal 0 0.976262 0.216593
    outer loop
      vertex -102.5 56.1081 115.976
      vertex -93.5 56.3253 114.997
      vertex -102.5 56.3253 114.997
    endloop
  endfacet
  facet normal 0 -0.887054 -0.461667
    outer loop
      vertex -102.5 35.0407 107.25
      vertex -93.5 34.5775 108.14
      vertex -102.5 34.5775 108.14
    endloop
  endfacet
  facet normal 0 -0.887054 -0.461667
    outer loop
      vertex -93.5 34.5775 108.14
      vertex -102.5 35.0407 107.25
      vertex -93.5 35.0407 107.25
    endloop
  endfacet
  facet normal 0 0.130571 -0.991439
    outer loop
      vertex -102.5 46.0023 101.544
      vertex -93.5 46.997 101.675
      vertex -93.5 46.0023 101.544
    endloop
  endfacet
  facet normal 0 0.130571 -0.991439
    outer loop
      vertex -93.5 46.997 101.675
      vertex -102.5 46.0023 101.544
      vertex -102.5 46.997 101.675
    endloop
  endfacet
  facet normal 0 0.675743 -0.737138
    outer loop
      vertex -102.5 52.3921 104.19
      vertex -93.5 53.1317 104.868
      vertex -93.5 52.3921 104.19
    endloop
  endfacet
  facet normal 0 0.675743 -0.737138
    outer loop
      vertex -93.5 53.1317 104.868
      vertex -102.5 52.3921 104.19
      vertex -102.5 53.1317 104.868
    endloop
  endfacet
  facet normal 0 0.737419 -0.675436
    outer loop
      vertex -93.5 53.1317 104.868
      vertex -102.5 53.8095 105.608
      vertex -93.5 53.8095 105.608
    endloop
  endfacet
  facet normal 0 0.737419 -0.675436
    outer loop
      vertex -102.5 53.8095 105.608
      vertex -93.5 53.1317 104.868
      vertex -102.5 53.1317 104.868
    endloop
  endfacet
  facet normal 0 0.999046 -0.0436709
    outer loop
      vertex -93.5 56.4562 111.998
      vertex -102.5 56.5 113
      vertex -93.5 56.5 113
    endloop
  endfacet
  facet normal 0 0.999046 -0.0436709
    outer loop
      vertex -102.5 56.5 113
      vertex -93.5 56.4562 111.998
      vertex -102.5 56.4562 111.998
    endloop
  endfacet
  facet normal 0 0.953757 -0.300578
    outer loop
      vertex -93.5 55.8065 109.067
      vertex -102.5 56.1081 110.024
      vertex -93.5 56.1081 110.024
    endloop
  endfacet
  facet normal 0 0.953757 -0.300578
    outer loop
      vertex -102.5 56.1081 110.024
      vertex -93.5 55.8065 109.067
      vertex -102.5 55.8065 109.067
    endloop
  endfacet
  facet normal 0 0.887054 -0.461667
    outer loop
      vertex -93.5 54.9593 107.25
      vertex -102.5 55.4225 108.14
      vertex -93.5 55.4225 108.14
    endloop
  endfacet
  facet normal 0 0.887054 -0.461667
    outer loop
      vertex -102.5 55.4225 108.14
      vertex -93.5 54.9593 107.25
      vertex -102.5 54.9593 107.25
    endloop
  endfacet
  facet normal 0 0.793398 -0.608704
    outer loop
      vertex -93.5 53.8095 105.608
      vertex -102.5 54.4202 106.404
      vertex -93.5 54.4202 106.404
    endloop
  endfacet
  facet normal 0 0.793398 -0.608704
    outer loop
      vertex -102.5 54.4202 106.404
      vertex -93.5 53.8095 105.608
      vertex -102.5 53.8095 105.608
    endloop
  endfacet
  facet normal -0 0.381888 0.924209
    outer loop
      vertex -102.5 49.8601 123.423
      vertex -93.5 48.9332 123.806
      vertex -93.5 49.8601 123.423
    endloop
  endfacet
  facet normal 0 0.381888 0.924209
    outer loop
      vertex -93.5 48.9332 123.806
      vertex -102.5 49.8601 123.423
      vertex -102.5 48.9332 123.806
    endloop
  endfacet
  facet normal -0 0.300998 0.953625
    outer loop
      vertex -102.5 48.9332 123.806
      vertex -93.5 47.9764 124.108
      vertex -93.5 48.9332 123.806
    endloop
  endfacet
  facet normal 0 0.300998 0.953625
    outer loop
      vertex -93.5 47.9764 124.108
      vertex -102.5 48.9332 123.806
      vertex -102.5 47.9764 124.108
    endloop
  endfacet
  facet normal -0 0.537282 0.843403
    outer loop
      vertex -102.5 51.5961 122.42
      vertex -93.5 50.75 122.959
      vertex -93.5 51.5961 122.42
    endloop
  endfacet
  facet normal 0 0.537282 0.843403
    outer loop
      vertex -93.5 50.75 122.959
      vertex -102.5 51.5961 122.42
      vertex -102.5 50.75 122.959
    endloop
  endfacet
  facet normal -0 0.608264 0.793735
    outer loop
      vertex -102.5 52.3921 121.81
      vertex -93.5 51.5961 122.42
      vertex -93.5 52.3921 121.81
    endloop
  endfacet
  facet normal 0 0.608264 0.793735
    outer loop
      vertex -93.5 51.5961 122.42
      vertex -102.5 52.3921 121.81
      vertex -102.5 51.5961 122.42
    endloop
  endfacet
  facet normal 0 0.953757 0.300578
    outer loop
      vertex -93.5 56.1081 115.976
      vertex -102.5 55.8065 116.933
      vertex -93.5 55.8065 116.933
    endloop
  endfacet
  facet normal 0 0.953757 0.300578
    outer loop
      vertex -102.5 55.8065 116.933
      vertex -93.5 56.1081 115.976
      vertex -102.5 56.1081 115.976
    endloop
  endfacet
  facet normal 0 0.991457 0.130434
    outer loop
      vertex -93.5 56.4562 114.002
      vertex -102.5 56.3253 114.997
      vertex -93.5 56.3253 114.997
    endloop
  endfacet
  facet normal 0 0.991457 0.130434
    outer loop
      vertex -102.5 56.3253 114.997
      vertex -93.5 56.4562 114.002
      vertex -102.5 56.4562 114.002
    endloop
  endfacet
  facet normal 0 0.843329 0.537398
    outer loop
      vertex -93.5 54.9593 118.75
      vertex -102.5 54.4202 119.596
      vertex -93.5 54.4202 119.596
    endloop
  endfacet
  facet normal 0 0.843329 0.537398
    outer loop
      vertex -102.5 54.4202 119.596
      vertex -93.5 54.9593 118.75
      vertex -102.5 54.9593 118.75
    endloop
  endfacet
  facet normal 0 0.793398 0.608704
    outer loop
      vertex -93.5 54.4202 119.596
      vertex -102.5 53.8095 120.392
      vertex -93.5 53.8095 120.392
    endloop
  endfacet
  facet normal 0 0.793398 0.608704
    outer loop
      vertex -102.5 53.8095 120.392
      vertex -93.5 54.4202 119.596
      vertex -102.5 54.4202 119.596
    endloop
  endfacet
  facet normal 0 0.887054 0.461667
    outer loop
      vertex -93.5 55.4225 117.86
      vertex -102.5 54.9593 118.75
      vertex -93.5 54.9593 118.75
    endloop
  endfacet
  facet normal 0 0.887054 0.461667
    outer loop
      vertex -102.5 54.9593 118.75
      vertex -93.5 55.4225 117.86
      vertex -102.5 55.4225 117.86
    endloop
  endfacet
  facet normal 0 0.737419 0.675436
    outer loop
      vertex -93.5 53.8095 120.392
      vertex -102.5 53.1317 121.132
      vertex -93.5 53.1317 121.132
    endloop
  endfacet
  facet normal 0 0.737419 0.675436
    outer loop
      vertex -102.5 53.1317 121.132
      vertex -93.5 53.8095 120.392
      vertex -102.5 53.8095 120.392
    endloop
  endfacet
  facet normal 0 0.0438568 -0.999038
    outer loop
      vertex -102.5 45 101.5
      vertex -93.5 46.0023 101.544
      vertex -93.5 45 101.5
    endloop
  endfacet
  facet normal 0 0.0438568 -0.999038
    outer loop
      vertex -93.5 46.0023 101.544
      vertex -102.5 45 101.5
      vertex -102.5 46.0023 101.544
    endloop
  endfacet
  facet normal 0 -0.216318 -0.976323
    outer loop
      vertex -102.5 42.0236 101.892
      vertex -93.5 43.003 101.675
      vertex -93.5 42.0236 101.892
    endloop
  endfacet
  facet normal -0 -0.216318 -0.976323
    outer loop
      vertex -93.5 43.003 101.675
      vertex -102.5 42.0236 101.892
      vertex -102.5 43.003 101.675
    endloop
  endfacet
  facet normal 0 -0.462334 0.886706
    outer loop
      vertex -102.5 40.1399 123.423
      vertex -93.5 39.25 122.959
      vertex -93.5 40.1399 123.423
    endloop
  endfacet
  facet normal 0 -0.462334 0.886706
    outer loop
      vertex -93.5 39.25 122.959
      vertex -102.5 40.1399 123.423
      vertex -102.5 39.25 122.959
    endloop
  endfacet
  facet normal 0 -0.991457 -0.130434
    outer loop
      vertex -102.5 33.6747 111.003
      vertex -93.5 33.5438 111.998
      vertex -102.5 33.5438 111.998
    endloop
  endfacet
  facet normal 0 -0.991457 -0.130434
    outer loop
      vertex -93.5 33.5438 111.998
      vertex -102.5 33.6747 111.003
      vertex -93.5 33.6747 111.003
    endloop
  endfacet
  facet normal 0 0.462334 -0.886706
    outer loop
      vertex -102.5 49.8601 102.577
      vertex -93.5 50.75 103.041
      vertex -93.5 49.8601 102.577
    endloop
  endfacet
  facet normal 0 0.462334 -0.886706
    outer loop
      vertex -93.5 50.75 103.041
      vertex -102.5 49.8601 102.577
      vertex -102.5 50.75 103.041
    endloop
  endfacet
  facet normal 0 0.216318 -0.976323
    outer loop
      vertex -102.5 46.997 101.675
      vertex -93.5 47.9764 101.892
      vertex -93.5 46.997 101.675
    endloop
  endfacet
  facet normal 0 0.216318 -0.976323
    outer loop
      vertex -93.5 47.9764 101.892
      vertex -102.5 46.997 101.675
      vertex -102.5 47.9764 101.892
    endloop
  endfacet
  facet normal 0 0.608264 -0.793735
    outer loop
      vertex -102.5 51.5961 103.58
      vertex -93.5 52.3921 104.19
      vertex -93.5 51.5961 103.58
    endloop
  endfacet
  facet normal 0 0.608264 -0.793735
    outer loop
      vertex -93.5 52.3921 104.19
      vertex -102.5 51.5961 103.58
      vertex -102.5 52.3921 104.19
    endloop
  endfacet
  facet normal 0 0.976262 -0.216593
    outer loop
      vertex -93.5 56.1081 110.024
      vertex -102.5 56.3253 111.003
      vertex -93.5 56.3253 111.003
    endloop
  endfacet
  facet normal 0 0.976262 -0.216593
    outer loop
      vertex -102.5 56.3253 111.003
      vertex -93.5 56.1081 110.024
      vertex -102.5 56.1081 110.024
    endloop
  endfacet
  facet normal 0 0.843329 -0.537398
    outer loop
      vertex -93.5 54.4202 106.404
      vertex -102.5 54.9593 107.25
      vertex -93.5 54.9593 107.25
    endloop
  endfacet
  facet normal 0 0.843329 -0.537398
    outer loop
      vertex -102.5 54.9593 107.25
      vertex -93.5 54.4202 106.404
      vertex -102.5 54.4202 106.404
    endloop
  endfacet
  facet normal -0 0.0438568 0.999038
    outer loop
      vertex -102.5 46.0023 124.456
      vertex -93.5 45 124.5
      vertex -93.5 46.0023 124.456
    endloop
  endfacet
  facet normal 0 0.0438568 0.999038
    outer loop
      vertex -93.5 45 124.5
      vertex -102.5 46.0023 124.456
      vertex -102.5 45 124.5
    endloop
  endfacet
  facet normal 0 0.999046 0.0436709
    outer loop
      vertex -93.5 56.5 113
      vertex -102.5 56.4562 114.002
      vertex -93.5 56.4562 114.002
    endloop
  endfacet
  facet normal 0 0.999046 0.0436709
    outer loop
      vertex -102.5 56.4562 114.002
      vertex -93.5 56.5 113
      vertex -102.5 56.5 113
    endloop
  endfacet
  facet normal 0 -0.130571 -0.991439
    outer loop
      vertex -102.5 43.003 101.675
      vertex -93.5 43.9977 101.544
      vertex -93.5 43.003 101.675
    endloop
  endfacet
  facet normal -0 -0.130571 -0.991439
    outer loop
      vertex -93.5 43.9977 101.544
      vertex -102.5 43.003 101.675
      vertex -102.5 43.9977 101.544
    endloop
  endfacet
  facet normal 0 -0.300998 -0.953625
    outer loop
      vertex -102.5 41.0668 102.194
      vertex -93.5 42.0236 101.892
      vertex -93.5 41.0668 102.194
    endloop
  endfacet
  facet normal -0 -0.300998 -0.953625
    outer loop
      vertex -93.5 42.0236 101.892
      vertex -102.5 41.0668 102.194
      vertex -102.5 42.0236 101.892
    endloop
  endfacet
  facet normal 0 -0.608264 -0.793735
    outer loop
      vertex -102.5 37.6079 104.19
      vertex -93.5 38.4039 103.58
      vertex -93.5 37.6079 104.19
    endloop
  endfacet
  facet normal -0 -0.608264 -0.793735
    outer loop
      vertex -93.5 38.4039 103.58
      vertex -102.5 37.6079 104.19
      vertex -102.5 38.4039 103.58
    endloop
  endfacet
  facet normal 0 -0.999046 -0.0436709
    outer loop
      vertex -102.5 33.5438 111.998
      vertex -93.5 33.5 113
      vertex -102.5 33.5 113
    endloop
  endfacet
  facet normal 0 -0.999046 -0.0436709
    outer loop
      vertex -93.5 33.5 113
      vertex -102.5 33.5438 111.998
      vertex -93.5 33.5438 111.998
    endloop
  endfacet
  facet normal 1 0 0
    outer loop
      vertex -93.5 56.4562 114.002
      vertex -93.5 56.4562 111.998
      vertex -93.5 56.5 113
    endloop
  endfacet
  facet normal 1 0 0
    outer loop
      vertex -93.5 56.3253 114.997
      vertex -93.5 56.4562 111.998
      vertex -93.5 56.4562 114.002
    endloop
  endfacet
  facet normal 1 0 0
    outer loop
      vertex -93.5 56.3253 114.997
      vertex -93.5 56.3253 111.003
      vertex -93.5 56.4562 111.998
    endloop
  endfacet
  facet normal 1 0 0
    outer loop
      vertex -93.5 56.1081 115.976
      vertex -93.5 56.3253 111.003
      vertex -93.5 56.3253 114.997
    endloop
  endfacet
  facet normal 1 0 0
    outer loop
      vertex -93.5 56.1081 115.976
      vertex -93.5 56.1081 110.024
      vertex -93.5 56.3253 111.003
    endloop
  endfacet
  facet normal 1 0 0
    outer loop
      vertex -93.5 55.8065 116.933
      vertex -93.5 56.1081 110.024
      vertex -93.5 56.1081 115.976
    endloop
  endfacet
  facet normal 1 0 0
    outer loop
      vertex -93.5 55.8065 116.933
      vertex -93.5 55.8065 109.067
      vertex -93.5 56.1081 110.024
    endloop
  endfacet
  facet normal 1 0 0
    outer loop
      vertex -93.5 55.4225 117.86
      vertex -93.5 55.8065 109.067
      vertex -93.5 55.8065 116.933
    endloop
  endfacet
  facet normal 1 0 0
    outer loop
      vertex -93.5 55.4225 117.86
      vertex -93.5 55.4225 108.14
      vertex -93.5 55.8065 109.067
    endloop
  endfacet
  facet normal 1 0 0
    outer loop
      vertex -93.5 54.9593 118.75
      vertex -93.5 55.4225 108.14
      vertex -93.5 55.4225 117.86
    endloop
  endfacet
  facet normal 1 0 0
    outer loop
      vertex -93.5 54.9593 118.75
      vertex -93.5 54.9593 107.25
      vertex -93.5 55.4225 108.14
    endloop
  endfacet
  facet normal 1 0 0
    outer loop
      vertex -93.5 54.4202 119.596
      vertex -93.5 54.9593 107.25
      vertex -93.5 54.9593 118.75
    endloop
  endfacet
  facet normal 1 0 0
    outer loop
      vertex -93.5 54.4202 119.596
      vertex -93.5 54.4202 106.404
      vertex -93.5 54.9593 107.25
    endloop
  endfacet
  facet normal 1 0 0
    outer loop
      vertex -93.5 53.8095 120.392
      vertex -93.5 54.4202 106.404
      vertex -93.5 54.4202 119.596
    endloop
  endfacet
  facet normal 1 0 0
    outer loop
      vertex -93.5 53.8095 120.392
      vertex -93.5 53.8095 105.608
      vertex -93.5 54.4202 106.404
    endloop
  endfacet
  facet normal 1 0 0
    outer loop
      vertex -93.5 53.1317 121.132
      vertex -93.5 53.8095 105.608
      vertex -93.5 53.8095 120.392
    endloop
  endfacet
  facet normal 1 0 0
    outer loop
      vertex -93.5 53.1317 121.132
      vertex -93.5 53.1317 104.868
      vertex -93.5 53.8095 105.608
    endloop
  endfacet
  facet normal 1 0 0
    outer loop
      vertex -93.5 52.3921 121.81
      vertex -93.5 53.1317 104.868
      vertex -93.5 53.1317 121.132
    endloop
  endfacet
  facet normal 1 0 0
    outer loop
      vertex -93.5 52.3921 121.81
      vertex -93.5 52.3921 104.19
      vertex -93.5 53.1317 104.868
    endloop
  endfacet
  facet normal 1 0 0
    outer loop
      vertex -93.5 51.5961 122.42
      vertex -93.5 52.3921 104.19
      vertex -93.5 52.3921 121.81
    endloop
  endfacet
  facet normal 1 0 0
    outer loop
      vertex -93.5 51.5961 122.42
      vertex -93.5 51.5961 103.58
      vertex -93.5 52.3921 104.19
    endloop
  endfacet
  facet normal 1 0 0
    outer loop
      vertex -93.5 50.75 122.959
      vertex -93.5 51.5961 103.58
      vertex -93.5 51.5961 122.42
    endloop
  endfacet
  facet normal 1 0 0
    outer loop
      vertex -93.5 50.75 122.959
      vertex -93.5 50.75 103.041
      vertex -93.5 51.5961 103.58
    endloop
  endfacet
  facet normal 1 0 0
    outer loop
      vertex -93.5 49.8601 123.423
      vertex -93.5 50.75 103.041
      vertex -93.5 50.75 122.959
    endloop
  endfacet
  facet normal 1 0 0
    outer loop
      vertex -93.5 49.8601 123.423
      vertex -93.5 49.8601 102.577
      vertex -93.5 50.75 103.041
    endloop
  endfacet
  facet normal 1 0 0
    outer loop
      vertex -93.5 48.9332 123.806
      vertex -93.5 49.8601 102.577
      vertex -93.5 49.8601 123.423
    endloop
  endfacet
  facet normal 1 0 0
    outer loop
      vertex -93.5 48.9332 123.806
      vertex -93.5 48.9332 102.194
      vertex -93.5 49.8601 102.577
    endloop
  endfacet
  facet normal 1 0 0
    outer loop
      vertex -93.5 47.9764 124.108
      vertex -93.5 48.9332 102.194
      vertex -93.5 48.9332 123.806
    endloop
  endfacet
  facet normal 1 0 0
    outer loop
      vertex -93.5 47.9764 124.108
      vertex -93.5 47.9764 101.892
      vertex -93.5 48.9332 102.194
    endloop
  endfacet
  facet normal 1 0 0
    outer loop
      vertex -93.5 46.997 124.325
      vertex -93.5 47.9764 101.892
      vertex -93.5 47.9764 124.108
    endloop
  endfacet
  facet normal 1 0 0
    outer loop
      vertex -93.5 46.997 124.325
      vertex -93.5 46.997 101.675
      vertex -93.5 47.9764 101.892
    endloop
  endfacet
  facet normal 1 0 0
    outer loop
      vertex -93.5 46.0023 124.456
      vertex -93.5 46.997 101.675
      vertex -93.5 46.997 124.325
    endloop
  endfacet
  facet normal 1 0 0
    outer loop
      vertex -93.5 46.0023 124.456
      vertex -93.5 46.0023 101.544
      vertex -93.5 46.997 101.675
    endloop
  endfacet
  facet normal 1 0 0
    outer loop
      vertex -93.5 45 124.5
      vertex -93.5 46.0023 101.544
      vertex -93.5 46.0023 124.456
    endloop
  endfacet
  facet normal 1 0 0
    outer loop
      vertex -93.5 45 124.5
      vertex -93.5 45 101.5
      vertex -93.5 46.0023 101.544
    endloop
  endfacet
  facet normal 1 -0 0
    outer loop
      vertex -93.5 43.9977 124.456
      vertex -93.5 45 101.5
      vertex -93.5 45 124.5
    endloop
  endfacet
  facet normal 1 0 0
    outer loop
      vertex -93.5 43.9977 124.456
      vertex -93.5 43.9977 101.544
      vertex -93.5 45 101.5
    endloop
  endfacet
  facet normal 1 -0 0
    outer loop
      vertex -93.5 43.003 124.325
      vertex -93.5 43.9977 101.544
      vertex -93.5 43.9977 124.456
    endloop
  endfacet
  facet normal 1 0 0
    outer loop
      vertex -93.5 43.003 124.325
      vertex -93.5 43.003 101.675
      vertex -93.5 43.9977 101.544
    endloop
  endfacet
  facet normal 1 -0 0
    outer loop
      vertex -93.5 42.0236 124.108
      vertex -93.5 43.003 101.675
      vertex -93.5 43.003 124.325
    endloop
  endfacet
  facet normal 1 0 0
    outer loop
      vertex -93.5 42.0236 124.108
      vertex -93.5 42.0236 101.892
      vertex -93.5 43.003 101.675
    endloop
  endfacet
  facet normal 1 -0 0
    outer loop
      vertex -93.5 41.0668 123.806
      vertex -93.5 42.0236 101.892
      vertex -93.5 42.0236 124.108
    endloop
  endfacet
  facet normal 1 0 0
    outer loop
      vertex -93.5 41.0668 123.806
      vertex -93.5 41.0668 102.194
      vertex -93.5 42.0236 101.892
    endloop
  endfacet
  facet normal 1 -0 0
    outer loop
      vertex -93.5 40.1399 123.423
      vertex -93.5 41.0668 102.194
      vertex -93.5 41.0668 123.806
    endloop
  endfacet
  facet normal 1 0 0
    outer loop
      vertex -93.5 40.1399 123.423
      vertex -93.5 40.1399 102.577
      vertex -93.5 41.0668 102.194
    endloop
  endfacet
  facet normal 1 -0 0
    outer loop
      vertex -93.5 39.25 122.959
      vertex -93.5 40.1399 102.577
      vertex -93.5 40.1399 123.423
    endloop
  endfacet
  facet normal 1 0 0
    outer loop
      vertex -93.5 39.25 122.959
      vertex -93.5 39.25 103.041
      vertex -93.5 40.1399 102.577
    endloop
  endfacet
  facet normal 1 -0 0
    outer loop
      vertex -93.5 38.4039 122.42
      vertex -93.5 39.25 103.041
      vertex -93.5 39.25 122.959
    endloop
  endfacet
  facet normal 1 0 0
    outer loop
      vertex -93.5 38.4039 122.42
      vertex -93.5 38.4039 103.58
      vertex -93.5 39.25 103.041
    endloop
  endfacet
  facet normal 1 -0 0
    outer loop
      vertex -93.5 37.6079 121.81
      vertex -93.5 38.4039 103.58
      vertex -93.5 38.4039 122.42
    endloop
  endfacet
  facet normal 1 0 0
    outer loop
      vertex -93.5 37.6079 121.81
      vertex -93.5 37.6079 104.19
      vertex -93.5 38.4039 103.58
    endloop
  endfacet
  facet normal 1 -0 0
    outer loop
      vertex -93.5 36.8683 121.132
      vertex -93.5 37.6079 104.19
      vertex -93.5 37.6079 121.81
    endloop
  endfacet
  facet normal 1 0 0
    outer loop
      vertex -93.5 36.8683 121.132
      vertex -93.5 36.8683 104.868
      vertex -93.5 37.6079 104.19
    endloop
  endfacet
  facet normal 1 -0 0
    outer loop
      vertex -93.5 36.1905 120.392
      vertex -93.5 36.8683 104.868
      vertex -93.5 36.8683 121.132
    endloop
  endfacet
  facet normal 1 0 0
    outer loop
      vertex -93.5 36.1905 120.392
      vertex -93.5 36.1905 105.608
      vertex -93.5 36.8683 104.868
    endloop
  endfacet
  facet normal 1 -0 0
    outer loop
      vertex -93.5 35.5798 119.596
      vertex -93.5 36.1905 105.608
      vertex -93.5 36.1905 120.392
    endloop
  endfacet
  facet normal 1 0 0
    outer loop
      vertex -93.5 35.5798 119.596
      vertex -93.5 35.5798 106.404
      vertex -93.5 36.1905 105.608
    endloop
  endfacet
  facet normal 1 -0 0
    outer loop
      vertex -93.5 35.0407 118.75
      vertex -93.5 35.5798 106.404
      vertex -93.5 35.5798 119.596
    endloop
  endfacet
  facet normal 1 0 0
    outer loop
      vertex -93.5 35.0407 118.75
      vertex -93.5 35.0407 107.25
      vertex -93.5 35.5798 106.404
    endloop
  endfacet
  facet normal 1 -0 0
    outer loop
      vertex -93.5 34.5775 117.86
      vertex -93.5 35.0407 107.25
      vertex -93.5 35.0407 118.75
    endloop
  endfacet
  facet normal 1 0 0
    outer loop
      vertex -93.5 34.5775 117.86
      vertex -93.5 34.5775 108.14
      vertex -93.5 35.0407 107.25
    endloop
  endfacet
  facet normal 1 -0 0
    outer loop
      vertex -93.5 34.1935 116.933
      vertex -93.5 34.5775 108.14
      vertex -93.5 34.5775 117.86
    endloop
  endfacet
  facet normal 1 0 0
    outer loop
      vertex -93.5 34.1935 116.933
      vertex -93.5 34.1935 109.067
      vertex -93.5 34.5775 108.14
    endloop
  endfacet
  facet normal 1 -0 0
    outer loop
      vertex -93.5 33.8919 115.976
      vertex -93.5 34.1935 109.067
      vertex -93.5 34.1935 116.933
    endloop
  endfacet
  facet normal 1 0 0
    outer loop
      vertex -93.5 33.8919 115.976
      vertex -93.5 33.8919 110.024
      vertex -93.5 34.1935 109.067
    endloop
  endfacet
  facet normal 1 -0 0
    outer loop
      vertex -93.5 33.6747 114.997
      vertex -93.5 33.8919 110.024
      vertex -93.5 33.8919 115.976
    endloop
  endfacet
  facet normal 1 0 0
    outer loop
      vertex -93.5 33.6747 114.997
      vertex -93.5 33.6747 111.003
      vertex -93.5 33.8919 110.024
    endloop
  endfacet
  facet normal 1 -0 0
    outer loop
      vertex -93.5 33.5438 114.002
      vertex -93.5 33.6747 111.003
      vertex -93.5 33.6747 114.997
    endloop
  endfacet
  facet normal 1 0 0
    outer loop
      vertex -93.5 33.5438 114.002
      vertex -93.5 33.5438 111.998
      vertex -93.5 33.6747 111.003
    endloop
  endfacet
  facet normal 1 0 -0
    outer loop
      vertex -93.5 33.5438 111.998
      vertex -93.5 33.5438 114.002
      vertex -93.5 33.5 113
    endloop
  endfacet
  facet normal 0 -0.216318 0.976323
    outer loop
      vertex -102.5 43.003 124.325
      vertex -93.5 42.0236 124.108
      vertex -93.5 43.003 124.325
    endloop
  endfacet
  facet normal 0 -0.216318 0.976323
    outer loop
      vertex -93.5 42.0236 124.108
      vertex -102.5 43.003 124.325
      vertex -102.5 42.0236 124.108
    endloop
  endfacet
  facet normal 0 -0.381888 0.924209
    outer loop
      vertex -102.5 41.0668 123.806
      vertex -93.5 40.1399 123.423
      vertex -93.5 41.0668 123.806
    endloop
  endfacet
  facet normal 0 -0.381888 0.924209
    outer loop
      vertex -93.5 40.1399 123.423
      vertex -102.5 41.0668 123.806
      vertex -102.5 40.1399 123.423
    endloop
  endfacet
  facet normal 0 -0.953757 -0.300578
    outer loop
      vertex -102.5 34.1935 109.067
      vertex -93.5 33.8919 110.024
      vertex -102.5 33.8919 110.024
    endloop
  endfacet
  facet normal 0 -0.953757 -0.300578
    outer loop
      vertex -93.5 33.8919 110.024
      vertex -102.5 34.1935 109.067
      vertex -93.5 34.1935 109.067
    endloop
  endfacet
  facet normal 0 -0.976262 -0.216593
    outer loop
      vertex -102.5 33.8919 110.024
      vertex -93.5 33.6747 111.003
      vertex -102.5 33.6747 111.003
    endloop
  endfacet
  facet normal 0 -0.976262 -0.216593
    outer loop
      vertex -93.5 33.6747 111.003
      vertex -102.5 33.8919 110.024
      vertex -93.5 33.8919 110.024
    endloop
  endfacet
  facet normal 0 0.300998 -0.953625
    outer loop
      vertex -102.5 47.9764 101.892
      vertex -93.5 48.9332 102.194
      vertex -93.5 47.9764 101.892
    endloop
  endfacet
  facet normal 0 0.300998 -0.953625
    outer loop
      vertex -93.5 48.9332 102.194
      vertex -102.5 47.9764 101.892
      vertex -102.5 48.9332 102.194
    endloop
  endfacet
  facet normal -0 0.130571 0.991439
    outer loop
      vertex -102.5 46.997 124.325
      vertex -93.5 46.0023 124.456
      vertex -93.5 46.997 124.325
    endloop
  endfacet
  facet normal 0 0.130571 0.991439
    outer loop
      vertex -93.5 46.0023 124.456
      vertex -102.5 46.997 124.325
      vertex -102.5 46.0023 124.456
    endloop
  endfacet
  facet normal 0 -0.462334 -0.886706
    outer loop
      vertex -102.5 39.25 103.041
      vertex -93.5 40.1399 102.577
      vertex -93.5 39.25 103.041
    endloop
  endfacet
  facet normal -0 -0.462334 -0.886706
    outer loop
      vertex -93.5 40.1399 102.577
      vertex -102.5 39.25 103.041
      vertex -102.5 40.1399 102.577
    endloop
  endfacet
  facet normal 0 -0.381888 -0.924209
    outer loop
      vertex -102.5 40.1399 102.577
      vertex -93.5 41.0668 102.194
      vertex -93.5 40.1399 102.577
    endloop
  endfacet
  facet normal -0 -0.381888 -0.924209
    outer loop
      vertex -93.5 41.0668 102.194
      vertex -102.5 40.1399 102.577
      vertex -102.5 41.0668 102.194
    endloop
  endfacet
  facet normal 0 -0.793398 -0.608704
    outer loop
      vertex -102.5 36.1905 105.608
      vertex -93.5 35.5798 106.404
      vertex -102.5 35.5798 106.404
    endloop
  endfacet
  facet normal 0 -0.793398 -0.608704
    outer loop
      vertex -93.5 35.5798 106.404
      vertex -102.5 36.1905 105.608
      vertex -93.5 36.1905 105.608
    endloop
  endfacet
  facet normal 0 -0.537282 -0.843403
    outer loop
      vertex -102.5 38.4039 103.58
      vertex -93.5 39.25 103.041
      vertex -93.5 38.4039 103.58
    endloop
  endfacet
  facet normal -0 -0.537282 -0.843403
    outer loop
      vertex -93.5 39.25 103.041
      vertex -102.5 38.4039 103.58
      vertex -102.5 39.25 103.041
    endloop
  endfacet
  facet normal 0 -0.953757 0.300578
    outer loop
      vertex -102.5 33.8919 115.976
      vertex -93.5 34.1935 116.933
      vertex -102.5 34.1935 116.933
    endloop
  endfacet
  facet normal 0 -0.953757 0.300578
    outer loop
      vertex -93.5 34.1935 116.933
      vertex -102.5 33.8919 115.976
      vertex -93.5 33.8919 115.976
    endloop
  endfacet
  facet normal 0 -0.999046 0.0436709
    outer loop
      vertex -102.5 33.5 113
      vertex -93.5 33.5438 114.002
      vertex -102.5 33.5438 114.002
    endloop
  endfacet
  facet normal 0 -0.999046 0.0436709
    outer loop
      vertex -93.5 33.5438 114.002
      vertex -102.5 33.5 113
      vertex -93.5 33.5 113
    endloop
  endfacet
  facet normal -1 0 0
    outer loop
      vertex -102.5 53.5 113
      vertex -102.5 56.5 113
      vertex -102.5 56.4562 111.998
    endloop
  endfacet
  facet normal -1 0 0
    outer loop
      vertex -102.5 53.4677 112.259
      vertex -102.5 56.4562 111.998
      vertex -102.5 56.3253 111.003
    endloop
  endfacet
  facet normal -1 0 0
    outer loop
      vertex -102.5 56.5 113
      vertex -102.5 53.5 113
      vertex -102.5 56.4562 114.002
    endloop
  endfacet
  facet normal -1 0 0
    outer loop
      vertex -102.5 53.3709 111.524
      vertex -102.5 56.3253 111.003
      vertex -102.5 56.1081 110.024
    endloop
  endfacet
  facet normal -1 0 0
    outer loop
      vertex -102.5 53.4677 113.741
      vertex -102.5 56.4562 114.002
      vertex -102.5 53.5 113
    endloop
  endfacet
  facet normal -1 0 0
    outer loop
      vertex -102.5 53.2104 110.8
      vertex -102.5 56.1081 110.024
      vertex -102.5 55.8065 109.067
    endloop
  endfacet
  facet normal -1 -0 0
    outer loop
      vertex -102.5 56.4562 114.002
      vertex -102.5 53.4677 113.741
      vertex -102.5 56.3253 114.997
    endloop
  endfacet
  facet normal -1 0 0
    outer loop
      vertex -102.5 52.9874 110.093
      vertex -102.5 55.8065 109.067
      vertex -102.5 55.4225 108.14
    endloop
  endfacet
  facet normal -1 0 0
    outer loop
      vertex -102.5 53.3709 114.476
      vertex -102.5 56.3253 114.997
      vertex -102.5 53.4677 113.741
    endloop
  endfacet
  facet normal -1 0 0
    outer loop
      vertex -102.5 52.7036 109.408
      vertex -102.5 55.4225 108.14
      vertex -102.5 54.9593 107.25
    endloop
  endfacet
  facet normal -1 -0 0
    outer loop
      vertex -102.5 56.3253 114.997
      vertex -102.5 53.3709 114.476
      vertex -102.5 56.1081 115.976
    endloop
  endfacet
  facet normal -1 0 0
    outer loop
      vertex -102.5 52.3612 108.75
      vertex -102.5 54.9593 107.25
      vertex -102.5 54.4202 106.404
    endloop
  endfacet
  facet normal -1 0 0
    outer loop
      vertex -102.5 53.2104 115.2
      vertex -102.5 56.1081 115.976
      vertex -102.5 53.3709 114.476
    endloop
  endfacet
  facet normal -1 0 0
    outer loop
      vertex -102.5 51.9628 108.125
      vertex -102.5 54.4202 106.404
      vertex -102.5 53.8095 105.608
    endloop
  endfacet
  facet normal -1 -0 0
    outer loop
      vertex -102.5 56.1081 115.976
      vertex -102.5 53.2104 115.2
      vertex -102.5 55.8065 116.933
    endloop
  endfacet
  facet normal -1 0 0
    outer loop
      vertex -102.5 52.9874 115.907
      vertex -102.5 55.8065 116.933
      vertex -102.5 53.2104 115.2
    endloop
  endfacet
  facet normal -1 0 0
    outer loop
      vertex -102.5 56.4562 111.998
      vertex -102.5 53.4677 112.259
      vertex -102.5 53.5 113
    endloop
  endfacet
  facet normal -1 0 0
    outer loop
      vertex -102.5 56.3253 111.003
      vertex -102.5 53.3709 111.524
      vertex -102.5 53.4677 112.259
    endloop
  endfacet
  facet normal -1 0 0
    outer loop
      vertex -102.5 56.1081 110.024
      vertex -102.5 53.2104 110.8
      vertex -102.5 53.3709 111.524
    endloop
  endfacet
  facet normal -1 0 0
    outer loop
      vertex -102.5 51.5114 107.536
      vertex -102.5 53.8095 105.608
      vertex -102.5 53.1317 104.868
    endloop
  endfacet
  facet normal -1 0 0
    outer loop
      vertex -102.5 55.8065 109.067
      vertex -102.5 52.9874 110.093
      vertex -102.5 53.2104 110.8
    endloop
  endfacet
  facet normal -1 0 0
    outer loop
      vertex -102.5 55.4225 108.14
      vertex -102.5 52.7036 109.408
      vertex -102.5 52.9874 110.093
    endloop
  endfacet
  facet normal -1 0 0
    outer loop
      vertex -102.5 51.0104 106.99
      vertex -102.5 53.1317 104.868
      vertex -102.5 52.3921 104.19
    endloop
  endfacet
  facet normal -1 0 0
    outer loop
      vertex -102.5 54.9593 107.25
      vertex -102.5 52.3612 108.75
      vertex -102.5 52.7036 109.408
    endloop
  endfacet
  facet normal -1 0 0
    outer loop
      vertex -102.5 54.4202 106.404
      vertex -102.5 51.9628 108.125
      vertex -102.5 52.3612 108.75
    endloop
  endfacet
  facet normal -1 0 0
    outer loop
      vertex -102.5 50.4637 106.489
      vertex -102.5 52.3921 104.19
      vertex -102.5 51.5961 103.58
    endloop
  endfacet
  facet normal -1 0 0
    outer loop
      vertex -102.5 53.8095 105.608
      vertex -102.5 51.5114 107.536
      vertex -102.5 51.9628 108.125
    endloop
  endfacet
  facet normal -1 0 0
    outer loop
      vertex -102.5 53.1317 104.868
      vertex -102.5 51.0104 106.99
      vertex -102.5 51.5114 107.536
    endloop
  endfacet
  facet normal -1 0 0
    outer loop
      vertex -102.5 49.8754 106.037
      vertex -102.5 51.5961 103.58
      vertex -102.5 50.75 103.041
    endloop
  endfacet
  facet normal -1 0 0
    outer loop
      vertex -102.5 52.3921 104.19
      vertex -102.5 50.4637 106.489
      vertex -102.5 51.0104 106.99
    endloop
  endfacet
  facet normal -1 0 0
    outer loop
      vertex -102.5 51.5961 103.58
      vertex -102.5 49.8754 106.037
      vertex -102.5 50.4637 106.489
    endloop
  endfacet
  facet normal -1 0 0
    outer loop
      vertex -102.5 49.25 105.639
      vertex -102.5 50.75 103.041
      vertex -102.5 49.8601 102.577
    endloop
  endfacet
  facet normal -1 0 0
    outer loop
      vertex -102.5 50.75 103.041
      vertex -102.5 49.25 105.639
      vertex -102.5 49.8754 106.037
    endloop
  endfacet
  facet normal -1 0 0
    outer loop
      vertex -102.5 48.5923 105.296
      vertex -102.5 49.8601 102.577
      vertex -102.5 48.9332 102.194
    endloop
  endfacet
  facet normal -1 0 0
    outer loop
      vertex -102.5 49.8601 102.577
      vertex -102.5 48.5923 105.296
      vertex -102.5 49.25 105.639
    endloop
  endfacet
  facet normal -1 0 0
    outer loop
      vertex -102.5 47.9072 105.013
      vertex -102.5 48.9332 102.194
      vertex -102.5 47.9764 101.892
    endloop
  endfacet
  facet normal -1 0 0
    outer loop
      vertex -102.5 48.9332 102.194
      vertex -102.5 47.9072 105.013
      vertex -102.5 48.5923 105.296
    endloop
  endfacet
  facet normal -1 0 0
    outer loop
      vertex -102.5 47.9764 101.892
      vertex -102.5 47.2 104.79
      vertex -102.5 47.9072 105.013
    endloop
  endfacet
  facet normal -1 0 0
    outer loop
      vertex -102.5 46.997 101.675
      vertex -102.5 47.2 104.79
      vertex -102.5 47.9764 101.892
    endloop
  endfacet
  facet normal -1 0 0
    outer loop
      vertex -102.5 46.997 101.675
      vertex -102.5 46.476 104.629
      vertex -102.5 47.2 104.79
    endloop
  endfacet
  facet normal -1 0 0
    outer loop
      vertex -102.5 46.0023 101.544
      vertex -102.5 46.476 104.629
      vertex -102.5 46.997 101.675
    endloop
  endfacet
  facet normal -1 0 0
    outer loop
      vertex -102.5 46.0023 101.544
      vertex -102.5 45.7408 104.532
      vertex -102.5 46.476 104.629
    endloop
  endfacet
  facet normal -1 0 0
    outer loop
      vertex -102.5 45 101.5
      vertex -102.5 45.7408 104.532
      vertex -102.5 46.0023 101.544
    endloop
  endfacet
  facet normal -1 0 0
    outer loop
      vertex -102.5 45 101.5
      vertex -102.5 45 104.5
      vertex -102.5 45.7408 104.532
    endloop
  endfacet
  facet normal -1 0 0
    outer loop
      vertex -102.5 45 101.5
      vertex -102.5 44.2592 104.532
      vertex -102.5 45 104.5
    endloop
  endfacet
  facet normal -1 0 0
    outer loop
      vertex -102.5 43.9977 101.544
      vertex -102.5 44.2592 104.532
      vertex -102.5 45 101.5
    endloop
  endfacet
  facet normal -1 0 0
    outer loop
      vertex -102.5 43.9977 101.544
      vertex -102.5 43.524 104.629
      vertex -102.5 44.2592 104.532
    endloop
  endfacet
  facet normal -1 0 0
    outer loop
      vertex -102.5 43.003 101.675
      vertex -102.5 43.524 104.629
      vertex -102.5 43.9977 101.544
    endloop
  endfacet
  facet normal -1 0 0
    outer loop
      vertex -102.5 43.003 101.675
      vertex -102.5 42.8 104.79
      vertex -102.5 43.524 104.629
    endloop
  endfacet
  facet normal -1 0 0
    outer loop
      vertex -102.5 42.0236 101.892
      vertex -102.5 42.8 104.79
      vertex -102.5 43.003 101.675
    endloop
  endfacet
  facet normal -1 -0 0
    outer loop
      vertex -102.5 42.8 104.79
      vertex -102.5 42.0236 101.892
      vertex -102.5 42.0928 105.013
    endloop
  endfacet
  facet normal -1 0 0
    outer loop
      vertex -102.5 41.0668 102.194
      vertex -102.5 42.0928 105.013
      vertex -102.5 42.0236 101.892
    endloop
  endfacet
  facet normal -1 -0 0
    outer loop
      vertex -102.5 42.0928 105.013
      vertex -102.5 41.0668 102.194
      vertex -102.5 41.4077 105.296
    endloop
  endfacet
  facet normal -1 0 0
    outer loop
      vertex -102.5 40.1399 102.577
      vertex -102.5 41.4077 105.296
      vertex -102.5 41.0668 102.194
    endloop
  endfacet
  facet normal -1 -0 0
    outer loop
      vertex -102.5 41.4077 105.296
      vertex -102.5 40.1399 102.577
      vertex -102.5 40.75 105.639
    endloop
  endfacet
  facet normal -1 0 0
    outer loop
      vertex -102.5 39.25 103.041
      vertex -102.5 40.75 105.639
      vertex -102.5 40.1399 102.577
    endloop
  endfacet
  facet normal -1 -0 0
    outer loop
      vertex -102.5 40.75 105.639
      vertex -102.5 39.25 103.041
      vertex -102.5 40.1246 106.037
    endloop
  endfacet
  facet normal -1 0 0
    outer loop
      vertex -102.5 38.4039 103.58
      vertex -102.5 40.1246 106.037
      vertex -102.5 39.25 103.041
    endloop
  endfacet
  facet normal -1 -0 0
    outer loop
      vertex -102.5 40.1246 106.037
      vertex -102.5 38.4039 103.58
      vertex -102.5 39.5363 106.489
    endloop
  endfacet
  facet normal -1 0 0
    outer loop
      vertex -102.5 37.6079 104.19
      vertex -102.5 39.5363 106.489
      vertex -102.5 38.4039 103.58
    endloop
  endfacet
  facet normal -1 -0 0
    outer loop
      vertex -102.5 39.5363 106.489
      vertex -102.5 37.6079 104.19
      vertex -102.5 38.9896 106.99
    endloop
  endfacet
  facet normal -1 0 0
    outer loop
      vertex -102.5 36.8683 104.868
      vertex -102.5 38.9896 106.99
      vertex -102.5 37.6079 104.19
    endloop
  endfacet
  facet normal -1 -0 0
    outer loop
      vertex -102.5 38.9896 106.99
      vertex -102.5 36.8683 104.868
      vertex -102.5 38.4886 107.536
    endloop
  endfacet
  facet normal -1 0 0
    outer loop
      vertex -102.5 36.1905 105.608
      vertex -102.5 38.4886 107.536
      vertex -102.5 36.8683 104.868
    endloop
  endfacet
  facet normal -1 -0 0
    outer loop
      vertex -102.5 38.4886 107.536
      vertex -102.5 36.1905 105.608
      vertex -102.5 38.0372 108.125
    endloop
  endfacet
  facet normal -1 0 0
    outer loop
      vertex -102.5 35.5798 106.404
      vertex -102.5 38.0372 108.125
      vertex -102.5 36.1905 105.608
    endloop
  endfacet
  facet normal -1 -0 0
    outer loop
      vertex -102.5 38.0372 108.125
      vertex -102.5 35.5798 106.404
      vertex -102.5 37.6388 108.75
    endloop
  endfacet
  facet normal -1 0 0
    outer loop
      vertex -102.5 35.0407 107.25
      vertex -102.5 37.6388 108.75
      vertex -102.5 35.5798 106.404
    endloop
  endfacet
  facet normal -1 -0 0
    outer loop
      vertex -102.5 37.6388 108.75
      vertex -102.5 35.0407 107.25
      vertex -102.5 37.2964 109.408
    endloop
  endfacet
  facet normal -1 0 0
    outer loop
      vertex -102.5 34.5775 108.14
      vertex -102.5 37.2964 109.408
      vertex -102.5 35.0407 107.25
    endloop
  endfacet
  facet normal -1 0 0
    outer loop
      vertex -102.5 34.1935 109.067
      vertex -102.5 37.0126 110.093
      vertex -102.5 34.5775 108.14
    endloop
  endfacet
  facet normal -1 -0 0
    outer loop
      vertex -102.5 37.2964 109.408
      vertex -102.5 34.5775 108.14
      vertex -102.5 37.0126 110.093
    endloop
  endfacet
  facet normal -1 -0 0
    outer loop
      vertex -102.5 55.8065 116.933
      vertex -102.5 52.9874 115.907
      vertex -102.5 55.4225 117.86
    endloop
  endfacet
  facet normal -1 0 0
    outer loop
      vertex -102.5 52.7036 116.592
      vertex -102.5 55.4225 117.86
      vertex -102.5 52.9874 115.907
    endloop
  endfacet
  facet normal -1 -0 0
    outer loop
      vertex -102.5 55.4225 117.86
      vertex -102.5 52.7036 116.592
      vertex -102.5 54.9593 118.75
    endloop
  endfacet
  facet normal -1 0 0
    outer loop
      vertex -102.5 52.3612 117.25
      vertex -102.5 54.9593 118.75
      vertex -102.5 52.7036 116.592
    endloop
  endfacet
  facet normal -1 -0 0
    outer loop
      vertex -102.5 54.9593 118.75
      vertex -102.5 52.3612 117.25
      vertex -102.5 54.4202 119.596
    endloop
  endfacet
  facet normal -1 0 0
    outer loop
      vertex -102.5 51.9628 117.875
      vertex -102.5 54.4202 119.596
      vertex -102.5 52.3612 117.25
    endloop
  endfacet
  facet normal -1 -0 0
    outer loop
      vertex -102.5 54.4202 119.596
      vertex -102.5 51.9628 117.875
      vertex -102.5 53.8095 120.392
    endloop
  endfacet
  facet normal -1 0 0
    outer loop
      vertex -102.5 51.5114 118.464
      vertex -102.5 53.8095 120.392
      vertex -102.5 51.9628 117.875
    endloop
  endfacet
  facet normal -1 -0 0
    outer loop
      vertex -102.5 53.8095 120.392
      vertex -102.5 51.5114 118.464
      vertex -102.5 53.1317 121.132
    endloop
  endfacet
  facet normal -1 0 0
    outer loop
      vertex -102.5 51.0104 119.01
      vertex -102.5 53.1317 121.132
      vertex -102.5 51.5114 118.464
    endloop
  endfacet
  facet normal -1 -0 0
    outer loop
      vertex -102.5 53.1317 121.132
      vertex -102.5 51.0104 119.01
      vertex -102.5 52.3921 121.81
    endloop
  endfacet
  facet normal -1 0 0
    outer loop
      vertex -102.5 50.4637 119.511
      vertex -102.5 52.3921 121.81
      vertex -102.5 51.0104 119.01
    endloop
  endfacet
  facet normal -1 -0 0
    outer loop
      vertex -102.5 52.3921 121.81
      vertex -102.5 50.4637 119.511
      vertex -102.5 51.5961 122.42
    endloop
  endfacet
  facet normal -1 0 0
    outer loop
      vertex -102.5 49.8754 119.963
      vertex -102.5 51.5961 122.42
      vertex -102.5 50.4637 119.511
    endloop
  endfacet
  facet normal -1 -0 0
    outer loop
      vertex -102.5 51.5961 122.42
      vertex -102.5 49.8754 119.963
      vertex -102.5 50.75 122.959
    endloop
  endfacet
  facet normal -1 0 0
    outer loop
      vertex -102.5 49.25 120.361
      vertex -102.5 50.75 122.959
      vertex -102.5 49.8754 119.963
    endloop
  endfacet
  facet normal -1 -0 0
    outer loop
      vertex -102.5 50.75 122.959
      vertex -102.5 49.25 120.361
      vertex -102.5 49.8601 123.423
    endloop
  endfacet
  facet normal -1 0 0
    outer loop
      vertex -102.5 48.5923 120.704
      vertex -102.5 49.8601 123.423
      vertex -102.5 49.25 120.361
    endloop
  endfacet
  facet normal -1 -0 0
    outer loop
      vertex -102.5 49.8601 123.423
      vertex -102.5 48.5923 120.704
      vertex -102.5 48.9332 123.806
    endloop
  endfacet
  facet normal -1 0 0
    outer loop
      vertex -102.5 47.9072 120.987
      vertex -102.5 48.9332 123.806
      vertex -102.5 48.5923 120.704
    endloop
  endfacet
  facet normal -1 -0 0
    outer loop
      vertex -102.5 48.9332 123.806
      vertex -102.5 47.9072 120.987
      vertex -102.5 47.9764 124.108
    endloop
  endfacet
  facet normal -1 0 0
    outer loop
      vertex -102.5 47.2 121.21
      vertex -102.5 47.9764 124.108
      vertex -102.5 47.9072 120.987
    endloop
  endfacet
  facet normal -1 0 0
    outer loop
      vertex -102.5 47.2 121.21
      vertex -102.5 46.997 124.325
      vertex -102.5 47.9764 124.108
    endloop
  endfacet
  facet normal -1 0 0
    outer loop
      vertex -102.5 46.476 121.371
      vertex -102.5 46.997 124.325
      vertex -102.5 47.2 121.21
    endloop
  endfacet
  facet normal -1 0 0
    outer loop
      vertex -102.5 46.476 121.371
      vertex -102.5 46.0023 124.456
      vertex -102.5 46.997 124.325
    endloop
  endfacet
  facet normal -1 0 0
    outer loop
      vertex -102.5 45.7408 121.468
      vertex -102.5 46.0023 124.456
      vertex -102.5 46.476 121.371
    endloop
  endfacet
  facet normal -1 0 0
    outer loop
      vertex -102.5 45 121.5
      vertex -102.5 46.0023 124.456
      vertex -102.5 45.7408 121.468
    endloop
  endfacet
  facet normal -1 0 0
    outer loop
      vertex -102.5 45 121.5
      vertex -102.5 45 124.5
      vertex -102.5 46.0023 124.456
    endloop
  endfacet
  facet normal -1 0 0
    outer loop
      vertex -102.5 44.2592 121.468
      vertex -102.5 45 124.5
      vertex -102.5 45 121.5
    endloop
  endfacet
  facet normal -1 0 0
    outer loop
      vertex -102.5 44.2592 121.468
      vertex -102.5 43.9977 124.456
      vertex -102.5 45 124.5
    endloop
  endfacet
  facet normal -1 0 0
    outer loop
      vertex -102.5 43.524 121.371
      vertex -102.5 43.9977 124.456
      vertex -102.5 44.2592 121.468
    endloop
  endfacet
  facet normal -1 0 0
    outer loop
      vertex -102.5 43.524 121.371
      vertex -102.5 43.003 124.325
      vertex -102.5 43.9977 124.456
    endloop
  endfacet
  facet normal -1 0 0
    outer loop
      vertex -102.5 42.8 121.21
      vertex -102.5 43.003 124.325
      vertex -102.5 43.524 121.371
    endloop
  endfacet
  facet normal -1 0 0
    outer loop
      vertex -102.5 42.0236 124.108
      vertex -102.5 42.8 121.21
      vertex -102.5 42.0928 120.987
    endloop
  endfacet
  facet normal -1 0 0
    outer loop
      vertex -102.5 42.8 121.21
      vertex -102.5 42.0236 124.108
      vertex -102.5 43.003 124.325
    endloop
  endfacet
  facet normal -1 0 0
    outer loop
      vertex -102.5 41.0668 123.806
      vertex -102.5 42.0928 120.987
      vertex -102.5 41.4077 120.704
    endloop
  endfacet
  facet normal -1 0 0
    outer loop
      vertex -102.5 42.0928 120.987
      vertex -102.5 41.0668 123.806
      vertex -102.5 42.0236 124.108
    endloop
  endfacet
  facet normal -1 0 0
    outer loop
      vertex -102.5 40.1399 123.423
      vertex -102.5 41.4077 120.704
      vertex -102.5 40.75 120.361
    endloop
  endfacet
  facet normal -1 0 0
    outer loop
      vertex -102.5 41.4077 120.704
      vertex -102.5 40.1399 123.423
      vertex -102.5 41.0668 123.806
    endloop
  endfacet
  facet normal -1 0 0
    outer loop
      vertex -102.5 39.25 122.959
      vertex -102.5 40.75 120.361
      vertex -102.5 40.1246 119.963
    endloop
  endfacet
  facet normal -1 0 0
    outer loop
      vertex -102.5 38.4039 122.42
      vertex -102.5 40.1246 119.963
      vertex -102.5 39.5363 119.511
    endloop
  endfacet
  facet normal -1 0 0
    outer loop
      vertex -102.5 40.75 120.361
      vertex -102.5 39.25 122.959
      vertex -102.5 40.1399 123.423
    endloop
  endfacet
  facet normal -1 0 0
    outer loop
      vertex -102.5 37.6079 121.81
      vertex -102.5 39.5363 119.511
      vertex -102.5 38.9896 119.01
    endloop
  endfacet
  facet normal -1 0 0
    outer loop
      vertex -102.5 36.8683 121.132
      vertex -102.5 38.9896 119.01
      vertex -102.5 38.4886 118.464
    endloop
  endfacet
  facet normal -1 0 0
    outer loop
      vertex -102.5 40.1246 119.963
      vertex -102.5 38.4039 122.42
      vertex -102.5 39.25 122.959
    endloop
  endfacet
  facet normal -1 0 0
    outer loop
      vertex -102.5 36.1905 120.392
      vertex -102.5 38.4886 118.464
      vertex -102.5 38.0372 117.875
    endloop
  endfacet
  facet normal -1 0 0
    outer loop
      vertex -102.5 35.5798 119.596
      vertex -102.5 38.0372 117.875
      vertex -102.5 37.6388 117.25
    endloop
  endfacet
  facet normal -1 0 0
    outer loop
      vertex -102.5 39.5363 119.511
      vertex -102.5 37.6079 121.81
      vertex -102.5 38.4039 122.42
    endloop
  endfacet
  facet normal -1 0 0
    outer loop
      vertex -102.5 35.0407 118.75
      vertex -102.5 37.6388 117.25
      vertex -102.5 37.2964 116.592
    endloop
  endfacet
  facet normal -1 0 0
    outer loop
      vertex -102.5 34.5775 117.86
      vertex -102.5 37.2964 116.592
      vertex -102.5 37.0126 115.907
    endloop
  endfacet
  facet normal -1 0 0
    outer loop
      vertex -102.5 38.9896 119.01
      vertex -102.5 36.8683 121.132
      vertex -102.5 37.6079 121.81
    endloop
  endfacet
  facet normal -1 0 0
    outer loop
      vertex -102.5 34.1935 116.933
      vertex -102.5 37.0126 115.907
      vertex -102.5 36.7896 115.2
    endloop
  endfacet
  facet normal -1 0 0
    outer loop
      vertex -102.5 33.8919 115.976
      vertex -102.5 36.7896 115.2
      vertex -102.5 36.6291 114.476
    endloop
  endfacet
  facet normal -1 0 0
    outer loop
      vertex -102.5 33.6747 114.997
      vertex -102.5 36.6291 114.476
      vertex -102.5 36.5323 113.741
    endloop
  endfacet
  facet normal -1 0 0
    outer loop
      vertex -102.5 38.4886 118.464
      vertex -102.5 36.1905 120.392
      vertex -102.5 36.8683 121.132
    endloop
  endfacet
  facet normal -1 0 0
    outer loop
      vertex -102.5 33.5438 114.002
      vertex -102.5 36.5323 113.741
      vertex -102.5 36.5 113
    endloop
  endfacet
  facet normal -1 -0 0
    outer loop
      vertex -102.5 37.0126 110.093
      vertex -102.5 34.1935 109.067
      vertex -102.5 36.7896 110.8
    endloop
  endfacet
  facet normal -1 0 0
    outer loop
      vertex -102.5 33.8919 110.024
      vertex -102.5 36.7896 110.8
      vertex -102.5 34.1935 109.067
    endloop
  endfacet
  facet normal -1 0 0
    outer loop
      vertex -102.5 38.0372 117.875
      vertex -102.5 35.5798 119.596
      vertex -102.5 36.1905 120.392
    endloop
  endfacet
  facet normal -1 -0 0
    outer loop
      vertex -102.5 36.7896 110.8
      vertex -102.5 33.8919 110.024
      vertex -102.5 36.6291 111.524
    endloop
  endfacet
  facet normal -1 0 0
    outer loop
      vertex -102.5 37.6388 117.25
      vertex -102.5 35.0407 118.75
      vertex -102.5 35.5798 119.596
    endloop
  endfacet
  facet normal -1 0 0
    outer loop
      vertex -102.5 33.6747 111.003
      vertex -102.5 36.6291 111.524
      vertex -102.5 33.8919 110.024
    endloop
  endfacet
  facet normal -1 0 0
    outer loop
      vertex -102.5 37.2964 116.592
      vertex -102.5 34.5775 117.86
      vertex -102.5 35.0407 118.75
    endloop
  endfacet
  facet normal -1 -0 0
    outer loop
      vertex -102.5 36.6291 111.524
      vertex -102.5 33.6747 111.003
      vertex -102.5 36.5323 112.259
    endloop
  endfacet
  facet normal -1 0 0
    outer loop
      vertex -102.5 37.0126 115.907
      vertex -102.5 34.1935 116.933
      vertex -102.5 34.5775 117.86
    endloop
  endfacet
  facet normal -1 0 0
    outer loop
      vertex -102.5 33.5438 111.998
      vertex -102.5 36.5323 112.259
      vertex -102.5 33.6747 111.003
    endloop
  endfacet
  facet normal -1 0 0
    outer loop
      vertex -102.5 36.7896 115.2
      vertex -102.5 33.8919 115.976
      vertex -102.5 34.1935 116.933
    endloop
  endfacet
  facet normal -1 -0 0
    outer loop
      vertex -102.5 36.5323 112.259
      vertex -102.5 33.5438 111.998
      vertex -102.5 36.5 113
    endloop
  endfacet
  facet normal -1 0 0
    outer loop
      vertex -102.5 36.6291 114.476
      vertex -102.5 33.6747 114.997
      vertex -102.5 33.8919 115.976
    endloop
  endfacet
  facet normal -1 0 0
    outer loop
      vertex -102.5 33.5 113
      vertex -102.5 36.5 113
      vertex -102.5 33.5438 111.998
    endloop
  endfacet
  facet normal -1 0 0
    outer loop
      vertex -102.5 36.5323 113.741
      vertex -102.5 33.5438 114.002
      vertex -102.5 33.6747 114.997
    endloop
  endfacet
  facet normal -1 0 0
    outer loop
      vertex -102.5 36.5 113
      vertex -102.5 33.5 113
      vertex -102.5 33.5438 114.002
    endloop
  endfacet
  facet normal 0 -0.608264 0.793735
    outer loop
      vertex -102.5 38.4039 122.42
      vertex -93.5 37.6079 121.81
      vertex -93.5 38.4039 122.42
    endloop
  endfacet
  facet normal 0 -0.608264 0.793735
    outer loop
      vertex -93.5 37.6079 121.81
      vertex -102.5 38.4039 122.42
      vertex -102.5 37.6079 121.81
    endloop
  endfacet
  facet normal 0 -0.537282 0.843403
    outer loop
      vertex -102.5 39.25 122.959
      vertex -93.5 38.4039 122.42
      vertex -93.5 39.25 122.959
    endloop
  endfacet
  facet normal 0 -0.537282 0.843403
    outer loop
      vertex -93.5 38.4039 122.42
      vertex -102.5 39.25 122.959
      vertex -102.5 38.4039 122.42
    endloop
  endfacet
  facet normal 0 -0.675743 0.737138
    outer loop
      vertex -102.5 37.6079 121.81
      vertex -93.5 36.8683 121.132
      vertex -93.5 37.6079 121.81
    endloop
  endfacet
  facet normal 0 -0.675743 0.737138
    outer loop
      vertex -93.5 36.8683 121.132
      vertex -102.5 37.6079 121.81
      vertex -102.5 36.8683 121.132
    endloop
  endfacet
  facet normal 0 -0.300998 0.953625
    outer loop
      vertex -102.5 42.0236 124.108
      vertex -93.5 41.0668 123.806
      vertex -93.5 42.0236 124.108
    endloop
  endfacet
  facet normal 0 -0.300998 0.953625
    outer loop
      vertex -93.5 41.0668 123.806
      vertex -102.5 42.0236 124.108
      vertex -102.5 41.0668 123.806
    endloop
  endfacet
  facet normal 0 -0.923871 -0.382704
    outer loop
      vertex -102.5 34.5775 108.14
      vertex -93.5 34.1935 109.067
      vertex -102.5 34.1935 109.067
    endloop
  endfacet
  facet normal 0 -0.923871 -0.382704
    outer loop
      vertex -93.5 34.1935 109.067
      vertex -102.5 34.5775 108.14
      vertex -93.5 34.5775 108.14
    endloop
  endfacet
  facet normal 0 0.381888 -0.924209
    outer loop
      vertex -102.5 48.9332 102.194
      vertex -93.5 49.8601 102.577
      vertex -93.5 48.9332 102.194
    endloop
  endfacet
  facet normal 0 0.381888 -0.924209
    outer loop
      vertex -93.5 49.8601 102.577
      vertex -102.5 48.9332 102.194
      vertex -102.5 49.8601 102.577
    endloop
  endfacet
  facet normal 0 -0.675743 -0.737138
    outer loop
      vertex -102.5 36.8683 104.868
      vertex -93.5 37.6079 104.19
      vertex -93.5 36.8683 104.868
    endloop
  endfacet
  facet normal -0 -0.675743 -0.737138
    outer loop
      vertex -93.5 37.6079 104.19
      vertex -102.5 36.8683 104.868
      vertex -102.5 37.6079 104.19
    endloop
  endfacet
  facet normal 0 -0.737419 -0.675436
    outer loop
      vertex -102.5 36.8683 104.868
      vertex -93.5 36.1905 105.608
      vertex -102.5 36.1905 105.608
    endloop
  endfacet
  facet normal 0 -0.737419 -0.675436
    outer loop
      vertex -93.5 36.1905 105.608
      vertex -102.5 36.8683 104.868
      vertex -93.5 36.8683 104.868
    endloop
  endfacet
  facet normal 0 -0.843329 -0.537398
    outer loop
      vertex -102.5 35.5798 106.404
      vertex -93.5 35.0407 107.25
      vertex -102.5 35.0407 107.25
    endloop
  endfacet
  facet normal 0 -0.843329 -0.537398
    outer loop
      vertex -93.5 35.0407 107.25
      vertex -102.5 35.5798 106.404
      vertex -93.5 35.5798 106.404
    endloop
  endfacet
  facet normal 0 -0.887054 0.461667
    outer loop
      vertex -102.5 34.5775 117.86
      vertex -93.5 35.0407 118.75
      vertex -102.5 35.0407 118.75
    endloop
  endfacet
  facet normal 0 -0.887054 0.461667
    outer loop
      vertex -93.5 35.0407 118.75
      vertex -102.5 34.5775 117.86
      vertex -93.5 34.5775 117.86
    endloop
  endfacet
  facet normal 0 -0.737419 0.675436
    outer loop
      vertex -102.5 36.1905 120.392
      vertex -93.5 36.8683 121.132
      vertex -102.5 36.8683 121.132
    endloop
  endfacet
  facet normal 0 -0.737419 0.675436
    outer loop
      vertex -93.5 36.8683 121.132
      vertex -102.5 36.1905 120.392
      vertex -93.5 36.1905 120.392
    endloop
  endfacet
  facet normal 0 -0.130571 0.991439
    outer loop
      vertex -102.5 43.9977 124.456
      vertex -93.5 43.003 124.325
      vertex -93.5 43.9977 124.456
    endloop
  endfacet
  facet normal 0 -0.130571 0.991439
    outer loop
      vertex -93.5 43.003 124.325
      vertex -102.5 43.9977 124.456
      vertex -102.5 43.003 124.325
    endloop
  endfacet
  facet normal 0 -0.0438568 0.999038
    outer loop
      vertex -102.5 45 124.5
      vertex -93.5 43.9977 124.456
      vertex -93.5 45 124.5
    endloop
  endfacet
  facet normal 0 -0.0438568 0.999038
    outer loop
      vertex -93.5 43.9977 124.456
      vertex -102.5 45 124.5
      vertex -102.5 43.9977 124.456
    endloop
  endfacet
  facet normal 0 -0.843329 0.537398
    outer loop
      vertex -102.5 35.0407 118.75
      vertex -93.5 35.5798 119.596
      vertex -102.5 35.5798 119.596
    endloop
  endfacet
  facet normal 0 -0.843329 0.537398
    outer loop
      vertex -93.5 35.5798 119.596
      vertex -102.5 35.0407 118.75
      vertex -93.5 35.0407 118.75
    endloop
  endfacet
  facet normal 0 -0.793398 0.608704
    outer loop
      vertex -102.5 35.5798 119.596
      vertex -93.5 36.1905 120.392
      vertex -102.5 36.1905 120.392
    endloop
  endfacet
  facet normal 0 -0.793398 0.608704
    outer loop
      vertex -93.5 36.1905 120.392
      vertex -102.5 35.5798 119.596
      vertex -93.5 35.5798 119.596
    endloop
  endfacet
  facet normal 0 -0.923871 0.382704
    outer loop
      vertex -102.5 34.1935 116.933
      vertex -93.5 34.5775 117.86
      vertex -102.5 34.5775 117.86
    endloop
  endfacet
  facet normal 0 -0.923871 0.382704
    outer loop
      vertex -93.5 34.5775 117.86
      vertex -102.5 34.1935 116.933
      vertex -93.5 34.1935 116.933
    endloop
  endfacet
  facet normal 0 -0.991457 0.130434
    outer loop
      vertex -102.5 33.5438 114.002
      vertex -93.5 33.6747 114.997
      vertex -102.5 33.6747 114.997
    endloop
  endfacet
  facet normal 0 -0.991457 0.130434
    outer loop
      vertex -93.5 33.6747 114.997
      vertex -102.5 33.5438 114.002
      vertex -93.5 33.5438 114.002
    endloop
  endfacet
  facet normal 0 -0.976262 0.216593
    outer loop
      vertex -102.5 33.6747 114.997
      vertex -93.5 33.8919 115.976
      vertex -102.5 33.8919 115.976
    endloop
  endfacet
  facet normal 0 -0.976262 0.216593
    outer loop
      vertex -93.5 33.8919 115.976
      vertex -102.5 33.6747 114.997
      vertex -93.5 33.6747 114.997
    endloop
  endfacet
  facet normal -0 0.0431563 0.999068
    outer loop
      vertex 101 -37.2592 121.468
      vertex 129.5 -38 121.5
      vertex 129.5 -37.2592 121.468
    endloop
  endfacet
  facet normal 0 0.0431563 0.999068
    outer loop
      vertex 129.5 -38 121.5
      vertex 101 -37.2592 121.468
      vertex 101 -38 121.5
    endloop
  endfacet
  facet normal 0 0.999051 0.0435484
    outer loop
      vertex 129.5 -29.5 113
      vertex 101 -29.5323 113.741
      vertex 129.5 -29.5323 113.741
    endloop
  endfacet
  facet normal 0 0.999051 0.0435484
    outer loop
      vertex 101 -29.5323 113.741
      vertex 129.5 -29.5 113
      vertex 101 -29.5 113
    endloop
  endfacet
  facet normal 0 -0.999051 0.0435484
    outer loop
      vertex 101 -46.5 113
      vertex 129.5 -46.4677 113.741
      vertex 101 -46.4677 113.741
    endloop
  endfacet
  facet normal 0 -0.999051 0.0435484
    outer loop
      vertex 129.5 -46.4677 113.741
      vertex 101 -46.5 113
      vertex 129.5 -46.5 113
    endloop
  endfacet
  facet normal 0 0.736818 0.676091
    outer loop
      vertex 129.5 -31.4886 118.464
      vertex 101 -31.9896 119.01
      vertex 129.5 -31.9896 119.01
    endloop
  endfacet
  facet normal 0 0.736818 0.676091
    outer loop
      vertex 101 -31.9896 119.01
      vertex 129.5 -31.4886 118.464
      vertex 101 -31.4886 118.464
    endloop
  endfacet
  facet normal 0 0.923849 0.382757
    outer loop
      vertex 129.5 -30.0126 115.907
      vertex 101 -30.2964 116.592
      vertex 129.5 -30.2964 116.592
    endloop
  endfacet
  facet normal 0 0.923849 0.382757
    outer loop
      vertex 101 -30.2964 116.592
      vertex 129.5 -30.0126 115.907
      vertex 101 -30.0126 115.907
    endloop
  endfacet
  facet normal 0 -0.609255 0.792975
    outer loop
      vertex 101 -42.8754 119.963
      vertex 129.5 -43.4637 119.511
      vertex 129.5 -42.8754 119.963
    endloop
  endfacet
  facet normal 0 -0.609255 0.792975
    outer loop
      vertex 129.5 -43.4637 119.511
      vertex 101 -42.8754 119.963
      vertex 101 -43.4637 119.511
    endloop
  endfacet
  facet normal 0 0.300731 -0.953709
    outer loop
      vertex 101 -35.8 104.79
      vertex 129.5 -35.0928 105.013
      vertex 129.5 -35.8 104.79
    endloop
  endfacet
  facet normal 0 0.300731 -0.953709
    outer loop
      vertex 129.5 -35.0928 105.013
      vertex 101 -35.8 104.79
      vertex 101 -35.0928 105.013
    endloop
  endfacet
  facet normal 0 0.736818 -0.676091
    outer loop
      vertex 129.5 -31.9896 106.99
      vertex 101 -31.4886 107.536
      vertex 129.5 -31.4886 107.536
    endloop
  endfacet
  facet normal 0 0.736818 -0.676091
    outer loop
      vertex 101 -31.4886 107.536
      vertex 129.5 -31.9896 106.99
      vertex 101 -31.9896 106.99
    endloop
  endfacet
  facet normal 0 0.953685 -0.300809
    outer loop
      vertex 129.5 -30.0126 110.093
      vertex 101 -29.7896 110.8
      vertex 129.5 -29.7896 110.8
    endloop
  endfacet
  facet normal 0 0.953685 -0.300809
    outer loop
      vertex 101 -29.7896 110.8
      vertex 129.5 -30.0126 110.093
      vertex 101 -30.0126 110.093
    endloop
  endfacet
  facet normal -0 0.536893 0.84365
    outer loop
      vertex 101 -33.1246 119.963
      vertex 129.5 -33.75 120.361
      vertex 129.5 -33.1246 119.963
    endloop
  endfacet
  facet normal 0 0.536893 0.84365
    outer loop
      vertex 129.5 -33.75 120.361
      vertex 101 -33.1246 119.963
      vertex 101 -33.75 120.361
    endloop
  endfacet
  facet normal -0 0.609255 0.792975
    outer loop
      vertex 101 -32.5363 119.511
      vertex 129.5 -33.1246 119.963
      vertex 129.5 -32.5363 119.511
    endloop
  endfacet
  facet normal 0 0.609255 0.792975
    outer loop
      vertex 129.5 -33.1246 119.963
      vertex 101 -32.5363 119.511
      vertex 101 -33.1246 119.963
    endloop
  endfacet
  facet normal 0 -0.462409 -0.886667
    outer loop
      vertex 101 -42.25 105.639
      vertex 129.5 -41.5923 105.296
      vertex 129.5 -42.25 105.639
    endloop
  endfacet
  facet normal -0 -0.462409 -0.886667
    outer loop
      vertex 129.5 -41.5923 105.296
      vertex 101 -42.25 105.639
      vertex 101 -41.5923 105.296
    endloop
  endfacet
  facet normal 0 -0.976298 -0.216431
    outer loop
      vertex 101 -46.2104 110.8
      vertex 129.5 -46.3709 111.524
      vertex 101 -46.3709 111.524
    endloop
  endfacet
  facet normal 0 -0.976298 -0.216431
    outer loop
      vertex 129.5 -46.3709 111.524
      vertex 101 -46.2104 110.8
      vertex 129.5 -46.2104 110.8
    endloop
  endfacet
  facet normal -1 0 0
    outer loop
      vertex 101 -29.5323 112.259
      vertex 101 -29.5323 113.741
      vertex 101 -29.5 113
    endloop
  endfacet
  facet normal -1 0 0
    outer loop
      vertex 101 -29.6291 111.524
      vertex 101 -29.5323 113.741
      vertex 101 -29.5323 112.259
    endloop
  endfacet
  facet normal -1 0 0
    outer loop
      vertex 101 -29.6291 111.524
      vertex 101 -29.6291 114.476
      vertex 101 -29.5323 113.741
    endloop
  endfacet
  facet normal -1 0 0
    outer loop
      vertex 101 -29.7896 110.8
      vertex 101 -29.6291 114.476
      vertex 101 -29.6291 111.524
    endloop
  endfacet
  facet normal -1 0 0
    outer loop
      vertex 101 -29.7896 110.8
      vertex 101 -29.7896 115.2
      vertex 101 -29.6291 114.476
    endloop
  endfacet
  facet normal -1 0 0
    outer loop
      vertex 101 -30.0126 110.093
      vertex 101 -29.7896 115.2
      vertex 101 -29.7896 110.8
    endloop
  endfacet
  facet normal -1 0 0
    outer loop
      vertex 101 -30.0126 110.093
      vertex 101 -30.0126 115.907
      vertex 101 -29.7896 115.2
    endloop
  endfacet
  facet normal -1 0 0
    outer loop
      vertex 101 -30.2964 109.408
      vertex 101 -30.0126 115.907
      vertex 101 -30.0126 110.093
    endloop
  endfacet
  facet normal -1 0 0
    outer loop
      vertex 101 -30.2964 109.408
      vertex 101 -30.2964 116.592
      vertex 101 -30.0126 115.907
    endloop
  endfacet
  facet normal -1 0 0
    outer loop
      vertex 101 -30.6388 108.75
      vertex 101 -30.2964 116.592
      vertex 101 -30.2964 109.408
    endloop
  endfacet
  facet normal -1 0 0
    outer loop
      vertex 101 -30.6388 108.75
      vertex 101 -30.6388 117.25
      vertex 101 -30.2964 116.592
    endloop
  endfacet
  facet normal -1 0 0
    outer loop
      vertex 101 -31.0372 108.125
      vertex 101 -30.6388 117.25
      vertex 101 -30.6388 108.75
    endloop
  endfacet
  facet normal -1 0 0
    outer loop
      vertex 101 -31.0372 108.125
      vertex 101 -31.0372 117.875
      vertex 101 -30.6388 117.25
    endloop
  endfacet
  facet normal -1 0 0
    outer loop
      vertex 101 -31.4886 107.536
      vertex 101 -31.0372 117.875
      vertex 101 -31.0372 108.125
    endloop
  endfacet
  facet normal -1 0 0
    outer loop
      vertex 101 -31.4886 107.536
      vertex 101 -31.4886 118.464
      vertex 101 -31.0372 117.875
    endloop
  endfacet
  facet normal -1 0 0
    outer loop
      vertex 101 -31.9896 106.99
      vertex 101 -31.4886 118.464
      vertex 101 -31.4886 107.536
    endloop
  endfacet
  facet normal -1 0 0
    outer loop
      vertex 101 -31.9896 106.99
      vertex 101 -31.9896 119.01
      vertex 101 -31.4886 118.464
    endloop
  endfacet
  facet normal -1 0 0
    outer loop
      vertex 101 -32.5363 106.489
      vertex 101 -31.9896 119.01
      vertex 101 -31.9896 106.99
    endloop
  endfacet
  facet normal -1 0 0
    outer loop
      vertex 101 -32.5363 106.489
      vertex 101 -32.5363 119.511
      vertex 101 -31.9896 119.01
    endloop
  endfacet
  facet normal -1 0 0
    outer loop
      vertex 101 -33.1246 106.037
      vertex 101 -32.5363 119.511
      vertex 101 -32.5363 106.489
    endloop
  endfacet
  facet normal -1 0 0
    outer loop
      vertex 101 -33.1246 106.037
      vertex 101 -33.1246 119.963
      vertex 101 -32.5363 119.511
    endloop
  endfacet
  facet normal -1 0 0
    outer loop
      vertex 101 -33.75 105.639
      vertex 101 -33.1246 119.963
      vertex 101 -33.1246 106.037
    endloop
  endfacet
  facet normal -1 0 0
    outer loop
      vertex 101 -33.75 105.639
      vertex 101 -33.75 120.361
      vertex 101 -33.1246 119.963
    endloop
  endfacet
  facet normal -1 0 0
    outer loop
      vertex 101 -34.4077 105.296
      vertex 101 -33.75 120.361
      vertex 101 -33.75 105.639
    endloop
  endfacet
  facet normal -1 0 0
    outer loop
      vertex 101 -34.4077 105.296
      vertex 101 -34.4077 120.704
      vertex 101 -33.75 120.361
    endloop
  endfacet
  facet normal -1 0 0
    outer loop
      vertex 101 -35.0928 105.013
      vertex 101 -34.4077 120.704
      vertex 101 -34.4077 105.296
    endloop
  endfacet
  facet normal -1 0 0
    outer loop
      vertex 101 -35.0928 105.013
      vertex 101 -35.0928 120.987
      vertex 101 -34.4077 120.704
    endloop
  endfacet
  facet normal -1 0 0
    outer loop
      vertex 101 -35.8 104.79
      vertex 101 -35.0928 120.987
      vertex 101 -35.0928 105.013
    endloop
  endfacet
  facet normal -1 0 0
    outer loop
      vertex 101 -35.8 104.79
      vertex 101 -35.8 121.21
      vertex 101 -35.0928 120.987
    endloop
  endfacet
  facet normal -1 0 0
    outer loop
      vertex 101 -36.524 104.629
      vertex 101 -35.8 121.21
      vertex 101 -35.8 104.79
    endloop
  endfacet
  facet normal -1 0 0
    outer loop
      vertex 101 -36.524 104.629
      vertex 101 -36.524 121.371
      vertex 101 -35.8 121.21
    endloop
  endfacet
  facet normal -1 0 0
    outer loop
      vertex 101 -37.2592 104.532
      vertex 101 -36.524 121.371
      vertex 101 -36.524 104.629
    endloop
  endfacet
  facet normal -1 0 0
    outer loop
      vertex 101 -37.2592 104.532
      vertex 101 -37.2592 121.468
      vertex 101 -36.524 121.371
    endloop
  endfacet
  facet normal -1 0 0
    outer loop
      vertex 101 -38 104.5
      vertex 101 -37.2592 121.468
      vertex 101 -37.2592 104.532
    endloop
  endfacet
  facet normal -1 0 0
    outer loop
      vertex 101 -38 104.5
      vertex 101 -38 121.5
      vertex 101 -37.2592 121.468
    endloop
  endfacet
  facet normal -1 0 0
    outer loop
      vertex 101 -38.7408 104.532
      vertex 101 -38 121.5
      vertex 101 -38 104.5
    endloop
  endfacet
  facet normal -1 0 0
    outer loop
      vertex 101 -38.7408 104.532
      vertex 101 -38.7408 121.468
      vertex 101 -38 121.5
    endloop
  endfacet
  facet normal -1 0 0
    outer loop
      vertex 101 -39.476 104.629
      vertex 101 -38.7408 121.468
      vertex 101 -38.7408 104.532
    endloop
  endfacet
  facet normal -1 0 0
    outer loop
      vertex 101 -39.476 104.629
      vertex 101 -39.476 121.371
      vertex 101 -38.7408 121.468
    endloop
  endfacet
  facet normal -1 0 0
    outer loop
      vertex 101 -40.2 104.79
      vertex 101 -39.476 121.371
      vertex 101 -39.476 104.629
    endloop
  endfacet
  facet normal -1 0 0
    outer loop
      vertex 101 -40.2 104.79
      vertex 101 -40.2 121.21
      vertex 101 -39.476 121.371
    endloop
  endfacet
  facet normal -1 0 0
    outer loop
      vertex 101 -40.9072 105.013
      vertex 101 -40.2 121.21
      vertex 101 -40.2 104.79
    endloop
  endfacet
  facet normal -1 0 0
    outer loop
      vertex 101 -40.9072 105.013
      vertex 101 -40.9072 120.987
      vertex 101 -40.2 121.21
    endloop
  endfacet
  facet normal -1 0 0
    outer loop
      vertex 101 -41.5923 105.296
      vertex 101 -40.9072 120.987
      vertex 101 -40.9072 105.013
    endloop
  endfacet
  facet normal -1 0 0
    outer loop
      vertex 101 -41.5923 105.296
      vertex 101 -41.5923 120.704
      vertex 101 -40.9072 120.987
    endloop
  endfacet
  facet normal -1 0 0
    outer loop
      vertex 101 -42.25 105.639
      vertex 101 -41.5923 120.704
      vertex 101 -41.5923 105.296
    endloop
  endfacet
  facet normal -1 0 0
    outer loop
      vertex 101 -42.25 105.639
      vertex 101 -42.25 120.361
      vertex 101 -41.5923 120.704
    endloop
  endfacet
  facet normal -1 0 0
    outer loop
      vertex 101 -42.8754 106.037
      vertex 101 -42.25 120.361
      vertex 101 -42.25 105.639
    endloop
  endfacet
  facet normal -1 0 0
    outer loop
      vertex 101 -42.8754 106.037
      vertex 101 -42.8754 119.963
      vertex 101 -42.25 120.361
    endloop
  endfacet
  facet normal -1 0 0
    outer loop
      vertex 101 -43.4637 106.489
      vertex 101 -42.8754 119.963
      vertex 101 -42.8754 106.037
    endloop
  endfacet
  facet normal -1 0 0
    outer loop
      vertex 101 -43.4637 106.489
      vertex 101 -43.4637 119.511
      vertex 101 -42.8754 119.963
    endloop
  endfacet
  facet normal -1 0 0
    outer loop
      vertex 101 -44.0104 106.99
      vertex 101 -43.4637 119.511
      vertex 101 -43.4637 106.489
    endloop
  endfacet
  facet normal -1 0 0
    outer loop
      vertex 101 -44.0104 106.99
      vertex 101 -44.0104 119.01
      vertex 101 -43.4637 119.511
    endloop
  endfacet
  facet normal -1 0 0
    outer loop
      vertex 101 -44.5114 107.536
      vertex 101 -44.0104 119.01
      vertex 101 -44.0104 106.99
    endloop
  endfacet
  facet normal -1 0 0
    outer loop
      vertex 101 -44.5114 107.536
      vertex 101 -44.5114 118.464
      vertex 101 -44.0104 119.01
    endloop
  endfacet
  facet normal -1 0 0
    outer loop
      vertex 101 -44.9628 108.125
      vertex 101 -44.5114 118.464
      vertex 101 -44.5114 107.536
    endloop
  endfacet
  facet normal -1 0 0
    outer loop
      vertex 101 -44.9628 108.125
      vertex 101 -44.9628 117.875
      vertex 101 -44.5114 118.464
    endloop
  endfacet
  facet normal -1 0 0
    outer loop
      vertex 101 -45.3612 108.75
      vertex 101 -44.9628 117.875
      vertex 101 -44.9628 108.125
    endloop
  endfacet
  facet normal -1 0 0
    outer loop
      vertex 101 -45.3612 108.75
      vertex 101 -45.3612 117.25
      vertex 101 -44.9628 117.875
    endloop
  endfacet
  facet normal -1 0 0
    outer loop
      vertex 101 -45.7036 109.408
      vertex 101 -45.3612 117.25
      vertex 101 -45.3612 108.75
    endloop
  endfacet
  facet normal -1 0 0
    outer loop
      vertex 101 -45.7036 109.408
      vertex 101 -45.7036 116.592
      vertex 101 -45.3612 117.25
    endloop
  endfacet
  facet normal -1 0 0
    outer loop
      vertex 101 -45.9874 110.093
      vertex 101 -45.7036 116.592
      vertex 101 -45.7036 109.408
    endloop
  endfacet
  facet normal -1 0 0
    outer loop
      vertex 101 -45.9874 110.093
      vertex 101 -45.9874 115.907
      vertex 101 -45.7036 116.592
    endloop
  endfacet
  facet normal -1 0 0
    outer loop
      vertex 101 -46.2104 110.8
      vertex 101 -45.9874 115.907
      vertex 101 -45.9874 110.093
    endloop
  endfacet
  facet normal -1 0 0
    outer loop
      vertex 101 -46.2104 110.8
      vertex 101 -46.2104 115.2
      vertex 101 -45.9874 115.907
    endloop
  endfacet
  facet normal -1 0 0
    outer loop
      vertex 101 -46.3709 111.524
      vertex 101 -46.2104 115.2
      vertex 101 -46.2104 110.8
    endloop
  endfacet
  facet normal -1 0 0
    outer loop
      vertex 101 -46.3709 111.524
      vertex 101 -46.3709 114.476
      vertex 101 -46.2104 115.2
    endloop
  endfacet
  facet normal -1 0 0
    outer loop
      vertex 101 -46.4677 112.259
      vertex 101 -46.3709 114.476
      vertex 101 -46.3709 111.524
    endloop
  endfacet
  facet normal -1 0 0
    outer loop
      vertex 101 -46.4677 112.259
      vertex 101 -46.4677 113.741
      vertex 101 -46.3709 114.476
    endloop
  endfacet
  facet normal -1 0 -0
    outer loop
      vertex 101 -46.4677 113.741
      vertex 101 -46.4677 112.259
      vertex 101 -46.5 113
    endloop
  endfacet
  facet normal 0 -0.736818 -0.676091
    outer loop
      vertex 101 -44.0104 106.99
      vertex 129.5 -44.5114 107.536
      vertex 101 -44.5114 107.536
    endloop
  endfacet
  facet normal 0 -0.736818 -0.676091
    outer loop
      vertex 129.5 -44.5114 107.536
      vertex 101 -44.0104 106.99
      vertex 129.5 -44.0104 106.99
    endloop
  endfacet
  facet normal 0 -0.0431563 -0.999068
    outer loop
      vertex 101 -38.7408 104.532
      vertex 129.5 -38 104.5
      vertex 129.5 -38.7408 104.532
    endloop
  endfacet
  facet normal -0 -0.0431563 -0.999068
    outer loop
      vertex 129.5 -38 104.5
      vertex 101 -38.7408 104.532
      vertex 101 -38 104.5
    endloop
  endfacet
  facet normal 0 -0.923849 0.382757
    outer loop
      vertex 101 -45.9874 115.907
      vertex 129.5 -45.7036 116.592
      vertex 101 -45.7036 116.592
    endloop
  endfacet
  facet normal 0 -0.923849 0.382757
    outer loop
      vertex 129.5 -45.7036 116.592
      vertex 101 -45.9874 115.907
      vertex 129.5 -45.9874 115.907
    endloop
  endfacet
  facet normal 0 -0.84325 0.537521
    outer loop
      vertex 101 -45.3612 117.25
      vertex 129.5 -44.9628 117.875
      vertex 101 -44.9628 117.875
    endloop
  endfacet
  facet normal 0 -0.84325 0.537521
    outer loop
      vertex 129.5 -44.9628 117.875
      vertex 101 -45.3612 117.25
      vertex 129.5 -45.3612 117.25
    endloop
  endfacet
  facet normal 0 -0.130803 0.991408
    outer loop
      vertex 101 -38.7408 121.468
      vertex 129.5 -39.476 121.371
      vertex 129.5 -38.7408 121.468
    endloop
  endfacet
  facet normal 0 -0.130803 0.991408
    outer loop
      vertex 129.5 -39.476 121.371
      vertex 101 -38.7408 121.468
      vertex 101 -39.476 121.371
    endloop
  endfacet
  facet normal 0 -0.536893 0.84365
    outer loop
      vertex 101 -42.25 120.361
      vertex 129.5 -42.8754 119.963
      vertex 129.5 -42.25 120.361
    endloop
  endfacet
  facet normal 0 -0.536893 0.84365
    outer loop
      vertex 129.5 -42.8754 119.963
      vertex 101 -42.25 120.361
      vertex 101 -42.8754 119.963
    endloop
  endfacet
  facet normal 0 0.130803 -0.991408
    outer loop
      vertex 101 -37.2592 104.532
      vertex 129.5 -36.524 104.629
      vertex 129.5 -37.2592 104.532
    endloop
  endfacet
  facet normal 0 0.130803 -0.991408
    outer loop
      vertex 129.5 -36.524 104.629
      vertex 101 -37.2592 104.532
      vertex 101 -36.524 104.629
    endloop
  endfacet
  facet normal 0 0.217073 -0.976155
    outer loop
      vertex 101 -36.524 104.629
      vertex 129.5 -35.8 104.79
      vertex 129.5 -36.524 104.629
    endloop
  endfacet
  facet normal 0 0.217073 -0.976155
    outer loop
      vertex 129.5 -35.8 104.79
      vertex 101 -36.524 104.629
      vertex 101 -35.8 104.79
    endloop
  endfacet
  facet normal 0 0.462409 -0.886667
    outer loop
      vertex 101 -34.4077 105.296
      vertex 129.5 -33.75 105.639
      vertex 129.5 -34.4077 105.296
    endloop
  endfacet
  facet normal 0 0.462409 -0.886667
    outer loop
      vertex 129.5 -33.75 105.639
      vertex 101 -34.4077 105.296
      vertex 101 -33.75 105.639
    endloop
  endfacet
  facet normal 0 0.675621 -0.737249
    outer loop
      vertex 101 -32.5363 106.489
      vertex 129.5 -31.9896 106.99
      vertex 129.5 -32.5363 106.489
    endloop
  endfacet
  facet normal 0 0.675621 -0.737249
    outer loop
      vertex 129.5 -31.9896 106.99
      vertex 101 -32.5363 106.489
      vertex 101 -31.9896 106.99
    endloop
  endfacet
  facet normal 0 0.991439 -0.130573
    outer loop
      vertex 129.5 -29.6291 111.524
      vertex 101 -29.5323 112.259
      vertex 129.5 -29.5323 112.259
    endloop
  endfacet
  facet normal 0 0.991439 -0.130573
    outer loop
      vertex 101 -29.5323 112.259
      vertex 129.5 -29.6291 111.524
      vertex 101 -29.6291 111.524
    endloop
  endfacet
  facet normal 0 0.976298 -0.216431
    outer loop
      vertex 129.5 -29.7896 110.8
      vertex 101 -29.6291 111.524
      vertex 129.5 -29.6291 111.524
    endloop
  endfacet
  facet normal 0 0.976298 -0.216431
    outer loop
      vertex 101 -29.6291 111.524
      vertex 129.5 -29.7896 110.8
      vertex 101 -29.7896 110.8
    endloop
  endfacet
  facet normal 0 0.999051 -0.0435484
    outer loop
      vertex 129.5 -29.5323 112.259
      vertex 101 -29.5 113
      vertex 129.5 -29.5 113
    endloop
  endfacet
  facet normal 0 0.999051 -0.0435484
    outer loop
      vertex 101 -29.5 113
      vertex 129.5 -29.5323 112.259
      vertex 101 -29.5323 112.259
    endloop
  endfacet
  facet normal 0 0.923849 -0.382757
    outer loop
      vertex 129.5 -30.2964 109.408
      vertex 101 -30.0126 110.093
      vertex 129.5 -30.0126 110.093
    endloop
  endfacet
  facet normal 0 0.923849 -0.382757
    outer loop
      vertex 101 -30.0126 110.093
      vertex 129.5 -30.2964 109.408
      vertex 101 -30.2964 109.408
    endloop
  endfacet
  facet normal -0 0.675621 0.737249
    outer loop
      vertex 101 -31.9896 119.01
      vertex 129.5 -32.5363 119.511
      vertex 129.5 -31.9896 119.01
    endloop
  endfacet
  facet normal 0 0.675621 0.737249
    outer loop
      vertex 129.5 -32.5363 119.511
      vertex 101 -31.9896 119.01
      vertex 101 -32.5363 119.511
    endloop
  endfacet
  facet normal -0 0.462409 0.886667
    outer loop
      vertex 101 -33.75 120.361
      vertex 129.5 -34.4077 120.704
      vertex 129.5 -33.75 120.361
    endloop
  endfacet
  facet normal 0 0.462409 0.886667
    outer loop
      vertex 129.5 -34.4077 120.704
      vertex 101 -33.75 120.361
      vertex 101 -34.4077 120.704
    endloop
  endfacet
  facet normal -0 0.217073 0.976155
    outer loop
      vertex 101 -35.8 121.21
      vertex 129.5 -36.524 121.371
      vertex 129.5 -35.8 121.21
    endloop
  endfacet
  facet normal 0 0.217073 0.976155
    outer loop
      vertex 129.5 -36.524 121.371
      vertex 101 -35.8 121.21
      vertex 101 -36.524 121.371
    endloop
  endfacet
  facet normal 0 0.887084 0.461607
    outer loop
      vertex 129.5 -30.2964 116.592
      vertex 101 -30.6388 117.25
      vertex 129.5 -30.6388 117.25
    endloop
  endfacet
  facet normal 0 0.887084 0.461607
    outer loop
      vertex 101 -30.6388 117.25
      vertex 129.5 -30.2964 116.592
      vertex 101 -30.2964 116.592
    endloop
  endfacet
  facet normal 0 0.84325 0.537521
    outer loop
      vertex 129.5 -30.6388 117.25
      vertex 101 -31.0372 117.875
      vertex 129.5 -31.0372 117.875
    endloop
  endfacet
  facet normal 0 0.84325 0.537521
    outer loop
      vertex 101 -31.0372 117.875
      vertex 129.5 -30.6388 117.25
      vertex 101 -30.6388 117.25
    endloop
  endfacet
  facet normal 0 0.793715 0.60829
    outer loop
      vertex 129.5 -31.0372 117.875
      vertex 101 -31.4886 118.464
      vertex 129.5 -31.4886 118.464
    endloop
  endfacet
  facet normal 0 0.793715 0.60829
    outer loop
      vertex 101 -31.4886 118.464
      vertex 129.5 -31.0372 117.875
      vertex 101 -31.0372 117.875
    endloop
  endfacet
  facet normal 0 0.991439 0.130573
    outer loop
      vertex 129.5 -29.5323 113.741
      vertex 101 -29.6291 114.476
      vertex 129.5 -29.6291 114.476
    endloop
  endfacet
  facet normal 0 0.991439 0.130573
    outer loop
      vertex 101 -29.6291 114.476
      vertex 129.5 -29.5323 113.741
      vertex 101 -29.5323 113.741
    endloop
  endfacet
  facet normal 0 0.976298 0.216431
    outer loop
      vertex 129.5 -29.6291 114.476
      vertex 101 -29.7896 115.2
      vertex 129.5 -29.7896 115.2
    endloop
  endfacet
  facet normal 0 0.976298 0.216431
    outer loop
      vertex 101 -29.7896 115.2
      vertex 129.5 -29.6291 114.476
      vertex 101 -29.6291 114.476
    endloop
  endfacet
  facet normal 0 -0.217073 -0.976155
    outer loop
      vertex 101 -40.2 104.79
      vertex 129.5 -39.476 104.629
      vertex 129.5 -40.2 104.79
    endloop
  endfacet
  facet normal -0 -0.217073 -0.976155
    outer loop
      vertex 129.5 -39.476 104.629
      vertex 101 -40.2 104.79
      vertex 101 -39.476 104.629
    endloop
  endfacet
  facet normal 0 -0.999051 -0.0435484
    outer loop
      vertex 101 -46.4677 112.259
      vertex 129.5 -46.5 113
      vertex 101 -46.5 113
    endloop
  endfacet
  facet normal 0 -0.999051 -0.0435484
    outer loop
      vertex 129.5 -46.5 113
      vertex 101 -46.4677 112.259
      vertex 129.5 -46.4677 112.259
    endloop
  endfacet
  facet normal 0 -0.991439 -0.130573
    outer loop
      vertex 101 -46.3709 111.524
      vertex 129.5 -46.4677 112.259
      vertex 101 -46.4677 112.259
    endloop
  endfacet
  facet normal 0 -0.991439 -0.130573
    outer loop
      vertex 129.5 -46.4677 112.259
      vertex 101 -46.3709 111.524
      vertex 129.5 -46.3709 111.524
    endloop
  endfacet
  facet normal 0 -0.887084 -0.461607
    outer loop
      vertex 101 -45.3612 108.75
      vertex 129.5 -45.7036 109.408
      vertex 101 -45.7036 109.408
    endloop
  endfacet
  facet normal 0 -0.887084 -0.461607
    outer loop
      vertex 129.5 -45.7036 109.408
      vertex 101 -45.3612 108.75
      vertex 129.5 -45.3612 108.75
    endloop
  endfacet
  facet normal 0 -0.793715 -0.60829
    outer loop
      vertex 101 -44.5114 107.536
      vertex 129.5 -44.9628 108.125
      vertex 101 -44.9628 108.125
    endloop
  endfacet
  facet normal 0 -0.793715 -0.60829
    outer loop
      vertex 129.5 -44.9628 108.125
      vertex 101 -44.5114 107.536
      vertex 129.5 -44.5114 107.536
    endloop
  endfacet
  facet normal 0 -0.84325 -0.537521
    outer loop
      vertex 101 -44.9628 108.125
      vertex 129.5 -45.3612 108.75
      vertex 101 -45.3612 108.75
    endloop
  endfacet
  facet normal 0 -0.84325 -0.537521
    outer loop
      vertex 129.5 -45.3612 108.75
      vertex 101 -44.9628 108.125
      vertex 129.5 -44.9628 108.125
    endloop
  endfacet
  facet normal 0 -0.675621 -0.737249
    outer loop
      vertex 101 -44.0104 106.99
      vertex 129.5 -43.4637 106.489
      vertex 129.5 -44.0104 106.99
    endloop
  endfacet
  facet normal -0 -0.675621 -0.737249
    outer loop
      vertex 129.5 -43.4637 106.489
      vertex 101 -44.0104 106.99
      vertex 101 -43.4637 106.489
    endloop
  endfacet
  facet normal 0 -0.300731 -0.953709
    outer loop
      vertex 101 -40.9072 105.013
      vertex 129.5 -40.2 104.79
      vertex 129.5 -40.9072 105.013
    endloop
  endfacet
  facet normal -0 -0.300731 -0.953709
    outer loop
      vertex 129.5 -40.2 104.79
      vertex 101 -40.9072 105.013
      vertex 101 -40.2 104.79
    endloop
  endfacet
  facet normal 0 -0.130803 -0.991408
    outer loop
      vertex 101 -39.476 104.629
      vertex 129.5 -38.7408 104.532
      vertex 129.5 -39.476 104.629
    endloop
  endfacet
  facet normal -0 -0.130803 -0.991408
    outer loop
      vertex 129.5 -38.7408 104.532
      vertex 101 -39.476 104.629
      vertex 101 -38.7408 104.532
    endloop
  endfacet
  facet normal 0 -0.991439 0.130573
    outer loop
      vertex 101 -46.4677 113.741
      vertex 129.5 -46.3709 114.476
      vertex 101 -46.3709 114.476
    endloop
  endfacet
  facet normal 0 -0.991439 0.130573
    outer loop
      vertex 129.5 -46.3709 114.476
      vertex 101 -46.4677 113.741
      vertex 129.5 -46.4677 113.741
    endloop
  endfacet
  facet normal 0 -0.887084 0.461607
    outer loop
      vertex 101 -45.7036 116.592
      vertex 129.5 -45.3612 117.25
      vertex 101 -45.3612 117.25
    endloop
  endfacet
  facet normal 0 -0.887084 0.461607
    outer loop
      vertex 129.5 -45.3612 117.25
      vertex 101 -45.7036 116.592
      vertex 129.5 -45.7036 116.592
    endloop
  endfacet
  facet normal 0 -0.976298 0.216431
    outer loop
      vertex 101 -46.3709 114.476
      vertex 129.5 -46.2104 115.2
      vertex 101 -46.2104 115.2
    endloop
  endfacet
  facet normal 0 -0.976298 0.216431
    outer loop
      vertex 129.5 -46.2104 115.2
      vertex 101 -46.3709 114.476
      vertex 129.5 -46.3709 114.476
    endloop
  endfacet
  facet normal 0 -0.793715 0.60829
    outer loop
      vertex 101 -44.9628 117.875
      vertex 129.5 -44.5114 118.464
      vertex 101 -44.5114 118.464
    endloop
  endfacet
  facet normal 0 -0.793715 0.60829
    outer loop
      vertex 129.5 -44.5114 118.464
      vertex 101 -44.9628 117.875
      vertex 129.5 -44.9628 117.875
    endloop
  endfacet
  facet normal 0 -0.675621 0.737249
    outer loop
      vertex 101 -43.4637 119.511
      vertex 129.5 -44.0104 119.01
      vertex 129.5 -43.4637 119.511
    endloop
  endfacet
  facet normal 0 -0.675621 0.737249
    outer loop
      vertex 129.5 -44.0104 119.01
      vertex 101 -43.4637 119.511
      vertex 101 -44.0104 119.01
    endloop
  endfacet
  facet normal 0 -0.462409 0.886667
    outer loop
      vertex 101 -41.5923 120.704
      vertex 129.5 -42.25 120.361
      vertex 129.5 -41.5923 120.704
    endloop
  endfacet
  facet normal 0 -0.462409 0.886667
    outer loop
      vertex 129.5 -42.25 120.361
      vertex 101 -41.5923 120.704
      vertex 101 -42.25 120.361
    endloop
  endfacet
  facet normal 0 -0.217073 0.976155
    outer loop
      vertex 101 -39.476 121.371
      vertex 129.5 -40.2 121.21
      vertex 129.5 -39.476 121.371
    endloop
  endfacet
  facet normal 0 -0.217073 0.976155
    outer loop
      vertex 129.5 -40.2 121.21
      vertex 101 -39.476 121.371
      vertex 101 -40.2 121.21
    endloop
  endfacet
  facet normal 0 -0.0431563 0.999068
    outer loop
      vertex 101 -38 121.5
      vertex 129.5 -38.7408 121.468
      vertex 129.5 -38 121.5
    endloop
  endfacet
  facet normal 0 -0.0431563 0.999068
    outer loop
      vertex 129.5 -38.7408 121.468
      vertex 101 -38 121.5
      vertex 101 -38.7408 121.468
    endloop
  endfacet
  facet normal 0 0.381788 -0.92425
    outer loop
      vertex 101 -35.0928 105.013
      vertex 129.5 -34.4077 105.296
      vertex 129.5 -35.0928 105.013
    endloop
  endfacet
  facet normal 0 0.381788 -0.92425
    outer loop
      vertex 129.5 -34.4077 105.296
      vertex 101 -35.0928 105.013
      vertex 101 -34.4077 105.296
    endloop
  endfacet
  facet normal 0 0.536893 -0.84365
    outer loop
      vertex 101 -33.75 105.639
      vertex 129.5 -33.1246 106.037
      vertex 129.5 -33.75 105.639
    endloop
  endfacet
  facet normal 0 0.536893 -0.84365
    outer loop
      vertex 129.5 -33.1246 106.037
      vertex 101 -33.75 105.639
      vertex 101 -33.1246 106.037
    endloop
  endfacet
  facet normal 0 0.887084 -0.461607
    outer loop
      vertex 129.5 -30.6388 108.75
      vertex 101 -30.2964 109.408
      vertex 129.5 -30.2964 109.408
    endloop
  endfacet
  facet normal 0 0.887084 -0.461607
    outer loop
      vertex 101 -30.2964 109.408
      vertex 129.5 -30.6388 108.75
      vertex 101 -30.6388 108.75
    endloop
  endfacet
  facet normal 0 0.793715 -0.60829
    outer loop
      vertex 129.5 -31.4886 107.536
      vertex 101 -31.0372 108.125
      vertex 129.5 -31.0372 108.125
    endloop
  endfacet
  facet normal 0 0.793715 -0.60829
    outer loop
      vertex 101 -31.0372 108.125
      vertex 129.5 -31.4886 107.536
      vertex 101 -31.4886 107.536
    endloop
  endfacet
  facet normal -0 0.381788 0.92425
    outer loop
      vertex 101 -34.4077 120.704
      vertex 129.5 -35.0928 120.987
      vertex 129.5 -34.4077 120.704
    endloop
  endfacet
  facet normal 0 0.381788 0.92425
    outer loop
      vertex 129.5 -35.0928 120.987
      vertex 101 -34.4077 120.704
      vertex 101 -35.0928 120.987
    endloop
  endfacet
  facet normal -0 0.130803 0.991408
    outer loop
      vertex 101 -36.524 121.371
      vertex 129.5 -37.2592 121.468
      vertex 129.5 -36.524 121.371
    endloop
  endfacet
  facet normal 0 0.130803 0.991408
    outer loop
      vertex 129.5 -37.2592 121.468
      vertex 101 -36.524 121.371
      vertex 101 -37.2592 121.468
    endloop
  endfacet
  facet normal -0 0.300731 0.953709
    outer loop
      vertex 101 -35.0928 120.987
      vertex 129.5 -35.8 121.21
      vertex 129.5 -35.0928 120.987
    endloop
  endfacet
  facet normal 0 0.300731 0.953709
    outer loop
      vertex 129.5 -35.8 121.21
      vertex 101 -35.0928 120.987
      vertex 101 -35.8 121.21
    endloop
  endfacet
  facet normal 0 0.953685 0.300809
    outer loop
      vertex 129.5 -29.7896 115.2
      vertex 101 -30.0126 115.907
      vertex 129.5 -30.0126 115.907
    endloop
  endfacet
  facet normal 0 0.953685 0.300809
    outer loop
      vertex 101 -30.0126 115.907
      vertex 129.5 -29.7896 115.2
      vertex 101 -29.7896 115.2
    endloop
  endfacet
  facet normal 0 0.0431563 -0.999068
    outer loop
      vertex 101 -38 104.5
      vertex 129.5 -37.2592 104.532
      vertex 129.5 -38 104.5
    endloop
  endfacet
  facet normal 0 0.0431563 -0.999068
    outer loop
      vertex 129.5 -37.2592 104.532
      vertex 101 -38 104.5
      vertex 101 -37.2592 104.532
    endloop
  endfacet
  facet normal 0 -0.953685 -0.300809
    outer loop
      vertex 101 -45.9874 110.093
      vertex 129.5 -46.2104 110.8
      vertex 101 -46.2104 110.8
    endloop
  endfacet
  facet normal 0 -0.953685 -0.300809
    outer loop
      vertex 129.5 -46.2104 110.8
      vertex 101 -45.9874 110.093
      vertex 129.5 -45.9874 110.093
    endloop
  endfacet
  facet normal 0 -0.609255 -0.792975
    outer loop
      vertex 101 -43.4637 106.489
      vertex 129.5 -42.8754 106.037
      vertex 129.5 -43.4637 106.489
    endloop
  endfacet
  facet normal -0 -0.609255 -0.792975
    outer loop
      vertex 129.5 -42.8754 106.037
      vertex 101 -43.4637 106.489
      vertex 101 -42.8754 106.037
    endloop
  endfacet
  facet normal 0 -0.381788 -0.92425
    outer loop
      vertex 101 -41.5923 105.296
      vertex 129.5 -40.9072 105.013
      vertex 129.5 -41.5923 105.296
    endloop
  endfacet
  facet normal -0 -0.381788 -0.92425
    outer loop
      vertex 129.5 -40.9072 105.013
      vertex 101 -41.5923 105.296
      vertex 101 -40.9072 105.013
    endloop
  endfacet
  facet normal 0 -0.953685 0.300809
    outer loop
      vertex 101 -46.2104 115.2
      vertex 129.5 -45.9874 115.907
      vertex 101 -45.9874 115.907
    endloop
  endfacet
  facet normal 0 -0.953685 0.300809
    outer loop
      vertex 129.5 -45.9874 115.907
      vertex 101 -46.2104 115.2
      vertex 129.5 -46.2104 115.2
    endloop
  endfacet
  facet normal 0 -0.736818 0.676091
    outer loop
      vertex 101 -44.5114 118.464
      vertex 129.5 -44.0104 119.01
      vertex 101 -44.0104 119.01
    endloop
  endfacet
  facet normal 0 -0.736818 0.676091
    outer loop
      vertex 129.5 -44.0104 119.01
      vertex 101 -44.5114 118.464
      vertex 129.5 -44.5114 118.464
    endloop
  endfacet
  facet normal 0 -0.300731 0.953709
    outer loop
      vertex 101 -40.2 121.21
      vertex 129.5 -40.9072 120.987
      vertex 129.5 -40.2 121.21
    endloop
  endfacet
  facet normal 0 -0.300731 0.953709
    outer loop
      vertex 129.5 -40.9072 120.987
      vertex 101 -40.2 121.21
      vertex 101 -40.9072 120.987
    endloop
  endfacet
  facet normal 0 -0.381788 0.92425
    outer loop
      vertex 101 -40.9072 120.987
      vertex 129.5 -41.5923 120.704
      vertex 129.5 -40.9072 120.987
    endloop
  endfacet
  facet normal 0 -0.381788 0.92425
    outer loop
      vertex 129.5 -41.5923 120.704
      vertex 101 -40.9072 120.987
      vertex 101 -41.5923 120.704
    endloop
  endfacet
  facet normal 0 0.609255 -0.792975
    outer loop
      vertex 101 -33.1246 106.037
      vertex 129.5 -32.5363 106.489
      vertex 129.5 -33.1246 106.037
    endloop
  endfacet
  facet normal 0 0.609255 -0.792975
    outer loop
      vertex 129.5 -32.5363 106.489
      vertex 101 -33.1246 106.037
      vertex 101 -32.5363 106.489
    endloop
  endfacet
  facet normal 0 0.84325 -0.537521
    outer loop
      vertex 129.5 -31.0372 108.125
      vertex 101 -30.6388 108.75
      vertex 129.5 -30.6388 108.75
    endloop
  endfacet
  facet normal 0 0.84325 -0.537521
    outer loop
      vertex 101 -30.6388 108.75
      vertex 129.5 -31.0372 108.125
      vertex 101 -31.0372 108.125
    endloop
  endfacet
  facet normal 0 -0.923849 -0.382757
    outer loop
      vertex 101 -45.7036 109.408
      vertex 129.5 -45.9874 110.093
      vertex 101 -45.9874 110.093
    endloop
  endfacet
  facet normal 0 -0.923849 -0.382757
    outer loop
      vertex 129.5 -45.9874 110.093
      vertex 101 -45.7036 109.408
      vertex 129.5 -45.7036 109.408
    endloop
  endfacet
  facet normal 0 -0.536893 -0.84365
    outer loop
      vertex 101 -42.8754 106.037
      vertex 129.5 -42.25 105.639
      vertex 129.5 -42.8754 106.037
    endloop
  endfacet
  facet normal -0 -0.536893 -0.84365
    outer loop
      vertex 129.5 -42.25 105.639
      vertex 101 -42.8754 106.037
      vertex 101 -42.25 105.639
    endloop
  endfacet
  facet normal 0 0.0438568 -0.999038
    outer loop
      vertex 129.5 -38 101.5
      vertex 138.5 -36.9977 101.544
      vertex 138.5 -38 101.5
    endloop
  endfacet
  facet normal 0 0.0438568 -0.999038
    outer loop
      vertex 138.5 -36.9977 101.544
      vertex 129.5 -38 101.5
      vertex 129.5 -36.9977 101.544
    endloop
  endfacet
  facet normal -0 0.0438568 0.999038
    outer loop
      vertex 129.5 -36.9977 124.456
      vertex 138.5 -38 124.5
      vertex 138.5 -36.9977 124.456
    endloop
  endfacet
  facet normal 0 0.0438568 0.999038
    outer loop
      vertex 138.5 -38 124.5
      vertex 129.5 -36.9977 124.456
      vertex 129.5 -38 124.5
    endloop
  endfacet
  facet normal 0 0.999046 0.0436709
    outer loop
      vertex 138.5 -26.5 113
      vertex 129.5 -26.5438 114.002
      vertex 138.5 -26.5438 114.002
    endloop
  endfacet
  facet normal 0 0.999046 0.0436709
    outer loop
      vertex 129.5 -26.5438 114.002
      vertex 138.5 -26.5 113
      vertex 129.5 -26.5 113
    endloop
  endfacet
  facet normal -0 0.675743 0.737138
    outer loop
      vertex 129.5 -29.8683 121.132
      vertex 138.5 -30.6079 121.81
      vertex 138.5 -29.8683 121.132
    endloop
  endfacet
  facet normal 0 0.675743 0.737138
    outer loop
      vertex 138.5 -30.6079 121.81
      vertex 129.5 -29.8683 121.132
      vertex 129.5 -30.6079 121.81
    endloop
  endfacet
  facet normal 0 0.887054 0.461667
    outer loop
      vertex 138.5 -27.5775 117.86
      vertex 129.5 -28.0407 118.75
      vertex 138.5 -28.0407 118.75
    endloop
  endfacet
  facet normal 0 0.887054 0.461667
    outer loop
      vertex 129.5 -28.0407 118.75
      vertex 138.5 -27.5775 117.86
      vertex 129.5 -27.5775 117.86
    endloop
  endfacet
  facet normal 0 -0.608264 0.793735
    outer loop
      vertex 129.5 -44.5961 122.42
      vertex 138.5 -45.3921 121.81
      vertex 138.5 -44.5961 122.42
    endloop
  endfacet
  facet normal 0 -0.608264 0.793735
    outer loop
      vertex 138.5 -45.3921 121.81
      vertex 129.5 -44.5961 122.42
      vertex 129.5 -45.3921 121.81
    endloop
  endfacet
  facet normal 0 0.300998 -0.953625
    outer loop
      vertex 129.5 -35.0236 101.892
      vertex 138.5 -34.0668 102.194
      vertex 138.5 -35.0236 101.892
    endloop
  endfacet
  facet normal 0 0.300998 -0.953625
    outer loop
      vertex 138.5 -34.0668 102.194
      vertex 129.5 -35.0236 101.892
      vertex 129.5 -34.0668 102.194
    endloop
  endfacet
  facet normal 0 0.675743 -0.737138
    outer loop
      vertex 129.5 -30.6079 104.19
      vertex 138.5 -29.8683 104.868
      vertex 138.5 -30.6079 104.19
    endloop
  endfacet
  facet normal 0 0.675743 -0.737138
    outer loop
      vertex 138.5 -29.8683 104.868
      vertex 129.5 -30.6079 104.19
      vertex 129.5 -29.8683 104.868
    endloop
  endfacet
  facet normal 0 0.923871 -0.382704
    outer loop
      vertex 138.5 -27.5775 108.14
      vertex 129.5 -27.1935 109.067
      vertex 138.5 -27.1935 109.067
    endloop
  endfacet
  facet normal 0 0.923871 -0.382704
    outer loop
      vertex 129.5 -27.1935 109.067
      vertex 138.5 -27.5775 108.14
      vertex 129.5 -27.5775 108.14
    endloop
  endfacet
  facet normal -0 0.462334 0.886706
    outer loop
      vertex 129.5 -32.25 122.959
      vertex 138.5 -33.1399 123.423
      vertex 138.5 -32.25 122.959
    endloop
  endfacet
  facet normal 0 0.462334 0.886706
    outer loop
      vertex 138.5 -33.1399 123.423
      vertex 129.5 -32.25 122.959
      vertex 129.5 -33.1399 123.423
    endloop
  endfacet
  facet normal -0 0.537282 0.843403
    outer loop
      vertex 129.5 -31.4039 122.42
      vertex 138.5 -32.25 122.959
      vertex 138.5 -31.4039 122.42
    endloop
  endfacet
  facet normal 0 0.537282 0.843403
    outer loop
      vertex 138.5 -32.25 122.959
      vertex 129.5 -31.4039 122.42
      vertex 129.5 -32.25 122.959
    endloop
  endfacet
  facet normal 0 -0.462334 -0.886706
    outer loop
      vertex 129.5 -43.75 103.041
      vertex 138.5 -42.8601 102.577
      vertex 138.5 -43.75 103.041
    endloop
  endfacet
  facet normal -0 -0.462334 -0.886706
    outer loop
      vertex 138.5 -42.8601 102.577
      vertex 129.5 -43.75 103.041
      vertex 129.5 -42.8601 102.577
    endloop
  endfacet
  facet normal 0 -0.953757 -0.300578
    outer loop
      vertex 129.5 -48.8065 109.067
      vertex 138.5 -49.1081 110.024
      vertex 129.5 -49.1081 110.024
    endloop
  endfacet
  facet normal 0 -0.953757 -0.300578
    outer loop
      vertex 138.5 -49.1081 110.024
      vertex 129.5 -48.8065 109.067
      vertex 138.5 -48.8065 109.067
    endloop
  endfacet
  facet normal 0 -0.737419 -0.675436
    outer loop
      vertex 129.5 -46.1317 104.868
      vertex 138.5 -46.8095 105.608
      vertex 129.5 -46.8095 105.608
    endloop
  endfacet
  facet normal 0 -0.737419 -0.675436
    outer loop
      vertex 138.5 -46.8095 105.608
      vertex 129.5 -46.1317 104.868
      vertex 138.5 -46.1317 104.868
    endloop
  endfacet
  facet normal 0 -0.923871 0.382704
    outer loop
      vertex 129.5 -48.8065 116.933
      vertex 138.5 -48.4225 117.86
      vertex 129.5 -48.4225 117.86
    endloop
  endfacet
  facet normal 0 -0.923871 0.382704
    outer loop
      vertex 138.5 -48.4225 117.86
      vertex 129.5 -48.8065 116.933
      vertex 138.5 -48.8065 116.933
    endloop
  endfacet
  facet normal 0 -0.843329 0.537398
    outer loop
      vertex 129.5 -47.9593 118.75
      vertex 138.5 -47.4202 119.596
      vertex 129.5 -47.4202 119.596
    endloop
  endfacet
  facet normal 0 -0.843329 0.537398
    outer loop
      vertex 138.5 -47.4202 119.596
      vertex 129.5 -47.9593 118.75
      vertex 138.5 -47.9593 118.75
    endloop
  endfacet
  facet normal 0 -0.216318 0.976323
    outer loop
      vertex 129.5 -39.997 124.325
      vertex 138.5 -40.9764 124.108
      vertex 138.5 -39.997 124.325
    endloop
  endfacet
  facet normal 0 -0.216318 0.976323
    outer loop
      vertex 138.5 -40.9764 124.108
      vertex 129.5 -39.997 124.325
      vertex 129.5 -40.9764 124.108
    endloop
  endfacet
  facet normal 0 -0.537282 0.843403
    outer loop
      vertex 129.5 -43.75 122.959
      vertex 138.5 -44.5961 122.42
      vertex 138.5 -43.75 122.959
    endloop
  endfacet
  facet normal 0 -0.537282 0.843403
    outer loop
      vertex 138.5 -44.5961 122.42
      vertex 129.5 -43.75 122.959
      vertex 129.5 -44.5961 122.42
    endloop
  endfacet
  facet normal 0 0.130571 -0.991439
    outer loop
      vertex 129.5 -36.9977 101.544
      vertex 138.5 -36.003 101.675
      vertex 138.5 -36.9977 101.544
    endloop
  endfacet
  facet normal 0 0.130571 -0.991439
    outer loop
      vertex 138.5 -36.003 101.675
      vertex 129.5 -36.9977 101.544
      vertex 129.5 -36.003 101.675
    endloop
  endfacet
  facet normal 0 0.216318 -0.976323
    outer loop
      vertex 129.5 -36.003 101.675
      vertex 138.5 -35.0236 101.892
      vertex 138.5 -36.003 101.675
    endloop
  endfacet
  facet normal 0 0.216318 -0.976323
    outer loop
      vertex 138.5 -35.0236 101.892
      vertex 129.5 -36.003 101.675
      vertex 129.5 -35.0236 101.892
    endloop
  endfacet
  facet normal 0 0.462334 -0.886706
    outer loop
      vertex 129.5 -33.1399 102.577
      vertex 138.5 -32.25 103.041
      vertex 138.5 -33.1399 102.577
    endloop
  endfacet
  facet normal 0 0.462334 -0.886706
    outer loop
      vertex 138.5 -32.25 103.041
      vertex 129.5 -33.1399 102.577
      vertex 129.5 -32.25 103.041
    endloop
  endfacet
  facet normal 0 0.608264 -0.793735
    outer loop
      vertex 129.5 -31.4039 103.58
      vertex 138.5 -30.6079 104.19
      vertex 138.5 -31.4039 103.58
    endloop
  endfacet
  facet normal 0 0.608264 -0.793735
    outer loop
      vertex 138.5 -30.6079 104.19
      vertex 129.5 -31.4039 103.58
      vertex 129.5 -30.6079 104.19
    endloop
  endfacet
  facet normal 0 0.537282 -0.843403
    outer loop
      vertex 129.5 -32.25 103.041
      vertex 138.5 -31.4039 103.58
      vertex 138.5 -32.25 103.041
    endloop
  endfacet
  facet normal 0 0.537282 -0.843403
    outer loop
      vertex 138.5 -31.4039 103.58
      vertex 129.5 -32.25 103.041
      vertex 129.5 -31.4039 103.58
    endloop
  endfacet
  facet normal 0 0.991457 -0.130434
    outer loop
      vertex 138.5 -26.6747 111.003
      vertex 129.5 -26.5438 111.998
      vertex 138.5 -26.5438 111.998
    endloop
  endfacet
  facet normal 0 0.991457 -0.130434
    outer loop
      vertex 129.5 -26.5438 111.998
      vertex 138.5 -26.6747 111.003
      vertex 129.5 -26.6747 111.003
    endloop
  endfacet
  facet normal 0 0.976262 -0.216593
    outer loop
      vertex 138.5 -26.8919 110.024
      vertex 129.5 -26.6747 111.003
      vertex 138.5 -26.6747 111.003
    endloop
  endfacet
  facet normal 0 0.976262 -0.216593
    outer loop
      vertex 129.5 -26.6747 111.003
      vertex 138.5 -26.8919 110.024
      vertex 129.5 -26.8919 110.024
    endloop
  endfacet
  facet normal 0 0.999046 -0.0436709
    outer loop
      vertex 138.5 -26.5438 111.998
      vertex 129.5 -26.5 113
      vertex 138.5 -26.5 113
    endloop
  endfacet
  facet normal 0 0.999046 -0.0436709
    outer loop
      vertex 129.5 -26.5 113
      vertex 138.5 -26.5438 111.998
      vertex 129.5 -26.5438 111.998
    endloop
  endfacet
  facet normal 0 0.793398 -0.608704
    outer loop
      vertex 138.5 -29.1905 105.608
      vertex 129.5 -28.5798 106.404
      vertex 138.5 -28.5798 106.404
    endloop
  endfacet
  facet normal 0 0.793398 -0.608704
    outer loop
      vertex 129.5 -28.5798 106.404
      vertex 138.5 -29.1905 105.608
      vertex 129.5 -29.1905 105.608
    endloop
  endfacet
  facet normal 0 0.887054 -0.461667
    outer loop
      vertex 138.5 -28.0407 107.25
      vertex 129.5 -27.5775 108.14
      vertex 138.5 -27.5775 108.14
    endloop
  endfacet
  facet normal 0 0.887054 -0.461667
    outer loop
      vertex 129.5 -27.5775 108.14
      vertex 138.5 -28.0407 107.25
      vertex 129.5 -28.0407 107.25
    endloop
  endfacet
  facet normal -0 0.608264 0.793735
    outer loop
      vertex 129.5 -30.6079 121.81
      vertex 138.5 -31.4039 122.42
      vertex 138.5 -30.6079 121.81
    endloop
  endfacet
  facet normal 0 0.608264 0.793735
    outer loop
      vertex 138.5 -31.4039 122.42
      vertex 129.5 -30.6079 121.81
      vertex 129.5 -31.4039 122.42
    endloop
  endfacet
  facet normal -0 0.381888 0.924209
    outer loop
      vertex 129.5 -33.1399 123.423
      vertex 138.5 -34.0668 123.806
      vertex 138.5 -33.1399 123.423
    endloop
  endfacet
  facet normal 0 0.381888 0.924209
    outer loop
      vertex 138.5 -34.0668 123.806
      vertex 129.5 -33.1399 123.423
      vertex 129.5 -34.0668 123.806
    endloop
  endfacet
  facet normal -0 0.300998 0.953625
    outer loop
      vertex 129.5 -34.0668 123.806
      vertex 138.5 -35.0236 124.108
      vertex 138.5 -34.0668 123.806
    endloop
  endfacet
  facet normal 0 0.300998 0.953625
    outer loop
      vertex 138.5 -35.0236 124.108
      vertex 129.5 -34.0668 123.806
      vertex 129.5 -35.0236 124.108
    endloop
  endfacet
  facet normal -0 0.216318 0.976323
    outer loop
      vertex 129.5 -35.0236 124.108
      vertex 138.5 -36.003 124.325
      vertex 138.5 -35.0236 124.108
    endloop
  endfacet
  facet normal 0 0.216318 0.976323
    outer loop
      vertex 138.5 -36.003 124.325
      vertex 129.5 -35.0236 124.108
      vertex 129.5 -36.003 124.325
    endloop
  endfacet
  facet normal -0 0.130571 0.991439
    outer loop
      vertex 129.5 -36.003 124.325
      vertex 138.5 -36.9977 124.456
      vertex 138.5 -36.003 124.325
    endloop
  endfacet
  facet normal 0 0.130571 0.991439
    outer loop
      vertex 138.5 -36.9977 124.456
      vertex 129.5 -36.003 124.325
      vertex 129.5 -36.9977 124.456
    endloop
  endfacet
  facet normal 0 0.843329 0.537398
    outer loop
      vertex 138.5 -28.0407 118.75
      vertex 129.5 -28.5798 119.596
      vertex 138.5 -28.5798 119.596
    endloop
  endfacet
  facet normal 0 0.843329 0.537398
    outer loop
      vertex 129.5 -28.5798 119.596
      vertex 138.5 -28.0407 118.75
      vertex 129.5 -28.0407 118.75
    endloop
  endfacet
  facet normal 0 0.793398 0.608704
    outer loop
      vertex 138.5 -28.5798 119.596
      vertex 129.5 -29.1905 120.392
      vertex 138.5 -29.1905 120.392
    endloop
  endfacet
  facet normal 0 0.793398 0.608704
    outer loop
      vertex 129.5 -29.1905 120.392
      vertex 138.5 -28.5798 119.596
      vertex 129.5 -28.5798 119.596
    endloop
  endfacet
  facet normal 0 0.991457 0.130434
    outer loop
      vertex 138.5 -26.5438 114.002
      vertex 129.5 -26.6747 114.997
      vertex 138.5 -26.6747 114.997
    endloop
  endfacet
  facet normal 0 0.991457 0.130434
    outer loop
      vertex 129.5 -26.6747 114.997
      vertex 138.5 -26.5438 114.002
      vertex 129.5 -26.5438 114.002
    endloop
  endfacet
  facet normal 0 0.923871 0.382704
    outer loop
      vertex 138.5 -27.1935 116.933
      vertex 129.5 -27.5775 117.86
      vertex 138.5 -27.5775 117.86
    endloop
  endfacet
  facet normal 0 0.923871 0.382704
    outer loop
      vertex 129.5 -27.5775 117.86
      vertex 138.5 -27.1935 116.933
      vertex 129.5 -27.1935 116.933
    endloop
  endfacet
  facet normal 0 0.976262 0.216593
    outer loop
      vertex 138.5 -26.6747 114.997
      vertex 129.5 -26.8919 115.976
      vertex 138.5 -26.8919 115.976
    endloop
  endfacet
  facet normal 0 0.976262 0.216593
    outer loop
      vertex 129.5 -26.8919 115.976
      vertex 138.5 -26.6747 114.997
      vertex 129.5 -26.6747 114.997
    endloop
  endfacet
  facet normal 0 -0.976262 -0.216593
    outer loop
      vertex 129.5 -49.1081 110.024
      vertex 138.5 -49.3253 111.003
      vertex 129.5 -49.3253 111.003
    endloop
  endfacet
  facet normal 0 -0.976262 -0.216593
    outer loop
      vertex 138.5 -49.3253 111.003
      vertex 129.5 -49.1081 110.024
      vertex 138.5 -49.1081 110.024
    endloop
  endfacet
  facet normal 0 -0.887054 -0.461667
    outer loop
      vertex 129.5 -47.9593 107.25
      vertex 138.5 -48.4225 108.14
      vertex 129.5 -48.4225 108.14
    endloop
  endfacet
  facet normal 0 -0.887054 -0.461667
    outer loop
      vertex 138.5 -48.4225 108.14
      vertex 129.5 -47.9593 107.25
      vertex 138.5 -47.9593 107.25
    endloop
  endfacet
  facet normal 0 -0.793398 -0.608704
    outer loop
      vertex 129.5 -46.8095 105.608
      vertex 138.5 -47.4202 106.404
      vertex 129.5 -47.4202 106.404
    endloop
  endfacet
  facet normal 0 -0.793398 -0.608704
    outer loop
      vertex 138.5 -47.4202 106.404
      vertex 129.5 -46.8095 105.608
      vertex 138.5 -46.8095 105.608
    endloop
  endfacet
  facet normal 0 -0.843329 -0.537398
    outer loop
      vertex 129.5 -47.4202 106.404
      vertex 138.5 -47.9593 107.25
      vertex 129.5 -47.9593 107.25
    endloop
  endfacet
  facet normal 0 -0.843329 -0.537398
    outer loop
      vertex 138.5 -47.9593 107.25
      vertex 129.5 -47.4202 106.404
      vertex 138.5 -47.4202 106.404
    endloop
  endfacet
  facet normal 0 -0.608264 -0.793735
    outer loop
      vertex 129.5 -45.3921 104.19
      vertex 138.5 -44.5961 103.58
      vertex 138.5 -45.3921 104.19
    endloop
  endfacet
  facet normal -0 -0.608264 -0.793735
    outer loop
      vertex 138.5 -44.5961 103.58
      vertex 129.5 -45.3921 104.19
      vertex 129.5 -44.5961 103.58
    endloop
  endfacet
  facet normal 0 -0.537282 -0.843403
    outer loop
      vertex 129.5 -44.5961 103.58
      vertex 138.5 -43.75 103.041
      vertex 138.5 -44.5961 103.58
    endloop
  endfacet
  facet normal -0 -0.537282 -0.843403
    outer loop
      vertex 138.5 -43.75 103.041
      vertex 129.5 -44.5961 103.58
      vertex 129.5 -43.75 103.041
    endloop
  endfacet
  facet normal 0 -0.0438568 -0.999038
    outer loop
      vertex 129.5 -39.0023 101.544
      vertex 138.5 -38 101.5
      vertex 138.5 -39.0023 101.544
    endloop
  endfacet
  facet normal -0 -0.0438568 -0.999038
    outer loop
      vertex 138.5 -38 101.5
      vertex 129.5 -39.0023 101.544
      vertex 129.5 -38 101.5
    endloop
  endfacet
  facet normal 0 -0.216318 -0.976323
    outer loop
      vertex 129.5 -40.9764 101.892
      vertex 138.5 -39.997 101.675
      vertex 138.5 -40.9764 101.892
    endloop
  endfacet
  facet normal -0 -0.216318 -0.976323
    outer loop
      vertex 138.5 -39.997 101.675
      vertex 129.5 -40.9764 101.892
      vertex 129.5 -39.997 101.675
    endloop
  endfacet
  facet normal 0 -0.130571 -0.991439
    outer loop
      vertex 129.5 -39.997 101.675
      vertex 138.5 -39.0023 101.544
      vertex 138.5 -39.997 101.675
    endloop
  endfacet
  facet normal -0 -0.130571 -0.991439
    outer loop
      vertex 138.5 -39.0023 101.544
      vertex 129.5 -39.997 101.675
      vertex 129.5 -39.0023 101.544
    endloop
  endfacet
  facet normal 0 -0.887054 0.461667
    outer loop
      vertex 129.5 -48.4225 117.86
      vertex 138.5 -47.9593 118.75
      vertex 129.5 -47.9593 118.75
    endloop
  endfacet
  facet normal 0 -0.887054 0.461667
    outer loop
      vertex 138.5 -47.9593 118.75
      vertex 129.5 -48.4225 117.86
      vertex 138.5 -48.4225 117.86
    endloop
  endfacet
  facet normal 0 -0.953757 0.300578
    outer loop
      vertex 129.5 -49.1081 115.976
      vertex 138.5 -48.8065 116.933
      vertex 129.5 -48.8065 116.933
    endloop
  endfacet
  facet normal 0 -0.953757 0.300578
    outer loop
      vertex 138.5 -48.8065 116.933
      vertex 129.5 -49.1081 115.976
      vertex 138.5 -49.1081 115.976
    endloop
  endfacet
  facet normal 0 -0.991457 0.130434
    outer loop
      vertex 129.5 -49.4562 114.002
      vertex 138.5 -49.3253 114.997
      vertex 129.5 -49.3253 114.997
    endloop
  endfacet
  facet normal 0 -0.991457 0.130434
    outer loop
      vertex 138.5 -49.3253 114.997
      vertex 129.5 -49.4562 114.002
      vertex 138.5 -49.4562 114.002
    endloop
  endfacet
  facet normal 0 -0.793398 0.608704
    outer loop
      vertex 129.5 -47.4202 119.596
      vertex 138.5 -46.8095 120.392
      vertex 129.5 -46.8095 120.392
    endloop
  endfacet
  facet normal 0 -0.793398 0.608704
    outer loop
      vertex 138.5 -46.8095 120.392
      vertex 129.5 -47.4202 119.596
      vertex 138.5 -47.4202 119.596
    endloop
  endfacet
  facet normal 0 -0.675743 0.737138
    outer loop
      vertex 129.5 -45.3921 121.81
      vertex 138.5 -46.1317 121.132
      vertex 138.5 -45.3921 121.81
    endloop
  endfacet
  facet normal 0 -0.675743 0.737138
    outer loop
      vertex 138.5 -46.1317 121.132
      vertex 129.5 -45.3921 121.81
      vertex 129.5 -46.1317 121.132
    endloop
  endfacet
  facet normal 0 -0.462334 0.886706
    outer loop
      vertex 129.5 -42.8601 123.423
      vertex 138.5 -43.75 122.959
      vertex 138.5 -42.8601 123.423
    endloop
  endfacet
  facet normal 0 -0.462334 0.886706
    outer loop
      vertex 138.5 -43.75 122.959
      vertex 129.5 -42.8601 123.423
      vertex 129.5 -43.75 122.959
    endloop
  endfacet
  facet normal 0 -0.130571 0.991439
    outer loop
      vertex 129.5 -39.0023 124.456
      vertex 138.5 -39.997 124.325
      vertex 138.5 -39.0023 124.456
    endloop
  endfacet
  facet normal 0 -0.130571 0.991439
    outer loop
      vertex 138.5 -39.997 124.325
      vertex 129.5 -39.0023 124.456
      vertex 129.5 -39.997 124.325
    endloop
  endfacet
  facet normal 0 -0.300998 0.953625
    outer loop
      vertex 129.5 -40.9764 124.108
      vertex 138.5 -41.9332 123.806
      vertex 138.5 -40.9764 124.108
    endloop
  endfacet
  facet normal 0 -0.300998 0.953625
    outer loop
      vertex 138.5 -41.9332 123.806
      vertex 129.5 -40.9764 124.108
      vertex 129.5 -41.9332 123.806
    endloop
  endfacet
  facet normal 0 -0.381888 0.924209
    outer loop
      vertex 129.5 -41.9332 123.806
      vertex 138.5 -42.8601 123.423
      vertex 138.5 -41.9332 123.806
    endloop
  endfacet
  facet normal 0 -0.381888 0.924209
    outer loop
      vertex 138.5 -42.8601 123.423
      vertex 129.5 -41.9332 123.806
      vertex 129.5 -42.8601 123.423
    endloop
  endfacet
  facet normal 0 0.381888 -0.924209
    outer loop
      vertex 129.5 -34.0668 102.194
      vertex 138.5 -33.1399 102.577
      vertex 138.5 -34.0668 102.194
    endloop
  endfacet
  facet normal 0 0.381888 -0.924209
    outer loop
      vertex 138.5 -33.1399 102.577
      vertex 129.5 -34.0668 102.194
      vertex 129.5 -33.1399 102.577
    endloop
  endfacet
  facet normal 0 0.737419 -0.675436
    outer loop
      vertex 138.5 -29.8683 104.868
      vertex 129.5 -29.1905 105.608
      vertex 138.5 -29.1905 105.608
    endloop
  endfacet
  facet normal 0 0.737419 -0.675436
    outer loop
      vertex 129.5 -29.1905 105.608
      vertex 138.5 -29.8683 104.868
      vertex 129.5 -29.8683 104.868
    endloop
  endfacet
  facet normal 0 0.843329 -0.537398
    outer loop
      vertex 138.5 -28.5798 106.404
      vertex 129.5 -28.0407 107.25
      vertex 138.5 -28.0407 107.25
    endloop
  endfacet
  facet normal 0 0.843329 -0.537398
    outer loop
      vertex 129.5 -28.0407 107.25
      vertex 138.5 -28.5798 106.404
      vertex 129.5 -28.5798 106.404
    endloop
  endfacet
  facet normal 0 0.737419 0.675436
    outer loop
      vertex 138.5 -29.1905 120.392
      vertex 129.5 -29.8683 121.132
      vertex 138.5 -29.8683 121.132
    endloop
  endfacet
  facet normal 0 0.737419 0.675436
    outer loop
      vertex 129.5 -29.8683 121.132
      vertex 138.5 -29.1905 120.392
      vertex 129.5 -29.1905 120.392
    endloop
  endfacet
  facet normal 0 0.953757 0.300578
    outer loop
      vertex 138.5 -26.8919 115.976
      vertex 129.5 -27.1935 116.933
      vertex 138.5 -27.1935 116.933
    endloop
  endfacet
  facet normal 0 0.953757 0.300578
    outer loop
      vertex 129.5 -27.1935 116.933
      vertex 138.5 -26.8919 115.976
      vertex 129.5 -26.8919 115.976
    endloop
  endfacet
  facet normal 0 -0.999046 -0.0436709
    outer loop
      vertex 129.5 -49.4562 111.998
      vertex 138.5 -49.5 113
      vertex 129.5 -49.5 113
    endloop
  endfacet
  facet normal 0 -0.999046 -0.0436709
    outer loop
      vertex 138.5 -49.5 113
      vertex 129.5 -49.4562 111.998
      vertex 138.5 -49.4562 111.998
    endloop
  endfacet
  facet normal -1 0 0
    outer loop
      vertex 129.5 -29.5 113
      vertex 129.5 -26.5 113
      vertex 129.5 -26.5438 111.998
    endloop
  endfacet
  facet normal -1 0 0
    outer loop
      vertex 129.5 -29.5323 112.259
      vertex 129.5 -26.5438 111.998
      vertex 129.5 -26.6747 111.003
    endloop
  endfacet
  facet normal -1 0 0
    outer loop
      vertex 129.5 -26.5 113
      vertex 129.5 -29.5 113
      vertex 129.5 -26.5438 114.002
    endloop
  endfacet
  facet normal -1 0 0
    outer loop
      vertex 129.5 -29.6291 111.524
      vertex 129.5 -26.6747 111.003
      vertex 129.5 -26.8919 110.024
    endloop
  endfacet
  facet normal -1 0 0
    outer loop
      vertex 129.5 -29.5323 113.741
      vertex 129.5 -26.5438 114.002
      vertex 129.5 -29.5 113
    endloop
  endfacet
  facet normal -1 0 0
    outer loop
      vertex 129.5 -29.7896 110.8
      vertex 129.5 -26.8919 110.024
      vertex 129.5 -27.1935 109.067
    endloop
  endfacet
  facet normal -1 -0 0
    outer loop
      vertex 129.5 -26.5438 114.002
      vertex 129.5 -29.5323 113.741
      vertex 129.5 -26.6747 114.997
    endloop
  endfacet
  facet normal -1 0 0
    outer loop
      vertex 129.5 -30.0126 110.093
      vertex 129.5 -27.1935 109.067
      vertex 129.5 -27.5775 108.14
    endloop
  endfacet
  facet normal -1 0 0
    outer loop
      vertex 129.5 -29.6291 114.476
      vertex 129.5 -26.6747 114.997
      vertex 129.5 -29.5323 113.741
    endloop
  endfacet
  facet normal -1 0 0
    outer loop
      vertex 129.5 -30.2964 109.408
      vertex 129.5 -27.5775 108.14
      vertex 129.5 -28.0407 107.25
    endloop
  endfacet
  facet normal -1 -0 0
    outer loop
      vertex 129.5 -26.6747 114.997
      vertex 129.5 -29.6291 114.476
      vertex 129.5 -26.8919 115.976
    endloop
  endfacet
  facet normal -1 0 0
    outer loop
      vertex 129.5 -30.6388 108.75
      vertex 129.5 -28.0407 107.25
      vertex 129.5 -28.5798 106.404
    endloop
  endfacet
  facet normal -1 0 0
    outer loop
      vertex 129.5 -29.7896 115.2
      vertex 129.5 -26.8919 115.976
      vertex 129.5 -29.6291 114.476
    endloop
  endfacet
  facet normal -1 0 0
    outer loop
      vertex 129.5 -31.0372 108.125
      vertex 129.5 -28.5798 106.404
      vertex 129.5 -29.1905 105.608
    endloop
  endfacet
  facet normal -1 -0 0
    outer loop
      vertex 129.5 -26.8919 115.976
      vertex 129.5 -29.7896 115.2
      vertex 129.5 -27.1935 116.933
    endloop
  endfacet
  facet normal -1 0 0
    outer loop
      vertex 129.5 -30.0126 115.907
      vertex 129.5 -27.1935 116.933
      vertex 129.5 -29.7896 115.2
    endloop
  endfacet
  facet normal -1 0 0
    outer loop
      vertex 129.5 -26.5438 111.998
      vertex 129.5 -29.5323 112.259
      vertex 129.5 -29.5 113
    endloop
  endfacet
  facet normal -1 0 0
    outer loop
      vertex 129.5 -26.6747 111.003
      vertex 129.5 -29.6291 111.524
      vertex 129.5 -29.5323 112.259
    endloop
  endfacet
  facet normal -1 0 0
    outer loop
      vertex 129.5 -26.8919 110.024
      vertex 129.5 -29.7896 110.8
      vertex 129.5 -29.6291 111.524
    endloop
  endfacet
  facet normal -1 0 0
    outer loop
      vertex 129.5 -31.4886 107.536
      vertex 129.5 -29.1905 105.608
      vertex 129.5 -29.8683 104.868
    endloop
  endfacet
  facet normal -1 0 0
    outer loop
      vertex 129.5 -27.1935 109.067
      vertex 129.5 -30.0126 110.093
      vertex 129.5 -29.7896 110.8
    endloop
  endfacet
  facet normal -1 0 0
    outer loop
      vertex 129.5 -27.5775 108.14
      vertex 129.5 -30.2964 109.408
      vertex 129.5 -30.0126 110.093
    endloop
  endfacet
  facet normal -1 0 0
    outer loop
      vertex 129.5 -31.9896 106.99
      vertex 129.5 -29.8683 104.868
      vertex 129.5 -30.6079 104.19
    endloop
  endfacet
  facet normal -1 0 0
    outer loop
      vertex 129.5 -28.0407 107.25
      vertex 129.5 -30.6388 108.75
      vertex 129.5 -30.2964 109.408
    endloop
  endfacet
  facet normal -1 0 0
    outer loop
      vertex 129.5 -28.5798 106.404
      vertex 129.5 -31.0372 108.125
      vertex 129.5 -30.6388 108.75
    endloop
  endfacet
  facet normal -1 0 0
    outer loop
      vertex 129.5 -32.5363 106.489
      vertex 129.5 -30.6079 104.19
      vertex 129.5 -31.4039 103.58
    endloop
  endfacet
  facet normal -1 0 0
    outer loop
      vertex 129.5 -29.1905 105.608
      vertex 129.5 -31.4886 107.536
      vertex 129.5 -31.0372 108.125
    endloop
  endfacet
  facet normal -1 0 0
    outer loop
      vertex 129.5 -29.8683 104.868
      vertex 129.5 -31.9896 106.99
      vertex 129.5 -31.4886 107.536
    endloop
  endfacet
  facet normal -1 0 0
    outer loop
      vertex 129.5 -33.1246 106.037
      vertex 129.5 -31.4039 103.58
      vertex 129.5 -32.25 103.041
    endloop
  endfacet
  facet normal -1 0 0
    outer loop
      vertex 129.5 -30.6079 104.19
      vertex 129.5 -32.5363 106.489
      vertex 129.5 -31.9896 106.99
    endloop
  endfacet
  facet normal -1 0 0
    outer loop
      vertex 129.5 -31.4039 103.58
      vertex 129.5 -33.1246 106.037
      vertex 129.5 -32.5363 106.489
    endloop
  endfacet
  facet normal -1 0 0
    outer loop
      vertex 129.5 -33.75 105.639
      vertex 129.5 -32.25 103.041
      vertex 129.5 -33.1399 102.577
    endloop
  endfacet
  facet normal -1 0 0
    outer loop
      vertex 129.5 -32.25 103.041
      vertex 129.5 -33.75 105.639
      vertex 129.5 -33.1246 106.037
    endloop
  endfacet
  facet normal -1 0 0
    outer loop
      vertex 129.5 -34.4077 105.296
      vertex 129.5 -33.1399 102.577
      vertex 129.5 -34.0668 102.194
    endloop
  endfacet
  facet normal -1 0 0
    outer loop
      vertex 129.5 -33.1399 102.577
      vertex 129.5 -34.4077 105.296
      vertex 129.5 -33.75 105.639
    endloop
  endfacet
  facet normal -1 0 0
    outer loop
      vertex 129.5 -35.0928 105.013
      vertex 129.5 -34.0668 102.194
      vertex 129.5 -35.0236 101.892
    endloop
  endfacet
  facet normal -1 0 0
    outer loop
      vertex 129.5 -34.0668 102.194
      vertex 129.5 -35.0928 105.013
      vertex 129.5 -34.4077 105.296
    endloop
  endfacet
  facet normal -1 0 0
    outer loop
      vertex 129.5 -35.0236 101.892
      vertex 129.5 -35.8 104.79
      vertex 129.5 -35.0928 105.013
    endloop
  endfacet
  facet normal -1 0 0
    outer loop
      vertex 129.5 -36.003 101.675
      vertex 129.5 -35.8 104.79
      vertex 129.5 -35.0236 101.892
    endloop
  endfacet
  facet normal -1 0 0
    outer loop
      vertex 129.5 -36.003 101.675
      vertex 129.5 -36.524 104.629
      vertex 129.5 -35.8 104.79
    endloop
  endfacet
  facet normal -1 0 0
    outer loop
      vertex 129.5 -36.9977 101.544
      vertex 129.5 -36.524 104.629
      vertex 129.5 -36.003 101.675
    endloop
  endfacet
  facet normal -1 0 0
    outer loop
      vertex 129.5 -36.9977 101.544
      vertex 129.5 -37.2592 104.532
      vertex 129.5 -36.524 104.629
    endloop
  endfacet
  facet normal -1 0 0
    outer loop
      vertex 129.5 -38 101.5
      vertex 129.5 -37.2592 104.532
      vertex 129.5 -36.9977 101.544
    endloop
  endfacet
  facet normal -1 0 0
    outer loop
      vertex 129.5 -38 101.5
      vertex 129.5 -38 104.5
      vertex 129.5 -37.2592 104.532
    endloop
  endfacet
  facet normal -1 0 0
    outer loop
      vertex 129.5 -38 101.5
      vertex 129.5 -38.7408 104.532
      vertex 129.5 -38 104.5
    endloop
  endfacet
  facet normal -1 0 0
    outer loop
      vertex 129.5 -39.0023 101.544
      vertex 129.5 -38.7408 104.532
      vertex 129.5 -38 101.5
    endloop
  endfacet
  facet normal -1 0 0
    outer loop
      vertex 129.5 -39.0023 101.544
      vertex 129.5 -39.476 104.629
      vertex 129.5 -38.7408 104.532
    endloop
  endfacet
  facet normal -1 0 0
    outer loop
      vertex 129.5 -39.997 101.675
      vertex 129.5 -39.476 104.629
      vertex 129.5 -39.0023 101.544
    endloop
  endfacet
  facet normal -1 0 0
    outer loop
      vertex 129.5 -39.997 101.675
      vertex 129.5 -40.2 104.79
      vertex 129.5 -39.476 104.629
    endloop
  endfacet
  facet normal -1 0 0
    outer loop
      vertex 129.5 -40.9764 101.892
      vertex 129.5 -40.2 104.79
      vertex 129.5 -39.997 101.675
    endloop
  endfacet
  facet normal -1 -0 0
    outer loop
      vertex 129.5 -40.2 104.79
      vertex 129.5 -40.9764 101.892
      vertex 129.5 -40.9072 105.013
    endloop
  endfacet
  facet normal -1 0 0
    outer loop
      vertex 129.5 -41.9332 102.194
      vertex 129.5 -40.9072 105.013
      vertex 129.5 -40.9764 101.892
    endloop
  endfacet
  facet normal -1 -0 0
    outer loop
      vertex 129.5 -40.9072 105.013
      vertex 129.5 -41.9332 102.194
      vertex 129.5 -41.5923 105.296
    endloop
  endfacet
  facet normal -1 0 0
    outer loop
      vertex 129.5 -42.8601 102.577
      vertex 129.5 -41.5923 105.296
      vertex 129.5 -41.9332 102.194
    endloop
  endfacet
  facet normal -1 -0 0
    outer loop
      vertex 129.5 -41.5923 105.296
      vertex 129.5 -42.8601 102.577
      vertex 129.5 -42.25 105.639
    endloop
  endfacet
  facet normal -1 0 0
    outer loop
      vertex 129.5 -43.75 103.041
      vertex 129.5 -42.25 105.639
      vertex 129.5 -42.8601 102.577
    endloop
  endfacet
  facet normal -1 -0 0
    outer loop
      vertex 129.5 -42.25 105.639
      vertex 129.5 -43.75 103.041
      vertex 129.5 -42.8754 106.037
    endloop
  endfacet
  facet normal -1 0 0
    outer loop
      vertex 129.5 -44.5961 103.58
      vertex 129.5 -42.8754 106.037
      vertex 129.5 -43.75 103.041
    endloop
  endfacet
  facet normal -1 -0 0
    outer loop
      vertex 129.5 -42.8754 106.037
      vertex 129.5 -44.5961 103.58
      vertex 129.5 -43.4637 106.489
    endloop
  endfacet
  facet normal -1 0 0
    outer loop
      vertex 129.5 -45.3921 104.19
      vertex 129.5 -43.4637 106.489
      vertex 129.5 -44.5961 103.58
    endloop
  endfacet
  facet normal -1 -0 0
    outer loop
      vertex 129.5 -43.4637 106.489
      vertex 129.5 -45.3921 104.19
      vertex 129.5 -44.0104 106.99
    endloop
  endfacet
  facet normal -1 0 0
    outer loop
      vertex 129.5 -46.1317 104.868
      vertex 129.5 -44.0104 106.99
      vertex 129.5 -45.3921 104.19
    endloop
  endfacet
  facet normal -1 -0 0
    outer loop
      vertex 129.5 -44.0104 106.99
      vertex 129.5 -46.1317 104.868
      vertex 129.5 -44.5114 107.536
    endloop
  endfacet
  facet normal -1 0 0
    outer loop
      vertex 129.5 -46.8095 105.608
      vertex 129.5 -44.5114 107.536
      vertex 129.5 -46.1317 104.868
    endloop
  endfacet
  facet normal -1 -0 0
    outer loop
      vertex 129.5 -44.5114 107.536
      vertex 129.5 -46.8095 105.608
      vertex 129.5 -44.9628 108.125
    endloop
  endfacet
  facet normal -1 0 0
    outer loop
      vertex 129.5 -47.4202 106.404
      vertex 129.5 -44.9628 108.125
      vertex 129.5 -46.8095 105.608
    endloop
  endfacet
  facet normal -1 -0 0
    outer loop
      vertex 129.5 -44.9628 108.125
      vertex 129.5 -47.4202 106.404
      vertex 129.5 -45.3612 108.75
    endloop
  endfacet
  facet normal -1 0 0
    outer loop
      vertex 129.5 -47.9593 107.25
      vertex 129.5 -45.3612 108.75
      vertex 129.5 -47.4202 106.404
    endloop
  endfacet
  facet normal -1 -0 0
    outer loop
      vertex 129.5 -45.3612 108.75
      vertex 129.5 -47.9593 107.25
      vertex 129.5 -45.7036 109.408
    endloop
  endfacet
  facet normal -1 0 0
    outer loop
      vertex 129.5 -48.4225 108.14
      vertex 129.5 -45.7036 109.408
      vertex 129.5 -47.9593 107.25
    endloop
  endfacet
  facet normal -1 0 0
    outer loop
      vertex 129.5 -48.8065 109.067
      vertex 129.5 -45.9874 110.093
      vertex 129.5 -48.4225 108.14
    endloop
  endfacet
  facet normal -1 -0 0
    outer loop
      vertex 129.5 -45.7036 109.408
      vertex 129.5 -48.4225 108.14
      vertex 129.5 -45.9874 110.093
    endloop
  endfacet
  facet normal -1 -0 0
    outer loop
      vertex 129.5 -27.1935 116.933
      vertex 129.5 -30.0126 115.907
      vertex 129.5 -27.5775 117.86
    endloop
  endfacet
  facet normal -1 0 0
    outer loop
      vertex 129.5 -30.2964 116.592
      vertex 129.5 -27.5775 117.86
      vertex 129.5 -30.0126 115.907
    endloop
  endfacet
  facet normal -1 -0 0
    outer loop
      vertex 129.5 -27.5775 117.86
      vertex 129.5 -30.2964 116.592
      vertex 129.5 -28.0407 118.75
    endloop
  endfacet
  facet normal -1 0 0
    outer loop
      vertex 129.5 -30.6388 117.25
      vertex 129.5 -28.0407 118.75
      vertex 129.5 -30.2964 116.592
    endloop
  endfacet
  facet normal -1 -0 0
    outer loop
      vertex 129.5 -28.0407 118.75
      vertex 129.5 -30.6388 117.25
      vertex 129.5 -28.5798 119.596
    endloop
  endfacet
  facet normal -1 0 0
    outer loop
      vertex 129.5 -31.0372 117.875
      vertex 129.5 -28.5798 119.596
      vertex 129.5 -30.6388 117.25
    endloop
  endfacet
  facet normal -1 -0 0
    outer loop
      vertex 129.5 -28.5798 119.596
      vertex 129.5 -31.0372 117.875
      vertex 129.5 -29.1905 120.392
    endloop
  endfacet
  facet normal -1 0 0
    outer loop
      vertex 129.5 -31.4886 118.464
      vertex 129.5 -29.1905 120.392
      vertex 129.5 -31.0372 117.875
    endloop
  endfacet
  facet normal -1 -0 0
    outer loop
      vertex 129.5 -29.1905 120.392
      vertex 129.5 -31.4886 118.464
      vertex 129.5 -29.8683 121.132
    endloop
  endfacet
  facet normal -1 0 0
    outer loop
      vertex 129.5 -31.9896 119.01
      vertex 129.5 -29.8683 121.132
      vertex 129.5 -31.4886 118.464
    endloop
  endfacet
  facet normal -1 -0 0
    outer loop
      vertex 129.5 -29.8683 121.132
      vertex 129.5 -31.9896 119.01
      vertex 129.5 -30.6079 121.81
    endloop
  endfacet
  facet normal -1 0 0
    outer loop
      vertex 129.5 -32.5363 119.511
      vertex 129.5 -30.6079 121.81
      vertex 129.5 -31.9896 119.01
    endloop
  endfacet
  facet normal -1 -0 0
    outer loop
      vertex 129.5 -30.6079 121.81
      vertex 129.5 -32.5363 119.511
      vertex 129.5 -31.4039 122.42
    endloop
  endfacet
  facet normal -1 0 0
    outer loop
      vertex 129.5 -33.1246 119.963
      vertex 129.5 -31.4039 122.42
      vertex 129.5 -32.5363 119.511
    endloop
  endfacet
  facet normal -1 -0 0
    outer loop
      vertex 129.5 -31.4039 122.42
      vertex 129.5 -33.1246 119.963
      vertex 129.5 -32.25 122.959
    endloop
  endfacet
  facet normal -1 0 0
    outer loop
      vertex 129.5 -33.75 120.361
      vertex 129.5 -32.25 122.959
      vertex 129.5 -33.1246 119.963
    endloop
  endfacet
  facet normal -1 -0 0
    outer loop
      vertex 129.5 -32.25 122.959
      vertex 129.5 -33.75 120.361
      vertex 129.5 -33.1399 123.423
    endloop
  endfacet
  facet normal -1 0 0
    outer loop
      vertex 129.5 -34.4077 120.704
      vertex 129.5 -33.1399 123.423
      vertex 129.5 -33.75 120.361
    endloop
  endfacet
  facet normal -1 -0 0
    outer loop
      vertex 129.5 -33.1399 123.423
      vertex 129.5 -34.4077 120.704
      vertex 129.5 -34.0668 123.806
    endloop
  endfacet
  facet normal -1 0 0
    outer loop
      vertex 129.5 -35.0928 120.987
      vertex 129.5 -34.0668 123.806
      vertex 129.5 -34.4077 120.704
    endloop
  endfacet
  facet normal -1 -0 0
    outer loop
      vertex 129.5 -34.0668 123.806
      vertex 129.5 -35.0928 120.987
      vertex 129.5 -35.0236 124.108
    endloop
  endfacet
  facet normal -1 0 0
    outer loop
      vertex 129.5 -35.8 121.21
      vertex 129.5 -35.0236 124.108
      vertex 129.5 -35.0928 120.987
    endloop
  endfacet
  facet normal -1 0 0
    outer loop
      vertex 129.5 -35.8 121.21
      vertex 129.5 -36.003 124.325
      vertex 129.5 -35.0236 124.108
    endloop
  endfacet
  facet normal -1 0 0
    outer loop
      vertex 129.5 -36.524 121.371
      vertex 129.5 -36.003 124.325
      vertex 129.5 -35.8 121.21
    endloop
  endfacet
  facet normal -1 0 0
    outer loop
      vertex 129.5 -36.524 121.371
      vertex 129.5 -36.9977 124.456
      vertex 129.5 -36.003 124.325
    endloop
  endfacet
  facet normal -1 0 0
    outer loop
      vertex 129.5 -37.2592 121.468
      vertex 129.5 -36.9977 124.456
      vertex 129.5 -36.524 121.371
    endloop
  endfacet
  facet normal -1 0 0
    outer loop
      vertex 129.5 -38 121.5
      vertex 129.5 -36.9977 124.456
      vertex 129.5 -37.2592 121.468
    endloop
  endfacet
  facet normal -1 0 0
    outer loop
      vertex 129.5 -38 121.5
      vertex 129.5 -38 124.5
      vertex 129.5 -36.9977 124.456
    endloop
  endfacet
  facet normal -1 0 0
    outer loop
      vertex 129.5 -38.7408 121.468
      vertex 129.5 -38 124.5
      vertex 129.5 -38 121.5
    endloop
  endfacet
  facet normal -1 0 0
    outer loop
      vertex 129.5 -38.7408 121.468
      vertex 129.5 -39.0023 124.456
      vertex 129.5 -38 124.5
    endloop
  endfacet
  facet normal -1 0 0
    outer loop
      vertex 129.5 -39.476 121.371
      vertex 129.5 -39.0023 124.456
      vertex 129.5 -38.7408 121.468
    endloop
  endfacet
  facet normal -1 0 0
    outer loop
      vertex 129.5 -39.476 121.371
      vertex 129.5 -39.997 124.325
      vertex 129.5 -39.0023 124.456
    endloop
  endfacet
  facet normal -1 0 0
    outer loop
      vertex 129.5 -40.2 121.21
      vertex 129.5 -39.997 124.325
      vertex 129.5 -39.476 121.371
    endloop
  endfacet
  facet normal -1 0 0
    outer loop
      vertex 129.5 -40.9764 124.108
      vertex 129.5 -40.2 121.21
      vertex 129.5 -40.9072 120.987
    endloop
  endfacet
  facet normal -1 0 0
    outer loop
      vertex 129.5 -40.2 121.21
      vertex 129.5 -40.9764 124.108
      vertex 129.5 -39.997 124.325
    endloop
  endfacet
  facet normal -1 0 0
    outer loop
      vertex 129.5 -41.9332 123.806
      vertex 129.5 -40.9072 120.987
      vertex 129.5 -41.5923 120.704
    endloop
  endfacet
  facet normal -1 0 0
    outer loop
      vertex 129.5 -40.9072 120.987
      vertex 129.5 -41.9332 123.806
      vertex 129.5 -40.9764 124.108
    endloop
  endfacet
  facet normal -1 0 0
    outer loop
      vertex 129.5 -42.8601 123.423
      vertex 129.5 -41.5923 120.704
      vertex 129.5 -42.25 120.361
    endloop
  endfacet
  facet normal -1 0 0
    outer loop
      vertex 129.5 -41.5923 120.704
      vertex 129.5 -42.8601 123.423
      vertex 129.5 -41.9332 123.806
    endloop
  endfacet
  facet normal -1 0 0
    outer loop
      vertex 129.5 -43.75 122.959
      vertex 129.5 -42.25 120.361
      vertex 129.5 -42.8754 119.963
    endloop
  endfacet
  facet normal -1 0 0
    outer loop
      vertex 129.5 -44.5961 122.42
      vertex 129.5 -42.8754 119.963
      vertex 129.5 -43.4637 119.511
    endloop
  endfacet
  facet normal -1 0 0
    outer loop
      vertex 129.5 -42.25 120.361
      vertex 129.5 -43.75 122.959
      vertex 129.5 -42.8601 123.423
    endloop
  endfacet
  facet normal -1 0 0
    outer loop
      vertex 129.5 -45.3921 121.81
      vertex 129.5 -43.4637 119.511
      vertex 129.5 -44.0104 119.01
    endloop
  endfacet
  facet normal -1 0 0
    outer loop
      vertex 129.5 -46.1317 121.132
      vertex 129.5 -44.0104 119.01
      vertex 129.5 -44.5114 118.464
    endloop
  endfacet
  facet normal -1 0 0
    outer loop
      vertex 129.5 -42.8754 119.963
      vertex 129.5 -44.5961 122.42
      vertex 129.5 -43.75 122.959
    endloop
  endfacet
  facet normal -1 0 0
    outer loop
      vertex 129.5 -46.8095 120.392
      vertex 129.5 -44.5114 118.464
      vertex 129.5 -44.9628 117.875
    endloop
  endfacet
  facet normal -1 0 0
    outer loop
      vertex 129.5 -47.4202 119.596
      vertex 129.5 -44.9628 117.875
      vertex 129.5 -45.3612 117.25
    endloop
  endfacet
  facet normal -1 0 0
    outer loop
      vertex 129.5 -43.4637 119.511
      vertex 129.5 -45.3921 121.81
      vertex 129.5 -44.5961 122.42
    endloop
  endfacet
  facet normal -1 0 0
    outer loop
      vertex 129.5 -47.9593 118.75
      vertex 129.5 -45.3612 117.25
      vertex 129.5 -45.7036 116.592
    endloop
  endfacet
  facet normal -1 0 0
    outer loop
      vertex 129.5 -48.4225 117.86
      vertex 129.5 -45.7036 116.592
      vertex 129.5 -45.9874 115.907
    endloop
  endfacet
  facet normal -1 0 0
    outer loop
      vertex 129.5 -44.0104 119.01
      vertex 129.5 -46.1317 121.132
      vertex 129.5 -45.3921 121.81
    endloop
  endfacet
  facet normal -1 0 0
    outer loop
      vertex 129.5 -48.8065 116.933
      vertex 129.5 -45.9874 115.907
      vertex 129.5 -46.2104 115.2
    endloop
  endfacet
  facet normal -1 0 0
    outer loop
      vertex 129.5 -49.1081 115.976
      vertex 129.5 -46.2104 115.2
      vertex 129.5 -46.3709 114.476
    endloop
  endfacet
  facet normal -1 0 0
    outer loop
      vertex 129.5 -49.3253 114.997
      vertex 129.5 -46.3709 114.476
      vertex 129.5 -46.4677 113.741
    endloop
  endfacet
  facet normal -1 0 0
    outer loop
      vertex 129.5 -44.5114 118.464
      vertex 129.5 -46.8095 120.392
      vertex 129.5 -46.1317 121.132
    endloop
  endfacet
  facet normal -1 0 0
    outer loop
      vertex 129.5 -49.4562 114.002
      vertex 129.5 -46.4677 113.741
      vertex 129.5 -46.5 113
    endloop
  endfacet
  facet normal -1 -0 0
    outer loop
      vertex 129.5 -45.9874 110.093
      vertex 129.5 -48.8065 109.067
      vertex 129.5 -46.2104 110.8
    endloop
  endfacet
  facet normal -1 0 0
    outer loop
      vertex 129.5 -49.1081 110.024
      vertex 129.5 -46.2104 110.8
      vertex 129.5 -48.8065 109.067
    endloop
  endfacet
  facet normal -1 0 0
    outer loop
      vertex 129.5 -44.9628 117.875
      vertex 129.5 -47.4202 119.596
      vertex 129.5 -46.8095 120.392
    endloop
  endfacet
  facet normal -1 -0 0
    outer loop
      vertex 129.5 -46.2104 110.8
      vertex 129.5 -49.1081 110.024
      vertex 129.5 -46.3709 111.524
    endloop
  endfacet
  facet normal -1 0 0
    outer loop
      vertex 129.5 -45.3612 117.25
      vertex 129.5 -47.9593 118.75
      vertex 129.5 -47.4202 119.596
    endloop
  endfacet
  facet normal -1 0 0
    outer loop
      vertex 129.5 -49.3253 111.003
      vertex 129.5 -46.3709 111.524
      vertex 129.5 -49.1081 110.024
    endloop
  endfacet
  facet normal -1 0 0
    outer loop
      vertex 129.5 -45.7036 116.592
      vertex 129.5 -48.4225 117.86
      vertex 129.5 -47.9593 118.75
    endloop
  endfacet
  facet normal -1 -0 0
    outer loop
      vertex 129.5 -46.3709 111.524
      vertex 129.5 -49.3253 111.003
      vertex 129.5 -46.4677 112.259
    endloop
  endfacet
  facet normal -1 0 0
    outer loop
      vertex 129.5 -45.9874 115.907
      vertex 129.5 -48.8065 116.933
      vertex 129.5 -48.4225 117.86
    endloop
  endfacet
  facet normal -1 0 0
    outer loop
      vertex 129.5 -49.4562 111.998
      vertex 129.5 -46.4677 112.259
      vertex 129.5 -49.3253 111.003
    endloop
  endfacet
  facet normal -1 0 0
    outer loop
      vertex 129.5 -46.2104 115.2
      vertex 129.5 -49.1081 115.976
      vertex 129.5 -48.8065 116.933
    endloop
  endfacet
  facet normal -1 -0 0
    outer loop
      vertex 129.5 -46.4677 112.259
      vertex 129.5 -49.4562 111.998
      vertex 129.5 -46.5 113
    endloop
  endfacet
  facet normal -1 0 0
    outer loop
      vertex 129.5 -46.3709 114.476
      vertex 129.5 -49.3253 114.997
      vertex 129.5 -49.1081 115.976
    endloop
  endfacet
  facet normal -1 0 0
    outer loop
      vertex 129.5 -49.5 113
      vertex 129.5 -46.5 113
      vertex 129.5 -49.4562 111.998
    endloop
  endfacet
  facet normal -1 0 0
    outer loop
      vertex 129.5 -46.4677 113.741
      vertex 129.5 -49.4562 114.002
      vertex 129.5 -49.3253 114.997
    endloop
  endfacet
  facet normal -1 0 0
    outer loop
      vertex 129.5 -46.5 113
      vertex 129.5 -49.5 113
      vertex 129.5 -49.4562 114.002
    endloop
  endfacet
  facet normal 0 -0.923871 -0.382704
    outer loop
      vertex 129.5 -48.4225 108.14
      vertex 138.5 -48.8065 109.067
      vertex 129.5 -48.8065 109.067
    endloop
  endfacet
  facet normal 0 -0.923871 -0.382704
    outer loop
      vertex 138.5 -48.8065 109.067
      vertex 129.5 -48.4225 108.14
      vertex 138.5 -48.4225 108.14
    endloop
  endfacet
  facet normal 0 -0.675743 -0.737138
    outer loop
      vertex 129.5 -46.1317 104.868
      vertex 138.5 -45.3921 104.19
      vertex 138.5 -46.1317 104.868
    endloop
  endfacet
  facet normal -0 -0.675743 -0.737138
    outer loop
      vertex 138.5 -45.3921 104.19
      vertex 129.5 -46.1317 104.868
      vertex 129.5 -45.3921 104.19
    endloop
  endfacet
  facet normal 0 -0.300998 -0.953625
    outer loop
      vertex 129.5 -41.9332 102.194
      vertex 138.5 -40.9764 101.892
      vertex 138.5 -41.9332 102.194
    endloop
  endfacet
  facet normal -0 -0.300998 -0.953625
    outer loop
      vertex 138.5 -40.9764 101.892
      vertex 129.5 -41.9332 102.194
      vertex 129.5 -40.9764 101.892
    endloop
  endfacet
  facet normal 0 -0.381888 -0.924209
    outer loop
      vertex 129.5 -42.8601 102.577
      vertex 138.5 -41.9332 102.194
      vertex 138.5 -42.8601 102.577
    endloop
  endfacet
  facet normal -0 -0.381888 -0.924209
    outer loop
      vertex 138.5 -41.9332 102.194
      vertex 129.5 -42.8601 102.577
      vertex 129.5 -41.9332 102.194
    endloop
  endfacet
  facet normal 0 -0.999046 0.0436709
    outer loop
      vertex 129.5 -49.5 113
      vertex 138.5 -49.4562 114.002
      vertex 129.5 -49.4562 114.002
    endloop
  endfacet
  facet normal 0 -0.999046 0.0436709
    outer loop
      vertex 138.5 -49.4562 114.002
      vertex 129.5 -49.5 113
      vertex 138.5 -49.5 113
    endloop
  endfacet
  facet normal 1 0 0
    outer loop
      vertex 138.5 -26.5438 114.002
      vertex 138.5 -26.5438 111.998
      vertex 138.5 -26.5 113
    endloop
  endfacet
  facet normal 1 0 0
    outer loop
      vertex 138.5 -26.6747 114.997
      vertex 138.5 -26.5438 111.998
      vertex 138.5 -26.5438 114.002
    endloop
  endfacet
  facet normal 1 0 0
    outer loop
      vertex 138.5 -26.6747 114.997
      vertex 138.5 -26.6747 111.003
      vertex 138.5 -26.5438 111.998
    endloop
  endfacet
  facet normal 1 0 0
    outer loop
      vertex 138.5 -26.8919 115.976
      vertex 138.5 -26.6747 111.003
      vertex 138.5 -26.6747 114.997
    endloop
  endfacet
  facet normal 1 0 0
    outer loop
      vertex 138.5 -26.8919 115.976
      vertex 138.5 -26.8919 110.024
      vertex 138.5 -26.6747 111.003
    endloop
  endfacet
  facet normal 1 0 0
    outer loop
      vertex 138.5 -27.1935 116.933
      vertex 138.5 -26.8919 110.024
      vertex 138.5 -26.8919 115.976
    endloop
  endfacet
  facet normal 1 0 0
    outer loop
      vertex 138.5 -27.1935 116.933
      vertex 138.5 -27.1935 109.067
      vertex 138.5 -26.8919 110.024
    endloop
  endfacet
  facet normal 1 0 0
    outer loop
      vertex 138.5 -27.5775 117.86
      vertex 138.5 -27.1935 109.067
      vertex 138.5 -27.1935 116.933
    endloop
  endfacet
  facet normal 1 0 0
    outer loop
      vertex 138.5 -27.5775 117.86
      vertex 138.5 -27.5775 108.14
      vertex 138.5 -27.1935 109.067
    endloop
  endfacet
  facet normal 1 0 0
    outer loop
      vertex 138.5 -28.0407 118.75
      vertex 138.5 -27.5775 108.14
      vertex 138.5 -27.5775 117.86
    endloop
  endfacet
  facet normal 1 0 0
    outer loop
      vertex 138.5 -28.0407 118.75
      vertex 138.5 -28.0407 107.25
      vertex 138.5 -27.5775 108.14
    endloop
  endfacet
  facet normal 1 0 0
    outer loop
      vertex 138.5 -28.5798 119.596
      vertex 138.5 -28.0407 107.25
      vertex 138.5 -28.0407 118.75
    endloop
  endfacet
  facet normal 1 0 0
    outer loop
      vertex 138.5 -28.5798 119.596
      vertex 138.5 -28.5798 106.404
      vertex 138.5 -28.0407 107.25
    endloop
  endfacet
  facet normal 1 0 0
    outer loop
      vertex 138.5 -29.1905 120.392
      vertex 138.5 -28.5798 106.404
      vertex 138.5 -28.5798 119.596
    endloop
  endfacet
  facet normal 1 0 0
    outer loop
      vertex 138.5 -29.1905 120.392
      vertex 138.5 -29.1905 105.608
      vertex 138.5 -28.5798 106.404
    endloop
  endfacet
  facet normal 1 0 0
    outer loop
      vertex 138.5 -29.8683 121.132
      vertex 138.5 -29.1905 105.608
      vertex 138.5 -29.1905 120.392
    endloop
  endfacet
  facet normal 1 0 0
    outer loop
      vertex 138.5 -29.8683 121.132
      vertex 138.5 -29.8683 104.868
      vertex 138.5 -29.1905 105.608
    endloop
  endfacet
  facet normal 1 0 0
    outer loop
      vertex 138.5 -30.6079 121.81
      vertex 138.5 -29.8683 104.868
      vertex 138.5 -29.8683 121.132
    endloop
  endfacet
  facet normal 1 0 0
    outer loop
      vertex 138.5 -30.6079 121.81
      vertex 138.5 -30.6079 104.19
      vertex 138.5 -29.8683 104.868
    endloop
  endfacet
  facet normal 1 0 0
    outer loop
      vertex 138.5 -31.4039 122.42
      vertex 138.5 -30.6079 104.19
      vertex 138.5 -30.6079 121.81
    endloop
  endfacet
  facet normal 1 0 0
    outer loop
      vertex 138.5 -31.4039 122.42
      vertex 138.5 -31.4039 103.58
      vertex 138.5 -30.6079 104.19
    endloop
  endfacet
  facet normal 1 0 0
    outer loop
      vertex 138.5 -32.25 122.959
      vertex 138.5 -31.4039 103.58
      vertex 138.5 -31.4039 122.42
    endloop
  endfacet
  facet normal 1 0 0
    outer loop
      vertex 138.5 -32.25 122.959
      vertex 138.5 -32.25 103.041
      vertex 138.5 -31.4039 103.58
    endloop
  endfacet
  facet normal 1 0 0
    outer loop
      vertex 138.5 -33.1399 123.423
      vertex 138.5 -32.25 103.041
      vertex 138.5 -32.25 122.959
    endloop
  endfacet
  facet normal 1 0 0
    outer loop
      vertex 138.5 -33.1399 123.423
      vertex 138.5 -33.1399 102.577
      vertex 138.5 -32.25 103.041
    endloop
  endfacet
  facet normal 1 0 0
    outer loop
      vertex 138.5 -34.0668 123.806
      vertex 138.5 -33.1399 102.577
      vertex 138.5 -33.1399 123.423
    endloop
  endfacet
  facet normal 1 0 0
    outer loop
      vertex 138.5 -34.0668 123.806
      vertex 138.5 -34.0668 102.194
      vertex 138.5 -33.1399 102.577
    endloop
  endfacet
  facet normal 1 0 0
    outer loop
      vertex 138.5 -35.0236 124.108
      vertex 138.5 -34.0668 102.194
      vertex 138.5 -34.0668 123.806
    endloop
  endfacet
  facet normal 1 0 0
    outer loop
      vertex 138.5 -35.0236 124.108
      vertex 138.5 -35.0236 101.892
      vertex 138.5 -34.0668 102.194
    endloop
  endfacet
  facet normal 1 0 0
    outer loop
      vertex 138.5 -36.003 124.325
      vertex 138.5 -35.0236 101.892
      vertex 138.5 -35.0236 124.108
    endloop
  endfacet
  facet normal 1 0 0
    outer loop
      vertex 138.5 -36.003 124.325
      vertex 138.5 -36.003 101.675
      vertex 138.5 -35.0236 101.892
    endloop
  endfacet
  facet normal 1 0 0
    outer loop
      vertex 138.5 -36.9977 124.456
      vertex 138.5 -36.003 101.675
      vertex 138.5 -36.003 124.325
    endloop
  endfacet
  facet normal 1 0 0
    outer loop
      vertex 138.5 -36.9977 124.456
      vertex 138.5 -36.9977 101.544
      vertex 138.5 -36.003 101.675
    endloop
  endfacet
  facet normal 1 0 0
    outer loop
      vertex 138.5 -38 124.5
      vertex 138.5 -36.9977 101.544
      vertex 138.5 -36.9977 124.456
    endloop
  endfacet
  facet normal 1 0 0
    outer loop
      vertex 138.5 -38 124.5
      vertex 138.5 -38 101.5
      vertex 138.5 -36.9977 101.544
    endloop
  endfacet
  facet normal 1 -0 0
    outer loop
      vertex 138.5 -39.0023 124.456
      vertex 138.5 -38 101.5
      vertex 138.5 -38 124.5
    endloop
  endfacet
  facet normal 1 0 0
    outer loop
      vertex 138.5 -39.0023 124.456
      vertex 138.5 -39.0023 101.544
      vertex 138.5 -38 101.5
    endloop
  endfacet
  facet normal 1 -0 0
    outer loop
      vertex 138.5 -39.997 124.325
      vertex 138.5 -39.0023 101.544
      vertex 138.5 -39.0023 124.456
    endloop
  endfacet
  facet normal 1 0 0
    outer loop
      vertex 138.5 -39.997 124.325
      vertex 138.5 -39.997 101.675
      vertex 138.5 -39.0023 101.544
    endloop
  endfacet
  facet normal 1 -0 0
    outer loop
      vertex 138.5 -40.9764 124.108
      vertex 138.5 -39.997 101.675
      vertex 138.5 -39.997 124.325
    endloop
  endfacet
  facet normal 1 0 0
    outer loop
      vertex 138.5 -40.9764 124.108
      vertex 138.5 -40.9764 101.892
      vertex 138.5 -39.997 101.675
    endloop
  endfacet
  facet normal 1 -0 0
    outer loop
      vertex 138.5 -41.9332 123.806
      vertex 138.5 -40.9764 101.892
      vertex 138.5 -40.9764 124.108
    endloop
  endfacet
  facet normal 1 0 0
    outer loop
      vertex 138.5 -41.9332 123.806
      vertex 138.5 -41.9332 102.194
      vertex 138.5 -40.9764 101.892
    endloop
  endfacet
  facet normal 1 -0 0
    outer loop
      vertex 138.5 -42.8601 123.423
      vertex 138.5 -41.9332 102.194
      vertex 138.5 -41.9332 123.806
    endloop
  endfacet
  facet normal 1 0 0
    outer loop
      vertex 138.5 -42.8601 123.423
      vertex 138.5 -42.8601 102.577
      vertex 138.5 -41.9332 102.194
    endloop
  endfacet
  facet normal 1 -0 0
    outer loop
      vertex 138.5 -43.75 122.959
      vertex 138.5 -42.8601 102.577
      vertex 138.5 -42.8601 123.423
    endloop
  endfacet
  facet normal 1 0 0
    outer loop
      vertex 138.5 -43.75 122.959
      vertex 138.5 -43.75 103.041
      vertex 138.5 -42.8601 102.577
    endloop
  endfacet
  facet normal 1 -0 0
    outer loop
      vertex 138.5 -44.5961 122.42
      vertex 138.5 -43.75 103.041
      vertex 138.5 -43.75 122.959
    endloop
  endfacet
  facet normal 1 0 0
    outer loop
      vertex 138.5 -44.5961 122.42
      vertex 138.5 -44.5961 103.58
      vertex 138.5 -43.75 103.041
    endloop
  endfacet
  facet normal 1 -0 0
    outer loop
      vertex 138.5 -45.3921 121.81
      vertex 138.5 -44.5961 103.58
      vertex 138.5 -44.5961 122.42
    endloop
  endfacet
  facet normal 1 0 0
    outer loop
      vertex 138.5 -45.3921 121.81
      vertex 138.5 -45.3921 104.19
      vertex 138.5 -44.5961 103.58
    endloop
  endfacet
  facet normal 1 -0 0
    outer loop
      vertex 138.5 -46.1317 121.132
      vertex 138.5 -45.3921 104.19
      vertex 138.5 -45.3921 121.81
    endloop
  endfacet
  facet normal 1 0 0
    outer loop
      vertex 138.5 -46.1317 121.132
      vertex 138.5 -46.1317 104.868
      vertex 138.5 -45.3921 104.19
    endloop
  endfacet
  facet normal 1 -0 0
    outer loop
      vertex 138.5 -46.8095 120.392
      vertex 138.5 -46.1317 104.868
      vertex 138.5 -46.1317 121.132
    endloop
  endfacet
  facet normal 1 0 0
    outer loop
      vertex 138.5 -46.8095 120.392
      vertex 138.5 -46.8095 105.608
      vertex 138.5 -46.1317 104.868
    endloop
  endfacet
  facet normal 1 -0 0
    outer loop
      vertex 138.5 -47.4202 119.596
      vertex 138.5 -46.8095 105.608
      vertex 138.5 -46.8095 120.392
    endloop
  endfacet
  facet normal 1 0 0
    outer loop
      vertex 138.5 -47.4202 119.596
      vertex 138.5 -47.4202 106.404
      vertex 138.5 -46.8095 105.608
    endloop
  endfacet
  facet normal 1 -0 0
    outer loop
      vertex 138.5 -47.9593 118.75
      vertex 138.5 -47.4202 106.404
      vertex 138.5 -47.4202 119.596
    endloop
  endfacet
  facet normal 1 0 0
    outer loop
      vertex 138.5 -47.9593 118.75
      vertex 138.5 -47.9593 107.25
      vertex 138.5 -47.4202 106.404
    endloop
  endfacet
  facet normal 1 -0 0
    outer loop
      vertex 138.5 -48.4225 117.86
      vertex 138.5 -47.9593 107.25
      vertex 138.5 -47.9593 118.75
    endloop
  endfacet
  facet normal 1 0 0
    outer loop
      vertex 138.5 -48.4225 117.86
      vertex 138.5 -48.4225 108.14
      vertex 138.5 -47.9593 107.25
    endloop
  endfacet
  facet normal 1 -0 0
    outer loop
      vertex 138.5 -48.8065 116.933
      vertex 138.5 -48.4225 108.14
      vertex 138.5 -48.4225 117.86
    endloop
  endfacet
  facet normal 1 0 0
    outer loop
      vertex 138.5 -48.8065 116.933
      vertex 138.5 -48.8065 109.067
      vertex 138.5 -48.4225 108.14
    endloop
  endfacet
  facet normal 1 -0 0
    outer loop
      vertex 138.5 -49.1081 115.976
      vertex 138.5 -48.8065 109.067
      vertex 138.5 -48.8065 116.933
    endloop
  endfacet
  facet normal 1 0 0
    outer loop
      vertex 138.5 -49.1081 115.976
      vertex 138.5 -49.1081 110.024
      vertex 138.5 -48.8065 109.067
    endloop
  endfacet
  facet normal 1 -0 0
    outer loop
      vertex 138.5 -49.3253 114.997
      vertex 138.5 -49.1081 110.024
      vertex 138.5 -49.1081 115.976
    endloop
  endfacet
  facet normal 1 0 0
    outer loop
      vertex 138.5 -49.3253 114.997
      vertex 138.5 -49.3253 111.003
      vertex 138.5 -49.1081 110.024
    endloop
  endfacet
  facet normal 1 -0 0
    outer loop
      vertex 138.5 -49.4562 114.002
      vertex 138.5 -49.3253 111.003
      vertex 138.5 -49.3253 114.997
    endloop
  endfacet
  facet normal 1 0 0
    outer loop
      vertex 138.5 -49.4562 114.002
      vertex 138.5 -49.4562 111.998
      vertex 138.5 -49.3253 111.003
    endloop
  endfacet
  facet normal 1 0 -0
    outer loop
      vertex 138.5 -49.4562 111.998
      vertex 138.5 -49.4562 114.002
      vertex 138.5 -49.5 113
    endloop
  endfacet
  facet normal 0 -0.976262 0.216593
    outer loop
      vertex 129.5 -49.3253 114.997
      vertex 138.5 -49.1081 115.976
      vertex 129.5 -49.1081 115.976
    endloop
  endfacet
  facet normal 0 -0.976262 0.216593
    outer loop
      vertex 138.5 -49.1081 115.976
      vertex 129.5 -49.3253 114.997
      vertex 138.5 -49.3253 114.997
    endloop
  endfacet
  facet normal 0 -0.737419 0.675436
    outer loop
      vertex 129.5 -46.8095 120.392
      vertex 138.5 -46.1317 121.132
      vertex 129.5 -46.1317 121.132
    endloop
  endfacet
  facet normal 0 -0.737419 0.675436
    outer loop
      vertex 138.5 -46.1317 121.132
      vertex 129.5 -46.8095 120.392
      vertex 138.5 -46.8095 120.392
    endloop
  endfacet
  facet normal 0 -0.0438568 0.999038
    outer loop
      vertex 129.5 -38 124.5
      vertex 138.5 -39.0023 124.456
      vertex 138.5 -38 124.5
    endloop
  endfacet
  facet normal 0 -0.0438568 0.999038
    outer loop
      vertex 138.5 -39.0023 124.456
      vertex 129.5 -38 124.5
      vertex 129.5 -39.0023 124.456
    endloop
  endfacet
  facet normal 0 0.953757 -0.300578
    outer loop
      vertex 138.5 -27.1935 109.067
      vertex 129.5 -26.8919 110.024
      vertex 138.5 -26.8919 110.024
    endloop
  endfacet
  facet normal 0 0.953757 -0.300578
    outer loop
      vertex 129.5 -26.8919 110.024
      vertex 138.5 -27.1935 109.067
      vertex 129.5 -27.1935 109.067
    endloop
  endfacet
  facet normal 0 -0.991457 -0.130434
    outer loop
      vertex 129.5 -49.3253 111.003
      vertex 138.5 -49.4562 111.998
      vertex 129.5 -49.4562 111.998
    endloop
  endfacet
  facet normal 0 -0.991457 -0.130434
    outer loop
      vertex 138.5 -49.4562 111.998
      vertex 129.5 -49.3253 111.003
      vertex 138.5 -49.3253 111.003
    endloop
  endfacet
  facet normal 0 0.0431563 -0.999068
    outer loop
      vertex 101 38 104.5
      vertex 129.5 38.7408 104.532
      vertex 129.5 38 104.5
    endloop
  endfacet
  facet normal 0 0.0431563 -0.999068
    outer loop
      vertex 129.5 38.7408 104.532
      vertex 101 38 104.5
      vertex 101 38.7408 104.532
    endloop
  endfacet
  facet normal -0 0.0431563 0.999068
    outer loop
      vertex 101 38.7408 121.468
      vertex 129.5 38 121.5
      vertex 129.5 38.7408 121.468
    endloop
  endfacet
  facet normal 0 0.0431563 0.999068
    outer loop
      vertex 129.5 38 121.5
      vertex 101 38.7408 121.468
      vertex 101 38 121.5
    endloop
  endfacet
  facet normal 0 0.736818 0.676091
    outer loop
      vertex 129.5 44.5114 118.464
      vertex 101 44.0104 119.01
      vertex 129.5 44.0104 119.01
    endloop
  endfacet
  facet normal 0 0.736818 0.676091
    outer loop
      vertex 101 44.0104 119.01
      vertex 129.5 44.5114 118.464
      vertex 101 44.5114 118.464
    endloop
  endfacet
  facet normal 0 0.999051 -0.0435484
    outer loop
      vertex 129.5 46.4677 112.259
      vertex 101 46.5 113
      vertex 129.5 46.5 113
    endloop
  endfacet
  facet normal 0 0.999051 -0.0435484
    outer loop
      vertex 101 46.5 113
      vertex 129.5 46.4677 112.259
      vertex 101 46.4677 112.259
    endloop
  endfacet
  facet normal 0 0.887084 -0.461607
    outer loop
      vertex 129.5 45.3612 108.75
      vertex 101 45.7036 109.408
      vertex 129.5 45.7036 109.408
    endloop
  endfacet
  facet normal 0 0.887084 -0.461607
    outer loop
      vertex 101 45.7036 109.408
      vertex 129.5 45.3612 108.75
      vertex 101 45.3612 108.75
    endloop
  endfacet
  facet normal -0 0.536893 0.84365
    outer loop
      vertex 101 42.8754 119.963
      vertex 129.5 42.25 120.361
      vertex 129.5 42.8754 119.963
    endloop
  endfacet
  facet normal 0 0.536893 0.84365
    outer loop
      vertex 129.5 42.25 120.361
      vertex 101 42.8754 119.963
      vertex 101 42.25 120.361
    endloop
  endfacet
  facet normal -0 0.609255 0.792975
    outer loop
      vertex 101 43.4637 119.511
      vertex 129.5 42.8754 119.963
      vertex 129.5 43.4637 119.511
    endloop
  endfacet
  facet normal 0 0.609255 0.792975
    outer loop
      vertex 129.5 42.8754 119.963
      vertex 101 43.4637 119.511
      vertex 101 42.8754 119.963
    endloop
  endfacet
  facet normal 0 0.953685 0.300809
    outer loop
      vertex 129.5 46.2104 115.2
      vertex 101 45.9874 115.907
      vertex 129.5 45.9874 115.907
    endloop
  endfacet
  facet normal 0 0.953685 0.300809
    outer loop
      vertex 101 45.9874 115.907
      vertex 129.5 46.2104 115.2
      vertex 101 46.2104 115.2
    endloop
  endfacet
  facet normal 0 -0.991439 -0.130573
    outer loop
      vertex 101 29.6291 111.524
      vertex 129.5 29.5323 112.259
      vertex 101 29.5323 112.259
    endloop
  endfacet
  facet normal 0 -0.991439 -0.130573
    outer loop
      vertex 129.5 29.5323 112.259
      vertex 101 29.6291 111.524
      vertex 129.5 29.6291 111.524
    endloop
  endfacet
  facet normal 0 0.130803 -0.991408
    outer loop
      vertex 101 38.7408 104.532
      vertex 129.5 39.476 104.629
      vertex 129.5 38.7408 104.532
    endloop
  endfacet
  facet normal 0 0.130803 -0.991408
    outer loop
      vertex 129.5 39.476 104.629
      vertex 101 38.7408 104.532
      vertex 101 39.476 104.629
    endloop
  endfacet
  facet normal 0 0.300731 -0.953709
    outer loop
      vertex 101 40.2 104.79
      vertex 129.5 40.9072 105.013
      vertex 129.5 40.2 104.79
    endloop
  endfacet
  facet normal 0 0.300731 -0.953709
    outer loop
      vertex 129.5 40.9072 105.013
      vertex 101 40.2 104.79
      vertex 101 40.9072 105.013
    endloop
  endfacet
  facet normal 0 0.609255 -0.792975
    outer loop
      vertex 101 42.8754 106.037
      vertex 129.5 43.4637 106.489
      vertex 129.5 42.8754 106.037
    endloop
  endfacet
  facet normal 0 0.609255 -0.792975
    outer loop
      vertex 129.5 43.4637 106.489
      vertex 101 42.8754 106.037
      vertex 101 43.4637 106.489
    endloop
  endfacet
  facet normal 0 0.536893 -0.84365
    outer loop
      vertex 101 42.25 105.639
      vertex 129.5 42.8754 106.037
      vertex 129.5 42.25 105.639
    endloop
  endfacet
  facet normal 0 0.536893 -0.84365
    outer loop
      vertex 129.5 42.8754 106.037
      vertex 101 42.25 105.639
      vertex 101 42.8754 106.037
    endloop
  endfacet
  facet normal 0 0.462409 -0.886667
    outer loop
      vertex 101 41.5923 105.296
      vertex 129.5 42.25 105.639
      vertex 129.5 41.5923 105.296
    endloop
  endfacet
  facet normal 0 0.462409 -0.886667
    outer loop
      vertex 129.5 42.25 105.639
      vertex 101 41.5923 105.296
      vertex 101 42.25 105.639
    endloop
  endfacet
  facet normal 0 0.976298 -0.216431
    outer loop
      vertex 129.5 46.2104 110.8
      vertex 101 46.3709 111.524
      vertex 129.5 46.3709 111.524
    endloop
  endfacet
  facet normal 0 0.976298 -0.216431
    outer loop
      vertex 101 46.3709 111.524
      vertex 129.5 46.2104 110.8
      vertex 101 46.2104 110.8
    endloop
  endfacet
  facet normal 0 0.991439 -0.130573
    outer loop
      vertex 129.5 46.3709 111.524
      vertex 101 46.4677 112.259
      vertex 129.5 46.4677 112.259
    endloop
  endfacet
  facet normal 0 0.991439 -0.130573
    outer loop
      vertex 101 46.4677 112.259
      vertex 129.5 46.3709 111.524
      vertex 101 46.3709 111.524
    endloop
  endfacet
  facet normal 0 0.736818 -0.676091
    outer loop
      vertex 129.5 44.0104 106.99
      vertex 101 44.5114 107.536
      vertex 129.5 44.5114 107.536
    endloop
  endfacet
  facet normal 0 0.736818 -0.676091
    outer loop
      vertex 101 44.5114 107.536
      vertex 129.5 44.0104 106.99
      vertex 101 44.0104 106.99
    endloop
  endfacet
  facet normal 0 0.84325 -0.537521
    outer loop
      vertex 129.5 44.9628 108.125
      vertex 101 45.3612 108.75
      vertex 129.5 45.3612 108.75
    endloop
  endfacet
  facet normal 0 0.84325 -0.537521
    outer loop
      vertex 101 45.3612 108.75
      vertex 129.5 44.9628 108.125
      vertex 101 44.9628 108.125
    endloop
  endfacet
  facet normal 0 0.793715 -0.60829
    outer loop
      vertex 129.5 44.5114 107.536
      vertex 101 44.9628 108.125
      vertex 129.5 44.9628 108.125
    endloop
  endfacet
  facet normal 0 0.793715 -0.60829
    outer loop
      vertex 101 44.9628 108.125
      vertex 129.5 44.5114 107.536
      vertex 101 44.5114 107.536
    endloop
  endfacet
  facet normal -0 0.462409 0.886667
    outer loop
      vertex 101 42.25 120.361
      vertex 129.5 41.5923 120.704
      vertex 129.5 42.25 120.361
    endloop
  endfacet
  facet normal 0 0.462409 0.886667
    outer loop
      vertex 129.5 41.5923 120.704
      vertex 101 42.25 120.361
      vertex 101 41.5923 120.704
    endloop
  endfacet
  facet normal -0 0.217073 0.976155
    outer loop
      vertex 101 40.2 121.21
      vertex 129.5 39.476 121.371
      vertex 129.5 40.2 121.21
    endloop
  endfacet
  facet normal 0 0.217073 0.976155
    outer loop
      vertex 129.5 39.476 121.371
      vertex 101 40.2 121.21
      vertex 101 39.476 121.371
    endloop
  endfacet
  facet normal 0 0.84325 0.537521
    outer loop
      vertex 129.5 45.3612 117.25
      vertex 101 44.9628 117.875
      vertex 129.5 44.9628 117.875
    endloop
  endfacet
  facet normal 0 0.84325 0.537521
    outer loop
      vertex 101 44.9628 117.875
      vertex 129.5 45.3612 117.25
      vertex 101 45.3612 117.25
    endloop
  endfacet
  facet normal 0 0.999051 0.0435484
    outer loop
      vertex 129.5 46.5 113
      vertex 101 46.4677 113.741
      vertex 129.5 46.4677 113.741
    endloop
  endfacet
  facet normal 0 0.999051 0.0435484
    outer loop
      vertex 101 46.4677 113.741
      vertex 129.5 46.5 113
      vertex 101 46.5 113
    endloop
  endfacet
  facet normal 0 0.991439 0.130573
    outer loop
      vertex 129.5 46.4677 113.741
      vertex 101 46.3709 114.476
      vertex 129.5 46.3709 114.476
    endloop
  endfacet
  facet normal 0 0.991439 0.130573
    outer loop
      vertex 101 46.3709 114.476
      vertex 129.5 46.4677 113.741
      vertex 101 46.4677 113.741
    endloop
  endfacet
  facet normal 0 -0.462409 -0.886667
    outer loop
      vertex 101 33.75 105.639
      vertex 129.5 34.4077 105.296
      vertex 129.5 33.75 105.639
    endloop
  endfacet
  facet normal -0 -0.462409 -0.886667
    outer loop
      vertex 129.5 34.4077 105.296
      vertex 101 33.75 105.639
      vertex 101 34.4077 105.296
    endloop
  endfacet
  facet normal 0 -0.381788 0.92425
    outer loop
      vertex 101 35.0928 120.987
      vertex 129.5 34.4077 120.704
      vertex 129.5 35.0928 120.987
    endloop
  endfacet
  facet normal 0 -0.381788 0.92425
    outer loop
      vertex 129.5 34.4077 120.704
      vertex 101 35.0928 120.987
      vertex 101 34.4077 120.704
    endloop
  endfacet
  facet normal 0 -0.953685 -0.300809
    outer loop
      vertex 101 30.0126 110.093
      vertex 129.5 29.7896 110.8
      vertex 101 29.7896 110.8
    endloop
  endfacet
  facet normal 0 -0.953685 -0.300809
    outer loop
      vertex 129.5 29.7896 110.8
      vertex 101 30.0126 110.093
      vertex 129.5 30.0126 110.093
    endloop
  endfacet
  facet normal 0 -0.976298 -0.216431
    outer loop
      vertex 101 29.7896 110.8
      vertex 129.5 29.6291 111.524
      vertex 101 29.6291 111.524
    endloop
  endfacet
  facet normal 0 -0.976298 -0.216431
    outer loop
      vertex 129.5 29.6291 111.524
      vertex 101 29.7896 110.8
      vertex 129.5 29.7896 110.8
    endloop
  endfacet
  facet normal 0 0.217073 -0.976155
    outer loop
      vertex 101 39.476 104.629
      vertex 129.5 40.2 104.79
      vertex 129.5 39.476 104.629
    endloop
  endfacet
  facet normal 0 0.217073 -0.976155
    outer loop
      vertex 129.5 40.2 104.79
      vertex 101 39.476 104.629
      vertex 101 40.2 104.79
    endloop
  endfacet
  facet normal 0 0.381788 -0.92425
    outer loop
      vertex 101 40.9072 105.013
      vertex 129.5 41.5923 105.296
      vertex 129.5 40.9072 105.013
    endloop
  endfacet
  facet normal 0 0.381788 -0.92425
    outer loop
      vertex 129.5 41.5923 105.296
      vertex 101 40.9072 105.013
      vertex 101 41.5923 105.296
    endloop
  endfacet
  facet normal 0 0.675621 -0.737249
    outer loop
      vertex 101 43.4637 106.489
      vertex 129.5 44.0104 106.99
      vertex 129.5 43.4637 106.489
    endloop
  endfacet
  facet normal 0 0.675621 -0.737249
    outer loop
      vertex 129.5 44.0104 106.99
      vertex 101 43.4637 106.489
      vertex 101 44.0104 106.99
    endloop
  endfacet
  facet normal 0 0.923849 -0.382757
    outer loop
      vertex 129.5 45.7036 109.408
      vertex 101 45.9874 110.093
      vertex 129.5 45.9874 110.093
    endloop
  endfacet
  facet normal 0 0.923849 -0.382757
    outer loop
      vertex 101 45.9874 110.093
      vertex 129.5 45.7036 109.408
      vertex 101 45.7036 109.408
    endloop
  endfacet
  facet normal 0 0.953685 -0.300809
    outer loop
      vertex 129.5 45.9874 110.093
      vertex 101 46.2104 110.8
      vertex 129.5 46.2104 110.8
    endloop
  endfacet
  facet normal 0 0.953685 -0.300809
    outer loop
      vertex 101 46.2104 110.8
      vertex 129.5 45.9874 110.093
      vertex 101 45.9874 110.093
    endloop
  endfacet
  facet normal -0 0.675621 0.737249
    outer loop
      vertex 101 44.0104 119.01
      vertex 129.5 43.4637 119.511
      vertex 129.5 44.0104 119.01
    endloop
  endfacet
  facet normal 0 0.675621 0.737249
    outer loop
      vertex 129.5 43.4637 119.511
      vertex 101 44.0104 119.01
      vertex 101 43.4637 119.511
    endloop
  endfacet
  facet normal -0 0.381788 0.92425
    outer loop
      vertex 101 41.5923 120.704
      vertex 129.5 40.9072 120.987
      vertex 129.5 41.5923 120.704
    endloop
  endfacet
  facet normal 0 0.381788 0.92425
    outer loop
      vertex 129.5 40.9072 120.987
      vertex 101 41.5923 120.704
      vertex 101 40.9072 120.987
    endloop
  endfacet
  facet normal -0 0.130803 0.991408
    outer loop
      vertex 101 39.476 121.371
      vertex 129.5 38.7408 121.468
      vertex 129.5 39.476 121.371
    endloop
  endfacet
  facet normal 0 0.130803 0.991408
    outer loop
      vertex 129.5 38.7408 121.468
      vertex 101 39.476 121.371
      vertex 101 38.7408 121.468
    endloop
  endfacet
  facet normal -0 0.300731 0.953709
    outer loop
      vertex 101 40.9072 120.987
      vertex 129.5 40.2 121.21
      vertex 129.5 40.9072 120.987
    endloop
  endfacet
  facet normal 0 0.300731 0.953709
    outer loop
      vertex 129.5 40.2 121.21
      vertex 101 40.9072 120.987
      vertex 101 40.2 121.21
    endloop
  endfacet
  facet normal 0 0.793715 0.60829
    outer loop
      vertex 129.5 44.9628 117.875
      vertex 101 44.5114 118.464
      vertex 129.5 44.5114 118.464
    endloop
  endfacet
  facet normal 0 0.793715 0.60829
    outer loop
      vertex 101 44.5114 118.464
      vertex 129.5 44.9628 117.875
      vertex 101 44.9628 117.875
    endloop
  endfacet
  facet normal 0 0.887084 0.461607
    outer loop
      vertex 129.5 45.7036 116.592
      vertex 101 45.3612 117.25
      vertex 129.5 45.3612 117.25
    endloop
  endfacet
  facet normal 0 0.887084 0.461607
    outer loop
      vertex 101 45.3612 117.25
      vertex 129.5 45.7036 116.592
      vertex 101 45.7036 116.592
    endloop
  endfacet
  facet normal 0 0.923849 0.382757
    outer loop
      vertex 129.5 45.9874 115.907
      vertex 101 45.7036 116.592
      vertex 129.5 45.7036 116.592
    endloop
  endfacet
  facet normal 0 0.923849 0.382757
    outer loop
      vertex 101 45.7036 116.592
      vertex 129.5 45.9874 115.907
      vertex 101 45.9874 115.907
    endloop
  endfacet
  facet normal 0 0.976298 0.216431
    outer loop
      vertex 129.5 46.3709 114.476
      vertex 101 46.2104 115.2
      vertex 129.5 46.2104 115.2
    endloop
  endfacet
  facet normal 0 0.976298 0.216431
    outer loop
      vertex 101 46.2104 115.2
      vertex 129.5 46.3709 114.476
      vertex 101 46.3709 114.476
    endloop
  endfacet
  facet normal 0 -0.217073 -0.976155
    outer loop
      vertex 101 35.8 104.79
      vertex 129.5 36.524 104.629
      vertex 129.5 35.8 104.79
    endloop
  endfacet
  facet normal -0 -0.217073 -0.976155
    outer loop
      vertex 129.5 36.524 104.629
      vertex 101 35.8 104.79
      vertex 101 36.524 104.629
    endloop
  endfacet
  facet normal 0 -0.130803 -0.991408
    outer loop
      vertex 101 36.524 104.629
      vertex 129.5 37.2592 104.532
      vertex 129.5 36.524 104.629
    endloop
  endfacet
  facet normal -0 -0.130803 -0.991408
    outer loop
      vertex 129.5 37.2592 104.532
      vertex 101 36.524 104.629
      vertex 101 37.2592 104.532
    endloop
  endfacet
  facet normal 0 -0.0431563 -0.999068
    outer loop
      vertex 101 37.2592 104.532
      vertex 129.5 38 104.5
      vertex 129.5 37.2592 104.532
    endloop
  endfacet
  facet normal -0 -0.0431563 -0.999068
    outer loop
      vertex 129.5 38 104.5
      vertex 101 37.2592 104.532
      vertex 101 38 104.5
    endloop
  endfacet
  facet normal 0 -0.381788 -0.92425
    outer loop
      vertex 101 34.4077 105.296
      vertex 129.5 35.0928 105.013
      vertex 129.5 34.4077 105.296
    endloop
  endfacet
  facet normal -0 -0.381788 -0.92425
    outer loop
      vertex 129.5 35.0928 105.013
      vertex 101 34.4077 105.296
      vertex 101 35.0928 105.013
    endloop
  endfacet
  facet normal 0 -0.999051 -0.0435484
    outer loop
      vertex 101 29.5323 112.259
      vertex 129.5 29.5 113
      vertex 101 29.5 113
    endloop
  endfacet
  facet normal 0 -0.999051 -0.0435484
    outer loop
      vertex 129.5 29.5 113
      vertex 101 29.5323 112.259
      vertex 129.5 29.5323 112.259
    endloop
  endfacet
  facet normal 0 -0.923849 0.382757
    outer loop
      vertex 101 30.0126 115.907
      vertex 129.5 30.2964 116.592
      vertex 101 30.2964 116.592
    endloop
  endfacet
  facet normal 0 -0.923849 0.382757
    outer loop
      vertex 129.5 30.2964 116.592
      vertex 101 30.0126 115.907
      vertex 129.5 30.0126 115.907
    endloop
  endfacet
  facet normal 0 -0.675621 0.737249
    outer loop
      vertex 101 32.5363 119.511
      vertex 129.5 31.9896 119.01
      vertex 129.5 32.5363 119.511
    endloop
  endfacet
  facet normal 0 -0.675621 0.737249
    outer loop
      vertex 129.5 31.9896 119.01
      vertex 101 32.5363 119.511
      vertex 101 31.9896 119.01
    endloop
  endfacet
  facet normal 0 -0.923849 -0.382757
    outer loop
      vertex 101 30.2964 109.408
      vertex 129.5 30.0126 110.093
      vertex 101 30.0126 110.093
    endloop
  endfacet
  facet normal 0 -0.923849 -0.382757
    outer loop
      vertex 129.5 30.0126 110.093
      vertex 101 30.2964 109.408
      vertex 129.5 30.2964 109.408
    endloop
  endfacet
  facet normal 0 -0.609255 -0.792975
    outer loop
      vertex 101 32.5363 106.489
      vertex 129.5 33.1246 106.037
      vertex 129.5 32.5363 106.489
    endloop
  endfacet
  facet normal -0 -0.609255 -0.792975
    outer loop
      vertex 129.5 33.1246 106.037
      vertex 101 32.5363 106.489
      vertex 101 33.1246 106.037
    endloop
  endfacet
  facet normal 0 -0.793715 -0.60829
    outer loop
      vertex 101 31.4886 107.536
      vertex 129.5 31.0372 108.125
      vertex 101 31.0372 108.125
    endloop
  endfacet
  facet normal 0 -0.793715 -0.60829
    outer loop
      vertex 129.5 31.0372 108.125
      vertex 101 31.4886 107.536
      vertex 129.5 31.4886 107.536
    endloop
  endfacet
  facet normal 0 -0.300731 -0.953709
    outer loop
      vertex 101 35.0928 105.013
      vertex 129.5 35.8 104.79
      vertex 129.5 35.0928 105.013
    endloop
  endfacet
  facet normal -0 -0.300731 -0.953709
    outer loop
      vertex 129.5 35.8 104.79
      vertex 101 35.0928 105.013
      vertex 101 35.8 104.79
    endloop
  endfacet
  facet normal 0 -0.609255 0.792975
    outer loop
      vertex 101 33.1246 119.963
      vertex 129.5 32.5363 119.511
      vertex 129.5 33.1246 119.963
    endloop
  endfacet
  facet normal 0 -0.609255 0.792975
    outer loop
      vertex 129.5 32.5363 119.511
      vertex 101 33.1246 119.963
      vertex 101 32.5363 119.511
    endloop
  endfacet
  facet normal 0 -0.536893 0.84365
    outer loop
      vertex 101 33.75 120.361
      vertex 129.5 33.1246 119.963
      vertex 129.5 33.75 120.361
    endloop
  endfacet
  facet normal 0 -0.536893 0.84365
    outer loop
      vertex 129.5 33.1246 119.963
      vertex 101 33.75 120.361
      vertex 101 33.1246 119.963
    endloop
  endfacet
  facet normal 0 -0.462409 0.886667
    outer loop
      vertex 101 34.4077 120.704
      vertex 129.5 33.75 120.361
      vertex 129.5 34.4077 120.704
    endloop
  endfacet
  facet normal 0 -0.462409 0.886667
    outer loop
      vertex 129.5 33.75 120.361
      vertex 101 34.4077 120.704
      vertex 101 33.75 120.361
    endloop
  endfacet
  facet normal 0 -0.217073 0.976155
    outer loop
      vertex 101 36.524 121.371
      vertex 129.5 35.8 121.21
      vertex 129.5 36.524 121.371
    endloop
  endfacet
  facet normal 0 -0.217073 0.976155
    outer loop
      vertex 129.5 35.8 121.21
      vertex 101 36.524 121.371
      vertex 101 35.8 121.21
    endloop
  endfacet
  facet normal 0 -0.130803 0.991408
    outer loop
      vertex 101 37.2592 121.468
      vertex 129.5 36.524 121.371
      vertex 129.5 37.2592 121.468
    endloop
  endfacet
  facet normal 0 -0.130803 0.991408
    outer loop
      vertex 129.5 36.524 121.371
      vertex 101 37.2592 121.468
      vertex 101 36.524 121.371
    endloop
  endfacet
  facet normal 0 -0.0431563 0.999068
    outer loop
      vertex 101 38 121.5
      vertex 129.5 37.2592 121.468
      vertex 129.5 38 121.5
    endloop
  endfacet
  facet normal 0 -0.0431563 0.999068
    outer loop
      vertex 129.5 37.2592 121.468
      vertex 101 38 121.5
      vertex 101 37.2592 121.468
    endloop
  endfacet
  facet normal 0 -0.536893 -0.84365
    outer loop
      vertex 101 33.1246 106.037
      vertex 129.5 33.75 105.639
      vertex 129.5 33.1246 106.037
    endloop
  endfacet
  facet normal -0 -0.536893 -0.84365
    outer loop
      vertex 129.5 33.75 105.639
      vertex 101 33.1246 106.037
      vertex 101 33.75 105.639
    endloop
  endfacet
  facet normal 0 -0.736818 -0.676091
    outer loop
      vertex 101 31.9896 106.99
      vertex 129.5 31.4886 107.536
      vertex 101 31.4886 107.536
    endloop
  endfacet
  facet normal 0 -0.736818 -0.676091
    outer loop
      vertex 129.5 31.4886 107.536
      vertex 101 31.9896 106.99
      vertex 129.5 31.9896 106.99
    endloop
  endfacet
  facet normal 0 -0.675621 -0.737249
    outer loop
      vertex 101 31.9896 106.99
      vertex 129.5 32.5363 106.489
      vertex 129.5 31.9896 106.99
    endloop
  endfacet
  facet normal -0 -0.675621 -0.737249
    outer loop
      vertex 129.5 32.5363 106.489
      vertex 101 31.9896 106.99
      vertex 101 32.5363 106.489
    endloop
  endfacet
  facet normal 0 -0.999051 0.0435484
    outer loop
      vertex 101 29.5 113
      vertex 129.5 29.5323 113.741
      vertex 101 29.5323 113.741
    endloop
  endfacet
  facet normal 0 -0.999051 0.0435484
    outer loop
      vertex 129.5 29.5323 113.741
      vertex 101 29.5 113
      vertex 129.5 29.5 113
    endloop
  endfacet
  facet normal -1 0 0
    outer loop
      vertex 101 46.4677 112.259
      vertex 101 46.4677 113.741
      vertex 101 46.5 113
    endloop
  endfacet
  facet normal -1 0 0
    outer loop
      vertex 101 46.3709 111.524
      vertex 101 46.4677 113.741
      vertex 101 46.4677 112.259
    endloop
  endfacet
  facet normal -1 0 0
    outer loop
      vertex 101 46.3709 111.524
      vertex 101 46.3709 114.476
      vertex 101 46.4677 113.741
    endloop
  endfacet
  facet normal -1 0 0
    outer loop
      vertex 101 46.2104 110.8
      vertex 101 46.3709 114.476
      vertex 101 46.3709 111.524
    endloop
  endfacet
  facet normal -1 0 0
    outer loop
      vertex 101 46.2104 110.8
      vertex 101 46.2104 115.2
      vertex 101 46.3709 114.476
    endloop
  endfacet
  facet normal -1 0 0
    outer loop
      vertex 101 45.9874 110.093
      vertex 101 46.2104 115.2
      vertex 101 46.2104 110.8
    endloop
  endfacet
  facet normal -1 0 0
    outer loop
      vertex 101 45.9874 110.093
      vertex 101 45.9874 115.907
      vertex 101 46.2104 115.2
    endloop
  endfacet
  facet normal -1 0 0
    outer loop
      vertex 101 45.7036 109.408
      vertex 101 45.9874 115.907
      vertex 101 45.9874 110.093
    endloop
  endfacet
  facet normal -1 0 0
    outer loop
      vertex 101 45.7036 109.408
      vertex 101 45.7036 116.592
      vertex 101 45.9874 115.907
    endloop
  endfacet
  facet normal -1 0 0
    outer loop
      vertex 101 45.3612 108.75
      vertex 101 45.7036 116.592
      vertex 101 45.7036 109.408
    endloop
  endfacet
  facet normal -1 0 0
    outer loop
      vertex 101 45.3612 108.75
      vertex 101 45.3612 117.25
      vertex 101 45.7036 116.592
    endloop
  endfacet
  facet normal -1 0 0
    outer loop
      vertex 101 44.9628 108.125
      vertex 101 45.3612 117.25
      vertex 101 45.3612 108.75
    endloop
  endfacet
  facet normal -1 0 0
    outer loop
      vertex 101 44.9628 108.125
      vertex 101 44.9628 117.875
      vertex 101 45.3612 117.25
    endloop
  endfacet
  facet normal -1 0 0
    outer loop
      vertex 101 44.5114 107.536
      vertex 101 44.9628 117.875
      vertex 101 44.9628 108.125
    endloop
  endfacet
  facet normal -1 0 0
    outer loop
      vertex 101 44.5114 107.536
      vertex 101 44.5114 118.464
      vertex 101 44.9628 117.875
    endloop
  endfacet
  facet normal -1 0 0
    outer loop
      vertex 101 44.0104 106.99
      vertex 101 44.5114 118.464
      vertex 101 44.5114 107.536
    endloop
  endfacet
  facet normal -1 0 0
    outer loop
      vertex 101 44.0104 106.99
      vertex 101 44.0104 119.01
      vertex 101 44.5114 118.464
    endloop
  endfacet
  facet normal -1 0 0
    outer loop
      vertex 101 43.4637 106.489
      vertex 101 44.0104 119.01
      vertex 101 44.0104 106.99
    endloop
  endfacet
  facet normal -1 0 0
    outer loop
      vertex 101 43.4637 106.489
      vertex 101 43.4637 119.511
      vertex 101 44.0104 119.01
    endloop
  endfacet
  facet normal -1 0 0
    outer loop
      vertex 101 42.8754 106.037
      vertex 101 43.4637 119.511
      vertex 101 43.4637 106.489
    endloop
  endfacet
  facet normal -1 0 0
    outer loop
      vertex 101 42.8754 106.037
      vertex 101 42.8754 119.963
      vertex 101 43.4637 119.511
    endloop
  endfacet
  facet normal -1 0 0
    outer loop
      vertex 101 42.25 105.639
      vertex 101 42.8754 119.963
      vertex 101 42.8754 106.037
    endloop
  endfacet
  facet normal -1 0 0
    outer loop
      vertex 101 42.25 105.639
      vertex 101 42.25 120.361
      vertex 101 42.8754 119.963
    endloop
  endfacet
  facet normal -1 0 0
    outer loop
      vertex 101 41.5923 105.296
      vertex 101 42.25 120.361
      vertex 101 42.25 105.639
    endloop
  endfacet
  facet normal -1 0 0
    outer loop
      vertex 101 41.5923 105.296
      vertex 101 41.5923 120.704
      vertex 101 42.25 120.361
    endloop
  endfacet
  facet normal -1 0 0
    outer loop
      vertex 101 40.9072 105.013
      vertex 101 41.5923 120.704
      vertex 101 41.5923 105.296
    endloop
  endfacet
  facet normal -1 0 0
    outer loop
      vertex 101 40.9072 105.013
      vertex 101 40.9072 120.987
      vertex 101 41.5923 120.704
    endloop
  endfacet
  facet normal -1 0 0
    outer loop
      vertex 101 40.2 104.79
      vertex 101 40.9072 120.987
      vertex 101 40.9072 105.013
    endloop
  endfacet
  facet normal -1 0 0
    outer loop
      vertex 101 40.2 104.79
      vertex 101 40.2 121.21
      vertex 101 40.9072 120.987
    endloop
  endfacet
  facet normal -1 0 0
    outer loop
      vertex 101 39.476 104.629
      vertex 101 40.2 121.21
      vertex 101 40.2 104.79
    endloop
  endfacet
  facet normal -1 0 0
    outer loop
      vertex 101 39.476 104.629
      vertex 101 39.476 121.371
      vertex 101 40.2 121.21
    endloop
  endfacet
  facet normal -1 0 0
    outer loop
      vertex 101 38.7408 104.532
      vertex 101 39.476 121.371
      vertex 101 39.476 104.629
    endloop
  endfacet
  facet normal -1 0 0
    outer loop
      vertex 101 38.7408 104.532
      vertex 101 38.7408 121.468
      vertex 101 39.476 121.371
    endloop
  endfacet
  facet normal -1 0 0
    outer loop
      vertex 101 38 104.5
      vertex 101 38.7408 121.468
      vertex 101 38.7408 104.532
    endloop
  endfacet
  facet normal -1 0 0
    outer loop
      vertex 101 38 104.5
      vertex 101 38 121.5
      vertex 101 38.7408 121.468
    endloop
  endfacet
  facet normal -1 0 0
    outer loop
      vertex 101 37.2592 104.532
      vertex 101 38 121.5
      vertex 101 38 104.5
    endloop
  endfacet
  facet normal -1 0 0
    outer loop
      vertex 101 37.2592 104.532
      vertex 101 37.2592 121.468
      vertex 101 38 121.5
    endloop
  endfacet
  facet normal -1 0 0
    outer loop
      vertex 101 36.524 104.629
      vertex 101 37.2592 121.468
      vertex 101 37.2592 104.532
    endloop
  endfacet
  facet normal -1 0 0
    outer loop
      vertex 101 36.524 104.629
      vertex 101 36.524 121.371
      vertex 101 37.2592 121.468
    endloop
  endfacet
  facet normal -1 0 0
    outer loop
      vertex 101 35.8 104.79
      vertex 101 36.524 121.371
      vertex 101 36.524 104.629
    endloop
  endfacet
  facet normal -1 0 0
    outer loop
      vertex 101 35.8 104.79
      vertex 101 35.8 121.21
      vertex 101 36.524 121.371
    endloop
  endfacet
  facet normal -1 0 0
    outer loop
      vertex 101 35.0928 105.013
      vertex 101 35.8 121.21
      vertex 101 35.8 104.79
    endloop
  endfacet
  facet normal -1 0 0
    outer loop
      vertex 101 35.0928 105.013
      vertex 101 35.0928 120.987
      vertex 101 35.8 121.21
    endloop
  endfacet
  facet normal -1 0 0
    outer loop
      vertex 101 34.4077 105.296
      vertex 101 35.0928 120.987
      vertex 101 35.0928 105.013
    endloop
  endfacet
  facet normal -1 0 0
    outer loop
      vertex 101 34.4077 105.296
      vertex 101 34.4077 120.704
      vertex 101 35.0928 120.987
    endloop
  endfacet
  facet normal -1 0 0
    outer loop
      vertex 101 33.75 105.639
      vertex 101 34.4077 120.704
      vertex 101 34.4077 105.296
    endloop
  endfacet
  facet normal -1 0 0
    outer loop
      vertex 101 33.75 105.639
      vertex 101 33.75 120.361
      vertex 101 34.4077 120.704
    endloop
  endfacet
  facet normal -1 0 0
    outer loop
      vertex 101 33.1246 106.037
      vertex 101 33.75 120.361
      vertex 101 33.75 105.639
    endloop
  endfacet
  facet normal -1 0 0
    outer loop
      vertex 101 33.1246 106.037
      vertex 101 33.1246 119.963
      vertex 101 33.75 120.361
    endloop
  endfacet
  facet normal -1 0 0
    outer loop
      vertex 101 32.5363 106.489
      vertex 101 33.1246 119.963
      vertex 101 33.1246 106.037
    endloop
  endfacet
  facet normal -1 0 0
    outer loop
      vertex 101 32.5363 106.489
      vertex 101 32.5363 119.511
      vertex 101 33.1246 119.963
    endloop
  endfacet
  facet normal -1 0 0
    outer loop
      vertex 101 31.9896 106.99
      vertex 101 32.5363 119.511
      vertex 101 32.5363 106.489
    endloop
  endfacet
  facet normal -1 0 0
    outer loop
      vertex 101 31.9896 106.99
      vertex 101 31.9896 119.01
      vertex 101 32.5363 119.511
    endloop
  endfacet
  facet normal -1 0 0
    outer loop
      vertex 101 31.4886 107.536
      vertex 101 31.9896 119.01
      vertex 101 31.9896 106.99
    endloop
  endfacet
  facet normal -1 0 0
    outer loop
      vertex 101 31.4886 107.536
      vertex 101 31.4886 118.464
      vertex 101 31.9896 119.01
    endloop
  endfacet
  facet normal -1 0 0
    outer loop
      vertex 101 31.0372 108.125
      vertex 101 31.4886 118.464
      vertex 101 31.4886 107.536
    endloop
  endfacet
  facet normal -1 0 0
    outer loop
      vertex 101 31.0372 108.125
      vertex 101 31.0372 117.875
      vertex 101 31.4886 118.464
    endloop
  endfacet
  facet normal -1 0 0
    outer loop
      vertex 101 30.6388 108.75
      vertex 101 31.0372 117.875
      vertex 101 31.0372 108.125
    endloop
  endfacet
  facet normal -1 0 0
    outer loop
      vertex 101 30.6388 108.75
      vertex 101 30.6388 117.25
      vertex 101 31.0372 117.875
    endloop
  endfacet
  facet normal -1 0 0
    outer loop
      vertex 101 30.2964 109.408
      vertex 101 30.6388 117.25
      vertex 101 30.6388 108.75
    endloop
  endfacet
  facet normal -1 0 0
    outer loop
      vertex 101 30.2964 109.408
      vertex 101 30.2964 116.592
      vertex 101 30.6388 117.25
    endloop
  endfacet
  facet normal -1 0 0
    outer loop
      vertex 101 30.0126 110.093
      vertex 101 30.2964 116.592
      vertex 101 30.2964 109.408
    endloop
  endfacet
  facet normal -1 0 0
    outer loop
      vertex 101 30.0126 110.093
      vertex 101 30.0126 115.907
      vertex 101 30.2964 116.592
    endloop
  endfacet
  facet normal -1 0 0
    outer loop
      vertex 101 29.7896 110.8
      vertex 101 30.0126 115.907
      vertex 101 30.0126 110.093
    endloop
  endfacet
  facet normal -1 0 0
    outer loop
      vertex 101 29.7896 110.8
      vertex 101 29.7896 115.2
      vertex 101 30.0126 115.907
    endloop
  endfacet
  facet normal -1 0 0
    outer loop
      vertex 101 29.6291 111.524
      vertex 101 29.7896 115.2
      vertex 101 29.7896 110.8
    endloop
  endfacet
  facet normal -1 0 0
    outer loop
      vertex 101 29.6291 111.524
      vertex 101 29.6291 114.476
      vertex 101 29.7896 115.2
    endloop
  endfacet
  facet normal -1 0 0
    outer loop
      vertex 101 29.5323 112.259
      vertex 101 29.6291 114.476
      vertex 101 29.6291 111.524
    endloop
  endfacet
  facet normal -1 0 0
    outer loop
      vertex 101 29.5323 112.259
      vertex 101 29.5323 113.741
      vertex 101 29.6291 114.476
    endloop
  endfacet
  facet normal -1 0 -0
    outer loop
      vertex 101 29.5323 113.741
      vertex 101 29.5323 112.259
      vertex 101 29.5 113
    endloop
  endfacet
  facet normal 0 -0.991439 0.130573
    outer loop
      vertex 101 29.5323 113.741
      vertex 129.5 29.6291 114.476
      vertex 101 29.6291 114.476
    endloop
  endfacet
  facet normal 0 -0.991439 0.130573
    outer loop
      vertex 129.5 29.6291 114.476
      vertex 101 29.5323 113.741
      vertex 129.5 29.5323 113.741
    endloop
  endfacet
  facet normal 0 -0.953685 0.300809
    outer loop
      vertex 101 29.7896 115.2
      vertex 129.5 30.0126 115.907
      vertex 101 30.0126 115.907
    endloop
  endfacet
  facet normal 0 -0.953685 0.300809
    outer loop
      vertex 129.5 30.0126 115.907
      vertex 101 29.7896 115.2
      vertex 129.5 29.7896 115.2
    endloop
  endfacet
  facet normal 0 -0.793715 0.60829
    outer loop
      vertex 101 31.0372 117.875
      vertex 129.5 31.4886 118.464
      vertex 101 31.4886 118.464
    endloop
  endfacet
  facet normal 0 -0.793715 0.60829
    outer loop
      vertex 129.5 31.4886 118.464
      vertex 101 31.0372 117.875
      vertex 129.5 31.0372 117.875
    endloop
  endfacet
  facet normal 0 -0.300731 0.953709
    outer loop
      vertex 101 35.8 121.21
      vertex 129.5 35.0928 120.987
      vertex 129.5 35.8 121.21
    endloop
  endfacet
  facet normal 0 -0.300731 0.953709
    outer loop
      vertex 129.5 35.0928 120.987
      vertex 101 35.8 121.21
      vertex 101 35.0928 120.987
    endloop
  endfacet
  facet normal 0 -0.84325 -0.537521
    outer loop
      vertex 101 31.0372 108.125
      vertex 129.5 30.6388 108.75
      vertex 101 30.6388 108.75
    endloop
  endfacet
  facet normal 0 -0.84325 -0.537521
    outer loop
      vertex 129.5 30.6388 108.75
      vertex 101 31.0372 108.125
      vertex 129.5 31.0372 108.125
    endloop
  endfacet
  facet normal 0 -0.887084 -0.461607
    outer loop
      vertex 101 30.6388 108.75
      vertex 129.5 30.2964 109.408
      vertex 101 30.2964 109.408
    endloop
  endfacet
  facet normal 0 -0.887084 -0.461607
    outer loop
      vertex 129.5 30.2964 109.408
      vertex 101 30.6388 108.75
      vertex 129.5 30.6388 108.75
    endloop
  endfacet
  facet normal 0 -0.976298 0.216431
    outer loop
      vertex 101 29.6291 114.476
      vertex 129.5 29.7896 115.2
      vertex 101 29.7896 115.2
    endloop
  endfacet
  facet normal 0 -0.976298 0.216431
    outer loop
      vertex 129.5 29.7896 115.2
      vertex 101 29.6291 114.476
      vertex 129.5 29.6291 114.476
    endloop
  endfacet
  facet normal 0 -0.887084 0.461607
    outer loop
      vertex 101 30.2964 116.592
      vertex 129.5 30.6388 117.25
      vertex 101 30.6388 117.25
    endloop
  endfacet
  facet normal 0 -0.887084 0.461607
    outer loop
      vertex 129.5 30.6388 117.25
      vertex 101 30.2964 116.592
      vertex 129.5 30.2964 116.592
    endloop
  endfacet
  facet normal 0 -0.84325 0.537521
    outer loop
      vertex 101 30.6388 117.25
      vertex 129.5 31.0372 117.875
      vertex 101 31.0372 117.875
    endloop
  endfacet
  facet normal 0 -0.84325 0.537521
    outer loop
      vertex 129.5 31.0372 117.875
      vertex 101 30.6388 117.25
      vertex 129.5 30.6388 117.25
    endloop
  endfacet
  facet normal 0 -0.736818 0.676091
    outer loop
      vertex 101 31.4886 118.464
      vertex 129.5 31.9896 119.01
      vertex 101 31.9896 119.01
    endloop
  endfacet
  facet normal 0 -0.736818 0.676091
    outer loop
      vertex 129.5 31.9896 119.01
      vertex 101 31.4886 118.464
      vertex 129.5 31.4886 118.464
    endloop
  endfacet
  facet normal 0 0.0438568 -0.999038
    outer loop
      vertex 129.5 38 101.5
      vertex 138.5 39.0023 101.544
      vertex 138.5 38 101.5
    endloop
  endfacet
  facet normal 0 0.0438568 -0.999038
    outer loop
      vertex 138.5 39.0023 101.544
      vertex 129.5 38 101.5
      vertex 129.5 39.0023 101.544
    endloop
  endfacet
  facet normal 0 0.737419 0.675436
    outer loop
      vertex 138.5 46.8095 120.392
      vertex 129.5 46.1317 121.132
      vertex 138.5 46.1317 121.132
    endloop
  endfacet
  facet normal 0 0.737419 0.675436
    outer loop
      vertex 129.5 46.1317 121.132
      vertex 138.5 46.8095 120.392
      vertex 129.5 46.8095 120.392
    endloop
  endfacet
  facet normal 0 0.923871 0.382704
    outer loop
      vertex 138.5 48.8065 116.933
      vertex 129.5 48.4225 117.86
      vertex 138.5 48.4225 117.86
    endloop
  endfacet
  facet normal 0 0.923871 0.382704
    outer loop
      vertex 129.5 48.4225 117.86
      vertex 138.5 48.8065 116.933
      vertex 129.5 48.8065 116.933
    endloop
  endfacet
  facet normal 0 0.999046 -0.0436709
    outer loop
      vertex 138.5 49.4562 111.998
      vertex 129.5 49.5 113
      vertex 138.5 49.5 113
    endloop
  endfacet
  facet normal 0 0.999046 -0.0436709
    outer loop
      vertex 129.5 49.5 113
      vertex 138.5 49.4562 111.998
      vertex 129.5 49.4562 111.998
    endloop
  endfacet
  facet normal 0 0.923871 -0.382704
    outer loop
      vertex 138.5 48.4225 108.14
      vertex 129.5 48.8065 109.067
      vertex 138.5 48.8065 109.067
    endloop
  endfacet
  facet normal 0 0.923871 -0.382704
    outer loop
      vertex 129.5 48.8065 109.067
      vertex 138.5 48.4225 108.14
      vertex 129.5 48.4225 108.14
    endloop
  endfacet
  facet normal -0 0.537282 0.843403
    outer loop
      vertex 129.5 44.5961 122.42
      vertex 138.5 43.75 122.959
      vertex 138.5 44.5961 122.42
    endloop
  endfacet
  facet normal 0 0.537282 0.843403
    outer loop
      vertex 138.5 43.75 122.959
      vertex 129.5 44.5961 122.42
      vertex 129.5 43.75 122.959
    endloop
  endfacet
  facet normal -0 0.608264 0.793735
    outer loop
      vertex 129.5 45.3921 121.81
      vertex 138.5 44.5961 122.42
      vertex 138.5 45.3921 121.81
    endloop
  endfacet
  facet normal 0 0.608264 0.793735
    outer loop
      vertex 138.5 44.5961 122.42
      vertex 129.5 45.3921 121.81
      vertex 129.5 44.5961 122.42
    endloop
  endfacet
  facet normal 0 -0.381888 0.924209
    outer loop
      vertex 129.5 34.0668 123.806
      vertex 138.5 33.1399 123.423
      vertex 138.5 34.0668 123.806
    endloop
  endfacet
  facet normal 0 -0.381888 0.924209
    outer loop
      vertex 138.5 33.1399 123.423
      vertex 129.5 34.0668 123.806
      vertex 129.5 33.1399 123.423
    endloop
  endfacet
  facet normal 0 -0.991457 -0.130434
    outer loop
      vertex 129.5 26.6747 111.003
      vertex 138.5 26.5438 111.998
      vertex 129.5 26.5438 111.998
    endloop
  endfacet
  facet normal 0 -0.991457 -0.130434
    outer loop
      vertex 138.5 26.5438 111.998
      vertex 129.5 26.6747 111.003
      vertex 138.5 26.6747 111.003
    endloop
  endfacet
  facet normal 0 0.130571 -0.991439
    outer loop
      vertex 129.5 39.0023 101.544
      vertex 138.5 39.997 101.675
      vertex 138.5 39.0023 101.544
    endloop
  endfacet
  facet normal 0 0.130571 -0.991439
    outer loop
      vertex 138.5 39.997 101.675
      vertex 129.5 39.0023 101.544
      vertex 129.5 39.997 101.675
    endloop
  endfacet
  facet normal 0 0.675743 -0.737138
    outer loop
      vertex 129.5 45.3921 104.19
      vertex 138.5 46.1317 104.868
      vertex 138.5 45.3921 104.19
    endloop
  endfacet
  facet normal 0 0.675743 -0.737138
    outer loop
      vertex 138.5 46.1317 104.868
      vertex 129.5 45.3921 104.19
      vertex 129.5 46.1317 104.868
    endloop
  endfacet
  facet normal 0 0.608264 -0.793735
    outer loop
      vertex 129.5 44.5961 103.58
      vertex 138.5 45.3921 104.19
      vertex 138.5 44.5961 103.58
    endloop
  endfacet
  facet normal 0 0.608264 -0.793735
    outer loop
      vertex 138.5 45.3921 104.19
      vertex 129.5 44.5961 103.58
      vertex 129.5 45.3921 104.19
    endloop
  endfacet
  facet normal 0 0.537282 -0.843403
    outer loop
      vertex 129.5 43.75 103.041
      vertex 138.5 44.5961 103.58
      vertex 138.5 43.75 103.041
    endloop
  endfacet
  facet normal 0 0.537282 -0.843403
    outer loop
      vertex 138.5 44.5961 103.58
      vertex 129.5 43.75 103.041
      vertex 129.5 44.5961 103.58
    endloop
  endfacet
  facet normal 0 0.976262 -0.216593
    outer loop
      vertex 138.5 49.1081 110.024
      vertex 129.5 49.3253 111.003
      vertex 138.5 49.3253 111.003
    endloop
  endfacet
  facet normal 0 0.976262 -0.216593
    outer loop
      vertex 129.5 49.3253 111.003
      vertex 138.5 49.1081 110.024
      vertex 129.5 49.1081 110.024
    endloop
  endfacet
  facet normal 0 0.953757 -0.300578
    outer loop
      vertex 138.5 48.8065 109.067
      vertex 129.5 49.1081 110.024
      vertex 138.5 49.1081 110.024
    endloop
  endfacet
  facet normal 0 0.953757 -0.300578
    outer loop
      vertex 129.5 49.1081 110.024
      vertex 138.5 48.8065 109.067
      vertex 129.5 48.8065 109.067
    endloop
  endfacet
  facet normal 0 0.991457 -0.130434
    outer loop
      vertex 138.5 49.3253 111.003
      vertex 129.5 49.4562 111.998
      vertex 138.5 49.4562 111.998
    endloop
  endfacet
  facet normal 0 0.991457 -0.130434
    outer loop
      vertex 129.5 49.4562 111.998
      vertex 138.5 49.3253 111.003
      vertex 129.5 49.3253 111.003
    endloop
  endfacet
  facet normal 0 0.793398 -0.608704
    outer loop
      vertex 138.5 46.8095 105.608
      vertex 129.5 47.4202 106.404
      vertex 138.5 47.4202 106.404
    endloop
  endfacet
  facet normal 0 0.793398 -0.608704
    outer loop
      vertex 129.5 47.4202 106.404
      vertex 138.5 46.8095 105.608
      vertex 129.5 46.8095 105.608
    endloop
  endfacet
  facet normal 0 0.887054 -0.461667
    outer loop
      vertex 138.5 47.9593 107.25
      vertex 129.5 48.4225 108.14
      vertex 138.5 48.4225 108.14
    endloop
  endfacet
  facet normal 0 0.887054 -0.461667
    outer loop
      vertex 129.5 48.4225 108.14
      vertex 138.5 47.9593 107.25
      vertex 129.5 47.9593 107.25
    endloop
  endfacet
  facet normal -0 0.675743 0.737138
    outer loop
      vertex 129.5 46.1317 121.132
      vertex 138.5 45.3921 121.81
      vertex 138.5 46.1317 121.132
    endloop
  endfacet
  facet normal 0 0.675743 0.737138
    outer loop
      vertex 138.5 45.3921 121.81
      vertex 129.5 46.1317 121.132
      vertex 129.5 45.3921 121.81
    endloop
  endfacet
  facet normal -0 0.462334 0.886706
    outer loop
      vertex 129.5 43.75 122.959
      vertex 138.5 42.8601 123.423
      vertex 138.5 43.75 122.959
    endloop
  endfacet
  facet normal 0 0.462334 0.886706
    outer loop
      vertex 138.5 42.8601 123.423
      vertex 129.5 43.75 122.959
      vertex 129.5 42.8601 123.423
    endloop
  endfacet
  facet normal -0 0.381888 0.924209
    outer loop
      vertex 129.5 42.8601 123.423
      vertex 138.5 41.9332 123.806
      vertex 138.5 42.8601 123.423
    endloop
  endfacet
  facet normal 0 0.381888 0.924209
    outer loop
      vertex 138.5 41.9332 123.806
      vertex 129.5 42.8601 123.423
      vertex 129.5 41.9332 123.806
    endloop
  endfacet
  facet normal -0 0.300998 0.953625
    outer loop
      vertex 129.5 41.9332 123.806
      vertex 138.5 40.9764 124.108
      vertex 138.5 41.9332 123.806
    endloop
  endfacet
  facet normal 0 0.300998 0.953625
    outer loop
      vertex 138.5 40.9764 124.108
      vertex 129.5 41.9332 123.806
      vertex 129.5 40.9764 124.108
    endloop
  endfacet
  facet normal -0 0.216318 0.976323
    outer loop
      vertex 129.5 40.9764 124.108
      vertex 138.5 39.997 124.325
      vertex 138.5 40.9764 124.108
    endloop
  endfacet
  facet normal 0 0.216318 0.976323
    outer loop
      vertex 138.5 39.997 124.325
      vertex 129.5 40.9764 124.108
      vertex 129.5 39.997 124.325
    endloop
  endfacet
  facet normal 0 0.887054 0.461667
    outer loop
      vertex 138.5 48.4225 117.86
      vertex 129.5 47.9593 118.75
      vertex 138.5 47.9593 118.75
    endloop
  endfacet
  facet normal 0 0.887054 0.461667
    outer loop
      vertex 129.5 47.9593 118.75
      vertex 138.5 48.4225 117.86
      vertex 129.5 48.4225 117.86
    endloop
  endfacet
  facet normal 0 0.843329 0.537398
    outer loop
      vertex 138.5 47.9593 118.75
      vertex 129.5 47.4202 119.596
      vertex 138.5 47.4202 119.596
    endloop
  endfacet
  facet normal 0 0.843329 0.537398
    outer loop
      vertex 129.5 47.4202 119.596
      vertex 138.5 47.9593 118.75
      vertex 129.5 47.9593 118.75
    endloop
  endfacet
  facet normal 0 0.793398 0.608704
    outer loop
      vertex 138.5 47.4202 119.596
      vertex 129.5 46.8095 120.392
      vertex 138.5 46.8095 120.392
    endloop
  endfacet
  facet normal 0 0.793398 0.608704
    outer loop
      vertex 129.5 46.8095 120.392
      vertex 138.5 47.4202 119.596
      vertex 129.5 47.4202 119.596
    endloop
  endfacet
  facet normal 0 0.991457 0.130434
    outer loop
      vertex 138.5 49.4562 114.002
      vertex 129.5 49.3253 114.997
      vertex 138.5 49.3253 114.997
    endloop
  endfacet
  facet normal 0 0.991457 0.130434
    outer loop
      vertex 129.5 49.3253 114.997
      vertex 138.5 49.4562 114.002
      vertex 129.5 49.4562 114.002
    endloop
  endfacet
  facet normal 0 0.976262 0.216593
    outer loop
      vertex 138.5 49.3253 114.997
      vertex 129.5 49.1081 115.976
      vertex 138.5 49.1081 115.976
    endloop
  endfacet
  facet normal 0 0.976262 0.216593
    outer loop
      vertex 129.5 49.1081 115.976
      vertex 138.5 49.3253 114.997
      vertex 129.5 49.3253 114.997
    endloop
  endfacet
  facet normal 0 -0.608264 -0.793735
    outer loop
      vertex 129.5 30.6079 104.19
      vertex 138.5 31.4039 103.58
      vertex 138.5 30.6079 104.19
    endloop
  endfacet
  facet normal -0 -0.608264 -0.793735
    outer loop
      vertex 138.5 31.4039 103.58
      vertex 129.5 30.6079 104.19
      vertex 129.5 31.4039 103.58
    endloop
  endfacet
  facet normal 0 -0.923871 -0.382704
    outer loop
      vertex 129.5 27.5775 108.14
      vertex 138.5 27.1935 109.067
      vertex 129.5 27.1935 109.067
    endloop
  endfacet
  facet normal 0 -0.923871 -0.382704
    outer loop
      vertex 138.5 27.1935 109.067
      vertex 129.5 27.5775 108.14
      vertex 138.5 27.5775 108.14
    endloop
  endfacet
  facet normal 0 -0.976262 -0.216593
    outer loop
      vertex 129.5 26.8919 110.024
      vertex 138.5 26.6747 111.003
      vertex 129.5 26.6747 111.003
    endloop
  endfacet
  facet normal 0 -0.976262 -0.216593
    outer loop
      vertex 138.5 26.6747 111.003
      vertex 129.5 26.8919 110.024
      vertex 138.5 26.8919 110.024
    endloop
  endfacet
  facet normal 0 0.216318 -0.976323
    outer loop
      vertex 129.5 39.997 101.675
      vertex 138.5 40.9764 101.892
      vertex 138.5 39.997 101.675
    endloop
  endfacet
  facet normal 0 0.216318 -0.976323
    outer loop
      vertex 138.5 40.9764 101.892
      vertex 129.5 39.997 101.675
      vertex 129.5 40.9764 101.892
    endloop
  endfacet
  facet normal 0 0.300998 -0.953625
    outer loop
      vertex 129.5 40.9764 101.892
      vertex 138.5 41.9332 102.194
      vertex 138.5 40.9764 101.892
    endloop
  endfacet
  facet normal 0 0.300998 -0.953625
    outer loop
      vertex 138.5 41.9332 102.194
      vertex 129.5 40.9764 101.892
      vertex 129.5 41.9332 102.194
    endloop
  endfacet
  facet normal 0 0.462334 -0.886706
    outer loop
      vertex 129.5 42.8601 102.577
      vertex 138.5 43.75 103.041
      vertex 138.5 42.8601 102.577
    endloop
  endfacet
  facet normal 0 0.462334 -0.886706
    outer loop
      vertex 138.5 43.75 103.041
      vertex 129.5 42.8601 102.577
      vertex 129.5 43.75 103.041
    endloop
  endfacet
  facet normal 0 0.737419 -0.675436
    outer loop
      vertex 138.5 46.1317 104.868
      vertex 129.5 46.8095 105.608
      vertex 138.5 46.8095 105.608
    endloop
  endfacet
  facet normal 0 0.737419 -0.675436
    outer loop
      vertex 129.5 46.8095 105.608
      vertex 138.5 46.1317 104.868
      vertex 129.5 46.1317 104.868
    endloop
  endfacet
  facet normal 0 0.843329 -0.537398
    outer loop
      vertex 138.5 47.4202 106.404
      vertex 129.5 47.9593 107.25
      vertex 138.5 47.9593 107.25
    endloop
  endfacet
  facet normal 0 0.843329 -0.537398
    outer loop
      vertex 129.5 47.9593 107.25
      vertex 138.5 47.4202 106.404
      vertex 129.5 47.4202 106.404
    endloop
  endfacet
  facet normal -0 0.0438568 0.999038
    outer loop
      vertex 129.5 39.0023 124.456
      vertex 138.5 38 124.5
      vertex 138.5 39.0023 124.456
    endloop
  endfacet
  facet normal 0 0.0438568 0.999038
    outer loop
      vertex 138.5 38 124.5
      vertex 129.5 39.0023 124.456
      vertex 129.5 38 124.5
    endloop
  endfacet
  facet normal 0 0.953757 0.300578
    outer loop
      vertex 138.5 49.1081 115.976
      vertex 129.5 48.8065 116.933
      vertex 138.5 48.8065 116.933
    endloop
  endfacet
  facet normal 0 0.953757 0.300578
    outer loop
      vertex 129.5 48.8065 116.933
      vertex 138.5 49.1081 115.976
      vertex 129.5 49.1081 115.976
    endloop
  endfacet
  facet normal 0 -0.462334 -0.886706
    outer loop
      vertex 129.5 32.25 103.041
      vertex 138.5 33.1399 102.577
      vertex 138.5 32.25 103.041
    endloop
  endfacet
  facet normal -0 -0.462334 -0.886706
    outer loop
      vertex 138.5 33.1399 102.577
      vertex 129.5 32.25 103.041
      vertex 129.5 33.1399 102.577
    endloop
  endfacet
  facet normal 0 -0.130571 -0.991439
    outer loop
      vertex 129.5 36.003 101.675
      vertex 138.5 36.9977 101.544
      vertex 138.5 36.003 101.675
    endloop
  endfacet
  facet normal -0 -0.130571 -0.991439
    outer loop
      vertex 138.5 36.9977 101.544
      vertex 129.5 36.003 101.675
      vertex 129.5 36.9977 101.544
    endloop
  endfacet
  facet normal 0 -0.0438568 -0.999038
    outer loop
      vertex 129.5 36.9977 101.544
      vertex 138.5 38 101.5
      vertex 138.5 36.9977 101.544
    endloop
  endfacet
  facet normal -0 -0.0438568 -0.999038
    outer loop
      vertex 138.5 38 101.5
      vertex 129.5 36.9977 101.544
      vertex 129.5 38 101.5
    endloop
  endfacet
  facet normal -1 0 0
    outer loop
      vertex 129.5 46.5 113
      vertex 129.5 49.5 113
      vertex 129.5 49.4562 111.998
    endloop
  endfacet
  facet normal -1 0 0
    outer loop
      vertex 129.5 46.4677 112.259
      vertex 129.5 49.4562 111.998
      vertex 129.5 49.3253 111.003
    endloop
  endfacet
  facet normal -1 0 0
    outer loop
      vertex 129.5 49.5 113
      vertex 129.5 46.5 113
      vertex 129.5 49.4562 114.002
    endloop
  endfacet
  facet normal -1 0 0
    outer loop
      vertex 129.5 46.3709 111.524
      vertex 129.5 49.3253 111.003
      vertex 129.5 49.1081 110.024
    endloop
  endfacet
  facet normal -1 0 0
    outer loop
      vertex 129.5 46.4677 113.741
      vertex 129.5 49.4562 114.002
      vertex 129.5 46.5 113
    endloop
  endfacet
  facet normal -1 0 0
    outer loop
      vertex 129.5 46.2104 110.8
      vertex 129.5 49.1081 110.024
      vertex 129.5 48.8065 109.067
    endloop
  endfacet
  facet normal -1 -0 0
    outer loop
      vertex 129.5 49.4562 114.002
      vertex 129.5 46.4677 113.741
      vertex 129.5 49.3253 114.997
    endloop
  endfacet
  facet normal -1 0 0
    outer loop
      vertex 129.5 45.9874 110.093
      vertex 129.5 48.8065 109.067
      vertex 129.5 48.4225 108.14
    endloop
  endfacet
  facet normal -1 0 0
    outer loop
      vertex 129.5 46.3709 114.476
      vertex 129.5 49.3253 114.997
      vertex 129.5 46.4677 113.741
    endloop
  endfacet
  facet normal -1 0 0
    outer loop
      vertex 129.5 45.7036 109.408
      vertex 129.5 48.4225 108.14
      vertex 129.5 47.9593 107.25
    endloop
  endfacet
  facet normal -1 -0 0
    outer loop
      vertex 129.5 49.3253 114.997
      vertex 129.5 46.3709 114.476
      vertex 129.5 49.1081 115.976
    endloop
  endfacet
  facet normal -1 0 0
    outer loop
      vertex 129.5 45.3612 108.75
      vertex 129.5 47.9593 107.25
      vertex 129.5 47.4202 106.404
    endloop
  endfacet
  facet normal -1 0 0
    outer loop
      vertex 129.5 46.2104 115.2
      vertex 129.5 49.1081 115.976
      vertex 129.5 46.3709 114.476
    endloop
  endfacet
  facet normal -1 0 0
    outer loop
      vertex 129.5 44.9628 108.125
      vertex 129.5 47.4202 106.404
      vertex 129.5 46.8095 105.608
    endloop
  endfacet
  facet normal -1 -0 0
    outer loop
      vertex 129.5 49.1081 115.976
      vertex 129.5 46.2104 115.2
      vertex 129.5 48.8065 116.933
    endloop
  endfacet
  facet normal -1 0 0
    outer loop
      vertex 129.5 45.9874 115.907
      vertex 129.5 48.8065 116.933
      vertex 129.5 46.2104 115.2
    endloop
  endfacet
  facet normal -1 0 0
    outer loop
      vertex 129.5 49.4562 111.998
      vertex 129.5 46.4677 112.259
      vertex 129.5 46.5 113
    endloop
  endfacet
  facet normal -1 0 0
    outer loop
      vertex 129.5 49.3253 111.003
      vertex 129.5 46.3709 111.524
      vertex 129.5 46.4677 112.259
    endloop
  endfacet
  facet normal -1 0 0
    outer loop
      vertex 129.5 49.1081 110.024
      vertex 129.5 46.2104 110.8
      vertex 129.5 46.3709 111.524
    endloop
  endfacet
  facet normal -1 0 0
    outer loop
      vertex 129.5 44.5114 107.536
      vertex 129.5 46.8095 105.608
      vertex 129.5 46.1317 104.868
    endloop
  endfacet
  facet normal -1 0 0
    outer loop
      vertex 129.5 48.8065 109.067
      vertex 129.5 45.9874 110.093
      vertex 129.5 46.2104 110.8
    endloop
  endfacet
  facet normal -1 0 0
    outer loop
      vertex 129.5 48.4225 108.14
      vertex 129.5 45.7036 109.408
      vertex 129.5 45.9874 110.093
    endloop
  endfacet
  facet normal -1 0 0
    outer loop
      vertex 129.5 44.0104 106.99
      vertex 129.5 46.1317 104.868
      vertex 129.5 45.3921 104.19
    endloop
  endfacet
  facet normal -1 0 0
    outer loop
      vertex 129.5 47.9593 107.25
      vertex 129.5 45.3612 108.75
      vertex 129.5 45.7036 109.408
    endloop
  endfacet
  facet normal -1 0 0
    outer loop
      vertex 129.5 47.4202 106.404
      vertex 129.5 44.9628 108.125
      vertex 129.5 45.3612 108.75
    endloop
  endfacet
  facet normal -1 0 0
    outer loop
      vertex 129.5 43.4637 106.489
      vertex 129.5 45.3921 104.19
      vertex 129.5 44.5961 103.58
    endloop
  endfacet
  facet normal -1 0 0
    outer loop
      vertex 129.5 46.8095 105.608
      vertex 129.5 44.5114 107.536
      vertex 129.5 44.9628 108.125
    endloop
  endfacet
  facet normal -1 0 0
    outer loop
      vertex 129.5 46.1317 104.868
      vertex 129.5 44.0104 106.99
      vertex 129.5 44.5114 107.536
    endloop
  endfacet
  facet normal -1 0 0
    outer loop
      vertex 129.5 42.8754 106.037
      vertex 129.5 44.5961 103.58
      vertex 129.5 43.75 103.041
    endloop
  endfacet
  facet normal -1 0 0
    outer loop
      vertex 129.5 45.3921 104.19
      vertex 129.5 43.4637 106.489
      vertex 129.5 44.0104 106.99
    endloop
  endfacet
  facet normal -1 0 0
    outer loop
      vertex 129.5 44.5961 103.58
      vertex 129.5 42.8754 106.037
      vertex 129.5 43.4637 106.489
    endloop
  endfacet
  facet normal -1 0 0
    outer loop
      vertex 129.5 42.25 105.639
      vertex 129.5 43.75 103.041
      vertex 129.5 42.8601 102.577
    endloop
  endfacet
  facet normal -1 0 0
    outer loop
      vertex 129.5 43.75 103.041
      vertex 129.5 42.25 105.639
      vertex 129.5 42.8754 106.037
    endloop
  endfacet
  facet normal -1 0 0
    outer loop
      vertex 129.5 41.5923 105.296
      vertex 129.5 42.8601 102.577
      vertex 129.5 41.9332 102.194
    endloop
  endfacet
  facet normal -1 0 0
    outer loop
      vertex 129.5 42.8601 102.577
      vertex 129.5 41.5923 105.296
      vertex 129.5 42.25 105.639
    endloop
  endfacet
  facet normal -1 0 0
    outer loop
      vertex 129.5 40.9072 105.013
      vertex 129.5 41.9332 102.194
      vertex 129.5 40.9764 101.892
    endloop
  endfacet
  facet normal -1 0 0
    outer loop
      vertex 129.5 41.9332 102.194
      vertex 129.5 40.9072 105.013
      vertex 129.5 41.5923 105.296
    endloop
  endfacet
  facet normal -1 0 0
    outer loop
      vertex 129.5 40.9764 101.892
      vertex 129.5 40.2 104.79
      vertex 129.5 40.9072 105.013
    endloop
  endfacet
  facet normal -1 0 0
    outer loop
      vertex 129.5 39.997 101.675
      vertex 129.5 40.2 104.79
      vertex 129.5 40.9764 101.892
    endloop
  endfacet
  facet normal -1 0 0
    outer loop
      vertex 129.5 39.997 101.675
      vertex 129.5 39.476 104.629
      vertex 129.5 40.2 104.79
    endloop
  endfacet
  facet normal -1 0 0
    outer loop
      vertex 129.5 39.0023 101.544
      vertex 129.5 39.476 104.629
      vertex 129.5 39.997 101.675
    endloop
  endfacet
  facet normal -1 0 0
    outer loop
      vertex 129.5 39.0023 101.544
      vertex 129.5 38.7408 104.532
      vertex 129.5 39.476 104.629
    endloop
  endfacet
  facet normal -1 0 0
    outer loop
      vertex 129.5 38 101.5
      vertex 129.5 38.7408 104.532
      vertex 129.5 39.0023 101.544
    endloop
  endfacet
  facet normal -1 0 0
    outer loop
      vertex 129.5 38 101.5
      vertex 129.5 38 104.5
      vertex 129.5 38.7408 104.532
    endloop
  endfacet
  facet normal -1 0 0
    outer loop
      vertex 129.5 38 101.5
      vertex 129.5 37.2592 104.532
      vertex 129.5 38 104.5
    endloop
  endfacet
  facet normal -1 0 0
    outer loop
      vertex 129.5 36.9977 101.544
      vertex 129.5 37.2592 104.532
      vertex 129.5 38 101.5
    endloop
  endfacet
  facet normal -1 0 0
    outer loop
      vertex 129.5 36.9977 101.544
      vertex 129.5 36.524 104.629
      vertex 129.5 37.2592 104.532
    endloop
  endfacet
  facet normal -1 0 0
    outer loop
      vertex 129.5 36.003 101.675
      vertex 129.5 36.524 104.629
      vertex 129.5 36.9977 101.544
    endloop
  endfacet
  facet normal -1 0 0
    outer loop
      vertex 129.5 36.003 101.675
      vertex 129.5 35.8 104.79
      vertex 129.5 36.524 104.629
    endloop
  endfacet
  facet normal -1 0 0
    outer loop
      vertex 129.5 35.0236 101.892
      vertex 129.5 35.8 104.79
      vertex 129.5 36.003 101.675
    endloop
  endfacet
  facet normal -1 -0 0
    outer loop
      vertex 129.5 35.8 104.79
      vertex 129.5 35.0236 101.892
      vertex 129.5 35.0928 105.013
    endloop
  endfacet
  facet normal -1 0 0
    outer loop
      vertex 129.5 34.0668 102.194
      vertex 129.5 35.0928 105.013
      vertex 129.5 35.0236 101.892
    endloop
  endfacet
  facet normal -1 -0 0
    outer loop
      vertex 129.5 35.0928 105.013
      vertex 129.5 34.0668 102.194
      vertex 129.5 34.4077 105.296
    endloop
  endfacet
  facet normal -1 0 0
    outer loop
      vertex 129.5 33.1399 102.577
      vertex 129.5 34.4077 105.296
      vertex 129.5 34.0668 102.194
    endloop
  endfacet
  facet normal -1 -0 0
    outer loop
      vertex 129.5 34.4077 105.296
      vertex 129.5 33.1399 102.577
      vertex 129.5 33.75 105.639
    endloop
  endfacet
  facet normal -1 0 0
    outer loop
      vertex 129.5 32.25 103.041
      vertex 129.5 33.75 105.639
      vertex 129.5 33.1399 102.577
    endloop
  endfacet
  facet normal -1 -0 0
    outer loop
      vertex 129.5 33.75 105.639
      vertex 129.5 32.25 103.041
      vertex 129.5 33.1246 106.037
    endloop
  endfacet
  facet normal -1 0 0
    outer loop
      vertex 129.5 31.4039 103.58
      vertex 129.5 33.1246 106.037
      vertex 129.5 32.25 103.041
    endloop
  endfacet
  facet normal -1 -0 0
    outer loop
      vertex 129.5 33.1246 106.037
      vertex 129.5 31.4039 103.58
      vertex 129.5 32.5363 106.489
    endloop
  endfacet
  facet normal -1 0 0
    outer loop
      vertex 129.5 30.6079 104.19
      vertex 129.5 32.5363 106.489
      vertex 129.5 31.4039 103.58
    endloop
  endfacet
  facet normal -1 -0 0
    outer loop
      vertex 129.5 32.5363 106.489
      vertex 129.5 30.6079 104.19
      vertex 129.5 31.9896 106.99
    endloop
  endfacet
  facet normal -1 0 0
    outer loop
      vertex 129.5 29.8683 104.868
      vertex 129.5 31.9896 106.99
      vertex 129.5 30.6079 104.19
    endloop
  endfacet
  facet normal -1 -0 0
    outer loop
      vertex 129.5 31.9896 106.99
      vertex 129.5 29.8683 104.868
      vertex 129.5 31.4886 107.536
    endloop
  endfacet
  facet normal -1 0 0
    outer loop
      vertex 129.5 29.1905 105.608
      vertex 129.5 31.4886 107.536
      vertex 129.5 29.8683 104.868
    endloop
  endfacet
  facet normal -1 -0 0
    outer loop
      vertex 129.5 31.4886 107.536
      vertex 129.5 29.1905 105.608
      vertex 129.5 31.0372 108.125
    endloop
  endfacet
  facet normal -1 0 0
    outer loop
      vertex 129.5 28.5798 106.404
      vertex 129.5 31.0372 108.125
      vertex 129.5 29.1905 105.608
    endloop
  endfacet
  facet normal -1 -0 0
    outer loop
      vertex 129.5 31.0372 108.125
      vertex 129.5 28.5798 106.404
      vertex 129.5 30.6388 108.75
    endloop
  endfacet
  facet normal -1 0 0
    outer loop
      vertex 129.5 28.0407 107.25
      vertex 129.5 30.6388 108.75
      vertex 129.5 28.5798 106.404
    endloop
  endfacet
  facet normal -1 -0 0
    outer loop
      vertex 129.5 30.6388 108.75
      vertex 129.5 28.0407 107.25
      vertex 129.5 30.2964 109.408
    endloop
  endfacet
  facet normal -1 0 0
    outer loop
      vertex 129.5 27.5775 108.14
      vertex 129.5 30.2964 109.408
      vertex 129.5 28.0407 107.25
    endloop
  endfacet
  facet normal -1 0 0
    outer loop
      vertex 129.5 27.1935 109.067
      vertex 129.5 30.0126 110.093
      vertex 129.5 27.5775 108.14
    endloop
  endfacet
  facet normal -1 -0 0
    outer loop
      vertex 129.5 30.2964 109.408
      vertex 129.5 27.5775 108.14
      vertex 129.5 30.0126 110.093
    endloop
  endfacet
  facet normal -1 -0 0
    outer loop
      vertex 129.5 48.8065 116.933
      vertex 129.5 45.9874 115.907
      vertex 129.5 48.4225 117.86
    endloop
  endfacet
  facet normal -1 0 0
    outer loop
      vertex 129.5 45.7036 116.592
      vertex 129.5 48.4225 117.86
      vertex 129.5 45.9874 115.907
    endloop
  endfacet
  facet normal -1 -0 0
    outer loop
      vertex 129.5 48.4225 117.86
      vertex 129.5 45.7036 116.592
      vertex 129.5 47.9593 118.75
    endloop
  endfacet
  facet normal -1 0 0
    outer loop
      vertex 129.5 45.3612 117.25
      vertex 129.5 47.9593 118.75
      vertex 129.5 45.7036 116.592
    endloop
  endfacet
  facet normal -1 -0 0
    outer loop
      vertex 129.5 47.9593 118.75
      vertex 129.5 45.3612 117.25
      vertex 129.5 47.4202 119.596
    endloop
  endfacet
  facet normal -1 0 0
    outer loop
      vertex 129.5 44.9628 117.875
      vertex 129.5 47.4202 119.596
      vertex 129.5 45.3612 117.25
    endloop
  endfacet
  facet normal -1 -0 0
    outer loop
      vertex 129.5 47.4202 119.596
      vertex 129.5 44.9628 117.875
      vertex 129.5 46.8095 120.392
    endloop
  endfacet
  facet normal -1 0 0
    outer loop
      vertex 129.5 44.5114 118.464
      vertex 129.5 46.8095 120.392
      vertex 129.5 44.9628 117.875
    endloop
  endfacet
  facet normal -1 -0 0
    outer loop
      vertex 129.5 46.8095 120.392
      vertex 129.5 44.5114 118.464
      vertex 129.5 46.1317 121.132
    endloop
  endfacet
  facet normal -1 0 0
    outer loop
      vertex 129.5 44.0104 119.01
      vertex 129.5 46.1317 121.132
      vertex 129.5 44.5114 118.464
    endloop
  endfacet
  facet normal -1 -0 0
    outer loop
      vertex 129.5 46.1317 121.132
      vertex 129.5 44.0104 119.01
      vertex 129.5 45.3921 121.81
    endloop
  endfacet
  facet normal -1 0 0
    outer loop
      vertex 129.5 43.4637 119.511
      vertex 129.5 45.3921 121.81
      vertex 129.5 44.0104 119.01
    endloop
  endfacet
  facet normal -1 -0 0
    outer loop
      vertex 129.5 45.3921 121.81
      vertex 129.5 43.4637 119.511
      vertex 129.5 44.5961 122.42
    endloop
  endfacet
  facet normal -1 0 0
    outer loop
      vertex 129.5 42.8754 119.963
      vertex 129.5 44.5961 122.42
      vertex 129.5 43.4637 119.511
    endloop
  endfacet
  facet normal -1 -0 0
    outer loop
      vertex 129.5 44.5961 122.42
      vertex 129.5 42.8754 119.963
      vertex 129.5 43.75 122.959
    endloop
  endfacet
  facet normal -1 0 0
    outer loop
      vertex 129.5 42.25 120.361
      vertex 129.5 43.75 122.959
      vertex 129.5 42.8754 119.963
    endloop
  endfacet
  facet normal -1 -0 0
    outer loop
      vertex 129.5 43.75 122.959
      vertex 129.5 42.25 120.361
      vertex 129.5 42.8601 123.423
    endloop
  endfacet
  facet normal -1 0 0
    outer loop
      vertex 129.5 41.5923 120.704
      vertex 129.5 42.8601 123.423
      vertex 129.5 42.25 120.361
    endloop
  endfacet
  facet normal -1 -0 0
    outer loop
      vertex 129.5 42.8601 123.423
      vertex 129.5 41.5923 120.704
      vertex 129.5 41.9332 123.806
    endloop
  endfacet
  facet normal -1 0 0
    outer loop
      vertex 129.5 40.9072 120.987
      vertex 129.5 41.9332 123.806
      vertex 129.5 41.5923 120.704
    endloop
  endfacet
  facet normal -1 -0 0
    outer loop
      vertex 129.5 41.9332 123.806
      vertex 129.5 40.9072 120.987
      vertex 129.5 40.9764 124.108
    endloop
  endfacet
  facet normal -1 0 0
    outer loop
      vertex 129.5 40.2 121.21
      vertex 129.5 40.9764 124.108
      vertex 129.5 40.9072 120.987
    endloop
  endfacet
  facet normal -1 0 0
    outer loop
      vertex 129.5 40.2 121.21
      vertex 129.5 39.997 124.325
      vertex 129.5 40.9764 124.108
    endloop
  endfacet
  facet normal -1 0 0
    outer loop
      vertex 129.5 39.476 121.371
      vertex 129.5 39.997 124.325
      vertex 129.5 40.2 121.21
    endloop
  endfacet
  facet normal -1 0 0
    outer loop
      vertex 129.5 39.476 121.371
      vertex 129.5 39.0023 124.456
      vertex 129.5 39.997 124.325
    endloop
  endfacet
  facet normal -1 0 0
    outer loop
      vertex 129.5 38.7408 121.468
      vertex 129.5 39.0023 124.456
      vertex 129.5 39.476 121.371
    endloop
  endfacet
  facet normal -1 0 0
    outer loop
      vertex 129.5 38 121.5
      vertex 129.5 39.0023 124.456
      vertex 129.5 38.7408 121.468
    endloop
  endfacet
  facet normal -1 0 0
    outer loop
      vertex 129.5 38 121.5
      vertex 129.5 38 124.5
      vertex 129.5 39.0023 124.456
    endloop
  endfacet
  facet normal -1 0 0
    outer loop
      vertex 129.5 37.2592 121.468
      vertex 129.5 38 124.5
      vertex 129.5 38 121.5
    endloop
  endfacet
  facet normal -1 0 0
    outer loop
      vertex 129.5 37.2592 121.468
      vertex 129.5 36.9977 124.456
      vertex 129.5 38 124.5
    endloop
  endfacet
  facet normal -1 0 0
    outer loop
      vertex 129.5 36.524 121.371
      vertex 129.5 36.9977 124.456
      vertex 129.5 37.2592 121.468
    endloop
  endfacet
  facet normal -1 0 0
    outer loop
      vertex 129.5 36.524 121.371
      vertex 129.5 36.003 124.325
      vertex 129.5 36.9977 124.456
    endloop
  endfacet
  facet normal -1 0 0
    outer loop
      vertex 129.5 35.8 121.21
      vertex 129.5 36.003 124.325
      vertex 129.5 36.524 121.371
    endloop
  endfacet
  facet normal -1 0 0
    outer loop
      vertex 129.5 35.0236 124.108
      vertex 129.5 35.8 121.21
      vertex 129.5 35.0928 120.987
    endloop
  endfacet
  facet normal -1 0 0
    outer loop
      vertex 129.5 35.8 121.21
      vertex 129.5 35.0236 124.108
      vertex 129.5 36.003 124.325
    endloop
  endfacet
  facet normal -1 0 0
    outer loop
      vertex 129.5 34.0668 123.806
      vertex 129.5 35.0928 120.987
      vertex 129.5 34.4077 120.704
    endloop
  endfacet
  facet normal -1 0 0
    outer loop
      vertex 129.5 35.0928 120.987
      vertex 129.5 34.0668 123.806
      vertex 129.5 35.0236 124.108
    endloop
  endfacet
  facet normal -1 0 0
    outer loop
      vertex 129.5 33.1399 123.423
      vertex 129.5 34.4077 120.704
      vertex 129.5 33.75 120.361
    endloop
  endfacet
  facet normal -1 0 0
    outer loop
      vertex 129.5 34.4077 120.704
      vertex 129.5 33.1399 123.423
      vertex 129.5 34.0668 123.806
    endloop
  endfacet
  facet normal -1 0 0
    outer loop
      vertex 129.5 32.25 122.959
      vertex 129.5 33.75 120.361
      vertex 129.5 33.1246 119.963
    endloop
  endfacet
  facet normal -1 0 0
    outer loop
      vertex 129.5 31.4039 122.42
      vertex 129.5 33.1246 119.963
      vertex 129.5 32.5363 119.511
    endloop
  endfacet
  facet normal -1 0 0
    outer loop
      vertex 129.5 33.75 120.361
      vertex 129.5 32.25 122.959
      vertex 129.5 33.1399 123.423
    endloop
  endfacet
  facet normal -1 0 0
    outer loop
      vertex 129.5 30.6079 121.81
      vertex 129.5 32.5363 119.511
      vertex 129.5 31.9896 119.01
    endloop
  endfacet
  facet normal -1 0 0
    outer loop
      vertex 129.5 29.8683 121.132
      vertex 129.5 31.9896 119.01
      vertex 129.5 31.4886 118.464
    endloop
  endfacet
  facet normal -1 0 0
    outer loop
      vertex 129.5 33.1246 119.963
      vertex 129.5 31.4039 122.42
      vertex 129.5 32.25 122.959
    endloop
  endfacet
  facet normal -1 0 0
    outer loop
      vertex 129.5 29.1905 120.392
      vertex 129.5 31.4886 118.464
      vertex 129.5 31.0372 117.875
    endloop
  endfacet
  facet normal -1 0 0
    outer loop
      vertex 129.5 28.5798 119.596
      vertex 129.5 31.0372 117.875
      vertex 129.5 30.6388 117.25
    endloop
  endfacet
  facet normal -1 0 0
    outer loop
      vertex 129.5 32.5363 119.511
      vertex 129.5 30.6079 121.81
      vertex 129.5 31.4039 122.42
    endloop
  endfacet
  facet normal -1 0 0
    outer loop
      vertex 129.5 28.0407 118.75
      vertex 129.5 30.6388 117.25
      vertex 129.5 30.2964 116.592
    endloop
  endfacet
  facet normal -1 0 0
    outer loop
      vertex 129.5 27.5775 117.86
      vertex 129.5 30.2964 116.592
      vertex 129.5 30.0126 115.907
    endloop
  endfacet
  facet normal -1 0 0
    outer loop
      vertex 129.5 31.9896 119.01
      vertex 129.5 29.8683 121.132
      vertex 129.5 30.6079 121.81
    endloop
  endfacet
  facet normal -1 0 0
    outer loop
      vertex 129.5 27.1935 116.933
      vertex 129.5 30.0126 115.907
      vertex 129.5 29.7896 115.2
    endloop
  endfacet
  facet normal -1 0 0
    outer loop
      vertex 129.5 26.8919 115.976
      vertex 129.5 29.7896 115.2
      vertex 129.5 29.6291 114.476
    endloop
  endfacet
  facet normal -1 0 0
    outer loop
      vertex 129.5 26.6747 114.997
      vertex 129.5 29.6291 114.476
      vertex 129.5 29.5323 113.741
    endloop
  endfacet
  facet normal -1 0 0
    outer loop
      vertex 129.5 31.4886 118.464
      vertex 129.5 29.1905 120.392
      vertex 129.5 29.8683 121.132
    endloop
  endfacet
  facet normal -1 0 0
    outer loop
      vertex 129.5 26.5438 114.002
      vertex 129.5 29.5323 113.741
      vertex 129.5 29.5 113
    endloop
  endfacet
  facet normal -1 -0 0
    outer loop
      vertex 129.5 30.0126 110.093
      vertex 129.5 27.1935 109.067
      vertex 129.5 29.7896 110.8
    endloop
  endfacet
  facet normal -1 0 0
    outer loop
      vertex 129.5 26.8919 110.024
      vertex 129.5 29.7896 110.8
      vertex 129.5 27.1935 109.067
    endloop
  endfacet
  facet normal -1 0 0
    outer loop
      vertex 129.5 31.0372 117.875
      vertex 129.5 28.5798 119.596
      vertex 129.5 29.1905 120.392
    endloop
  endfacet
  facet normal -1 -0 0
    outer loop
      vertex 129.5 29.7896 110.8
      vertex 129.5 26.8919 110.024
      vertex 129.5 29.6291 111.524
    endloop
  endfacet
  facet normal -1 0 0
    outer loop
      vertex 129.5 30.6388 117.25
      vertex 129.5 28.0407 118.75
      vertex 129.5 28.5798 119.596
    endloop
  endfacet
  facet normal -1 0 0
    outer loop
      vertex 129.5 26.6747 111.003
      vertex 129.5 29.6291 111.524
      vertex 129.5 26.8919 110.024
    endloop
  endfacet
  facet normal -1 0 0
    outer loop
      vertex 129.5 30.2964 116.592
      vertex 129.5 27.5775 117.86
      vertex 129.5 28.0407 118.75
    endloop
  endfacet
  facet normal -1 -0 0
    outer loop
      vertex 129.5 29.6291 111.524
      vertex 129.5 26.6747 111.003
      vertex 129.5 29.5323 112.259
    endloop
  endfacet
  facet normal -1 0 0
    outer loop
      vertex 129.5 30.0126 115.907
      vertex 129.5 27.1935 116.933
      vertex 129.5 27.5775 117.86
    endloop
  endfacet
  facet normal -1 0 0
    outer loop
      vertex 129.5 26.5438 111.998
      vertex 129.5 29.5323 112.259
      vertex 129.5 26.6747 111.003
    endloop
  endfacet
  facet normal -1 0 0
    outer loop
      vertex 129.5 29.7896 115.2
      vertex 129.5 26.8919 115.976
      vertex 129.5 27.1935 116.933
    endloop
  endfacet
  facet normal -1 -0 0
    outer loop
      vertex 129.5 29.5323 112.259
      vertex 129.5 26.5438 111.998
      vertex 129.5 29.5 113
    endloop
  endfacet
  facet normal -1 0 0
    outer loop
      vertex 129.5 29.6291 114.476
      vertex 129.5 26.6747 114.997
      vertex 129.5 26.8919 115.976
    endloop
  endfacet
  facet normal -1 0 0
    outer loop
      vertex 129.5 26.5 113
      vertex 129.5 29.5 113
      vertex 129.5 26.5438 111.998
    endloop
  endfacet
  facet normal -1 0 0
    outer loop
      vertex 129.5 29.5323 113.741
      vertex 129.5 26.5438 114.002
      vertex 129.5 26.6747 114.997
    endloop
  endfacet
  facet normal -1 0 0
    outer loop
      vertex 129.5 29.5 113
      vertex 129.5 26.5 113
      vertex 129.5 26.5438 114.002
    endloop
  endfacet
  facet normal 0 -0.608264 0.793735
    outer loop
      vertex 129.5 31.4039 122.42
      vertex 138.5 30.6079 121.81
      vertex 138.5 31.4039 122.42
    endloop
  endfacet
  facet normal 0 -0.608264 0.793735
    outer loop
      vertex 138.5 30.6079 121.81
      vertex 129.5 31.4039 122.42
      vertex 129.5 30.6079 121.81
    endloop
  endfacet
  facet normal 0 -0.537282 0.843403
    outer loop
      vertex 129.5 32.25 122.959
      vertex 138.5 31.4039 122.42
      vertex 138.5 32.25 122.959
    endloop
  endfacet
  facet normal 0 -0.537282 0.843403
    outer loop
      vertex 138.5 31.4039 122.42
      vertex 129.5 32.25 122.959
      vertex 129.5 31.4039 122.42
    endloop
  endfacet
  facet normal 0 -0.130571 0.991439
    outer loop
      vertex 129.5 36.9977 124.456
      vertex 138.5 36.003 124.325
      vertex 138.5 36.9977 124.456
    endloop
  endfacet
  facet normal 0 -0.130571 0.991439
    outer loop
      vertex 138.5 36.003 124.325
      vertex 129.5 36.9977 124.456
      vertex 129.5 36.003 124.325
    endloop
  endfacet
  facet normal 0 -0.300998 0.953625
    outer loop
      vertex 129.5 35.0236 124.108
      vertex 138.5 34.0668 123.806
      vertex 138.5 35.0236 124.108
    endloop
  endfacet
  facet normal 0 -0.300998 0.953625
    outer loop
      vertex 138.5 34.0668 123.806
      vertex 129.5 35.0236 124.108
      vertex 129.5 34.0668 123.806
    endloop
  endfacet
  facet normal 0 -0.953757 -0.300578
    outer loop
      vertex 129.5 27.1935 109.067
      vertex 138.5 26.8919 110.024
      vertex 129.5 26.8919 110.024
    endloop
  endfacet
  facet normal 0 -0.953757 -0.300578
    outer loop
      vertex 138.5 26.8919 110.024
      vertex 129.5 27.1935 109.067
      vertex 138.5 27.1935 109.067
    endloop
  endfacet
  facet normal 0 0.381888 -0.924209
    outer loop
      vertex 129.5 41.9332 102.194
      vertex 138.5 42.8601 102.577
      vertex 138.5 41.9332 102.194
    endloop
  endfacet
  facet normal 0 0.381888 -0.924209
    outer loop
      vertex 138.5 42.8601 102.577
      vertex 129.5 41.9332 102.194
      vertex 129.5 42.8601 102.577
    endloop
  endfacet
  facet normal -0 0.130571 0.991439
    outer loop
      vertex 129.5 39.997 124.325
      vertex 138.5 39.0023 124.456
      vertex 138.5 39.997 124.325
    endloop
  endfacet
  facet normal 0 0.130571 0.991439
    outer loop
      vertex 138.5 39.0023 124.456
      vertex 129.5 39.997 124.325
      vertex 129.5 39.0023 124.456
    endloop
  endfacet
  facet normal 0 0.999046 0.0436709
    outer loop
      vertex 138.5 49.5 113
      vertex 129.5 49.4562 114.002
      vertex 138.5 49.4562 114.002
    endloop
  endfacet
  facet normal 0 0.999046 0.0436709
    outer loop
      vertex 129.5 49.4562 114.002
      vertex 138.5 49.5 113
      vertex 129.5 49.5 113
    endloop
  endfacet
  facet normal 0 -0.381888 -0.924209
    outer loop
      vertex 129.5 33.1399 102.577
      vertex 138.5 34.0668 102.194
      vertex 138.5 33.1399 102.577
    endloop
  endfacet
  facet normal -0 -0.381888 -0.924209
    outer loop
      vertex 138.5 34.0668 102.194
      vertex 129.5 33.1399 102.577
      vertex 129.5 34.0668 102.194
    endloop
  endfacet
  facet normal 0 -0.216318 -0.976323
    outer loop
      vertex 129.5 35.0236 101.892
      vertex 138.5 36.003 101.675
      vertex 138.5 35.0236 101.892
    endloop
  endfacet
  facet normal -0 -0.216318 -0.976323
    outer loop
      vertex 138.5 36.003 101.675
      vertex 129.5 35.0236 101.892
      vertex 129.5 36.003 101.675
    endloop
  endfacet
  facet normal 0 -0.793398 -0.608704
    outer loop
      vertex 129.5 29.1905 105.608
      vertex 138.5 28.5798 106.404
      vertex 129.5 28.5798 106.404
    endloop
  endfacet
  facet normal 0 -0.793398 -0.608704
    outer loop
      vertex 138.5 28.5798 106.404
      vertex 129.5 29.1905 105.608
      vertex 138.5 29.1905 105.608
    endloop
  endfacet
  facet normal 0 -0.887054 -0.461667
    outer loop
      vertex 129.5 28.0407 107.25
      vertex 138.5 27.5775 108.14
      vertex 129.5 27.5775 108.14
    endloop
  endfacet
  facet normal 0 -0.887054 -0.461667
    outer loop
      vertex 138.5 27.5775 108.14
      vertex 129.5 28.0407 107.25
      vertex 138.5 28.0407 107.25
    endloop
  endfacet
  facet normal 0 -0.737419 -0.675436
    outer loop
      vertex 129.5 29.8683 104.868
      vertex 138.5 29.1905 105.608
      vertex 129.5 29.1905 105.608
    endloop
  endfacet
  facet normal 0 -0.737419 -0.675436
    outer loop
      vertex 138.5 29.1905 105.608
      vertex 129.5 29.8683 104.868
      vertex 138.5 29.8683 104.868
    endloop
  endfacet
  facet normal 0 -0.537282 -0.843403
    outer loop
      vertex 129.5 31.4039 103.58
      vertex 138.5 32.25 103.041
      vertex 138.5 31.4039 103.58
    endloop
  endfacet
  facet normal -0 -0.537282 -0.843403
    outer loop
      vertex 138.5 32.25 103.041
      vertex 129.5 31.4039 103.58
      vertex 129.5 32.25 103.041
    endloop
  endfacet
  facet normal 0 -0.999046 -0.0436709
    outer loop
      vertex 129.5 26.5438 111.998
      vertex 138.5 26.5 113
      vertex 129.5 26.5 113
    endloop
  endfacet
  facet normal 0 -0.999046 -0.0436709
    outer loop
      vertex 138.5 26.5 113
      vertex 129.5 26.5438 111.998
      vertex 138.5 26.5438 111.998
    endloop
  endfacet
  facet normal 0 -0.999046 0.0436709
    outer loop
      vertex 129.5 26.5 113
      vertex 138.5 26.5438 114.002
      vertex 129.5 26.5438 114.002
    endloop
  endfacet
  facet normal 0 -0.999046 0.0436709
    outer loop
      vertex 138.5 26.5438 114.002
      vertex 129.5 26.5 113
      vertex 138.5 26.5 113
    endloop
  endfacet
  facet normal 0 -0.991457 0.130434
    outer loop
      vertex 129.5 26.5438 114.002
      vertex 138.5 26.6747 114.997
      vertex 129.5 26.6747 114.997
    endloop
  endfacet
  facet normal 0 -0.991457 0.130434
    outer loop
      vertex 138.5 26.6747 114.997
      vertex 129.5 26.5438 114.002
      vertex 138.5 26.5438 114.002
    endloop
  endfacet
  facet normal 0 -0.793398 0.608704
    outer loop
      vertex 129.5 28.5798 119.596
      vertex 138.5 29.1905 120.392
      vertex 129.5 29.1905 120.392
    endloop
  endfacet
  facet normal 0 -0.793398 0.608704
    outer loop
      vertex 138.5 29.1905 120.392
      vertex 129.5 28.5798 119.596
      vertex 138.5 28.5798 119.596
    endloop
  endfacet
  facet normal 0 -0.923871 0.382704
    outer loop
      vertex 129.5 27.1935 116.933
      vertex 138.5 27.5775 117.86
      vertex 129.5 27.5775 117.86
    endloop
  endfacet
  facet normal 0 -0.923871 0.382704
    outer loop
      vertex 138.5 27.5775 117.86
      vertex 129.5 27.1935 116.933
      vertex 138.5 27.1935 116.933
    endloop
  endfacet
  facet normal 0 -0.462334 0.886706
    outer loop
      vertex 129.5 33.1399 123.423
      vertex 138.5 32.25 122.959
      vertex 138.5 33.1399 123.423
    endloop
  endfacet
  facet normal 0 -0.462334 0.886706
    outer loop
      vertex 138.5 32.25 122.959
      vertex 129.5 33.1399 123.423
      vertex 129.5 32.25 122.959
    endloop
  endfacet
  facet normal 0 -0.0438568 0.999038
    outer loop
      vertex 129.5 38 124.5
      vertex 138.5 36.9977 124.456
      vertex 138.5 38 124.5
    endloop
  endfacet
  facet normal 0 -0.0438568 0.999038
    outer loop
      vertex 138.5 36.9977 124.456
      vertex 129.5 38 124.5
      vertex 129.5 36.9977 124.456
    endloop
  endfacet
  facet normal 0 -0.216318 0.976323
    outer loop
      vertex 129.5 36.003 124.325
      vertex 138.5 35.0236 124.108
      vertex 138.5 36.003 124.325
    endloop
  endfacet
  facet normal 0 -0.216318 0.976323
    outer loop
      vertex 138.5 35.0236 124.108
      vertex 129.5 36.003 124.325
      vertex 129.5 35.0236 124.108
    endloop
  endfacet
  facet normal 0 -0.843329 -0.537398
    outer loop
      vertex 129.5 28.5798 106.404
      vertex 138.5 28.0407 107.25
      vertex 129.5 28.0407 107.25
    endloop
  endfacet
  facet normal 0 -0.843329 -0.537398
    outer loop
      vertex 138.5 28.0407 107.25
      vertex 129.5 28.5798 106.404
      vertex 138.5 28.5798 106.404
    endloop
  endfacet
  facet normal 1 0 0
    outer loop
      vertex 138.5 49.4562 114.002
      vertex 138.5 49.4562 111.998
      vertex 138.5 49.5 113
    endloop
  endfacet
  facet normal 1 0 0
    outer loop
      vertex 138.5 49.3253 114.997
      vertex 138.5 49.4562 111.998
      vertex 138.5 49.4562 114.002
    endloop
  endfacet
  facet normal 1 0 0
    outer loop
      vertex 138.5 49.3253 114.997
      vertex 138.5 49.3253 111.003
      vertex 138.5 49.4562 111.998
    endloop
  endfacet
  facet normal 1 0 0
    outer loop
      vertex 138.5 49.1081 115.976
      vertex 138.5 49.3253 111.003
      vertex 138.5 49.3253 114.997
    endloop
  endfacet
  facet normal 1 0 0
    outer loop
      vertex 138.5 49.1081 115.976
      vertex 138.5 49.1081 110.024
      vertex 138.5 49.3253 111.003
    endloop
  endfacet
  facet normal 1 0 0
    outer loop
      vertex 138.5 48.8065 116.933
      vertex 138.5 49.1081 110.024
      vertex 138.5 49.1081 115.976
    endloop
  endfacet
  facet normal 1 0 0
    outer loop
      vertex 138.5 48.8065 116.933
      vertex 138.5 48.8065 109.067
      vertex 138.5 49.1081 110.024
    endloop
  endfacet
  facet normal 1 0 0
    outer loop
      vertex 138.5 48.4225 117.86
      vertex 138.5 48.8065 109.067
      vertex 138.5 48.8065 116.933
    endloop
  endfacet
  facet normal 1 0 0
    outer loop
      vertex 138.5 48.4225 117.86
      vertex 138.5 48.4225 108.14
      vertex 138.5 48.8065 109.067
    endloop
  endfacet
  facet normal 1 0 0
    outer loop
      vertex 138.5 47.9593 118.75
      vertex 138.5 48.4225 108.14
      vertex 138.5 48.4225 117.86
    endloop
  endfacet
  facet normal 1 0 0
    outer loop
      vertex 138.5 47.9593 118.75
      vertex 138.5 47.9593 107.25
      vertex 138.5 48.4225 108.14
    endloop
  endfacet
  facet normal 1 0 0
    outer loop
      vertex 138.5 47.4202 119.596
      vertex 138.5 47.9593 107.25
      vertex 138.5 47.9593 118.75
    endloop
  endfacet
  facet normal 1 0 0
    outer loop
      vertex 138.5 47.4202 119.596
      vertex 138.5 47.4202 106.404
      vertex 138.5 47.9593 107.25
    endloop
  endfacet
  facet normal 1 0 0
    outer loop
      vertex 138.5 46.8095 120.392
      vertex 138.5 47.4202 106.404
      vertex 138.5 47.4202 119.596
    endloop
  endfacet
  facet normal 1 0 0
    outer loop
      vertex 138.5 46.8095 120.392
      vertex 138.5 46.8095 105.608
      vertex 138.5 47.4202 106.404
    endloop
  endfacet
  facet normal 1 0 0
    outer loop
      vertex 138.5 46.1317 121.132
      vertex 138.5 46.8095 105.608
      vertex 138.5 46.8095 120.392
    endloop
  endfacet
  facet normal 1 0 0
    outer loop
      vertex 138.5 46.1317 121.132
      vertex 138.5 46.1317 104.868
      vertex 138.5 46.8095 105.608
    endloop
  endfacet
  facet normal 1 0 0
    outer loop
      vertex 138.5 45.3921 121.81
      vertex 138.5 46.1317 104.868
      vertex 138.5 46.1317 121.132
    endloop
  endfacet
  facet normal 1 0 0
    outer loop
      vertex 138.5 45.3921 121.81
      vertex 138.5 45.3921 104.19
      vertex 138.5 46.1317 104.868
    endloop
  endfacet
  facet normal 1 0 0
    outer loop
      vertex 138.5 44.5961 122.42
      vertex 138.5 45.3921 104.19
      vertex 138.5 45.3921 121.81
    endloop
  endfacet
  facet normal 1 0 0
    outer loop
      vertex 138.5 44.5961 122.42
      vertex 138.5 44.5961 103.58
      vertex 138.5 45.3921 104.19
    endloop
  endfacet
  facet normal 1 0 0
    outer loop
      vertex 138.5 43.75 122.959
      vertex 138.5 44.5961 103.58
      vertex 138.5 44.5961 122.42
    endloop
  endfacet
  facet normal 1 0 0
    outer loop
      vertex 138.5 43.75 122.959
      vertex 138.5 43.75 103.041
      vertex 138.5 44.5961 103.58
    endloop
  endfacet
  facet normal 1 0 0
    outer loop
      vertex 138.5 42.8601 123.423
      vertex 138.5 43.75 103.041
      vertex 138.5 43.75 122.959
    endloop
  endfacet
  facet normal 1 0 0
    outer loop
      vertex 138.5 42.8601 123.423
      vertex 138.5 42.8601 102.577
      vertex 138.5 43.75 103.041
    endloop
  endfacet
  facet normal 1 0 0
    outer loop
      vertex 138.5 41.9332 123.806
      vertex 138.5 42.8601 102.577
      vertex 138.5 42.8601 123.423
    endloop
  endfacet
  facet normal 1 0 0
    outer loop
      vertex 138.5 41.9332 123.806
      vertex 138.5 41.9332 102.194
      vertex 138.5 42.8601 102.577
    endloop
  endfacet
  facet normal 1 0 0
    outer loop
      vertex 138.5 40.9764 124.108
      vertex 138.5 41.9332 102.194
      vertex 138.5 41.9332 123.806
    endloop
  endfacet
  facet normal 1 0 0
    outer loop
      vertex 138.5 40.9764 124.108
      vertex 138.5 40.9764 101.892
      vertex 138.5 41.9332 102.194
    endloop
  endfacet
  facet normal 1 0 0
    outer loop
      vertex 138.5 39.997 124.325
      vertex 138.5 40.9764 101.892
      vertex 138.5 40.9764 124.108
    endloop
  endfacet
  facet normal 1 0 0
    outer loop
      vertex 138.5 39.997 124.325
      vertex 138.5 39.997 101.675
      vertex 138.5 40.9764 101.892
    endloop
  endfacet
  facet normal 1 0 0
    outer loop
      vertex 138.5 39.0023 124.456
      vertex 138.5 39.997 101.675
      vertex 138.5 39.997 124.325
    endloop
  endfacet
  facet normal 1 0 0
    outer loop
      vertex 138.5 39.0023 124.456
      vertex 138.5 39.0023 101.544
      vertex 138.5 39.997 101.675
    endloop
  endfacet
  facet normal 1 0 0
    outer loop
      vertex 138.5 38 124.5
      vertex 138.5 39.0023 101.544
      vertex 138.5 39.0023 124.456
    endloop
  endfacet
  facet normal 1 0 0
    outer loop
      vertex 138.5 38 124.5
      vertex 138.5 38 101.5
      vertex 138.5 39.0023 101.544
    endloop
  endfacet
  facet normal 1 -0 0
    outer loop
      vertex 138.5 36.9977 124.456
      vertex 138.5 38 101.5
      vertex 138.5 38 124.5
    endloop
  endfacet
  facet normal 1 0 0
    outer loop
      vertex 138.5 36.9977 124.456
      vertex 138.5 36.9977 101.544
      vertex 138.5 38 101.5
    endloop
  endfacet
  facet normal 1 -0 0
    outer loop
      vertex 138.5 36.003 124.325
      vertex 138.5 36.9977 101.544
      vertex 138.5 36.9977 124.456
    endloop
  endfacet
  facet normal 1 0 0
    outer loop
      vertex 138.5 36.003 124.325
      vertex 138.5 36.003 101.675
      vertex 138.5 36.9977 101.544
    endloop
  endfacet
  facet normal 1 -0 0
    outer loop
      vertex 138.5 35.0236 124.108
      vertex 138.5 36.003 101.675
      vertex 138.5 36.003 124.325
    endloop
  endfacet
  facet normal 1 0 0
    outer loop
      vertex 138.5 35.0236 124.108
      vertex 138.5 35.0236 101.892
      vertex 138.5 36.003 101.675
    endloop
  endfacet
  facet normal 1 -0 0
    outer loop
      vertex 138.5 34.0668 123.806
      vertex 138.5 35.0236 101.892
      vertex 138.5 35.0236 124.108
    endloop
  endfacet
  facet normal 1 0 0
    outer loop
      vertex 138.5 34.0668 123.806
      vertex 138.5 34.0668 102.194
      vertex 138.5 35.0236 101.892
    endloop
  endfacet
  facet normal 1 -0 0
    outer loop
      vertex 138.5 33.1399 123.423
      vertex 138.5 34.0668 102.194
      vertex 138.5 34.0668 123.806
    endloop
  endfacet
  facet normal 1 0 0
    outer loop
      vertex 138.5 33.1399 123.423
      vertex 138.5 33.1399 102.577
      vertex 138.5 34.0668 102.194
    endloop
  endfacet
  facet normal 1 -0 0
    outer loop
      vertex 138.5 32.25 122.959
      vertex 138.5 33.1399 102.577
      vertex 138.5 33.1399 123.423
    endloop
  endfacet
  facet normal 1 0 0
    outer loop
      vertex 138.5 32.25 122.959
      vertex 138.5 32.25 103.041
      vertex 138.5 33.1399 102.577
    endloop
  endfacet
  facet normal 1 -0 0
    outer loop
      vertex 138.5 31.4039 122.42
      vertex 138.5 32.25 103.041
      vertex 138.5 32.25 122.959
    endloop
  endfacet
  facet normal 1 0 0
    outer loop
      vertex 138.5 31.4039 122.42
      vertex 138.5 31.4039 103.58
      vertex 138.5 32.25 103.041
    endloop
  endfacet
  facet normal 1 -0 0
    outer loop
      vertex 138.5 30.6079 121.81
      vertex 138.5 31.4039 103.58
      vertex 138.5 31.4039 122.42
    endloop
  endfacet
  facet normal 1 0 0
    outer loop
      vertex 138.5 30.6079 121.81
      vertex 138.5 30.6079 104.19
      vertex 138.5 31.4039 103.58
    endloop
  endfacet
  facet normal 1 -0 0
    outer loop
      vertex 138.5 29.8683 121.132
      vertex 138.5 30.6079 104.19
      vertex 138.5 30.6079 121.81
    endloop
  endfacet
  facet normal 1 0 0
    outer loop
      vertex 138.5 29.8683 121.132
      vertex 138.5 29.8683 104.868
      vertex 138.5 30.6079 104.19
    endloop
  endfacet
  facet normal 1 -0 0
    outer loop
      vertex 138.5 29.1905 120.392
      vertex 138.5 29.8683 104.868
      vertex 138.5 29.8683 121.132
    endloop
  endfacet
  facet normal 1 0 0
    outer loop
      vertex 138.5 29.1905 120.392
      vertex 138.5 29.1905 105.608
      vertex 138.5 29.8683 104.868
    endloop
  endfacet
  facet normal 1 -0 0
    outer loop
      vertex 138.5 28.5798 119.596
      vertex 138.5 29.1905 105.608
      vertex 138.5 29.1905 120.392
    endloop
  endfacet
  facet normal 1 0 0
    outer loop
      vertex 138.5 28.5798 119.596
      vertex 138.5 28.5798 106.404
      vertex 138.5 29.1905 105.608
    endloop
  endfacet
  facet normal 1 -0 0
    outer loop
      vertex 138.5 28.0407 118.75
      vertex 138.5 28.5798 106.404
      vertex 138.5 28.5798 119.596
    endloop
  endfacet
  facet normal 1 0 0
    outer loop
      vertex 138.5 28.0407 118.75
      vertex 138.5 28.0407 107.25
      vertex 138.5 28.5798 106.404
    endloop
  endfacet
  facet normal 1 -0 0
    outer loop
      vertex 138.5 27.5775 117.86
      vertex 138.5 28.0407 107.25
      vertex 138.5 28.0407 118.75
    endloop
  endfacet
  facet normal 1 0 0
    outer loop
      vertex 138.5 27.5775 117.86
      vertex 138.5 27.5775 108.14
      vertex 138.5 28.0407 107.25
    endloop
  endfacet
  facet normal 1 -0 0
    outer loop
      vertex 138.5 27.1935 116.933
      vertex 138.5 27.5775 108.14
      vertex 138.5 27.5775 117.86
    endloop
  endfacet
  facet normal 1 0 0
    outer loop
      vertex 138.5 27.1935 116.933
      vertex 138.5 27.1935 109.067
      vertex 138.5 27.5775 108.14
    endloop
  endfacet
  facet normal 1 -0 0
    outer loop
      vertex 138.5 26.8919 115.976
      vertex 138.5 27.1935 109.067
      vertex 138.5 27.1935 116.933
    endloop
  endfacet
  facet normal 1 0 0
    outer loop
      vertex 138.5 26.8919 115.976
      vertex 138.5 26.8919 110.024
      vertex 138.5 27.1935 109.067
    endloop
  endfacet
  facet normal 1 -0 0
    outer loop
      vertex 138.5 26.6747 114.997
      vertex 138.5 26.8919 110.024
      vertex 138.5 26.8919 115.976
    endloop
  endfacet
  facet normal 1 0 0
    outer loop
      vertex 138.5 26.6747 114.997
      vertex 138.5 26.6747 111.003
      vertex 138.5 26.8919 110.024
    endloop
  endfacet
  facet normal 1 -0 0
    outer loop
      vertex 138.5 26.5438 114.002
      vertex 138.5 26.6747 111.003
      vertex 138.5 26.6747 114.997
    endloop
  endfacet
  facet normal 1 0 0
    outer loop
      vertex 138.5 26.5438 114.002
      vertex 138.5 26.5438 111.998
      vertex 138.5 26.6747 111.003
    endloop
  endfacet
  facet normal 1 0 -0
    outer loop
      vertex 138.5 26.5438 111.998
      vertex 138.5 26.5438 114.002
      vertex 138.5 26.5 113
    endloop
  endfacet
  facet normal 0 -0.976262 0.216593
    outer loop
      vertex 129.5 26.6747 114.997
      vertex 138.5 26.8919 115.976
      vertex 129.5 26.8919 115.976
    endloop
  endfacet
  facet normal 0 -0.976262 0.216593
    outer loop
      vertex 138.5 26.8919 115.976
      vertex 129.5 26.6747 114.997
      vertex 138.5 26.6747 114.997
    endloop
  endfacet
  facet normal 0 -0.953757 0.300578
    outer loop
      vertex 129.5 26.8919 115.976
      vertex 138.5 27.1935 116.933
      vertex 129.5 27.1935 116.933
    endloop
  endfacet
  facet normal 0 -0.953757 0.300578
    outer loop
      vertex 138.5 27.1935 116.933
      vertex 129.5 26.8919 115.976
      vertex 138.5 26.8919 115.976
    endloop
  endfacet
  facet normal 0 -0.737419 0.675436
    outer loop
      vertex 129.5 29.1905 120.392
      vertex 138.5 29.8683 121.132
      vertex 129.5 29.8683 121.132
    endloop
  endfacet
  facet normal 0 -0.737419 0.675436
    outer loop
      vertex 138.5 29.8683 121.132
      vertex 129.5 29.1905 120.392
      vertex 138.5 29.1905 120.392
    endloop
  endfacet
  facet normal 0 -0.675743 0.737138
    outer loop
      vertex 129.5 30.6079 121.81
      vertex 138.5 29.8683 121.132
      vertex 138.5 30.6079 121.81
    endloop
  endfacet
  facet normal 0 -0.675743 0.737138
    outer loop
      vertex 138.5 29.8683 121.132
      vertex 129.5 30.6079 121.81
      vertex 129.5 29.8683 121.132
    endloop
  endfacet
  facet normal 0 -0.300998 -0.953625
    outer loop
      vertex 129.5 34.0668 102.194
      vertex 138.5 35.0236 101.892
      vertex 138.5 34.0668 102.194
    endloop
  endfacet
  facet normal -0 -0.300998 -0.953625
    outer loop
      vertex 138.5 35.0236 101.892
      vertex 129.5 34.0668 102.194
      vertex 129.5 35.0236 101.892
    endloop
  endfacet
  facet normal 0 -0.675743 -0.737138
    outer loop
      vertex 129.5 29.8683 104.868
      vertex 138.5 30.6079 104.19
      vertex 138.5 29.8683 104.868
    endloop
  endfacet
  facet normal -0 -0.675743 -0.737138
    outer loop
      vertex 138.5 30.6079 104.19
      vertex 129.5 29.8683 104.868
      vertex 129.5 30.6079 104.19
    endloop
  endfacet
  facet normal 0 -0.887054 0.461667
    outer loop
      vertex 129.5 27.5775 117.86
      vertex 138.5 28.0407 118.75
      vertex 129.5 28.0407 118.75
    endloop
  endfacet
  facet normal 0 -0.887054 0.461667
    outer loop
      vertex 138.5 28.0407 118.75
      vertex 129.5 27.5775 117.86
      vertex 138.5 27.5775 117.86
    endloop
  endfacet
  facet normal 0 -0.843329 0.537398
    outer loop
      vertex 129.5 28.0407 118.75
      vertex 138.5 28.5798 119.596
      vertex 129.5 28.5798 119.596
    endloop
  endfacet
  facet normal 0 -0.843329 0.537398
    outer loop
      vertex 138.5 28.5798 119.596
      vertex 129.5 28.0407 118.75
      vertex 138.5 28.0407 118.75
    endloop
  endfacet
endsolid OpenSCAD_Model
