solid OpenSCAD_Model
  facet normal 0.999047 0.043656 0
    outer loop
      vertex 141 0 166
      vertex 140.463 12.289 144
      vertex 140.463 12.289 166
    endloop
  endfacet
  facet normal 0.999047 0.043656 0
    outer loop
      vertex 140.463 12.289 144
      vertex 141 0 166
      vertex 141 0 144
    endloop
  endfacet
  facet normal -0.999047 0.043656 0
    outer loop
      vertex -141 0 144
      vertex -140.463 12.289 166
      vertex -140.463 12.289 144
    endloop
  endfacet
  facet normal -0.999047 0.043656 0
    outer loop
      vertex -140.463 12.289 166
      vertex -141 0 144
      vertex -141 0 166
    endloop
  endfacet
  facet normal 0.043656 0.999047 -0
    outer loop
      vertex 12.289 140.463 144
      vertex 0 141 166
      vertex 12.289 140.463 166
    endloop
  endfacet
  facet normal 0.043656 0.999047 0
    outer loop
      vertex 0 141 166
      vertex 12.289 140.463 144
      vertex 0 141 144
    endloop
  endfacet
  facet normal 0.73729 0.675577 0
    outer loop
      vertex 108.012 90.6331 166
      vertex 99.7021 99.7021 144
      vertex 99.7021 99.7021 166
    endloop
  endfacet
  facet normal 0.73729 0.675577 0
    outer loop
      vertex 99.7021 99.7021 144
      vertex 108.012 90.6331 166
      vertex 108.012 90.6331 144
    endloop
  endfacet
  facet normal -0.675577 0.73729 0
    outer loop
      vertex -90.6331 108.012 144
      vertex -99.7021 99.7021 166
      vertex -90.6331 108.012 166
    endloop
  endfacet
  facet normal -0.675577 0.73729 0
    outer loop
      vertex -99.7021 99.7021 166
      vertex -90.6331 108.012 144
      vertex -99.7021 99.7021 144
    endloop
  endfacet
  facet normal -0.300716 0.953714 0
    outer loop
      vertex -36.4935 136.196 144
      vertex -48.2248 132.497 166
      vertex -36.4935 136.196 166
    endloop
  endfacet
  facet normal -0.300716 0.953714 0
    outer loop
      vertex -48.2248 132.497 166
      vertex -36.4935 136.196 144
      vertex -48.2248 132.497 144
    endloop
  endfacet
  facet normal 0.923859 0.382733 0
    outer loop
      vertex 132.497 48.2248 166
      vertex 127.789 59.5892 144
      vertex 127.789 59.5892 166
    endloop
  endfacet
  facet normal 0.923859 0.382733 0
    outer loop
      vertex 127.789 59.5892 144
      vertex 132.497 48.2248 166
      vertex 132.497 48.2248 144
    endloop
  endfacet
  facet normal 0.382733 0.923859 -0
    outer loop
      vertex 59.5892 127.789 144
      vertex 48.2248 132.497 166
      vertex 59.5892 127.789 166
    endloop
  endfacet
  facet normal 0.382733 0.923859 0
    outer loop
      vertex 48.2248 132.497 166
      vertex 59.5892 127.789 144
      vertex 48.2248 132.497 144
    endloop
  endfacet
  facet normal 0.608752 0.793361 -0
    outer loop
      vertex 90.6331 108.012 144
      vertex 80.8743 115.5 166
      vertex 90.6331 108.012 166
    endloop
  endfacet
  facet normal 0.608752 0.793361 0
    outer loop
      vertex 80.8743 115.5 166
      vertex 90.6331 108.012 144
      vertex 80.8743 115.5 144
    endloop
  endfacet
  facet normal -0.923859 0.382733 0
    outer loop
      vertex -132.497 48.2248 144
      vertex -127.789 59.5892 166
      vertex -127.789 59.5892 144
    endloop
  endfacet
  facet normal -0.923859 0.382733 0
    outer loop
      vertex -127.789 59.5892 166
      vertex -132.497 48.2248 144
      vertex -132.497 48.2248 166
    endloop
  endfacet
  facet normal -0.130482 0.991451 0
    outer loop
      vertex -12.289 140.463 144
      vertex -24.4844 138.858 166
      vertex -12.289 140.463 166
    endloop
  endfacet
  facet normal -0.130482 0.991451 0
    outer loop
      vertex -24.4844 138.858 166
      vertex -12.289 140.463 144
      vertex -24.4844 138.858 144
    endloop
  endfacet
  facet normal -0 0 -1
    outer loop
      vertex -72.9818 101.408 144
      vertex -80.3484 95.7556 144
      vertex -78.3253 110.663 144
    endloop
  endfacet
  facet normal 0 0 -1
    outer loop
      vertex 80.3484 95.7556 144
      vertex 72.9818 101.408 144
      vertex 78.3253 110.663 144
    endloop
  endfacet
  facet normal 0 0 -1
    outer loop
      vertex 135 -12.5 144
      vertex 141 0 144
      vertex 140.463 -12.289 144
    endloop
  endfacet
  facet normal 0 0 -1
    outer loop
      vertex 135 -12.5 144
      vertex 140.463 -12.289 144
      vertex 138.858 -24.4844 144
    endloop
  endfacet
  facet normal 0 0 -1
    outer loop
      vertex 135 12.5 144
      vertex 141 0 144
      vertex 135 -12.5 144
    endloop
  endfacet
  facet normal 0 0 -1
    outer loop
      vertex 123.101 -21.706 144
      vertex 138.858 -24.4844 144
      vertex 136.196 -36.4935 144
    endloop
  endfacet
  facet normal 0 0 -1
    outer loop
      vertex 141 0 144
      vertex 135 12.5 144
      vertex 140.463 12.289 144
    endloop
  endfacet
  facet normal 0 0 -1
    outer loop
      vertex 140.463 12.289 144
      vertex 135 12.5 144
      vertex 138.858 24.4844 144
    endloop
  endfacet
  facet normal 0 0 -1
    outer loop
      vertex 120.741 -32.3524 144
      vertex 136.196 -36.4935 144
      vertex 132.497 -48.2248 144
    endloop
  endfacet
  facet normal 0 0 -1
    outer loop
      vertex 117.462 -42.7525 144
      vertex 132.497 -48.2248 144
      vertex 127.789 -59.5892 144
    endloop
  endfacet
  facet normal 0 0 -1
    outer loop
      vertex 136.196 -36.4935 144
      vertex 120.741 -32.3524 144
      vertex 123.101 -21.706 144
    endloop
  endfacet
  facet normal -0 0 -1
    outer loop
      vertex 135 -12.5 144
      vertex 123.101 -21.706 144
      vertex 124.313 -12.5 144
    endloop
  endfacet
  facet normal 0 0 -1
    outer loop
      vertex 113.288 -52.8273 144
      vertex 127.789 -59.5892 144
      vertex 122.11 -70.5 144
    endloop
  endfacet
  facet normal 0 0 -1
    outer loop
      vertex 138.858 -24.4844 144
      vertex 123.101 -21.706 144
      vertex 135 -12.5 144
    endloop
  endfacet
  facet normal 0 0 -1
    outer loop
      vertex 132.497 -48.2248 144
      vertex 117.462 -42.7525 144
      vertex 120.741 -32.3524 144
    endloop
  endfacet
  facet normal 0 0 -1
    outer loop
      vertex 108.253 -62.5 144
      vertex 122.11 -70.5 144
      vertex 115.5 -80.8743 144
    endloop
  endfacet
  facet normal 0 0 -1
    outer loop
      vertex 127.789 -59.5892 144
      vertex 113.288 -52.8273 144
      vertex 117.462 -42.7525 144
    endloop
  endfacet
  facet normal 0 0 -1
    outer loop
      vertex 122.11 -70.5 144
      vertex 108.253 -62.5 144
      vertex 113.288 -52.8273 144
    endloop
  endfacet
  facet normal 0 0 -1
    outer loop
      vertex 102.394 -71.6971 144
      vertex 115.5 -80.8743 144
      vertex 108.012 -90.6331 144
    endloop
  endfacet
  facet normal 0 0 -1
    outer loop
      vertex 115.5 -80.8743 144
      vertex 102.394 -71.6971 144
      vertex 108.253 -62.5 144
    endloop
  endfacet
  facet normal 0 0 -1
    outer loop
      vertex 95.7556 -80.3484 144
      vertex 108.012 -90.6331 144
      vertex 99.7021 -99.7021 144
    endloop
  endfacet
  facet normal 0 0 -1
    outer loop
      vertex 108.012 -90.6331 144
      vertex 95.7556 -80.3484 144
      vertex 102.394 -71.6971 144
    endloop
  endfacet
  facet normal 0 0 -1
    outer loop
      vertex 88.3884 -88.3884 144
      vertex 99.7021 -99.7021 144
      vertex 90.6331 -108.012 144
    endloop
  endfacet
  facet normal 0 0 -1
    outer loop
      vertex 99.7021 -99.7021 144
      vertex 88.3884 -88.3884 144
      vertex 95.7556 -80.3484 144
    endloop
  endfacet
  facet normal 0 0 -1
    outer loop
      vertex 78.3253 -110.663 144
      vertex 90.6331 -108.012 144
      vertex 80.8743 -115.5 144
    endloop
  endfacet
  facet normal 0 0 -1
    outer loop
      vertex 90.6331 -108.012 144
      vertex 80.3484 -95.7556 144
      vertex 88.3884 -88.3884 144
    endloop
  endfacet
  facet normal -0 0 -1
    outer loop
      vertex 90.6331 -108.012 144
      vertex 78.3253 -110.663 144
      vertex 80.3484 -95.7556 144
    endloop
  endfacet
  facet normal 0 0 -1
    outer loop
      vertex 70.5 -122.11 144
      vertex 78.3253 -110.663 144
      vertex 80.8743 -115.5 144
    endloop
  endfacet
  facet normal 0 0 -1
    outer loop
      vertex 56.6747 -123.163 144
      vertex 70.5 -122.11 144
      vertex 59.5892 -127.789 144
    endloop
  endfacet
  facet normal -0 0 -1
    outer loop
      vertex 70.5 -122.11 144
      vertex 56.6747 -123.163 144
      vertex 78.3253 -110.663 144
    endloop
  endfacet
  facet normal 0 0 -1
    outer loop
      vertex 48.2248 -132.497 144
      vertex 56.6747 -123.163 144
      vertex 59.5892 -127.789 144
    endloop
  endfacet
  facet normal 0 0 -1
    outer loop
      vertex 42.7525 -117.462 144
      vertex 56.6747 -123.163 144
      vertex 48.2248 -132.497 144
    endloop
  endfacet
  facet normal 0 0 -1
    outer loop
      vertex 56.6747 -123.163 144
      vertex 42.7525 -117.462 144
      vertex 51.3312 -113.908 144
    endloop
  endfacet
  facet normal 0 0 -1
    outer loop
      vertex 36.4935 -136.196 144
      vertex 42.7525 -117.462 144
      vertex 48.2248 -132.497 144
    endloop
  endfacet
  facet normal 0 0 -1
    outer loop
      vertex 36.4935 -136.196 144
      vertex 32.3524 -120.741 144
      vertex 42.7525 -117.462 144
    endloop
  endfacet
  facet normal 0 0 -1
    outer loop
      vertex 24.4844 -138.858 144
      vertex 32.3524 -120.741 144
      vertex 36.4935 -136.196 144
    endloop
  endfacet
  facet normal 0 0 -1
    outer loop
      vertex 24.4844 -138.858 144
      vertex 21.706 -123.101 144
      vertex 32.3524 -120.741 144
    endloop
  endfacet
  facet normal 0 0 -1
    outer loop
      vertex 12.289 -140.463 144
      vertex 21.706 -123.101 144
      vertex 24.4844 -138.858 144
    endloop
  endfacet
  facet normal 0 0 -1
    outer loop
      vertex 12.289 -140.463 144
      vertex 10.8945 -124.524 144
      vertex 21.706 -123.101 144
    endloop
  endfacet
  facet normal 0 0 -1
    outer loop
      vertex 0 -141 144
      vertex 10.8945 -124.524 144
      vertex 12.289 -140.463 144
    endloop
  endfacet
  facet normal 0 0 -1
    outer loop
      vertex 0 -141 144
      vertex 0 -125 144
      vertex 10.8945 -124.524 144
    endloop
  endfacet
  facet normal 0 0 -1
    outer loop
      vertex 0 -141 144
      vertex -10.8945 -124.524 144
      vertex 0 -125 144
    endloop
  endfacet
  facet normal 0 0 -1
    outer loop
      vertex -12.289 -140.463 144
      vertex -10.8945 -124.524 144
      vertex 0 -141 144
    endloop
  endfacet
  facet normal 0 0 -1
    outer loop
      vertex -12.289 -140.463 144
      vertex -21.706 -123.101 144
      vertex -10.8945 -124.524 144
    endloop
  endfacet
  facet normal 0 0 -1
    outer loop
      vertex -24.4844 -138.858 144
      vertex -21.706 -123.101 144
      vertex -12.289 -140.463 144
    endloop
  endfacet
  facet normal 0 0 -1
    outer loop
      vertex -24.4844 -138.858 144
      vertex -32.3524 -120.741 144
      vertex -21.706 -123.101 144
    endloop
  endfacet
  facet normal 0 0 -1
    outer loop
      vertex -36.4935 -136.196 144
      vertex -32.3524 -120.741 144
      vertex -24.4844 -138.858 144
    endloop
  endfacet
  facet normal 0 0 -1
    outer loop
      vertex -36.4935 -136.196 144
      vertex -42.7525 -117.462 144
      vertex -32.3524 -120.741 144
    endloop
  endfacet
  facet normal 0 0 -1
    outer loop
      vertex -48.2248 -132.497 144
      vertex -42.7525 -117.462 144
      vertex -36.4935 -136.196 144
    endloop
  endfacet
  facet normal 0 0 -1
    outer loop
      vertex -56.6747 -123.163 144
      vertex -42.7525 -117.462 144
      vertex -48.2248 -132.497 144
    endloop
  endfacet
  facet normal -0 0 -1
    outer loop
      vertex -42.7525 -117.462 144
      vertex -56.6747 -123.163 144
      vertex -51.3312 -113.908 144
    endloop
  endfacet
  facet normal 0 0 -1
    outer loop
      vertex -59.5892 -127.789 144
      vertex -56.6747 -123.163 144
      vertex -48.2248 -132.497 144
    endloop
  endfacet
  facet normal 0 0 -1
    outer loop
      vertex -70.5 -122.11 144
      vertex -56.6747 -123.163 144
      vertex -59.5892 -127.789 144
    endloop
  endfacet
  facet normal 0 0 -1
    outer loop
      vertex -70.5 -122.11 144
      vertex -78.3253 -110.663 144
      vertex -56.6747 -123.163 144
    endloop
  endfacet
  facet normal 0 0 -1
    outer loop
      vertex -80.8743 -115.5 144
      vertex -78.3253 -110.663 144
      vertex -70.5 -122.11 144
    endloop
  endfacet
  facet normal 0 0 -1
    outer loop
      vertex -90.6331 -108.012 144
      vertex -78.3253 -110.663 144
      vertex -80.8743 -115.5 144
    endloop
  endfacet
  facet normal 0 0 -1
    outer loop
      vertex -78.3253 -110.663 144
      vertex -90.6331 -108.012 144
      vertex -80.3484 -95.7556 144
    endloop
  endfacet
  facet normal -0 0 -1
    outer loop
      vertex -80.3484 -95.7556 144
      vertex -90.6331 -108.012 144
      vertex -88.3884 -88.3884 144
    endloop
  endfacet
  facet normal 0 0 -1
    outer loop
      vertex -99.7021 -99.7021 144
      vertex -88.3884 -88.3884 144
      vertex -90.6331 -108.012 144
    endloop
  endfacet
  facet normal -0 0 -1
    outer loop
      vertex -88.3884 -88.3884 144
      vertex -99.7021 -99.7021 144
      vertex -95.7556 -80.3484 144
    endloop
  endfacet
  facet normal 0 0 -1
    outer loop
      vertex -108.012 -90.6331 144
      vertex -95.7556 -80.3484 144
      vertex -99.7021 -99.7021 144
    endloop
  endfacet
  facet normal -0 0 -1
    outer loop
      vertex -95.7556 -80.3484 144
      vertex -108.012 -90.6331 144
      vertex -102.394 -71.6971 144
    endloop
  endfacet
  facet normal 0 0 -1
    outer loop
      vertex -115.5 -80.8743 144
      vertex -102.394 -71.6971 144
      vertex -108.012 -90.6331 144
    endloop
  endfacet
  facet normal -0 0 -1
    outer loop
      vertex -102.394 -71.6971 144
      vertex -115.5 -80.8743 144
      vertex -108.253 -62.5 144
    endloop
  endfacet
  facet normal 0 0 -1
    outer loop
      vertex -122.11 -70.5 144
      vertex -108.253 -62.5 144
      vertex -115.5 -80.8743 144
    endloop
  endfacet
  facet normal -0 0 -1
    outer loop
      vertex -108.253 -62.5 144
      vertex -122.11 -70.5 144
      vertex -113.288 -52.8273 144
    endloop
  endfacet
  facet normal 0 0 -1
    outer loop
      vertex -127.789 -59.5892 144
      vertex -113.288 -52.8273 144
      vertex -122.11 -70.5 144
    endloop
  endfacet
  facet normal -0 0 -1
    outer loop
      vertex -113.288 -52.8273 144
      vertex -127.789 -59.5892 144
      vertex -117.462 -42.7525 144
    endloop
  endfacet
  facet normal 0 0 -1
    outer loop
      vertex -132.497 -48.2248 144
      vertex -117.462 -42.7525 144
      vertex -127.789 -59.5892 144
    endloop
  endfacet
  facet normal -0 0 -1
    outer loop
      vertex -117.462 -42.7525 144
      vertex -132.497 -48.2248 144
      vertex -120.741 -32.3524 144
    endloop
  endfacet
  facet normal 0 0 -1
    outer loop
      vertex -136.196 -36.4935 144
      vertex -120.741 -32.3524 144
      vertex -132.497 -48.2248 144
    endloop
  endfacet
  facet normal -0 0 -1
    outer loop
      vertex -120.741 -32.3524 144
      vertex -136.196 -36.4935 144
      vertex -123.101 -21.706 144
    endloop
  endfacet
  facet normal 0 0 -1
    outer loop
      vertex -138.858 -24.4844 144
      vertex -123.101 -21.706 144
      vertex -136.196 -36.4935 144
    endloop
  endfacet
  facet normal 0 0 -1
    outer loop
      vertex -123.101 -21.706 144
      vertex -135 -12.5 144
      vertex -124.313 -12.5 144
    endloop
  endfacet
  facet normal 0 -0 -1
    outer loop
      vertex -135 -12.5 144
      vertex -123.101 -21.706 144
      vertex -138.858 -24.4844 144
    endloop
  endfacet
  facet normal 0 0 -1
    outer loop
      vertex 123.101 21.706 144
      vertex 138.858 24.4844 144
      vertex 135 12.5 144
    endloop
  endfacet
  facet normal -0 0 -1
    outer loop
      vertex 138.858 24.4844 144
      vertex 123.101 21.706 144
      vertex 136.196 36.4935 144
    endloop
  endfacet
  facet normal 0 0 -1
    outer loop
      vertex 120.741 32.3524 144
      vertex 136.196 36.4935 144
      vertex 123.101 21.706 144
    endloop
  endfacet
  facet normal 0 0 -1
    outer loop
      vertex 123.101 21.706 144
      vertex 135 12.5 144
      vertex 124.313 12.5 144
    endloop
  endfacet
  facet normal -0 0 -1
    outer loop
      vertex 136.196 36.4935 144
      vertex 120.741 32.3524 144
      vertex 132.497 48.2248 144
    endloop
  endfacet
  facet normal 0 0 -1
    outer loop
      vertex 117.462 42.7525 144
      vertex 132.497 48.2248 144
      vertex 120.741 32.3524 144
    endloop
  endfacet
  facet normal -0 0 -1
    outer loop
      vertex 132.497 48.2248 144
      vertex 117.462 42.7525 144
      vertex 127.789 59.5892 144
    endloop
  endfacet
  facet normal 0 0 -1
    outer loop
      vertex 113.288 52.8273 144
      vertex 127.789 59.5892 144
      vertex 117.462 42.7525 144
    endloop
  endfacet
  facet normal -0 0 -1
    outer loop
      vertex 127.789 59.5892 144
      vertex 113.288 52.8273 144
      vertex 122.11 70.5 144
    endloop
  endfacet
  facet normal 0 0 -1
    outer loop
      vertex 108.253 62.5 144
      vertex 122.11 70.5 144
      vertex 113.288 52.8273 144
    endloop
  endfacet
  facet normal -0 0 -1
    outer loop
      vertex 122.11 70.5 144
      vertex 108.253 62.5 144
      vertex 115.5 80.8743 144
    endloop
  endfacet
  facet normal 0 0 -1
    outer loop
      vertex 102.394 71.6971 144
      vertex 115.5 80.8743 144
      vertex 108.253 62.5 144
    endloop
  endfacet
  facet normal -0 0 -1
    outer loop
      vertex 115.5 80.8743 144
      vertex 102.394 71.6971 144
      vertex 108.012 90.6331 144
    endloop
  endfacet
  facet normal 0 0 -1
    outer loop
      vertex 95.7556 80.3484 144
      vertex 108.012 90.6331 144
      vertex 102.394 71.6971 144
    endloop
  endfacet
  facet normal -0 0 -1
    outer loop
      vertex 108.012 90.6331 144
      vertex 95.7556 80.3484 144
      vertex 99.7021 99.7021 144
    endloop
  endfacet
  facet normal 0 0 -1
    outer loop
      vertex 88.3884 88.3884 144
      vertex 99.7021 99.7021 144
      vertex 95.7556 80.3484 144
    endloop
  endfacet
  facet normal -0 0 -1
    outer loop
      vertex 99.7021 99.7021 144
      vertex 88.3884 88.3884 144
      vertex 90.6331 108.012 144
    endloop
  endfacet
  facet normal 0 0 -1
    outer loop
      vertex 80.3484 95.7556 144
      vertex 90.6331 108.012 144
      vertex 88.3884 88.3884 144
    endloop
  endfacet
  facet normal 0 0 -1
    outer loop
      vertex 78.3253 110.663 144
      vertex 90.6331 108.012 144
      vertex 80.3484 95.7556 144
    endloop
  endfacet
  facet normal 0 0 -1
    outer loop
      vertex 90.6331 108.012 144
      vertex 78.3253 110.663 144
      vertex 80.8743 115.5 144
    endloop
  endfacet
  facet normal 0 0 -1
    outer loop
      vertex 78.3253 110.663 144
      vertex 70.5 122.11 144
      vertex 80.8743 115.5 144
    endloop
  endfacet
  facet normal 0 0 -1
    outer loop
      vertex 56.6747 123.163 144
      vertex 70.5 122.11 144
      vertex 78.3253 110.663 144
    endloop
  endfacet
  facet normal 0 0 -1
    outer loop
      vertex 70.5 122.11 144
      vertex 56.6747 123.163 144
      vertex 59.5892 127.789 144
    endloop
  endfacet
  facet normal 0 0 -1
    outer loop
      vertex 56.6747 123.163 144
      vertex 48.2248 132.497 144
      vertex 59.5892 127.789 144
    endloop
  endfacet
  facet normal 0 0 -1
    outer loop
      vertex 42.7525 117.462 144
      vertex 56.6747 123.163 144
      vertex 51.3312 113.908 144
    endloop
  endfacet
  facet normal -0 0 -1
    outer loop
      vertex 56.6747 123.163 144
      vertex 42.7525 117.462 144
      vertex 48.2248 132.497 144
    endloop
  endfacet
  facet normal 0 0 -1
    outer loop
      vertex 42.7525 117.462 144
      vertex 36.4935 136.196 144
      vertex 48.2248 132.497 144
    endloop
  endfacet
  facet normal 0 0 -1
    outer loop
      vertex 32.3524 120.741 144
      vertex 36.4935 136.196 144
      vertex 42.7525 117.462 144
    endloop
  endfacet
  facet normal 0 0 -1
    outer loop
      vertex 32.3524 120.741 144
      vertex 24.4844 138.858 144
      vertex 36.4935 136.196 144
    endloop
  endfacet
  facet normal 0 0 -1
    outer loop
      vertex 21.706 123.101 144
      vertex 24.4844 138.858 144
      vertex 32.3524 120.741 144
    endloop
  endfacet
  facet normal 0 0 -1
    outer loop
      vertex 21.706 123.101 144
      vertex 12.289 140.463 144
      vertex 24.4844 138.858 144
    endloop
  endfacet
  facet normal 0 0 -1
    outer loop
      vertex 10.8945 124.524 144
      vertex 12.289 140.463 144
      vertex 21.706 123.101 144
    endloop
  endfacet
  facet normal 0 0 -1
    outer loop
      vertex 0 125 144
      vertex 12.289 140.463 144
      vertex 10.8945 124.524 144
    endloop
  endfacet
  facet normal 0 0 -1
    outer loop
      vertex 0 125 144
      vertex 0 141 144
      vertex 12.289 140.463 144
    endloop
  endfacet
  facet normal 0 0 -1
    outer loop
      vertex -10.8945 124.524 144
      vertex 0 141 144
      vertex 0 125 144
    endloop
  endfacet
  facet normal 0 0 -1
    outer loop
      vertex -10.8945 124.524 144
      vertex -12.289 140.463 144
      vertex 0 141 144
    endloop
  endfacet
  facet normal 0 0 -1
    outer loop
      vertex -21.706 123.101 144
      vertex -12.289 140.463 144
      vertex -10.8945 124.524 144
    endloop
  endfacet
  facet normal 0 0 -1
    outer loop
      vertex -21.706 123.101 144
      vertex -24.4844 138.858 144
      vertex -12.289 140.463 144
    endloop
  endfacet
  facet normal 0 0 -1
    outer loop
      vertex -32.3524 120.741 144
      vertex -24.4844 138.858 144
      vertex -21.706 123.101 144
    endloop
  endfacet
  facet normal 0 0 -1
    outer loop
      vertex -32.3524 120.741 144
      vertex -36.4935 136.196 144
      vertex -24.4844 138.858 144
    endloop
  endfacet
  facet normal 0 0 -1
    outer loop
      vertex -42.7525 117.462 144
      vertex -36.4935 136.196 144
      vertex -32.3524 120.741 144
    endloop
  endfacet
  facet normal 0 0 -1
    outer loop
      vertex -42.7525 117.462 144
      vertex -48.2248 132.497 144
      vertex -36.4935 136.196 144
    endloop
  endfacet
  facet normal 0 0 -1
    outer loop
      vertex -56.6747 123.163 144
      vertex -42.7525 117.462 144
      vertex -51.3312 113.908 144
    endloop
  endfacet
  facet normal 0 0 -1
    outer loop
      vertex -42.7525 117.462 144
      vertex -56.6747 123.163 144
      vertex -48.2248 132.497 144
    endloop
  endfacet
  facet normal 0 0 -1
    outer loop
      vertex -56.6747 123.163 144
      vertex -59.5892 127.789 144
      vertex -48.2248 132.497 144
    endloop
  endfacet
  facet normal -0 0 -1
    outer loop
      vertex -56.6747 123.163 144
      vertex -70.5 122.11 144
      vertex -59.5892 127.789 144
    endloop
  endfacet
  facet normal 0 0 -1
    outer loop
      vertex -78.3253 110.663 144
      vertex -70.5 122.11 144
      vertex -56.6747 123.163 144
    endloop
  endfacet
  facet normal 0 0 -1
    outer loop
      vertex -78.3253 110.663 144
      vertex -80.8743 115.5 144
      vertex -70.5 122.11 144
    endloop
  endfacet
  facet normal 0 0 -1
    outer loop
      vertex -90.6331 108.012 144
      vertex -78.3253 110.663 144
      vertex -80.3484 95.7556 144
    endloop
  endfacet
  facet normal 0 0 -1
    outer loop
      vertex -90.6331 108.012 144
      vertex -80.3484 95.7556 144
      vertex -88.3884 88.3884 144
    endloop
  endfacet
  facet normal -0 0 -1
    outer loop
      vertex -78.3253 110.663 144
      vertex -90.6331 108.012 144
      vertex -80.8743 115.5 144
    endloop
  endfacet
  facet normal 0 0 -1
    outer loop
      vertex -99.7021 99.7021 144
      vertex -88.3884 88.3884 144
      vertex -95.7556 80.3484 144
    endloop
  endfacet
  facet normal 0 0 -1
    outer loop
      vertex -88.3884 88.3884 144
      vertex -99.7021 99.7021 144
      vertex -90.6331 108.012 144
    endloop
  endfacet
  facet normal 0 0 -1
    outer loop
      vertex -108.012 90.6331 144
      vertex -95.7556 80.3484 144
      vertex -102.394 71.6971 144
    endloop
  endfacet
  facet normal 0 0 -1
    outer loop
      vertex -95.7556 80.3484 144
      vertex -108.012 90.6331 144
      vertex -99.7021 99.7021 144
    endloop
  endfacet
  facet normal 0 0 -1
    outer loop
      vertex -115.5 80.8743 144
      vertex -102.394 71.6971 144
      vertex -108.253 62.5 144
    endloop
  endfacet
  facet normal 0 0 -1
    outer loop
      vertex -122.11 70.5 144
      vertex -108.253 62.5 144
      vertex -113.288 52.8273 144
    endloop
  endfacet
  facet normal 0 0 -1
    outer loop
      vertex -102.394 71.6971 144
      vertex -115.5 80.8743 144
      vertex -108.012 90.6331 144
    endloop
  endfacet
  facet normal 0 0 -1
    outer loop
      vertex -127.789 59.5892 144
      vertex -113.288 52.8273 144
      vertex -117.462 42.7525 144
    endloop
  endfacet
  facet normal 0 0 -1
    outer loop
      vertex -132.497 48.2248 144
      vertex -117.462 42.7525 144
      vertex -120.741 32.3524 144
    endloop
  endfacet
  facet normal 0 0 -1
    outer loop
      vertex -108.253 62.5 144
      vertex -122.11 70.5 144
      vertex -115.5 80.8743 144
    endloop
  endfacet
  facet normal 0 0 -1
    outer loop
      vertex -136.196 36.4935 144
      vertex -120.741 32.3524 144
      vertex -123.101 21.706 144
    endloop
  endfacet
  facet normal 0 0 -1
    outer loop
      vertex -135 12.5 144
      vertex -123.101 21.706 144
      vertex -124.313 12.5 144
    endloop
  endfacet
  facet normal 0 0 -1
    outer loop
      vertex -113.288 52.8273 144
      vertex -127.789 59.5892 144
      vertex -122.11 70.5 144
    endloop
  endfacet
  facet normal 0 0 -1
    outer loop
      vertex -117.462 42.7525 144
      vertex -132.497 48.2248 144
      vertex -127.789 59.5892 144
    endloop
  endfacet
  facet normal -0 0 -1
    outer loop
      vertex -123.101 21.706 144
      vertex -135 12.5 144
      vertex -138.858 24.4844 144
    endloop
  endfacet
  facet normal 0 0 -1
    outer loop
      vertex -120.741 32.3524 144
      vertex -136.196 36.4935 144
      vertex -132.497 48.2248 144
    endloop
  endfacet
  facet normal 0 0 -1
    outer loop
      vertex -140.463 -12.289 144
      vertex -135 -12.5 144
      vertex -138.858 -24.4844 144
    endloop
  endfacet
  facet normal 0 0 -1
    outer loop
      vertex -141 0 144
      vertex -135 -12.5 144
      vertex -140.463 -12.289 144
    endloop
  endfacet
  facet normal 0 0 -1
    outer loop
      vertex -123.101 21.706 144
      vertex -138.858 24.4844 144
      vertex -136.196 36.4935 144
    endloop
  endfacet
  facet normal 0 0 -1
    outer loop
      vertex -135 -12.5 144
      vertex -141 0 144
      vertex -135 12.5 144
    endloop
  endfacet
  facet normal -0 0 -1
    outer loop
      vertex -135 12.5 144
      vertex -140.463 12.289 144
      vertex -138.858 24.4844 144
    endloop
  endfacet
  facet normal 0 0 -1
    outer loop
      vertex -135 12.5 144
      vertex -141 0 144
      vertex -140.463 12.289 144
    endloop
  endfacet
  facet normal 0 0 -1
    outer loop
      vertex 80.3484 -95.7556 144
      vertex 78.3253 -110.663 144
      vertex 72.9818 -101.408 144
    endloop
  endfacet
  facet normal -0 0 -1
    outer loop
      vertex -72.9818 -101.408 144
      vertex -78.3253 -110.663 144
      vertex -80.3484 -95.7556 144
    endloop
  endfacet
  facet normal 0.976302 0.216412 0
    outer loop
      vertex 138.858 24.4844 166
      vertex 136.196 36.4935 144
      vertex 136.196 36.4935 166
    endloop
  endfacet
  facet normal 0.976302 0.216412 0
    outer loop
      vertex 136.196 36.4935 144
      vertex 138.858 24.4844 166
      vertex 138.858 24.4844 144
    endloop
  endfacet
  facet normal 0.991451 0.130482 0
    outer loop
      vertex 140.463 12.289 166
      vertex 138.858 24.4844 144
      vertex 138.858 24.4844 166
    endloop
  endfacet
  facet normal 0.991451 0.130482 0
    outer loop
      vertex 138.858 24.4844 144
      vertex 140.463 12.289 166
      vertex 140.463 12.289 144
    endloop
  endfacet
  facet normal 0.953714 0.300716 0
    outer loop
      vertex 136.196 36.4935 166
      vertex 132.497 48.2248 144
      vertex 132.497 48.2248 166
    endloop
  endfacet
  facet normal 0.953714 0.300716 0
    outer loop
      vertex 132.497 48.2248 144
      vertex 136.196 36.4935 166
      vertex 136.196 36.4935 144
    endloop
  endfacet
  facet normal 0.84336 0.537348 0
    outer loop
      vertex 122.11 70.5 166
      vertex 115.5 80.8743 144
      vertex 115.5 80.8743 166
    endloop
  endfacet
  facet normal 0.84336 0.537348 0
    outer loop
      vertex 115.5 80.8743 144
      vertex 122.11 70.5 166
      vertex 122.11 70.5 144
    endloop
  endfacet
  facet normal 0.793361 0.608752 0
    outer loop
      vertex 115.5 80.8743 166
      vertex 108.012 90.6331 144
      vertex 108.012 90.6331 166
    endloop
  endfacet
  facet normal 0.793361 0.608752 0
    outer loop
      vertex 108.012 90.6331 144
      vertex 115.5 80.8743 166
      vertex 115.5 80.8743 144
    endloop
  endfacet
  facet normal 0.887038 0.461697 0
    outer loop
      vertex 127.789 59.5892 166
      vertex 122.11 70.5 144
      vertex 122.11 70.5 166
    endloop
  endfacet
  facet normal 0.887038 0.461697 0
    outer loop
      vertex 122.11 70.5 144
      vertex 127.789 59.5892 166
      vertex 127.789 59.5892 144
    endloop
  endfacet
  facet normal 0.216412 0.976302 -0
    outer loop
      vertex 36.4935 136.196 144
      vertex 24.4844 138.858 166
      vertex 36.4935 136.196 166
    endloop
  endfacet
  facet normal 0.216412 0.976302 0
    outer loop
      vertex 24.4844 138.858 166
      vertex 36.4935 136.196 144
      vertex 24.4844 138.858 144
    endloop
  endfacet
  facet normal 0.300716 0.953714 -0
    outer loop
      vertex 48.2248 132.497 144
      vertex 36.4935 136.196 166
      vertex 48.2248 132.497 166
    endloop
  endfacet
  facet normal 0.300716 0.953714 0
    outer loop
      vertex 36.4935 136.196 166
      vertex 48.2248 132.497 144
      vertex 36.4935 136.196 144
    endloop
  endfacet
  facet normal 0.130482 0.991451 -0
    outer loop
      vertex 24.4844 138.858 144
      vertex 12.289 140.463 166
      vertex 24.4844 138.858 166
    endloop
  endfacet
  facet normal 0.130482 0.991451 0
    outer loop
      vertex 12.289 140.463 166
      vertex 24.4844 138.858 144
      vertex 12.289 140.463 144
    endloop
  endfacet
  facet normal 0.537348 0.84336 -0
    outer loop
      vertex 80.8743 115.5 144
      vertex 70.5 122.11 166
      vertex 80.8743 115.5 166
    endloop
  endfacet
  facet normal 0.537348 0.84336 0
    outer loop
      vertex 70.5 122.11 166
      vertex 80.8743 115.5 144
      vertex 70.5 122.11 144
    endloop
  endfacet
  facet normal 0.675577 0.73729 -0
    outer loop
      vertex 99.7021 99.7021 144
      vertex 90.6331 108.012 166
      vertex 99.7021 99.7021 166
    endloop
  endfacet
  facet normal 0.675577 0.73729 0
    outer loop
      vertex 90.6331 108.012 166
      vertex 99.7021 99.7021 144
      vertex 90.6331 108.012 144
    endloop
  endfacet
  facet normal -0.976302 0.216412 0
    outer loop
      vertex -138.858 24.4844 144
      vertex -136.196 36.4935 166
      vertex -136.196 36.4935 144
    endloop
  endfacet
  facet normal -0.976302 0.216412 0
    outer loop
      vertex -136.196 36.4935 166
      vertex -138.858 24.4844 144
      vertex -138.858 24.4844 166
    endloop
  endfacet
  facet normal -0.793361 0.608752 0
    outer loop
      vertex -115.5 80.8743 144
      vertex -108.012 90.6331 166
      vertex -108.012 90.6331 144
    endloop
  endfacet
  facet normal -0.793361 0.608752 0
    outer loop
      vertex -108.012 90.6331 166
      vertex -115.5 80.8743 144
      vertex -115.5 80.8743 166
    endloop
  endfacet
  facet normal -0.73729 0.675577 0
    outer loop
      vertex -108.012 90.6331 144
      vertex -99.7021 99.7021 166
      vertex -99.7021 99.7021 144
    endloop
  endfacet
  facet normal -0.73729 0.675577 0
    outer loop
      vertex -99.7021 99.7021 166
      vertex -108.012 90.6331 144
      vertex -108.012 90.6331 166
    endloop
  endfacet
  facet normal -0.84336 0.537348 0
    outer loop
      vertex -122.11 70.5 144
      vertex -115.5 80.8743 166
      vertex -115.5 80.8743 144
    endloop
  endfacet
  facet normal -0.84336 0.537348 0
    outer loop
      vertex -115.5 80.8743 166
      vertex -122.11 70.5 144
      vertex -122.11 70.5 166
    endloop
  endfacet
  facet normal -0.953714 0.300716 0
    outer loop
      vertex -136.196 36.4935 144
      vertex -132.497 48.2248 166
      vertex -132.497 48.2248 144
    endloop
  endfacet
  facet normal -0.953714 0.300716 0
    outer loop
      vertex -132.497 48.2248 166
      vertex -136.196 36.4935 144
      vertex -136.196 36.4935 166
    endloop
  endfacet
  facet normal -0.991451 0.130482 0
    outer loop
      vertex -140.463 12.289 144
      vertex -138.858 24.4844 166
      vertex -138.858 24.4844 144
    endloop
  endfacet
  facet normal -0.991451 0.130482 0
    outer loop
      vertex -138.858 24.4844 166
      vertex -140.463 12.289 144
      vertex -140.463 12.289 166
    endloop
  endfacet
  facet normal 0 0 1
    outer loop
      vertex 125 0 166
      vertex 141 0 166
      vertex 140.463 12.289 166
    endloop
  endfacet
  facet normal 0 0 1
    outer loop
      vertex 124.524 10.8945 166
      vertex 140.463 12.289 166
      vertex 138.858 24.4844 166
    endloop
  endfacet
  facet normal 0 0 1
    outer loop
      vertex 141 0 166
      vertex 125 0 166
      vertex 140.463 -12.289 166
    endloop
  endfacet
  facet normal 0 0 1
    outer loop
      vertex 123.101 21.706 166
      vertex 138.858 24.4844 166
      vertex 136.196 36.4935 166
    endloop
  endfacet
  facet normal -0 0 1
    outer loop
      vertex 124.524 -10.8945 166
      vertex 140.463 -12.289 166
      vertex 125 0 166
    endloop
  endfacet
  facet normal 0 0 1
    outer loop
      vertex 120.741 32.3524 166
      vertex 136.196 36.4935 166
      vertex 132.497 48.2248 166
    endloop
  endfacet
  facet normal 0 0 1
    outer loop
      vertex 140.463 -12.289 166
      vertex 124.524 -10.8945 166
      vertex 138.858 -24.4844 166
    endloop
  endfacet
  facet normal 0 0 1
    outer loop
      vertex 117.462 42.7525 166
      vertex 132.497 48.2248 166
      vertex 127.789 59.5892 166
    endloop
  endfacet
  facet normal -0 0 1
    outer loop
      vertex 123.101 -21.706 166
      vertex 138.858 -24.4844 166
      vertex 124.524 -10.8945 166
    endloop
  endfacet
  facet normal 0 0 1
    outer loop
      vertex 138.858 -24.4844 166
      vertex 123.101 -21.706 166
      vertex 136.196 -36.4935 166
    endloop
  endfacet
  facet normal 0 0 1
    outer loop
      vertex 140.463 12.289 166
      vertex 124.524 10.8945 166
      vertex 125 0 166
    endloop
  endfacet
  facet normal 0 0 1
    outer loop
      vertex 138.858 24.4844 166
      vertex 123.101 21.706 166
      vertex 124.524 10.8945 166
    endloop
  endfacet
  facet normal 0 0 1
    outer loop
      vertex 113.288 52.8273 166
      vertex 127.789 59.5892 166
      vertex 122.11 70.5 166
    endloop
  endfacet
  facet normal 0 0 1
    outer loop
      vertex 136.196 36.4935 166
      vertex 120.741 32.3524 166
      vertex 123.101 21.706 166
    endloop
  endfacet
  facet normal 0 0 1
    outer loop
      vertex 132.497 48.2248 166
      vertex 117.462 42.7525 166
      vertex 120.741 32.3524 166
    endloop
  endfacet
  facet normal 0 0 1
    outer loop
      vertex 108.253 62.5 166
      vertex 122.11 70.5 166
      vertex 115.5 80.8743 166
    endloop
  endfacet
  facet normal 0 0 1
    outer loop
      vertex 127.789 59.5892 166
      vertex 113.288 52.8273 166
      vertex 117.462 42.7525 166
    endloop
  endfacet
  facet normal 0 0 1
    outer loop
      vertex 122.11 70.5 166
      vertex 108.253 62.5 166
      vertex 113.288 52.8273 166
    endloop
  endfacet
  facet normal 0 0 1
    outer loop
      vertex 102.394 71.6971 166
      vertex 115.5 80.8743 166
      vertex 108.012 90.6331 166
    endloop
  endfacet
  facet normal 0 0 1
    outer loop
      vertex 115.5 80.8743 166
      vertex 102.394 71.6971 166
      vertex 108.253 62.5 166
    endloop
  endfacet
  facet normal 0 0 1
    outer loop
      vertex 95.7556 80.3484 166
      vertex 108.012 90.6331 166
      vertex 99.7021 99.7021 166
    endloop
  endfacet
  facet normal 0 0 1
    outer loop
      vertex 108.012 90.6331 166
      vertex 95.7556 80.3484 166
      vertex 102.394 71.6971 166
    endloop
  endfacet
  facet normal 0 0 1
    outer loop
      vertex 88.3884 88.3884 166
      vertex 99.7021 99.7021 166
      vertex 90.6331 108.012 166
    endloop
  endfacet
  facet normal 0 0 1
    outer loop
      vertex 99.7021 99.7021 166
      vertex 88.3884 88.3884 166
      vertex 95.7556 80.3484 166
    endloop
  endfacet
  facet normal 0 0 1
    outer loop
      vertex 80.3484 95.7556 166
      vertex 90.6331 108.012 166
      vertex 80.8743 115.5 166
    endloop
  endfacet
  facet normal 0 0 1
    outer loop
      vertex 90.6331 108.012 166
      vertex 80.3484 95.7556 166
      vertex 88.3884 88.3884 166
    endloop
  endfacet
  facet normal 0 0 1
    outer loop
      vertex 80.8743 115.5 166
      vertex 71.6971 102.394 166
      vertex 80.3484 95.7556 166
    endloop
  endfacet
  facet normal 0 0 1
    outer loop
      vertex 70.5 122.11 166
      vertex 71.6971 102.394 166
      vertex 80.8743 115.5 166
    endloop
  endfacet
  facet normal 0 0 1
    outer loop
      vertex 70.5 122.11 166
      vertex 62.5 108.253 166
      vertex 71.6971 102.394 166
    endloop
  endfacet
  facet normal 0 0 1
    outer loop
      vertex 59.5892 127.789 166
      vertex 62.5 108.253 166
      vertex 70.5 122.11 166
    endloop
  endfacet
  facet normal 0 0 1
    outer loop
      vertex 59.5892 127.789 166
      vertex 52.8273 113.288 166
      vertex 62.5 108.253 166
    endloop
  endfacet
  facet normal 0 0 1
    outer loop
      vertex 48.2248 132.497 166
      vertex 52.8273 113.288 166
      vertex 59.5892 127.789 166
    endloop
  endfacet
  facet normal 0 0 1
    outer loop
      vertex 48.2248 132.497 166
      vertex 42.7525 117.462 166
      vertex 52.8273 113.288 166
    endloop
  endfacet
  facet normal 0 0 1
    outer loop
      vertex 36.4935 136.196 166
      vertex 42.7525 117.462 166
      vertex 48.2248 132.497 166
    endloop
  endfacet
  facet normal 0 0 1
    outer loop
      vertex 36.4935 136.196 166
      vertex 32.3524 120.741 166
      vertex 42.7525 117.462 166
    endloop
  endfacet
  facet normal 0 0 1
    outer loop
      vertex 24.4844 138.858 166
      vertex 32.3524 120.741 166
      vertex 36.4935 136.196 166
    endloop
  endfacet
  facet normal 0 0 1
    outer loop
      vertex 24.4844 138.858 166
      vertex 21.706 123.101 166
      vertex 32.3524 120.741 166
    endloop
  endfacet
  facet normal 0 0 1
    outer loop
      vertex 12.289 140.463 166
      vertex 21.706 123.101 166
      vertex 24.4844 138.858 166
    endloop
  endfacet
  facet normal 0 0 1
    outer loop
      vertex 12.289 140.463 166
      vertex 10.8945 124.524 166
      vertex 21.706 123.101 166
    endloop
  endfacet
  facet normal 0 0 1
    outer loop
      vertex 0 141 166
      vertex 10.8945 124.524 166
      vertex 12.289 140.463 166
    endloop
  endfacet
  facet normal 0 0 1
    outer loop
      vertex 0 141 166
      vertex 0 125 166
      vertex 10.8945 124.524 166
    endloop
  endfacet
  facet normal 0 0 1
    outer loop
      vertex 0 141 166
      vertex -10.8945 124.524 166
      vertex 0 125 166
    endloop
  endfacet
  facet normal -0 0 1
    outer loop
      vertex -12.289 140.463 166
      vertex -10.8945 124.524 166
      vertex 0 141 166
    endloop
  endfacet
  facet normal 0 0 1
    outer loop
      vertex -12.289 140.463 166
      vertex -21.706 123.101 166
      vertex -10.8945 124.524 166
    endloop
  endfacet
  facet normal -0 0 1
    outer loop
      vertex -24.4844 138.858 166
      vertex -21.706 123.101 166
      vertex -12.289 140.463 166
    endloop
  endfacet
  facet normal 0 0 1
    outer loop
      vertex -24.4844 138.858 166
      vertex -32.3524 120.741 166
      vertex -21.706 123.101 166
    endloop
  endfacet
  facet normal -0 0 1
    outer loop
      vertex -36.4935 136.196 166
      vertex -32.3524 120.741 166
      vertex -24.4844 138.858 166
    endloop
  endfacet
  facet normal 0 0 1
    outer loop
      vertex -36.4935 136.196 166
      vertex -42.7525 117.462 166
      vertex -32.3524 120.741 166
    endloop
  endfacet
  facet normal -0 0 1
    outer loop
      vertex -48.2248 132.497 166
      vertex -42.7525 117.462 166
      vertex -36.4935 136.196 166
    endloop
  endfacet
  facet normal 0 0 1
    outer loop
      vertex -48.2248 132.497 166
      vertex -52.8273 113.288 166
      vertex -42.7525 117.462 166
    endloop
  endfacet
  facet normal -0 0 1
    outer loop
      vertex -59.5892 127.789 166
      vertex -52.8273 113.288 166
      vertex -48.2248 132.497 166
    endloop
  endfacet
  facet normal 0 0 1
    outer loop
      vertex -59.5892 127.789 166
      vertex -62.5 108.253 166
      vertex -52.8273 113.288 166
    endloop
  endfacet
  facet normal -0 0 1
    outer loop
      vertex -70.5 122.11 166
      vertex -62.5 108.253 166
      vertex -59.5892 127.789 166
    endloop
  endfacet
  facet normal 0 0 1
    outer loop
      vertex -70.5 122.11 166
      vertex -71.6971 102.394 166
      vertex -62.5 108.253 166
    endloop
  endfacet
  facet normal -0 0 1
    outer loop
      vertex -80.8743 115.5 166
      vertex -71.6971 102.394 166
      vertex -70.5 122.11 166
    endloop
  endfacet
  facet normal 0 0 1
    outer loop
      vertex -71.6971 102.394 166
      vertex -80.8743 115.5 166
      vertex -80.3484 95.7556 166
    endloop
  endfacet
  facet normal -0 0 1
    outer loop
      vertex -90.6331 108.012 166
      vertex -80.3484 95.7556 166
      vertex -80.8743 115.5 166
    endloop
  endfacet
  facet normal 0 0 1
    outer loop
      vertex -80.3484 95.7556 166
      vertex -90.6331 108.012 166
      vertex -88.3884 88.3884 166
    endloop
  endfacet
  facet normal -0 0 1
    outer loop
      vertex -99.7021 99.7021 166
      vertex -88.3884 88.3884 166
      vertex -90.6331 108.012 166
    endloop
  endfacet
  facet normal 0 0 1
    outer loop
      vertex -88.3884 88.3884 166
      vertex -99.7021 99.7021 166
      vertex -95.7556 80.3484 166
    endloop
  endfacet
  facet normal -0 0 1
    outer loop
      vertex -108.012 90.6331 166
      vertex -95.7556 80.3484 166
      vertex -99.7021 99.7021 166
    endloop
  endfacet
  facet normal 0 0 1
    outer loop
      vertex -95.7556 80.3484 166
      vertex -108.012 90.6331 166
      vertex -102.394 71.6971 166
    endloop
  endfacet
  facet normal -0 0 1
    outer loop
      vertex -115.5 80.8743 166
      vertex -102.394 71.6971 166
      vertex -108.012 90.6331 166
    endloop
  endfacet
  facet normal 0 0 1
    outer loop
      vertex -102.394 71.6971 166
      vertex -115.5 80.8743 166
      vertex -108.253 62.5 166
    endloop
  endfacet
  facet normal -0 0 1
    outer loop
      vertex -122.11 70.5 166
      vertex -108.253 62.5 166
      vertex -115.5 80.8743 166
    endloop
  endfacet
  facet normal 0 0 1
    outer loop
      vertex -108.253 62.5 166
      vertex -122.11 70.5 166
      vertex -113.288 52.8273 166
    endloop
  endfacet
  facet normal -0 0 1
    outer loop
      vertex -127.789 59.5892 166
      vertex -113.288 52.8273 166
      vertex -122.11 70.5 166
    endloop
  endfacet
  facet normal 0 0 1
    outer loop
      vertex -113.288 52.8273 166
      vertex -127.789 59.5892 166
      vertex -117.462 42.7525 166
    endloop
  endfacet
  facet normal -0 0 1
    outer loop
      vertex -132.497 48.2248 166
      vertex -117.462 42.7525 166
      vertex -127.789 59.5892 166
    endloop
  endfacet
  facet normal 0 0 1
    outer loop
      vertex -117.462 42.7525 166
      vertex -132.497 48.2248 166
      vertex -120.741 32.3524 166
    endloop
  endfacet
  facet normal -0 0 1
    outer loop
      vertex -136.196 36.4935 166
      vertex -120.741 32.3524 166
      vertex -132.497 48.2248 166
    endloop
  endfacet
  facet normal 0 0 1
    outer loop
      vertex -120.741 32.3524 166
      vertex -136.196 36.4935 166
      vertex -123.101 21.706 166
    endloop
  endfacet
  facet normal -0 0 1
    outer loop
      vertex 120.741 -32.3524 166
      vertex 136.196 -36.4935 166
      vertex 123.101 -21.706 166
    endloop
  endfacet
  facet normal 0 0 1
    outer loop
      vertex 136.196 -36.4935 166
      vertex 120.741 -32.3524 166
      vertex 132.497 -48.2248 166
    endloop
  endfacet
  facet normal -0 0 1
    outer loop
      vertex 117.462 -42.7525 166
      vertex 132.497 -48.2248 166
      vertex 120.741 -32.3524 166
    endloop
  endfacet
  facet normal 0 0 1
    outer loop
      vertex 132.497 -48.2248 166
      vertex 117.462 -42.7525 166
      vertex 127.789 -59.5892 166
    endloop
  endfacet
  facet normal -0 0 1
    outer loop
      vertex 113.288 -52.8273 166
      vertex 127.789 -59.5892 166
      vertex 117.462 -42.7525 166
    endloop
  endfacet
  facet normal 0 0 1
    outer loop
      vertex 127.789 -59.5892 166
      vertex 113.288 -52.8273 166
      vertex 122.11 -70.5 166
    endloop
  endfacet
  facet normal -0 0 1
    outer loop
      vertex 108.253 -62.5 166
      vertex 122.11 -70.5 166
      vertex 113.288 -52.8273 166
    endloop
  endfacet
  facet normal 0 0 1
    outer loop
      vertex 122.11 -70.5 166
      vertex 108.253 -62.5 166
      vertex 115.5 -80.8743 166
    endloop
  endfacet
  facet normal -0 0 1
    outer loop
      vertex 102.394 -71.6971 166
      vertex 115.5 -80.8743 166
      vertex 108.253 -62.5 166
    endloop
  endfacet
  facet normal 0 0 1
    outer loop
      vertex 115.5 -80.8743 166
      vertex 102.394 -71.6971 166
      vertex 108.012 -90.6331 166
    endloop
  endfacet
  facet normal -0 0 1
    outer loop
      vertex 95.7556 -80.3484 166
      vertex 108.012 -90.6331 166
      vertex 102.394 -71.6971 166
    endloop
  endfacet
  facet normal 0 0 1
    outer loop
      vertex 108.012 -90.6331 166
      vertex 95.7556 -80.3484 166
      vertex 99.7021 -99.7021 166
    endloop
  endfacet
  facet normal -0 0 1
    outer loop
      vertex 88.3884 -88.3884 166
      vertex 99.7021 -99.7021 166
      vertex 95.7556 -80.3484 166
    endloop
  endfacet
  facet normal 0 0 1
    outer loop
      vertex 99.7021 -99.7021 166
      vertex 88.3884 -88.3884 166
      vertex 90.6331 -108.012 166
    endloop
  endfacet
  facet normal -0 0 1
    outer loop
      vertex 80.3484 -95.7556 166
      vertex 90.6331 -108.012 166
      vertex 88.3884 -88.3884 166
    endloop
  endfacet
  facet normal 0 0 1
    outer loop
      vertex 90.6331 -108.012 166
      vertex 80.3484 -95.7556 166
      vertex 80.8743 -115.5 166
    endloop
  endfacet
  facet normal -0 0 1
    outer loop
      vertex 71.6971 -102.394 166
      vertex 80.8743 -115.5 166
      vertex 80.3484 -95.7556 166
    endloop
  endfacet
  facet normal 0 0 1
    outer loop
      vertex 71.6971 -102.394 166
      vertex 70.5 -122.11 166
      vertex 80.8743 -115.5 166
    endloop
  endfacet
  facet normal -0 0 1
    outer loop
      vertex 62.5 -108.253 166
      vertex 70.5 -122.11 166
      vertex 71.6971 -102.394 166
    endloop
  endfacet
  facet normal 0 0 1
    outer loop
      vertex 62.5 -108.253 166
      vertex 59.5892 -127.789 166
      vertex 70.5 -122.11 166
    endloop
  endfacet
  facet normal -0 0 1
    outer loop
      vertex 52.8273 -113.288 166
      vertex 59.5892 -127.789 166
      vertex 62.5 -108.253 166
    endloop
  endfacet
  facet normal 0 0 1
    outer loop
      vertex 52.8273 -113.288 166
      vertex 48.2248 -132.497 166
      vertex 59.5892 -127.789 166
    endloop
  endfacet
  facet normal -0 0 1
    outer loop
      vertex 42.7525 -117.462 166
      vertex 48.2248 -132.497 166
      vertex 52.8273 -113.288 166
    endloop
  endfacet
  facet normal 0 0 1
    outer loop
      vertex 42.7525 -117.462 166
      vertex 36.4935 -136.196 166
      vertex 48.2248 -132.497 166
    endloop
  endfacet
  facet normal -0 0 1
    outer loop
      vertex 32.3524 -120.741 166
      vertex 36.4935 -136.196 166
      vertex 42.7525 -117.462 166
    endloop
  endfacet
  facet normal 0 0 1
    outer loop
      vertex 32.3524 -120.741 166
      vertex 24.4844 -138.858 166
      vertex 36.4935 -136.196 166
    endloop
  endfacet
  facet normal -0 0 1
    outer loop
      vertex 21.706 -123.101 166
      vertex 24.4844 -138.858 166
      vertex 32.3524 -120.741 166
    endloop
  endfacet
  facet normal 0 0 1
    outer loop
      vertex 21.706 -123.101 166
      vertex 12.289 -140.463 166
      vertex 24.4844 -138.858 166
    endloop
  endfacet
  facet normal -0 0 1
    outer loop
      vertex 10.8945 -124.524 166
      vertex 12.289 -140.463 166
      vertex 21.706 -123.101 166
    endloop
  endfacet
  facet normal -0 0 1
    outer loop
      vertex 0 -125 166
      vertex 12.289 -140.463 166
      vertex 10.8945 -124.524 166
    endloop
  endfacet
  facet normal 0 0 1
    outer loop
      vertex 0 -125 166
      vertex 0 -141 166
      vertex 12.289 -140.463 166
    endloop
  endfacet
  facet normal 0 0 1
    outer loop
      vertex -10.8945 -124.524 166
      vertex 0 -141 166
      vertex 0 -125 166
    endloop
  endfacet
  facet normal 0 0 1
    outer loop
      vertex -10.8945 -124.524 166
      vertex -12.289 -140.463 166
      vertex 0 -141 166
    endloop
  endfacet
  facet normal 0 0 1
    outer loop
      vertex -21.706 -123.101 166
      vertex -12.289 -140.463 166
      vertex -10.8945 -124.524 166
    endloop
  endfacet
  facet normal 0 0 1
    outer loop
      vertex -21.706 -123.101 166
      vertex -24.4844 -138.858 166
      vertex -12.289 -140.463 166
    endloop
  endfacet
  facet normal 0 0 1
    outer loop
      vertex -32.3524 -120.741 166
      vertex -24.4844 -138.858 166
      vertex -21.706 -123.101 166
    endloop
  endfacet
  facet normal 0 0 1
    outer loop
      vertex -32.3524 -120.741 166
      vertex -36.4935 -136.196 166
      vertex -24.4844 -138.858 166
    endloop
  endfacet
  facet normal 0 0 1
    outer loop
      vertex -42.7525 -117.462 166
      vertex -36.4935 -136.196 166
      vertex -32.3524 -120.741 166
    endloop
  endfacet
  facet normal 0 0 1
    outer loop
      vertex -42.7525 -117.462 166
      vertex -48.2248 -132.497 166
      vertex -36.4935 -136.196 166
    endloop
  endfacet
  facet normal 0 0 1
    outer loop
      vertex -52.8273 -113.288 166
      vertex -48.2248 -132.497 166
      vertex -42.7525 -117.462 166
    endloop
  endfacet
  facet normal 0 0 1
    outer loop
      vertex -52.8273 -113.288 166
      vertex -59.5892 -127.789 166
      vertex -48.2248 -132.497 166
    endloop
  endfacet
  facet normal 0 0 1
    outer loop
      vertex -62.5 -108.253 166
      vertex -59.5892 -127.789 166
      vertex -52.8273 -113.288 166
    endloop
  endfacet
  facet normal 0 0 1
    outer loop
      vertex -62.5 -108.253 166
      vertex -70.5 -122.11 166
      vertex -59.5892 -127.789 166
    endloop
  endfacet
  facet normal 0 0 1
    outer loop
      vertex -71.6971 -102.394 166
      vertex -70.5 -122.11 166
      vertex -62.5 -108.253 166
    endloop
  endfacet
  facet normal 0 0 1
    outer loop
      vertex -80.8743 -115.5 166
      vertex -71.6971 -102.394 166
      vertex -80.3484 -95.7556 166
    endloop
  endfacet
  facet normal 0 0 1
    outer loop
      vertex -71.6971 -102.394 166
      vertex -80.8743 -115.5 166
      vertex -70.5 -122.11 166
    endloop
  endfacet
  facet normal 0 0 1
    outer loop
      vertex -90.6331 -108.012 166
      vertex -80.3484 -95.7556 166
      vertex -88.3884 -88.3884 166
    endloop
  endfacet
  facet normal 0 0 1
    outer loop
      vertex -80.3484 -95.7556 166
      vertex -90.6331 -108.012 166
      vertex -80.8743 -115.5 166
    endloop
  endfacet
  facet normal 0 0 1
    outer loop
      vertex -99.7021 -99.7021 166
      vertex -88.3884 -88.3884 166
      vertex -95.7556 -80.3484 166
    endloop
  endfacet
  facet normal 0 0 1
    outer loop
      vertex -88.3884 -88.3884 166
      vertex -99.7021 -99.7021 166
      vertex -90.6331 -108.012 166
    endloop
  endfacet
  facet normal 0 0 1
    outer loop
      vertex -108.012 -90.6331 166
      vertex -95.7556 -80.3484 166
      vertex -102.394 -71.6971 166
    endloop
  endfacet
  facet normal 0 0 1
    outer loop
      vertex -95.7556 -80.3484 166
      vertex -108.012 -90.6331 166
      vertex -99.7021 -99.7021 166
    endloop
  endfacet
  facet normal 0 0 1
    outer loop
      vertex -115.5 -80.8743 166
      vertex -102.394 -71.6971 166
      vertex -108.253 -62.5 166
    endloop
  endfacet
  facet normal 0 0 1
    outer loop
      vertex -122.11 -70.5 166
      vertex -108.253 -62.5 166
      vertex -113.288 -52.8273 166
    endloop
  endfacet
  facet normal 0 0 1
    outer loop
      vertex -102.394 -71.6971 166
      vertex -115.5 -80.8743 166
      vertex -108.012 -90.6331 166
    endloop
  endfacet
  facet normal 0 0 1
    outer loop
      vertex -127.789 -59.5892 166
      vertex -113.288 -52.8273 166
      vertex -117.462 -42.7525 166
    endloop
  endfacet
  facet normal 0 0 1
    outer loop
      vertex -132.497 -48.2248 166
      vertex -117.462 -42.7525 166
      vertex -120.741 -32.3524 166
    endloop
  endfacet
  facet normal 0 0 1
    outer loop
      vertex -108.253 -62.5 166
      vertex -122.11 -70.5 166
      vertex -115.5 -80.8743 166
    endloop
  endfacet
  facet normal 0 0 1
    outer loop
      vertex -136.196 -36.4935 166
      vertex -120.741 -32.3524 166
      vertex -123.101 -21.706 166
    endloop
  endfacet
  facet normal 0 0 1
    outer loop
      vertex -138.858 -24.4844 166
      vertex -123.101 -21.706 166
      vertex -124.524 -10.8945 166
    endloop
  endfacet
  facet normal 0 0 1
    outer loop
      vertex -140.463 -12.289 166
      vertex -124.524 -10.8945 166
      vertex -125 0 166
    endloop
  endfacet
  facet normal -0 0 1
    outer loop
      vertex -138.858 24.4844 166
      vertex -123.101 21.706 166
      vertex -136.196 36.4935 166
    endloop
  endfacet
  facet normal 0 0 1
    outer loop
      vertex -113.288 -52.8273 166
      vertex -127.789 -59.5892 166
      vertex -122.11 -70.5 166
    endloop
  endfacet
  facet normal 0 0 1
    outer loop
      vertex -123.101 21.706 166
      vertex -138.858 24.4844 166
      vertex -124.524 10.8945 166
    endloop
  endfacet
  facet normal 0 0 1
    outer loop
      vertex -117.462 -42.7525 166
      vertex -132.497 -48.2248 166
      vertex -127.789 -59.5892 166
    endloop
  endfacet
  facet normal -0 0 1
    outer loop
      vertex -140.463 12.289 166
      vertex -124.524 10.8945 166
      vertex -138.858 24.4844 166
    endloop
  endfacet
  facet normal 0 0 1
    outer loop
      vertex -120.741 -32.3524 166
      vertex -136.196 -36.4935 166
      vertex -132.497 -48.2248 166
    endloop
  endfacet
  facet normal 0 0 1
    outer loop
      vertex -124.524 10.8945 166
      vertex -140.463 12.289 166
      vertex -125 0 166
    endloop
  endfacet
  facet normal 0 0 1
    outer loop
      vertex -123.101 -21.706 166
      vertex -138.858 -24.4844 166
      vertex -136.196 -36.4935 166
    endloop
  endfacet
  facet normal 0 0 1
    outer loop
      vertex -141 0 166
      vertex -125 0 166
      vertex -140.463 12.289 166
    endloop
  endfacet
  facet normal 0 0 1
    outer loop
      vertex -124.524 -10.8945 166
      vertex -140.463 -12.289 166
      vertex -138.858 -24.4844 166
    endloop
  endfacet
  facet normal 0 0 1
    outer loop
      vertex -125 0 166
      vertex -141 0 166
      vertex -140.463 -12.289 166
    endloop
  endfacet
  facet normal -0.537348 0.84336 0
    outer loop
      vertex -70.5 122.11 144
      vertex -80.8743 115.5 166
      vertex -70.5 122.11 166
    endloop
  endfacet
  facet normal -0.537348 0.84336 0
    outer loop
      vertex -80.8743 115.5 166
      vertex -70.5 122.11 144
      vertex -80.8743 115.5 144
    endloop
  endfacet
  facet normal -0.608752 0.793361 0
    outer loop
      vertex -80.8743 115.5 144
      vertex -90.6331 108.012 166
      vertex -80.8743 115.5 166
    endloop
  endfacet
  facet normal -0.608752 0.793361 0
    outer loop
      vertex -90.6331 108.012 166
      vertex -80.8743 115.5 144
      vertex -90.6331 108.012 144
    endloop
  endfacet
  facet normal -0.216412 0.976302 0
    outer loop
      vertex -24.4844 138.858 144
      vertex -36.4935 136.196 166
      vertex -24.4844 138.858 166
    endloop
  endfacet
  facet normal -0.216412 0.976302 0
    outer loop
      vertex -36.4935 136.196 166
      vertex -24.4844 138.858 144
      vertex -36.4935 136.196 144
    endloop
  endfacet
  facet normal -0.043656 0.999047 0
    outer loop
      vertex 0 141 144
      vertex -12.289 140.463 166
      vertex 0 141 166
    endloop
  endfacet
  facet normal -0.043656 0.999047 0
    outer loop
      vertex -12.289 140.463 166
      vertex 0 141 144
      vertex -12.289 140.463 144
    endloop
  endfacet
  facet normal 0.999047 -0.043656 0
    outer loop
      vertex 140.463 -12.289 166
      vertex 141 0 144
      vertex 141 0 166
    endloop
  endfacet
  facet normal 0.999047 -0.043656 0
    outer loop
      vertex 141 0 144
      vertex 140.463 -12.289 166
      vertex 140.463 -12.289 144
    endloop
  endfacet
  facet normal 0.043656 -0.999047 0
    outer loop
      vertex 0 -141 144
      vertex 12.289 -140.463 166
      vertex 0 -141 166
    endloop
  endfacet
  facet normal 0.043656 -0.999047 0
    outer loop
      vertex 12.289 -140.463 166
      vertex 0 -141 144
      vertex 12.289 -140.463 144
    endloop
  endfacet
  facet normal 0.216412 -0.976302 0
    outer loop
      vertex 24.4844 -138.858 144
      vertex 36.4935 -136.196 166
      vertex 24.4844 -138.858 166
    endloop
  endfacet
  facet normal 0.216412 -0.976302 0
    outer loop
      vertex 36.4935 -136.196 166
      vertex 24.4844 -138.858 144
      vertex 36.4935 -136.196 144
    endloop
  endfacet
  facet normal 0.608752 -0.793361 0
    outer loop
      vertex 80.8743 -115.5 144
      vertex 90.6331 -108.012 166
      vertex 80.8743 -115.5 166
    endloop
  endfacet
  facet normal 0.608752 -0.793361 0
    outer loop
      vertex 90.6331 -108.012 166
      vertex 80.8743 -115.5 144
      vertex 90.6331 -108.012 144
    endloop
  endfacet
  facet normal 0.73729 -0.675577 0
    outer loop
      vertex 99.7021 -99.7021 166
      vertex 108.012 -90.6331 144
      vertex 108.012 -90.6331 166
    endloop
  endfacet
  facet normal 0.73729 -0.675577 0
    outer loop
      vertex 108.012 -90.6331 144
      vertex 99.7021 -99.7021 166
      vertex 99.7021 -99.7021 144
    endloop
  endfacet
  facet normal 0.84336 -0.537348 0
    outer loop
      vertex 115.5 -80.8743 166
      vertex 122.11 -70.5 144
      vertex 122.11 -70.5 166
    endloop
  endfacet
  facet normal 0.84336 -0.537348 0
    outer loop
      vertex 122.11 -70.5 144
      vertex 115.5 -80.8743 166
      vertex 115.5 -80.8743 144
    endloop
  endfacet
  facet normal -0.675577 -0.73729 0
    outer loop
      vertex -99.7021 -99.7021 144
      vertex -90.6331 -108.012 166
      vertex -99.7021 -99.7021 166
    endloop
  endfacet
  facet normal -0.675577 -0.73729 -0
    outer loop
      vertex -90.6331 -108.012 166
      vertex -99.7021 -99.7021 144
      vertex -90.6331 -108.012 144
    endloop
  endfacet
  facet normal -0.537348 -0.84336 0
    outer loop
      vertex -80.8743 -115.5 144
      vertex -70.5 -122.11 166
      vertex -80.8743 -115.5 166
    endloop
  endfacet
  facet normal -0.537348 -0.84336 -0
    outer loop
      vertex -70.5 -122.11 166
      vertex -80.8743 -115.5 144
      vertex -70.5 -122.11 144
    endloop
  endfacet
  facet normal -0.300716 -0.953714 0
    outer loop
      vertex -48.2248 -132.497 144
      vertex -36.4935 -136.196 166
      vertex -48.2248 -132.497 166
    endloop
  endfacet
  facet normal -0.300716 -0.953714 -0
    outer loop
      vertex -36.4935 -136.196 166
      vertex -48.2248 -132.497 144
      vertex -36.4935 -136.196 144
    endloop
  endfacet
  facet normal -0.130482 -0.991451 0
    outer loop
      vertex -24.4844 -138.858 144
      vertex -12.289 -140.463 166
      vertex -24.4844 -138.858 166
    endloop
  endfacet
  facet normal -0.130482 -0.991451 -0
    outer loop
      vertex -12.289 -140.463 166
      vertex -24.4844 -138.858 144
      vertex -12.289 -140.463 144
    endloop
  endfacet
  facet normal -0.793361 -0.608752 0
    outer loop
      vertex -108.012 -90.6331 144
      vertex -115.5 -80.8743 166
      vertex -115.5 -80.8743 144
    endloop
  endfacet
  facet normal -0.793361 -0.608752 0
    outer loop
      vertex -115.5 -80.8743 166
      vertex -108.012 -90.6331 144
      vertex -108.012 -90.6331 166
    endloop
  endfacet
  facet normal -0.976302 -0.216412 0
    outer loop
      vertex -136.196 -36.4935 144
      vertex -138.858 -24.4844 166
      vertex -138.858 -24.4844 144
    endloop
  endfacet
  facet normal -0.976302 -0.216412 0
    outer loop
      vertex -138.858 -24.4844 166
      vertex -136.196 -36.4935 144
      vertex -136.196 -36.4935 166
    endloop
  endfacet
  facet normal -0.999047 -0.043656 0
    outer loop
      vertex -140.463 -12.289 144
      vertex -141 0 166
      vertex -141 0 144
    endloop
  endfacet
  facet normal -0.999047 -0.043656 0
    outer loop
      vertex -141 0 166
      vertex -140.463 -12.289 144
      vertex -140.463 -12.289 166
    endloop
  endfacet
  facet normal 0.461697 0.887038 -0
    outer loop
      vertex 70.5 122.11 144
      vertex 59.5892 127.789 166
      vertex 70.5 122.11 166
    endloop
  endfacet
  facet normal 0.461697 0.887038 0
    outer loop
      vertex 59.5892 127.789 166
      vertex 70.5 122.11 144
      vertex 59.5892 127.789 144
    endloop
  endfacet
  facet normal -0.887038 0.461697 0
    outer loop
      vertex -127.789 59.5892 144
      vertex -122.11 70.5 166
      vertex -122.11 70.5 144
    endloop
  endfacet
  facet normal -0.887038 0.461697 0
    outer loop
      vertex -122.11 70.5 166
      vertex -127.789 59.5892 144
      vertex -127.789 59.5892 166
    endloop
  endfacet
  facet normal -0.461697 0.887038 0
    outer loop
      vertex -59.5892 127.789 144
      vertex -70.5 122.11 166
      vertex -59.5892 127.789 166
    endloop
  endfacet
  facet normal -0.461697 0.887038 0
    outer loop
      vertex -70.5 122.11 166
      vertex -59.5892 127.789 144
      vertex -70.5 122.11 144
    endloop
  endfacet
  facet normal -0.382733 0.923859 0
    outer loop
      vertex -48.2248 132.497 144
      vertex -59.5892 127.789 166
      vertex -48.2248 132.497 166
    endloop
  endfacet
  facet normal -0.382733 0.923859 0
    outer loop
      vertex -59.5892 127.789 166
      vertex -48.2248 132.497 144
      vertex -59.5892 127.789 144
    endloop
  endfacet
  facet normal 0.130482 -0.991451 0
    outer loop
      vertex 12.289 -140.463 144
      vertex 24.4844 -138.858 166
      vertex 12.289 -140.463 166
    endloop
  endfacet
  facet normal 0.130482 -0.991451 0
    outer loop
      vertex 24.4844 -138.858 166
      vertex 12.289 -140.463 144
      vertex 24.4844 -138.858 144
    endloop
  endfacet
  facet normal 0.300716 -0.953714 0
    outer loop
      vertex 36.4935 -136.196 144
      vertex 48.2248 -132.497 166
      vertex 36.4935 -136.196 166
    endloop
  endfacet
  facet normal 0.300716 -0.953714 0
    outer loop
      vertex 48.2248 -132.497 166
      vertex 36.4935 -136.196 144
      vertex 48.2248 -132.497 144
    endloop
  endfacet
  facet normal 0.675577 -0.73729 0
    outer loop
      vertex 90.6331 -108.012 144
      vertex 99.7021 -99.7021 166
      vertex 90.6331 -108.012 166
    endloop
  endfacet
  facet normal 0.675577 -0.73729 0
    outer loop
      vertex 99.7021 -99.7021 166
      vertex 90.6331 -108.012 144
      vertex 99.7021 -99.7021 144
    endloop
  endfacet
  facet normal 0.537348 -0.84336 0
    outer loop
      vertex 70.5 -122.11 144
      vertex 80.8743 -115.5 166
      vertex 70.5 -122.11 166
    endloop
  endfacet
  facet normal 0.537348 -0.84336 0
    outer loop
      vertex 80.8743 -115.5 166
      vertex 70.5 -122.11 144
      vertex 80.8743 -115.5 144
    endloop
  endfacet
  facet normal 0.382733 -0.923859 0
    outer loop
      vertex 48.2248 -132.497 144
      vertex 59.5892 -127.789 166
      vertex 48.2248 -132.497 166
    endloop
  endfacet
  facet normal 0.382733 -0.923859 0
    outer loop
      vertex 59.5892 -127.789 166
      vertex 48.2248 -132.497 144
      vertex 59.5892 -127.789 144
    endloop
  endfacet
  facet normal 0.793361 -0.608752 0
    outer loop
      vertex 108.012 -90.6331 166
      vertex 115.5 -80.8743 144
      vertex 115.5 -80.8743 166
    endloop
  endfacet
  facet normal 0.793361 -0.608752 0
    outer loop
      vertex 115.5 -80.8743 144
      vertex 108.012 -90.6331 166
      vertex 108.012 -90.6331 144
    endloop
  endfacet
  facet normal 0.887038 -0.461697 0
    outer loop
      vertex 122.11 -70.5 166
      vertex 127.789 -59.5892 144
      vertex 127.789 -59.5892 166
    endloop
  endfacet
  facet normal 0.887038 -0.461697 0
    outer loop
      vertex 127.789 -59.5892 144
      vertex 122.11 -70.5 166
      vertex 122.11 -70.5 144
    endloop
  endfacet
  facet normal 0.953714 -0.300716 0
    outer loop
      vertex 132.497 -48.2248 166
      vertex 136.196 -36.4935 144
      vertex 136.196 -36.4935 166
    endloop
  endfacet
  facet normal 0.953714 -0.300716 0
    outer loop
      vertex 136.196 -36.4935 144
      vertex 132.497 -48.2248 166
      vertex 132.497 -48.2248 144
    endloop
  endfacet
  facet normal -0.608752 -0.793361 0
    outer loop
      vertex -90.6331 -108.012 144
      vertex -80.8743 -115.5 166
      vertex -90.6331 -108.012 166
    endloop
  endfacet
  facet normal -0.608752 -0.793361 -0
    outer loop
      vertex -80.8743 -115.5 166
      vertex -90.6331 -108.012 144
      vertex -80.8743 -115.5 144
    endloop
  endfacet
  facet normal -0.461697 -0.887038 0
    outer loop
      vertex -70.5 -122.11 144
      vertex -59.5892 -127.789 166
      vertex -70.5 -122.11 166
    endloop
  endfacet
  facet normal -0.461697 -0.887038 -0
    outer loop
      vertex -59.5892 -127.789 166
      vertex -70.5 -122.11 144
      vertex -59.5892 -127.789 144
    endloop
  endfacet
  facet normal -0.216412 -0.976302 0
    outer loop
      vertex -36.4935 -136.196 144
      vertex -24.4844 -138.858 166
      vertex -36.4935 -136.196 166
    endloop
  endfacet
  facet normal -0.216412 -0.976302 -0
    outer loop
      vertex -24.4844 -138.858 166
      vertex -36.4935 -136.196 144
      vertex -24.4844 -138.858 144
    endloop
  endfacet
  facet normal -0.043656 -0.999047 0
    outer loop
      vertex -12.289 -140.463 144
      vertex 0 -141 166
      vertex -12.289 -140.463 166
    endloop
  endfacet
  facet normal -0.043656 -0.999047 -0
    outer loop
      vertex 0 -141 166
      vertex -12.289 -140.463 144
      vertex 0 -141 144
    endloop
  endfacet
  facet normal -0.923859 -0.382733 0
    outer loop
      vertex -127.789 -59.5892 144
      vertex -132.497 -48.2248 166
      vertex -132.497 -48.2248 144
    endloop
  endfacet
  facet normal -0.923859 -0.382733 0
    outer loop
      vertex -132.497 -48.2248 166
      vertex -127.789 -59.5892 144
      vertex -127.789 -59.5892 166
    endloop
  endfacet
  facet normal -0.84336 -0.537348 0
    outer loop
      vertex -115.5 -80.8743 144
      vertex -122.11 -70.5 166
      vertex -122.11 -70.5 144
    endloop
  endfacet
  facet normal -0.84336 -0.537348 0
    outer loop
      vertex -122.11 -70.5 166
      vertex -115.5 -80.8743 144
      vertex -115.5 -80.8743 166
    endloop
  endfacet
  facet normal -0.73729 -0.675577 0
    outer loop
      vertex -99.7021 -99.7021 144
      vertex -108.012 -90.6331 166
      vertex -108.012 -90.6331 144
    endloop
  endfacet
  facet normal -0.73729 -0.675577 0
    outer loop
      vertex -108.012 -90.6331 166
      vertex -99.7021 -99.7021 144
      vertex -99.7021 -99.7021 166
    endloop
  endfacet
  facet normal -0.953714 -0.300716 0
    outer loop
      vertex -132.497 -48.2248 144
      vertex -136.196 -36.4935 166
      vertex -136.196 -36.4935 144
    endloop
  endfacet
  facet normal -0.953714 -0.300716 0
    outer loop
      vertex -136.196 -36.4935 166
      vertex -132.497 -48.2248 144
      vertex -132.497 -48.2248 166
    endloop
  endfacet
  facet normal -0.991451 -0.130482 0
    outer loop
      vertex -138.858 -24.4844 144
      vertex -140.463 -12.289 166
      vertex -140.463 -12.289 144
    endloop
  endfacet
  facet normal -0.991451 -0.130482 0
    outer loop
      vertex -140.463 -12.289 166
      vertex -138.858 -24.4844 144
      vertex -138.858 -24.4844 166
    endloop
  endfacet
  facet normal 0.461697 -0.887038 0
    outer loop
      vertex 59.5892 -127.789 144
      vertex 70.5 -122.11 166
      vertex 59.5892 -127.789 166
    endloop
  endfacet
  facet normal 0.461697 -0.887038 0
    outer loop
      vertex 70.5 -122.11 166
      vertex 59.5892 -127.789 144
      vertex 70.5 -122.11 144
    endloop
  endfacet
  facet normal 0.923859 -0.382733 0
    outer loop
      vertex 127.789 -59.5892 166
      vertex 132.497 -48.2248 144
      vertex 132.497 -48.2248 166
    endloop
  endfacet
  facet normal 0.923859 -0.382733 0
    outer loop
      vertex 132.497 -48.2248 144
      vertex 127.789 -59.5892 166
      vertex 127.789 -59.5892 144
    endloop
  endfacet
  facet normal 0.976302 -0.216412 0
    outer loop
      vertex 136.196 -36.4935 166
      vertex 138.858 -24.4844 144
      vertex 138.858 -24.4844 166
    endloop
  endfacet
  facet normal 0.976302 -0.216412 0
    outer loop
      vertex 138.858 -24.4844 144
      vertex 136.196 -36.4935 166
      vertex 136.196 -36.4935 144
    endloop
  endfacet
  facet normal -0.382733 -0.923859 0
    outer loop
      vertex -59.5892 -127.789 144
      vertex -48.2248 -132.497 166
      vertex -59.5892 -127.789 166
    endloop
  endfacet
  facet normal -0.382733 -0.923859 -0
    outer loop
      vertex -48.2248 -132.497 166
      vertex -59.5892 -127.789 144
      vertex -48.2248 -132.497 144
    endloop
  endfacet
  facet normal -0.887038 -0.461697 0
    outer loop
      vertex -122.11 -70.5 144
      vertex -127.789 -59.5892 166
      vertex -127.789 -59.5892 144
    endloop
  endfacet
  facet normal -0.887038 -0.461697 0
    outer loop
      vertex -127.789 -59.5892 166
      vertex -122.11 -70.5 144
      vertex -122.11 -70.5 166
    endloop
  endfacet
  facet normal 0.991451 -0.130482 0
    outer loop
      vertex 138.858 -24.4844 166
      vertex 140.463 -12.289 144
      vertex 140.463 -12.289 166
    endloop
  endfacet
  facet normal 0.991451 -0.130482 0
    outer loop
      vertex 140.463 -12.289 144
      vertex 138.858 -24.4844 166
      vertex 138.858 -24.4844 144
    endloop
  endfacet
  facet normal -0.999047 -0.0436501 0
    outer loop
      vertex 125 0 154.5
      vertex 124.524 10.8945 166
      vertex 124.524 10.8945 154.5
    endloop
  endfacet
  facet normal -0.999047 -0.0436501 0
    outer loop
      vertex 124.524 10.8945 166
      vertex 125 0 154.5
      vertex 125 0 166
    endloop
  endfacet
  facet normal 0.999047 -0.0436501 0
    outer loop
      vertex -125 0 166
      vertex -124.524 10.8945 154.5
      vertex -124.524 10.8945 166
    endloop
  endfacet
  facet normal 0.999047 -0.0436501 0
    outer loop
      vertex -124.524 10.8945 154.5
      vertex -125 0 166
      vertex -125 0 154.5
    endloop
  endfacet
  facet normal -0.0436501 -0.999047 0
    outer loop
      vertex 0 125 144
      vertex 10.8945 124.524 166
      vertex 0 125 166
    endloop
  endfacet
  facet normal -0.0436501 -0.999047 -0
    outer loop
      vertex 10.8945 124.524 166
      vertex 0 125 144
      vertex 10.8945 124.524 144
    endloop
  endfacet
  facet normal -0.737282 -0.675585 0
    outer loop
      vertex 95.7556 80.3484 144
      vertex 88.3884 88.3884 166
      vertex 88.3884 88.3884 144
    endloop
  endfacet
  facet normal -0.737282 -0.675585 0
    outer loop
      vertex 88.3884 88.3884 166
      vertex 95.7556 80.3484 144
      vertex 95.7556 80.3484 166
    endloop
  endfacet
  facet normal 0.675585 -0.737282 0
    outer loop
      vertex -88.3884 88.3884 144
      vertex -80.3484 95.7556 166
      vertex -88.3884 88.3884 166
    endloop
  endfacet
  facet normal 0.675585 -0.737282 0
    outer loop
      vertex -80.3484 95.7556 166
      vertex -88.3884 88.3884 144
      vertex -80.3484 95.7556 144
    endloop
  endfacet
  facet normal 0.300694 -0.953721 0
    outer loop
      vertex -42.7525 117.462 144
      vertex -32.3524 120.741 166
      vertex -42.7525 117.462 166
    endloop
  endfacet
  facet normal 0.300694 -0.953721 0
    outer loop
      vertex -32.3524 120.741 166
      vertex -42.7525 117.462 144
      vertex -32.3524 120.741 144
    endloop
  endfacet
  facet normal -0.923851 -0.382752 0
    outer loop
      vertex 117.462 42.7525 144
      vertex 113.288 52.8273 166
      vertex 113.288 52.8273 144
    endloop
  endfacet
  facet normal -0.923851 -0.382752 0
    outer loop
      vertex 113.288 52.8273 166
      vertex 117.462 42.7525 144
      vertex 117.462 42.7525 166
    endloop
  endfacet
  facet normal -0.382752 -0.923851 -1.31935e-05
    outer loop
      vertex 42.7525 117.462 166
      vertex 51.3312 113.908 154.5
      vertex 52.8273 113.288 166
    endloop
  endfacet
  facet normal -0.382737 -0.923857 0
    outer loop
      vertex 42.7525 117.462 144
      vertex 51.3312 113.908 154.5
      vertex 42.7525 117.462 166
    endloop
  endfacet
  facet normal -0.382737 -0.923857 -0
    outer loop
      vertex 51.3312 113.908 154.5
      vertex 42.7525 117.462 144
      vertex 51.3312 113.908 144
    endloop
  endfacet
  facet normal -0.382839 -0.923815 -0
    outer loop
      vertex 52.8273 113.288 166
      vertex 51.3312 113.908 154.5
      vertex 52.8273 113.288 154.5
    endloop
  endfacet
  facet normal -0.537287 -0.8434 0
    outer loop
      vertex 62.5 108.253 154.5
      vertex 71.6971 102.394 166
      vertex 62.5 108.253 166
    endloop
  endfacet
  facet normal -0.537287 -0.8434 -0
    outer loop
      vertex 71.6971 102.394 166
      vertex 62.5 108.253 154.5
      vertex 71.6971 102.394 154.5
    endloop
  endfacet
  facet normal 0.923851 -0.382752 0
    outer loop
      vertex -117.462 42.7525 166
      vertex -113.288 52.8273 144
      vertex -113.288 52.8273 166
    endloop
  endfacet
  facet normal 0.923851 -0.382752 0
    outer loop
      vertex -113.288 52.8273 144
      vertex -117.462 42.7525 166
      vertex -117.462 42.7525 144
    endloop
  endfacet
  facet normal 0.130494 -0.991449 0
    outer loop
      vertex -21.706 123.101 144
      vertex -10.8945 124.524 166
      vertex -21.706 123.101 166
    endloop
  endfacet
  facet normal 0.130494 -0.991449 0
    outer loop
      vertex -10.8945 124.524 166
      vertex -21.706 123.101 144
      vertex -10.8945 124.524 144
    endloop
  endfacet
  facet normal -0.976301 -0.216418 0
    outer loop
      vertex 123.101 21.706 144
      vertex 120.741 32.3524 166
      vertex 120.741 32.3524 144
    endloop
  endfacet
  facet normal -0.976301 -0.216418 0
    outer loop
      vertex 120.741 32.3524 166
      vertex 123.101 21.706 144
      vertex 123.101 21.706 166
    endloop
  endfacet
  facet normal -0.991445 -0.130527 -0
    outer loop
      vertex 124.313 12.5 154.5
      vertex 123.101 21.706 144
      vertex 124.313 12.5 144
    endloop
  endfacet
  facet normal -0.991445 -0.130527 0
    outer loop
      vertex 123.101 21.706 144
      vertex 124.313 12.5 154.5
      vertex 123.101 21.706 166
    endloop
  endfacet
  facet normal -0.991474 -0.130303 -0
    outer loop
      vertex 124.524 10.8945 166
      vertex 124.313 12.5 154.5
      vertex 124.524 10.8945 154.5
    endloop
  endfacet
  facet normal -0.991449 -0.130494 -2.71123e-05
    outer loop
      vertex 124.313 12.5 154.5
      vertex 124.524 10.8945 166
      vertex 123.101 21.706 166
    endloop
  endfacet
  facet normal -0.953721 -0.300694 0
    outer loop
      vertex 120.741 32.3524 144
      vertex 117.462 42.7525 166
      vertex 117.462 42.7525 144
    endloop
  endfacet
  facet normal -0.953721 -0.300694 0
    outer loop
      vertex 117.462 42.7525 166
      vertex 120.741 32.3524 144
      vertex 120.741 32.3524 166
    endloop
  endfacet
  facet normal -0.8434 -0.537287 0
    outer loop
      vertex 108.253 62.5 144
      vertex 102.394 71.6971 166
      vertex 102.394 71.6971 144
    endloop
  endfacet
  facet normal -0.8434 -0.537287 0
    outer loop
      vertex 102.394 71.6971 166
      vertex 108.253 62.5 144
      vertex 108.253 62.5 166
    endloop
  endfacet
  facet normal -0.793352 -0.608763 0
    outer loop
      vertex 102.394 71.6971 144
      vertex 95.7556 80.3484 166
      vertex 95.7556 80.3484 144
    endloop
  endfacet
  facet normal -0.793352 -0.608763 0
    outer loop
      vertex 95.7556 80.3484 166
      vertex 102.394 71.6971 144
      vertex 102.394 71.6971 166
    endloop
  endfacet
  facet normal -0.887022 -0.461728 0
    outer loop
      vertex 113.288 52.8273 144
      vertex 108.253 62.5 166
      vertex 108.253 62.5 144
    endloop
  endfacet
  facet normal -0.887022 -0.461728 0
    outer loop
      vertex 108.253 62.5 166
      vertex 113.288 52.8273 144
      vertex 113.288 52.8273 166
    endloop
  endfacet
  facet normal -0.216418 -0.976301 0
    outer loop
      vertex 21.706 123.101 144
      vertex 32.3524 120.741 166
      vertex 21.706 123.101 166
    endloop
  endfacet
  facet normal -0.216418 -0.976301 -0
    outer loop
      vertex 32.3524 120.741 166
      vertex 21.706 123.101 144
      vertex 32.3524 120.741 144
    endloop
  endfacet
  facet normal -0.300694 -0.953721 0
    outer loop
      vertex 32.3524 120.741 144
      vertex 42.7525 117.462 166
      vertex 32.3524 120.741 166
    endloop
  endfacet
  facet normal -0.300694 -0.953721 -0
    outer loop
      vertex 42.7525 117.462 166
      vertex 32.3524 120.741 144
      vertex 42.7525 117.462 144
    endloop
  endfacet
  facet normal -0.130494 -0.991449 0
    outer loop
      vertex 10.8945 124.524 144
      vertex 21.706 123.101 166
      vertex 10.8945 124.524 166
    endloop
  endfacet
  facet normal -0.130494 -0.991449 -0
    outer loop
      vertex 21.706 123.101 166
      vertex 10.8945 124.524 144
      vertex 21.706 123.101 144
    endloop
  endfacet
  facet normal -0.461728 -0.887022 0
    outer loop
      vertex 52.8273 113.288 154.5
      vertex 62.5 108.253 166
      vertex 52.8273 113.288 166
    endloop
  endfacet
  facet normal -0.461728 -0.887022 -0
    outer loop
      vertex 62.5 108.253 166
      vertex 52.8273 113.288 154.5
      vertex 62.5 108.253 154.5
    endloop
  endfacet
  facet normal -0.675585 -0.737282 0
    outer loop
      vertex 80.3484 95.7556 144
      vertex 88.3884 88.3884 166
      vertex 80.3484 95.7556 166
    endloop
  endfacet
  facet normal -0.675585 -0.737282 -0
    outer loop
      vertex 88.3884 88.3884 166
      vertex 80.3484 95.7556 144
      vertex 88.3884 88.3884 144
    endloop
  endfacet
  facet normal 0.976301 -0.216418 0
    outer loop
      vertex -123.101 21.706 166
      vertex -120.741 32.3524 144
      vertex -120.741 32.3524 166
    endloop
  endfacet
  facet normal 0.976301 -0.216418 0
    outer loop
      vertex -120.741 32.3524 144
      vertex -123.101 21.706 166
      vertex -123.101 21.706 144
    endloop
  endfacet
  facet normal 0.8434 -0.537287 0
    outer loop
      vertex -108.253 62.5 166
      vertex -102.394 71.6971 144
      vertex -102.394 71.6971 166
    endloop
  endfacet
  facet normal 0.8434 -0.537287 0
    outer loop
      vertex -102.394 71.6971 144
      vertex -108.253 62.5 166
      vertex -108.253 62.5 144
    endloop
  endfacet
  facet normal 0.737282 -0.675585 0
    outer loop
      vertex -95.7556 80.3484 166
      vertex -88.3884 88.3884 144
      vertex -88.3884 88.3884 166
    endloop
  endfacet
  facet normal 0.737282 -0.675585 0
    outer loop
      vertex -88.3884 88.3884 144
      vertex -95.7556 80.3484 166
      vertex -95.7556 80.3484 144
    endloop
  endfacet
  facet normal 0.887022 -0.461728 0
    outer loop
      vertex -113.288 52.8273 166
      vertex -108.253 62.5 144
      vertex -108.253 62.5 166
    endloop
  endfacet
  facet normal 0.887022 -0.461728 0
    outer loop
      vertex -108.253 62.5 144
      vertex -113.288 52.8273 166
      vertex -113.288 52.8273 144
    endloop
  endfacet
  facet normal 0.953721 -0.300694 0
    outer loop
      vertex -120.741 32.3524 166
      vertex -117.462 42.7525 144
      vertex -117.462 42.7525 166
    endloop
  endfacet
  facet normal 0.953721 -0.300694 0
    outer loop
      vertex -117.462 42.7525 144
      vertex -120.741 32.3524 166
      vertex -120.741 32.3524 144
    endloop
  endfacet
  facet normal 0.991445 -0.130527 0
    outer loop
      vertex -123.101 21.706 166
      vertex -124.313 12.5 154.5
      vertex -123.101 21.706 144
    endloop
  endfacet
  facet normal 0.991449 -0.130494 -2.71123e-05
    outer loop
      vertex -124.524 10.8945 166
      vertex -124.313 12.5 154.5
      vertex -123.101 21.706 166
    endloop
  endfacet
  facet normal 0.991474 -0.130303 0
    outer loop
      vertex -124.313 12.5 154.5
      vertex -124.524 10.8945 166
      vertex -124.524 10.8945 154.5
    endloop
  endfacet
  facet normal 0.991445 -0.130527 0
    outer loop
      vertex -123.101 21.706 144
      vertex -124.313 12.5 154.5
      vertex -124.313 12.5 144
    endloop
  endfacet
  facet normal 0.461728 -0.887022 0
    outer loop
      vertex -62.5 108.253 154.5
      vertex -52.8273 113.288 166
      vertex -62.5 108.253 166
    endloop
  endfacet
  facet normal 0.461728 -0.887022 0
    outer loop
      vertex -52.8273 113.288 166
      vertex -62.5 108.253 154.5
      vertex -52.8273 113.288 154.5
    endloop
  endfacet
  facet normal 0.382839 -0.923815 0
    outer loop
      vertex -51.3312 113.908 154.5
      vertex -52.8273 113.288 166
      vertex -52.8273 113.288 154.5
    endloop
  endfacet
  facet normal 0.382752 -0.923851 -1.31935e-05
    outer loop
      vertex -52.8273 113.288 166
      vertex -51.3312 113.908 154.5
      vertex -42.7525 117.462 166
    endloop
  endfacet
  facet normal 0.382737 -0.923857 0
    outer loop
      vertex -42.7525 117.462 144
      vertex -51.3312 113.908 154.5
      vertex -51.3312 113.908 144
    endloop
  endfacet
  facet normal 0.382737 -0.923857 0
    outer loop
      vertex -51.3312 113.908 154.5
      vertex -42.7525 117.462 144
      vertex -42.7525 117.462 166
    endloop
  endfacet
  facet normal 0.216418 -0.976301 0
    outer loop
      vertex -32.3524 120.741 144
      vertex -21.706 123.101 166
      vertex -32.3524 120.741 166
    endloop
  endfacet
  facet normal 0.216418 -0.976301 0
    outer loop
      vertex -21.706 123.101 166
      vertex -32.3524 120.741 144
      vertex -21.706 123.101 144
    endloop
  endfacet
  facet normal 0.0436501 -0.999047 0
    outer loop
      vertex -10.8945 124.524 144
      vertex 0 125 166
      vertex -10.8945 124.524 166
    endloop
  endfacet
  facet normal 0.0436501 -0.999047 0
    outer loop
      vertex 0 125 166
      vertex -10.8945 124.524 144
      vertex 0 125 144
    endloop
  endfacet
  facet normal -0.999047 0.0436501 0
    outer loop
      vertex 124.524 -10.8945 154.5
      vertex 125 0 166
      vertex 125 0 154.5
    endloop
  endfacet
  facet normal -0.999047 0.0436501 0
    outer loop
      vertex 125 0 166
      vertex 124.524 -10.8945 154.5
      vertex 124.524 -10.8945 166
    endloop
  endfacet
  facet normal -0.0436501 0.999047 0
    outer loop
      vertex 10.8945 -124.524 144
      vertex 0 -125 166
      vertex 10.8945 -124.524 166
    endloop
  endfacet
  facet normal -0.0436501 0.999047 0
    outer loop
      vertex 0 -125 166
      vertex 10.8945 -124.524 144
      vertex 0 -125 144
    endloop
  endfacet
  facet normal -0.216418 0.976301 0
    outer loop
      vertex 32.3524 -120.741 144
      vertex 21.706 -123.101 166
      vertex 32.3524 -120.741 166
    endloop
  endfacet
  facet normal -0.216418 0.976301 0
    outer loop
      vertex 21.706 -123.101 166
      vertex 32.3524 -120.741 144
      vertex 21.706 -123.101 144
    endloop
  endfacet
  facet normal -0.382839 0.923815 0
    outer loop
      vertex 51.3312 -113.908 154.5
      vertex 52.8273 -113.288 166
      vertex 52.8273 -113.288 154.5
    endloop
  endfacet
  facet normal -0.382752 0.923851 -1.31935e-05
    outer loop
      vertex 52.8273 -113.288 166
      vertex 51.3312 -113.908 154.5
      vertex 42.7525 -117.462 166
    endloop
  endfacet
  facet normal -0.382737 0.923857 0
    outer loop
      vertex 42.7525 -117.462 144
      vertex 51.3312 -113.908 154.5
      vertex 51.3312 -113.908 144
    endloop
  endfacet
  facet normal -0.382737 0.923857 0
    outer loop
      vertex 51.3312 -113.908 154.5
      vertex 42.7525 -117.462 144
      vertex 42.7525 -117.462 166
    endloop
  endfacet
  facet normal -0.737282 0.675585 0
    outer loop
      vertex 88.3884 -88.3884 144
      vertex 95.7556 -80.3484 166
      vertex 95.7556 -80.3484 144
    endloop
  endfacet
  facet normal -0.737282 0.675585 0
    outer loop
      vertex 95.7556 -80.3484 166
      vertex 88.3884 -88.3884 144
      vertex 88.3884 -88.3884 166
    endloop
  endfacet
  facet normal -0.887022 0.461728 0
    outer loop
      vertex 108.253 -62.5 144
      vertex 113.288 -52.8273 166
      vertex 113.288 -52.8273 144
    endloop
  endfacet
  facet normal -0.887022 0.461728 0
    outer loop
      vertex 113.288 -52.8273 166
      vertex 108.253 -62.5 144
      vertex 108.253 -62.5 166
    endloop
  endfacet
  facet normal 0.608845 0.793289 0
    outer loop
      vertex -72.9818 -101.408 154.5
      vertex -71.6971 -102.394 166
      vertex -71.6971 -102.394 154.5
    endloop
  endfacet
  facet normal 0.608763 0.793352 1.45874e-05
    outer loop
      vertex -71.6971 -102.394 166
      vertex -72.9818 -101.408 154.5
      vertex -80.3484 -95.7556 166
    endloop
  endfacet
  facet normal 0.608748 0.793363 0
    outer loop
      vertex -80.3484 -95.7556 144
      vertex -72.9818 -101.408 154.5
      vertex -72.9818 -101.408 144
    endloop
  endfacet
  facet normal 0.608748 0.793363 0
    outer loop
      vertex -72.9818 -101.408 154.5
      vertex -80.3484 -95.7556 144
      vertex -80.3484 -95.7556 166
    endloop
  endfacet
  facet normal 0.675585 0.737282 -0
    outer loop
      vertex -80.3484 -95.7556 144
      vertex -88.3884 -88.3884 166
      vertex -80.3484 -95.7556 166
    endloop
  endfacet
  facet normal 0.675585 0.737282 0
    outer loop
      vertex -88.3884 -88.3884 166
      vertex -80.3484 -95.7556 144
      vertex -88.3884 -88.3884 144
    endloop
  endfacet
  facet normal 0.461728 0.887022 -0
    outer loop
      vertex -52.8273 -113.288 154.5
      vertex -62.5 -108.253 166
      vertex -52.8273 -113.288 166
    endloop
  endfacet
  facet normal 0.461728 0.887022 0
    outer loop
      vertex -62.5 -108.253 166
      vertex -52.8273 -113.288 154.5
      vertex -62.5 -108.253 154.5
    endloop
  endfacet
  facet normal 0.300694 0.953721 -0
    outer loop
      vertex -32.3524 -120.741 144
      vertex -42.7525 -117.462 166
      vertex -32.3524 -120.741 166
    endloop
  endfacet
  facet normal 0.300694 0.953721 0
    outer loop
      vertex -42.7525 -117.462 166
      vertex -32.3524 -120.741 144
      vertex -42.7525 -117.462 144
    endloop
  endfacet
  facet normal 0.130494 0.991449 -0
    outer loop
      vertex -10.8945 -124.524 144
      vertex -21.706 -123.101 166
      vertex -10.8945 -124.524 166
    endloop
  endfacet
  facet normal 0.130494 0.991449 0
    outer loop
      vertex -21.706 -123.101 166
      vertex -10.8945 -124.524 144
      vertex -21.706 -123.101 144
    endloop
  endfacet
  facet normal 0.887022 0.461728 0
    outer loop
      vertex -108.253 -62.5 166
      vertex -113.288 -52.8273 144
      vertex -113.288 -52.8273 166
    endloop
  endfacet
  facet normal 0.887022 0.461728 0
    outer loop
      vertex -113.288 -52.8273 144
      vertex -108.253 -62.5 166
      vertex -108.253 -62.5 144
    endloop
  endfacet
  facet normal 0.923851 0.382752 0
    outer loop
      vertex -113.288 -52.8273 166
      vertex -117.462 -42.7525 144
      vertex -117.462 -42.7525 166
    endloop
  endfacet
  facet normal 0.923851 0.382752 0
    outer loop
      vertex -117.462 -42.7525 144
      vertex -113.288 -52.8273 166
      vertex -113.288 -52.8273 144
    endloop
  endfacet
  facet normal 0.976301 0.216418 0
    outer loop
      vertex -120.741 -32.3524 166
      vertex -123.101 -21.706 144
      vertex -123.101 -21.706 166
    endloop
  endfacet
  facet normal 0.976301 0.216418 0
    outer loop
      vertex -123.101 -21.706 144
      vertex -120.741 -32.3524 166
      vertex -120.741 -32.3524 144
    endloop
  endfacet
  facet normal 0.953721 0.300694 0
    outer loop
      vertex -117.462 -42.7525 166
      vertex -120.741 -32.3524 144
      vertex -120.741 -32.3524 166
    endloop
  endfacet
  facet normal 0.953721 0.300694 0
    outer loop
      vertex -120.741 -32.3524 144
      vertex -117.462 -42.7525 166
      vertex -117.462 -42.7525 144
    endloop
  endfacet
  facet normal 0.999047 0.0436501 0
    outer loop
      vertex -124.524 -10.8945 166
      vertex -125 0 154.5
      vertex -125 0 166
    endloop
  endfacet
  facet normal 0.999047 0.0436501 0
    outer loop
      vertex -125 0 154.5
      vertex -124.524 -10.8945 166
      vertex -124.524 -10.8945 154.5
    endloop
  endfacet
  facet normal -0.608845 -0.793289 0
    outer loop
      vertex 72.9818 101.408 154.5
      vertex 71.6971 102.394 166
      vertex 71.6971 102.394 154.5
    endloop
  endfacet
  facet normal -0.608763 -0.793352 1.45874e-05
    outer loop
      vertex 71.6971 102.394 166
      vertex 72.9818 101.408 154.5
      vertex 80.3484 95.7556 166
    endloop
  endfacet
  facet normal -0.608748 -0.793363 0
    outer loop
      vertex 80.3484 95.7556 144
      vertex 72.9818 101.408 154.5
      vertex 72.9818 101.408 144
    endloop
  endfacet
  facet normal -0.608748 -0.793363 0
    outer loop
      vertex 72.9818 101.408 154.5
      vertex 80.3484 95.7556 144
      vertex 80.3484 95.7556 166
    endloop
  endfacet
  facet normal 0.793352 -0.608763 0
    outer loop
      vertex -102.394 71.6971 166
      vertex -95.7556 80.3484 144
      vertex -95.7556 80.3484 166
    endloop
  endfacet
  facet normal 0.793352 -0.608763 0
    outer loop
      vertex -95.7556 80.3484 144
      vertex -102.394 71.6971 166
      vertex -102.394 71.6971 144
    endloop
  endfacet
  facet normal 0.608763 -0.793352 1.45874e-05
    outer loop
      vertex -80.3484 95.7556 166
      vertex -72.9818 101.408 154.5
      vertex -71.6971 102.394 166
    endloop
  endfacet
  facet normal 0.608748 -0.793363 0
    outer loop
      vertex -80.3484 95.7556 144
      vertex -72.9818 101.408 154.5
      vertex -80.3484 95.7556 166
    endloop
  endfacet
  facet normal 0.608748 -0.793363 0
    outer loop
      vertex -72.9818 101.408 154.5
      vertex -80.3484 95.7556 144
      vertex -72.9818 101.408 144
    endloop
  endfacet
  facet normal 0.608845 -0.793289 0
    outer loop
      vertex -71.6971 102.394 166
      vertex -72.9818 101.408 154.5
      vertex -71.6971 102.394 154.5
    endloop
  endfacet
  facet normal -0.130494 0.991449 0
    outer loop
      vertex 21.706 -123.101 144
      vertex 10.8945 -124.524 166
      vertex 21.706 -123.101 166
    endloop
  endfacet
  facet normal -0.130494 0.991449 0
    outer loop
      vertex 10.8945 -124.524 166
      vertex 21.706 -123.101 144
      vertex 10.8945 -124.524 144
    endloop
  endfacet
  facet normal -0.300694 0.953721 0
    outer loop
      vertex 42.7525 -117.462 144
      vertex 32.3524 -120.741 166
      vertex 42.7525 -117.462 166
    endloop
  endfacet
  facet normal -0.300694 0.953721 0
    outer loop
      vertex 32.3524 -120.741 166
      vertex 42.7525 -117.462 144
      vertex 32.3524 -120.741 144
    endloop
  endfacet
  facet normal -0.608763 0.793352 1.45874e-05
    outer loop
      vertex 80.3484 -95.7556 166
      vertex 72.9818 -101.408 154.5
      vertex 71.6971 -102.394 166
    endloop
  endfacet
  facet normal -0.608748 0.793363 0
    outer loop
      vertex 80.3484 -95.7556 144
      vertex 72.9818 -101.408 154.5
      vertex 80.3484 -95.7556 166
    endloop
  endfacet
  facet normal -0.608748 0.793363 0
    outer loop
      vertex 72.9818 -101.408 154.5
      vertex 80.3484 -95.7556 144
      vertex 72.9818 -101.408 144
    endloop
  endfacet
  facet normal -0.608845 0.793289 0
    outer loop
      vertex 71.6971 -102.394 166
      vertex 72.9818 -101.408 154.5
      vertex 71.6971 -102.394 154.5
    endloop
  endfacet
  facet normal -0.537287 0.8434 0
    outer loop
      vertex 71.6971 -102.394 154.5
      vertex 62.5 -108.253 166
      vertex 71.6971 -102.394 166
    endloop
  endfacet
  facet normal -0.537287 0.8434 0
    outer loop
      vertex 62.5 -108.253 166
      vertex 71.6971 -102.394 154.5
      vertex 62.5 -108.253 154.5
    endloop
  endfacet
  facet normal -0.675585 0.737282 0
    outer loop
      vertex 88.3884 -88.3884 144
      vertex 80.3484 -95.7556 166
      vertex 88.3884 -88.3884 166
    endloop
  endfacet
  facet normal -0.675585 0.737282 0
    outer loop
      vertex 80.3484 -95.7556 166
      vertex 88.3884 -88.3884 144
      vertex 80.3484 -95.7556 144
    endloop
  endfacet
  facet normal -0.461728 0.887022 0
    outer loop
      vertex 62.5 -108.253 154.5
      vertex 52.8273 -113.288 166
      vertex 62.5 -108.253 166
    endloop
  endfacet
  facet normal -0.461728 0.887022 0
    outer loop
      vertex 52.8273 -113.288 166
      vertex 62.5 -108.253 154.5
      vertex 52.8273 -113.288 154.5
    endloop
  endfacet
  facet normal -0.793352 0.608763 0
    outer loop
      vertex 95.7556 -80.3484 144
      vertex 102.394 -71.6971 166
      vertex 102.394 -71.6971 144
    endloop
  endfacet
  facet normal -0.793352 0.608763 0
    outer loop
      vertex 102.394 -71.6971 166
      vertex 95.7556 -80.3484 144
      vertex 95.7556 -80.3484 166
    endloop
  endfacet
  facet normal -0.923851 0.382752 0
    outer loop
      vertex 113.288 -52.8273 144
      vertex 117.462 -42.7525 166
      vertex 117.462 -42.7525 144
    endloop
  endfacet
  facet normal -0.923851 0.382752 0
    outer loop
      vertex 117.462 -42.7525 166
      vertex 113.288 -52.8273 144
      vertex 113.288 -52.8273 166
    endloop
  endfacet
  facet normal -0.991445 0.130527 0
    outer loop
      vertex 124.313 -12.5 144
      vertex 123.101 -21.706 144
      vertex 124.313 -12.5 154.5
    endloop
  endfacet
  facet normal -0.991474 0.130303 0
    outer loop
      vertex 124.313 -12.5 154.5
      vertex 124.524 -10.8945 166
      vertex 124.524 -10.8945 154.5
    endloop
  endfacet
  facet normal -0.991445 0.130527 0
    outer loop
      vertex 123.101 -21.706 166
      vertex 124.313 -12.5 154.5
      vertex 123.101 -21.706 144
    endloop
  endfacet
  facet normal -0.991449 0.130494 -2.71123e-05
    outer loop
      vertex 124.313 -12.5 154.5
      vertex 123.101 -21.706 166
      vertex 124.524 -10.8945 166
    endloop
  endfacet
  facet normal -0.953721 0.300694 0
    outer loop
      vertex 117.462 -42.7525 144
      vertex 120.741 -32.3524 166
      vertex 120.741 -32.3524 144
    endloop
  endfacet
  facet normal -0.953721 0.300694 0
    outer loop
      vertex 120.741 -32.3524 166
      vertex 117.462 -42.7525 144
      vertex 117.462 -42.7525 166
    endloop
  endfacet
  facet normal 0.382752 0.923851 -1.31935e-05
    outer loop
      vertex -42.7525 -117.462 166
      vertex -51.3312 -113.908 154.5
      vertex -52.8273 -113.288 166
    endloop
  endfacet
  facet normal 0.382737 0.923857 -0
    outer loop
      vertex -42.7525 -117.462 144
      vertex -51.3312 -113.908 154.5
      vertex -42.7525 -117.462 166
    endloop
  endfacet
  facet normal 0.382737 0.923857 0
    outer loop
      vertex -51.3312 -113.908 154.5
      vertex -42.7525 -117.462 144
      vertex -51.3312 -113.908 144
    endloop
  endfacet
  facet normal 0.382839 0.923815 0
    outer loop
      vertex -52.8273 -113.288 166
      vertex -51.3312 -113.908 154.5
      vertex -52.8273 -113.288 154.5
    endloop
  endfacet
  facet normal 0.216418 0.976301 -0
    outer loop
      vertex -21.706 -123.101 144
      vertex -32.3524 -120.741 166
      vertex -21.706 -123.101 166
    endloop
  endfacet
  facet normal 0.216418 0.976301 0
    outer loop
      vertex -32.3524 -120.741 166
      vertex -21.706 -123.101 144
      vertex -32.3524 -120.741 144
    endloop
  endfacet
  facet normal 0.0436501 0.999047 -0
    outer loop
      vertex 0 -125 144
      vertex -10.8945 -124.524 166
      vertex 0 -125 166
    endloop
  endfacet
  facet normal 0.0436501 0.999047 0
    outer loop
      vertex -10.8945 -124.524 166
      vertex 0 -125 144
      vertex -10.8945 -124.524 144
    endloop
  endfacet
  facet normal 0.8434 0.537287 0
    outer loop
      vertex -102.394 -71.6971 166
      vertex -108.253 -62.5 144
      vertex -108.253 -62.5 166
    endloop
  endfacet
  facet normal 0.8434 0.537287 0
    outer loop
      vertex -108.253 -62.5 144
      vertex -102.394 -71.6971 166
      vertex -102.394 -71.6971 144
    endloop
  endfacet
  facet normal 0.737282 0.675585 0
    outer loop
      vertex -88.3884 -88.3884 166
      vertex -95.7556 -80.3484 144
      vertex -95.7556 -80.3484 166
    endloop
  endfacet
  facet normal 0.737282 0.675585 0
    outer loop
      vertex -95.7556 -80.3484 144
      vertex -88.3884 -88.3884 166
      vertex -88.3884 -88.3884 144
    endloop
  endfacet
  facet normal 0.991474 0.130303 0
    outer loop
      vertex -124.524 -10.8945 166
      vertex -124.313 -12.5 154.5
      vertex -124.524 -10.8945 154.5
    endloop
  endfacet
  facet normal 0.991449 0.130494 -2.71123e-05
    outer loop
      vertex -123.101 -21.706 166
      vertex -124.313 -12.5 154.5
      vertex -124.524 -10.8945 166
    endloop
  endfacet
  facet normal 0.991445 0.130527 -0
    outer loop
      vertex -123.101 -21.706 144
      vertex -124.313 -12.5 154.5
      vertex -123.101 -21.706 166
    endloop
  endfacet
  facet normal 0.991445 0.130527 0
    outer loop
      vertex -124.313 -12.5 154.5
      vertex -123.101 -21.706 144
      vertex -124.313 -12.5 144
    endloop
  endfacet
  facet normal 0.537287 -0.8434 0
    outer loop
      vertex -71.6971 102.394 154.5
      vertex -62.5 108.253 166
      vertex -71.6971 102.394 166
    endloop
  endfacet
  facet normal 0.537287 -0.8434 0
    outer loop
      vertex -62.5 108.253 166
      vertex -71.6971 102.394 154.5
      vertex -62.5 108.253 154.5
    endloop
  endfacet
  facet normal -0.8434 0.537287 0
    outer loop
      vertex 102.394 -71.6971 144
      vertex 108.253 -62.5 166
      vertex 108.253 -62.5 144
    endloop
  endfacet
  facet normal -0.8434 0.537287 0
    outer loop
      vertex 108.253 -62.5 166
      vertex 102.394 -71.6971 144
      vertex 102.394 -71.6971 166
    endloop
  endfacet
  facet normal -0.976301 0.216418 0
    outer loop
      vertex 120.741 -32.3524 144
      vertex 123.101 -21.706 166
      vertex 123.101 -21.706 144
    endloop
  endfacet
  facet normal -0.976301 0.216418 0
    outer loop
      vertex 123.101 -21.706 166
      vertex 120.741 -32.3524 144
      vertex 120.741 -32.3524 166
    endloop
  endfacet
  facet normal 0.537287 0.8434 -0
    outer loop
      vertex -62.5 -108.253 154.5
      vertex -71.6971 -102.394 166
      vertex -62.5 -108.253 166
    endloop
  endfacet
  facet normal 0.537287 0.8434 0
    outer loop
      vertex -71.6971 -102.394 166
      vertex -62.5 -108.253 154.5
      vertex -71.6971 -102.394 154.5
    endloop
  endfacet
  facet normal 0.793352 0.608763 0
    outer loop
      vertex -95.7556 -80.3484 166
      vertex -102.394 -71.6971 144
      vertex -102.394 -71.6971 166
    endloop
  endfacet
  facet normal 0.793352 0.608763 0
    outer loop
      vertex -102.394 -71.6971 144
      vertex -95.7556 -80.3484 166
      vertex -95.7556 -80.3484 144
    endloop
  endfacet
  facet normal -1 0 0
    outer loop
      vertex 115 -12.5 141.5
      vertex 115 12.5 154.5
      vertex 115 12.5 141.5
    endloop
  endfacet
  facet normal -1 -0 0
    outer loop
      vertex 115 12.5 154.5
      vertex 115 -12.5 141.5
      vertex 115 -12.5 154.5
    endloop
  endfacet
  facet normal 0 0 1
    outer loop
      vertex 115 12.5 154.5
      vertex 125 0 154.5
      vertex 124.524 10.8945 154.5
    endloop
  endfacet
  facet normal -0 0 1
    outer loop
      vertex 115 12.5 154.5
      vertex 124.524 10.8945 154.5
      vertex 124.313 12.5 154.5
    endloop
  endfacet
  facet normal 0 0 1
    outer loop
      vertex 115 -12.5 154.5
      vertex 125 0 154.5
      vertex 115 12.5 154.5
    endloop
  endfacet
  facet normal 0 0 1
    outer loop
      vertex 125 0 154.5
      vertex 115 -12.5 154.5
      vertex 124.524 -10.8945 154.5
    endloop
  endfacet
  facet normal 0 0 1
    outer loop
      vertex 124.524 -10.8945 154.5
      vertex 115 -12.5 154.5
      vertex 124.313 -12.5 154.5
    endloop
  endfacet
  facet normal 1 -0 0
    outer loop
      vertex 135 -12.5 144
      vertex 135 12.5 141.5
      vertex 135 12.5 144
    endloop
  endfacet
  facet normal 1 0 0
    outer loop
      vertex 135 12.5 141.5
      vertex 135 -12.5 144
      vertex 135 -12.5 141.5
    endloop
  endfacet
  facet normal 0 0 -1
    outer loop
      vertex 115 -12.5 141.5
      vertex 135 12.5 141.5
      vertex 135 -12.5 141.5
    endloop
  endfacet
  facet normal -0 0 -1
    outer loop
      vertex 135 12.5 141.5
      vertex 115 -12.5 141.5
      vertex 115 12.5 141.5
    endloop
  endfacet
  facet normal 0 -1 0
    outer loop
      vertex 115 -12.5 154.5
      vertex 124.313 -12.5 144
      vertex 124.313 -12.5 154.5
    endloop
  endfacet
  facet normal 0 -1 0
    outer loop
      vertex 115 -12.5 141.5
      vertex 124.313 -12.5 144
      vertex 115 -12.5 154.5
    endloop
  endfacet
  facet normal 0 -1 0
    outer loop
      vertex 135 -12.5 141.5
      vertex 124.313 -12.5 144
      vertex 115 -12.5 141.5
    endloop
  endfacet
  facet normal 0 -1 0
    outer loop
      vertex 124.313 -12.5 144
      vertex 135 -12.5 141.5
      vertex 135 -12.5 144
    endloop
  endfacet
  facet normal 0 1 0
    outer loop
      vertex 135 12.5 144
      vertex 135 12.5 141.5
      vertex 124.313 12.5 144
    endloop
  endfacet
  facet normal 0 1 -0
    outer loop
      vertex 124.313 12.5 144
      vertex 115 12.5 154.5
      vertex 124.313 12.5 154.5
    endloop
  endfacet
  facet normal 0 1 0
    outer loop
      vertex 124.313 12.5 144
      vertex 115 12.5 141.5
      vertex 115 12.5 154.5
    endloop
  endfacet
  facet normal 0 1 0
    outer loop
      vertex 115 12.5 141.5
      vertex 124.313 12.5 144
      vertex 135 12.5 141.5
    endloop
  endfacet
  facet normal 0.500001 0.866025 -0
    outer loop
      vertex 78.3253 110.663 141.5
      vertex 56.6747 123.163 144
      vertex 78.3253 110.663 144
    endloop
  endfacet
  facet normal 0.500001 0.866025 0
    outer loop
      vertex 56.6747 123.163 144
      vertex 78.3253 110.663 141.5
      vertex 56.6747 123.163 141.5
    endloop
  endfacet
  facet normal 0 0 1
    outer loop
      vertex 71.6971 102.394 154.5
      vertex 68.3253 93.3429 154.5
      vertex 72.9818 101.408 154.5
    endloop
  endfacet
  facet normal 0 0 1
    outer loop
      vertex 62.5 108.253 154.5
      vertex 68.3253 93.3429 154.5
      vertex 71.6971 102.394 154.5
    endloop
  endfacet
  facet normal 0 0 1
    outer loop
      vertex 46.6747 105.843 154.5
      vertex 62.5 108.253 154.5
      vertex 52.8273 113.288 154.5
    endloop
  endfacet
  facet normal 0 0 1
    outer loop
      vertex 46.6747 105.843 154.5
      vertex 52.8273 113.288 154.5
      vertex 51.3312 113.908 154.5
    endloop
  endfacet
  facet normal 0 0 1
    outer loop
      vertex 62.5 108.253 154.5
      vertex 46.6747 105.843 154.5
      vertex 68.3253 93.3429 154.5
    endloop
  endfacet
  facet normal -0.500004 -0.866023 0
    outer loop
      vertex 46.6747 105.843 141.5
      vertex 68.3253 93.3429 154.5
      vertex 46.6747 105.843 154.5
    endloop
  endfacet
  facet normal -0.500004 -0.866023 -0
    outer loop
      vertex 68.3253 93.3429 154.5
      vertex 46.6747 105.843 141.5
      vertex 68.3253 93.3429 141.5
    endloop
  endfacet
  facet normal 0 0 -1
    outer loop
      vertex 68.3253 93.3429 141.5
      vertex 56.6747 123.163 141.5
      vertex 78.3253 110.663 141.5
    endloop
  endfacet
  facet normal 0 -0 -1
    outer loop
      vertex 56.6747 123.163 141.5
      vertex 68.3253 93.3429 141.5
      vertex 46.6747 105.843 141.5
    endloop
  endfacet
  facet normal 0.86602 -0.500009 0
    outer loop
      vertex 72.9818 101.408 154.5
      vertex 68.3253 93.3429 154.5
      vertex 72.9818 101.408 144
    endloop
  endfacet
  facet normal 0.86602 -0.500009 0
    outer loop
      vertex 72.9818 101.408 144
      vertex 78.3253 110.663 141.5
      vertex 78.3253 110.663 144
    endloop
  endfacet
  facet normal 0.86602 -0.500009 -9.13016e-07
    outer loop
      vertex 72.9818 101.408 144
      vertex 68.3253 93.3429 141.5
      vertex 78.3253 110.663 141.5
    endloop
  endfacet
  facet normal 0.86602 -0.500009 0
    outer loop
      vertex 68.3253 93.3429 141.5
      vertex 72.9818 101.408 144
      vertex 68.3253 93.3429 154.5
    endloop
  endfacet
  facet normal -0.86602 0.500009 0
    outer loop
      vertex 56.6747 123.163 141.5
      vertex 51.3312 113.908 144
      vertex 56.6747 123.163 144
    endloop
  endfacet
  facet normal -0.866019 0.500011 1.16003e-05
    outer loop
      vertex 46.6747 105.843 141.5
      vertex 51.3312 113.908 144
      vertex 56.6747 123.163 141.5
    endloop
  endfacet
  facet normal -0.866017 0.500014 0
    outer loop
      vertex 46.6747 105.843 154.5
      vertex 51.3312 113.908 144
      vertex 46.6747 105.843 141.5
    endloop
  endfacet
  facet normal -0.866017 0.500014 0
    outer loop
      vertex 51.3312 113.908 144
      vertex 46.6747 105.843 154.5
      vertex 51.3312 113.908 154.5
    endloop
  endfacet
  facet normal -0 0 1
    outer loop
      vertex -52.8273 113.288 154.5
      vertex -46.6747 105.843 154.5
      vertex -51.3312 113.908 154.5
    endloop
  endfacet
  facet normal -0 0 1
    outer loop
      vertex -62.5 108.253 154.5
      vertex -46.6747 105.843 154.5
      vertex -52.8273 113.288 154.5
    endloop
  endfacet
  facet normal 0 0 1
    outer loop
      vertex -62.5 108.253 154.5
      vertex -68.3253 93.3429 154.5
      vertex -46.6747 105.843 154.5
    endloop
  endfacet
  facet normal -0 0 1
    outer loop
      vertex -71.6971 102.394 154.5
      vertex -68.3253 93.3429 154.5
      vertex -62.5 108.253 154.5
    endloop
  endfacet
  facet normal 0 0 1
    outer loop
      vertex -68.3253 93.3429 154.5
      vertex -71.6971 102.394 154.5
      vertex -72.9818 101.408 154.5
    endloop
  endfacet
  facet normal -0.500001 0.866025 0
    outer loop
      vertex -56.6747 123.163 141.5
      vertex -78.3253 110.663 144
      vertex -56.6747 123.163 144
    endloop
  endfacet
  facet normal -0.500001 0.866025 0
    outer loop
      vertex -78.3253 110.663 144
      vertex -56.6747 123.163 141.5
      vertex -78.3253 110.663 141.5
    endloop
  endfacet
  facet normal 0.866017 0.500014 0
    outer loop
      vertex -51.3312 113.908 154.5
      vertex -46.6747 105.843 154.5
      vertex -51.3312 113.908 144
    endloop
  endfacet
  facet normal 0.86602 0.500009 0
    outer loop
      vertex -51.3312 113.908 144
      vertex -56.6747 123.163 141.5
      vertex -56.6747 123.163 144
    endloop
  endfacet
  facet normal 0.866019 0.500011 1.16003e-05
    outer loop
      vertex -51.3312 113.908 144
      vertex -46.6747 105.843 141.5
      vertex -56.6747 123.163 141.5
    endloop
  endfacet
  facet normal 0.866017 0.500014 -0
    outer loop
      vertex -46.6747 105.843 141.5
      vertex -51.3312 113.908 144
      vertex -46.6747 105.843 154.5
    endloop
  endfacet
  facet normal 0.500004 -0.866023 0
    outer loop
      vertex -68.3253 93.3429 141.5
      vertex -46.6747 105.843 154.5
      vertex -68.3253 93.3429 154.5
    endloop
  endfacet
  facet normal 0.500004 -0.866023 0
    outer loop
      vertex -46.6747 105.843 154.5
      vertex -68.3253 93.3429 141.5
      vertex -46.6747 105.843 141.5
    endloop
  endfacet
  facet normal 0 0 -1
    outer loop
      vertex -68.3253 93.3429 141.5
      vertex -56.6747 123.163 141.5
      vertex -46.6747 105.843 141.5
    endloop
  endfacet
  facet normal 0 0 -1
    outer loop
      vertex -56.6747 123.163 141.5
      vertex -68.3253 93.3429 141.5
      vertex -78.3253 110.663 141.5
    endloop
  endfacet
  facet normal -0.86602 -0.500009 0
    outer loop
      vertex -78.3253 110.663 141.5
      vertex -72.9818 101.408 144
      vertex -78.3253 110.663 144
    endloop
  endfacet
  facet normal -0.86602 -0.500009 -9.13016e-07
    outer loop
      vertex -68.3253 93.3429 141.5
      vertex -72.9818 101.408 144
      vertex -78.3253 110.663 141.5
    endloop
  endfacet
  facet normal -0.86602 -0.500009 -0
    outer loop
      vertex -68.3253 93.3429 154.5
      vertex -72.9818 101.408 144
      vertex -68.3253 93.3429 141.5
    endloop
  endfacet
  facet normal -0.86602 -0.500009 0
    outer loop
      vertex -72.9818 101.408 144
      vertex -68.3253 93.3429 154.5
      vertex -72.9818 101.408 154.5
    endloop
  endfacet
  facet normal 0 0 1
    outer loop
      vertex -124.524 10.8945 154.5
      vertex -115 12.5 154.5
      vertex -124.313 12.5 154.5
    endloop
  endfacet
  facet normal 0 0 1
    outer loop
      vertex -125 0 154.5
      vertex -115 12.5 154.5
      vertex -124.524 10.8945 154.5
    endloop
  endfacet
  facet normal 0 0 1
    outer loop
      vertex -115 12.5 154.5
      vertex -125 0 154.5
      vertex -115 -12.5 154.5
    endloop
  endfacet
  facet normal -0 -0 1
    outer loop
      vertex -124.524 -10.8945 154.5
      vertex -115 -12.5 154.5
      vertex -125 0 154.5
    endloop
  endfacet
  facet normal 0 0 1
    outer loop
      vertex -115 -12.5 154.5
      vertex -124.524 -10.8945 154.5
      vertex -124.313 -12.5 154.5
    endloop
  endfacet
  facet normal -1 0 0
    outer loop
      vertex -135 -12.5 141.5
      vertex -135 12.5 144
      vertex -135 12.5 141.5
    endloop
  endfacet
  facet normal -1 -0 0
    outer loop
      vertex -135 12.5 144
      vertex -135 -12.5 141.5
      vertex -135 -12.5 144
    endloop
  endfacet
  facet normal 0 1 0
    outer loop
      vertex -115 12.5 154.5
      vertex -124.313 12.5 144
      vertex -124.313 12.5 154.5
    endloop
  endfacet
  facet normal 0 1 -0
    outer loop
      vertex -115 12.5 141.5
      vertex -124.313 12.5 144
      vertex -115 12.5 154.5
    endloop
  endfacet
  facet normal 0 1 0
    outer loop
      vertex -135 12.5 141.5
      vertex -124.313 12.5 144
      vertex -115 12.5 141.5
    endloop
  endfacet
  facet normal 0 1 0
    outer loop
      vertex -124.313 12.5 144
      vertex -135 12.5 141.5
      vertex -135 12.5 144
    endloop
  endfacet
  facet normal 1 -0 0
    outer loop
      vertex -115 -12.5 154.5
      vertex -115 12.5 141.5
      vertex -115 12.5 154.5
    endloop
  endfacet
  facet normal 1 0 0
    outer loop
      vertex -115 12.5 141.5
      vertex -115 -12.5 154.5
      vertex -115 -12.5 141.5
    endloop
  endfacet
  facet normal 0 0 -1
    outer loop
      vertex -135 -12.5 141.5
      vertex -115 12.5 141.5
      vertex -115 -12.5 141.5
    endloop
  endfacet
  facet normal -0 0 -1
    outer loop
      vertex -115 12.5 141.5
      vertex -135 -12.5 141.5
      vertex -135 12.5 141.5
    endloop
  endfacet
  facet normal 0 -1 0
    outer loop
      vertex -135 -12.5 144
      vertex -135 -12.5 141.5
      vertex -124.313 -12.5 144
    endloop
  endfacet
  facet normal 0 -1 0
    outer loop
      vertex -124.313 -12.5 144
      vertex -115 -12.5 154.5
      vertex -124.313 -12.5 154.5
    endloop
  endfacet
  facet normal 0 -1 0
    outer loop
      vertex -124.313 -12.5 144
      vertex -115 -12.5 141.5
      vertex -115 -12.5 154.5
    endloop
  endfacet
  facet normal 0 -1 0
    outer loop
      vertex -115 -12.5 141.5
      vertex -124.313 -12.5 144
      vertex -135 -12.5 141.5
    endloop
  endfacet
  facet normal 0 0 1
    outer loop
      vertex -46.6747 -105.843 154.5
      vertex -52.8273 -113.288 154.5
      vertex -51.3312 -113.908 154.5
    endloop
  endfacet
  facet normal 0 0 1
    outer loop
      vertex -46.6747 -105.843 154.5
      vertex -62.5 -108.253 154.5
      vertex -52.8273 -113.288 154.5
    endloop
  endfacet
  facet normal 0 0 1
    outer loop
      vertex -68.3253 -93.3429 154.5
      vertex -62.5 -108.253 154.5
      vertex -46.6747 -105.843 154.5
    endloop
  endfacet
  facet normal 0 0 1
    outer loop
      vertex -68.3253 -93.3429 154.5
      vertex -71.6971 -102.394 154.5
      vertex -62.5 -108.253 154.5
    endloop
  endfacet
  facet normal 0 -0 1
    outer loop
      vertex -71.6971 -102.394 154.5
      vertex -68.3253 -93.3429 154.5
      vertex -72.9818 -101.408 154.5
    endloop
  endfacet
  facet normal 0.500004 0.866023 -0
    outer loop
      vertex -46.6747 -105.843 141.5
      vertex -68.3253 -93.3429 154.5
      vertex -46.6747 -105.843 154.5
    endloop
  endfacet
  facet normal 0.500004 0.866023 0
    outer loop
      vertex -68.3253 -93.3429 154.5
      vertex -46.6747 -105.843 141.5
      vertex -68.3253 -93.3429 141.5
    endloop
  endfacet
  facet normal -0.500001 -0.866025 0
    outer loop
      vertex -78.3253 -110.663 141.5
      vertex -56.6747 -123.163 144
      vertex -78.3253 -110.663 144
    endloop
  endfacet
  facet normal -0.500001 -0.866025 -0
    outer loop
      vertex -56.6747 -123.163 144
      vertex -78.3253 -110.663 141.5
      vertex -56.6747 -123.163 141.5
    endloop
  endfacet
  facet normal -0.86602 0.500009 0
    outer loop
      vertex -68.3253 -93.3429 141.5
      vertex -72.9818 -101.408 144
      vertex -68.3253 -93.3429 154.5
    endloop
  endfacet
  facet normal -0.86602 0.500009 -9.13016e-07
    outer loop
      vertex -78.3253 -110.663 141.5
      vertex -72.9818 -101.408 144
      vertex -68.3253 -93.3429 141.5
    endloop
  endfacet
  facet normal -0.86602 0.500009 0
    outer loop
      vertex -72.9818 -101.408 144
      vertex -78.3253 -110.663 141.5
      vertex -78.3253 -110.663 144
    endloop
  endfacet
  facet normal -0.86602 0.500009 0
    outer loop
      vertex -68.3253 -93.3429 154.5
      vertex -72.9818 -101.408 144
      vertex -72.9818 -101.408 154.5
    endloop
  endfacet
  facet normal 0 0 -1
    outer loop
      vertex -56.6747 -123.163 141.5
      vertex -68.3253 -93.3429 141.5
      vertex -46.6747 -105.843 141.5
    endloop
  endfacet
  facet normal 0 -0 -1
    outer loop
      vertex -68.3253 -93.3429 141.5
      vertex -56.6747 -123.163 141.5
      vertex -78.3253 -110.663 141.5
    endloop
  endfacet
  facet normal 0.866017 -0.500014 0
    outer loop
      vertex -51.3312 -113.908 144
      vertex -46.6747 -105.843 154.5
      vertex -51.3312 -113.908 154.5
    endloop
  endfacet
  facet normal 0.866017 -0.500014 0
    outer loop
      vertex -46.6747 -105.843 154.5
      vertex -51.3312 -113.908 144
      vertex -46.6747 -105.843 141.5
    endloop
  endfacet
  facet normal 0.86602 -0.500009 0
    outer loop
      vertex -56.6747 -123.163 141.5
      vertex -51.3312 -113.908 144
      vertex -56.6747 -123.163 144
    endloop
  endfacet
  facet normal 0.866019 -0.500011 1.16003e-05
    outer loop
      vertex -51.3312 -113.908 144
      vertex -56.6747 -123.163 141.5
      vertex -46.6747 -105.843 141.5
    endloop
  endfacet
  facet normal -0.500004 0.866023 0
    outer loop
      vertex 68.3253 -93.3429 141.5
      vertex 46.6747 -105.843 154.5
      vertex 68.3253 -93.3429 154.5
    endloop
  endfacet
  facet normal -0.500004 0.866023 0
    outer loop
      vertex 46.6747 -105.843 154.5
      vertex 68.3253 -93.3429 141.5
      vertex 46.6747 -105.843 141.5
    endloop
  endfacet
  facet normal 0 0 1
    outer loop
      vertex 68.3253 -93.3429 154.5
      vertex 71.6971 -102.394 154.5
      vertex 72.9818 -101.408 154.5
    endloop
  endfacet
  facet normal 0 0 1
    outer loop
      vertex 68.3253 -93.3429 154.5
      vertex 62.5 -108.253 154.5
      vertex 71.6971 -102.394 154.5
    endloop
  endfacet
  facet normal -0 0 1
    outer loop
      vertex 46.6747 -105.843 154.5
      vertex 62.5 -108.253 154.5
      vertex 68.3253 -93.3429 154.5
    endloop
  endfacet
  facet normal 0 0 1
    outer loop
      vertex 62.5 -108.253 154.5
      vertex 46.6747 -105.843 154.5
      vertex 52.8273 -113.288 154.5
    endloop
  endfacet
  facet normal 0 0 1
    outer loop
      vertex 52.8273 -113.288 154.5
      vertex 46.6747 -105.843 154.5
      vertex 51.3312 -113.908 154.5
    endloop
  endfacet
  facet normal 0.500001 -0.866025 0
    outer loop
      vertex 56.6747 -123.163 141.5
      vertex 78.3253 -110.663 144
      vertex 56.6747 -123.163 144
    endloop
  endfacet
  facet normal 0.500001 -0.866025 0
    outer loop
      vertex 78.3253 -110.663 144
      vertex 56.6747 -123.163 141.5
      vertex 78.3253 -110.663 141.5
    endloop
  endfacet
  facet normal 0.86602 0.500009 -0
    outer loop
      vertex 72.9818 -101.408 144
      vertex 68.3253 -93.3429 154.5
      vertex 72.9818 -101.408 154.5
    endloop
  endfacet
  facet normal 0.86602 0.500009 0
    outer loop
      vertex 68.3253 -93.3429 154.5
      vertex 72.9818 -101.408 144
      vertex 68.3253 -93.3429 141.5
    endloop
  endfacet
  facet normal 0.86602 0.500009 -0
    outer loop
      vertex 78.3253 -110.663 141.5
      vertex 72.9818 -101.408 144
      vertex 78.3253 -110.663 144
    endloop
  endfacet
  facet normal 0.86602 0.500009 -9.13016e-07
    outer loop
      vertex 72.9818 -101.408 144
      vertex 78.3253 -110.663 141.5
      vertex 68.3253 -93.3429 141.5
    endloop
  endfacet
  facet normal 0 0 -1
    outer loop
      vertex 56.6747 -123.163 141.5
      vertex 68.3253 -93.3429 141.5
      vertex 78.3253 -110.663 141.5
    endloop
  endfacet
  facet normal 0 0 -1
    outer loop
      vertex 68.3253 -93.3429 141.5
      vertex 56.6747 -123.163 141.5
      vertex 46.6747 -105.843 141.5
    endloop
  endfacet
  facet normal -0.866017 -0.500014 0
    outer loop
      vertex 46.6747 -105.843 141.5
      vertex 51.3312 -113.908 144
      vertex 46.6747 -105.843 154.5
    endloop
  endfacet
  facet normal -0.866019 -0.500011 1.16003e-05
    outer loop
      vertex 56.6747 -123.163 141.5
      vertex 51.3312 -113.908 144
      vertex 46.6747 -105.843 141.5
    endloop
  endfacet
  facet normal -0.86602 -0.500009 0
    outer loop
      vertex 51.3312 -113.908 144
      vertex 56.6747 -123.163 141.5
      vertex 56.6747 -123.163 144
    endloop
  endfacet
  facet normal -0.866017 -0.500014 0
    outer loop
      vertex 46.6747 -105.843 154.5
      vertex 51.3312 -113.908 144
      vertex 51.3312 -113.908 154.5
    endloop
  endfacet
endsolid OpenSCAD_Model
