solid OpenSCAD_Model
  facet normal 0 0 1
    outer loop
      vertex 20 3.5 120
      vertex 17 0 120
      vertex 20 -3.5 120
    endloop
  endfacet
  facet normal 0 0 1
    outer loop
      vertex 20 3.5 120
      vertex 16.9636 1.11185 120
      vertex 17 0 120
    endloop
  endfacet
  facet normal 0 0 1
    outer loop
      vertex 20 3.5 120
      vertex 16.8546 2.21894 120
      vertex 16.9636 1.11185 120
    endloop
  endfacet
  facet normal 0 0 1
    outer loop
      vertex 20 3.5 120
      vertex 16.6733 3.31653 120
      vertex 16.8546 2.21894 120
    endloop
  endfacet
  facet normal 0 -0 1
    outer loop
      vertex 16.6733 3.31653 120
      vertex 20 3.5 120
      vertex 16.6306 3.5 120
    endloop
  endfacet
  facet normal -0 0 1
    outer loop
      vertex 16.9636 -1.11185 120
      vertex 20 -3.5 120
      vertex 17 0 120
    endloop
  endfacet
  facet normal -0 0 1
    outer loop
      vertex 16.8546 -2.21894 120
      vertex 20 -3.5 120
      vertex 16.9636 -1.11185 120
    endloop
  endfacet
  facet normal -0 0 1
    outer loop
      vertex 16.6733 -3.31653 120
      vertex 20 -3.5 120
      vertex 16.8546 -2.21894 120
    endloop
  endfacet
  facet normal 0 0 1
    outer loop
      vertex 20 -3.5 120
      vertex 16.6733 -3.31653 120
      vertex 16.6306 -3.5 120
    endloop
  endfacet
  facet normal 1 -0 0
    outer loop
      vertex 20 -3.5 120
      vertex 20 3.5 113
      vertex 20 3.5 120
    endloop
  endfacet
  facet normal 1 0 0
    outer loop
      vertex 20 3.5 113
      vertex 20 -3.5 120
      vertex 20 -3.5 113
    endloop
  endfacet
  facet normal 0 1 -0
    outer loop
      vertex 20 3.5 113
      vertex 16.6306 3.5 120
      vertex 20 3.5 120
    endloop
  endfacet
  facet normal 0 1 0
    outer loop
      vertex 16.6306 3.5 120
      vertex 20 3.5 113
      vertex 16.6306 3.5 113
    endloop
  endfacet
  facet normal 0 0 -1
    outer loop
      vertex 20 -3.5 113
      vertex 17 0 113
      vertex 20 3.5 113
    endloop
  endfacet
  facet normal 0 0 -1
    outer loop
      vertex 20 -3.5 113
      vertex 16.9636 -1.11185 113
      vertex 17 0 113
    endloop
  endfacet
  facet normal 0 0 -1
    outer loop
      vertex 20 -3.5 113
      vertex 16.8546 -2.21894 113
      vertex 16.9636 -1.11185 113
    endloop
  endfacet
  facet normal 0 0 -1
    outer loop
      vertex 20 -3.5 113
      vertex 16.6733 -3.31653 113
      vertex 16.8546 -2.21894 113
    endloop
  endfacet
  facet normal 0 -0 -1
    outer loop
      vertex 16.6733 -3.31653 113
      vertex 20 -3.5 113
      vertex 16.6306 -3.5 113
    endloop
  endfacet
  facet normal 0 0 -1
    outer loop
      vertex 16.9636 1.11185 113
      vertex 20 3.5 113
      vertex 17 0 113
    endloop
  endfacet
  facet normal 0 0 -1
    outer loop
      vertex 16.8546 2.21894 113
      vertex 20 3.5 113
      vertex 16.9636 1.11185 113
    endloop
  endfacet
  facet normal 0 0 -1
    outer loop
      vertex 16.6733 3.31653 113
      vertex 20 3.5 113
      vertex 16.8546 2.21894 113
    endloop
  endfacet
  facet normal -0 0 -1
    outer loop
      vertex 20 3.5 113
      vertex 16.6733 3.31653 113
      vertex 16.6306 3.5 113
    endloop
  endfacet
  facet normal 0 -1 0
    outer loop
      vertex 16.6306 -3.5 113
      vertex 20 -3.5 120
      vertex 16.6306 -3.5 120
    endloop
  endfacet
  facet normal 0 -1 -0
    outer loop
      vertex 20 -3.5 120
      vertex 16.6306 -3.5 113
      vertex 20 -3.5 113
    endloop
  endfacet
  facet normal 0 1 -0
    outer loop
      vertex 3.5 20 113
      vertex -3.5 20 120
      vertex 3.5 20 120
    endloop
  endfacet
  facet normal 0 1 0
    outer loop
      vertex -3.5 20 120
      vertex 3.5 20 113
      vertex -3.5 20 113
    endloop
  endfacet
  facet normal 0 0 1
    outer loop
      vertex 3.5 20 120
      vertex 3.31653 16.6733 120
      vertex 3.5 16.6306 120
    endloop
  endfacet
  facet normal 0 0 1
    outer loop
      vertex 3.5 20 120
      vertex 2.21894 16.8546 120
      vertex 3.31653 16.6733 120
    endloop
  endfacet
  facet normal 0 0 1
    outer loop
      vertex 3.5 20 120
      vertex 1.11185 16.9636 120
      vertex 2.21894 16.8546 120
    endloop
  endfacet
  facet normal 0 0 1
    outer loop
      vertex 3.5 20 120
      vertex 0 17 120
      vertex 1.11185 16.9636 120
    endloop
  endfacet
  facet normal -0 0 1
    outer loop
      vertex -3.5 20 120
      vertex 0 17 120
      vertex 3.5 20 120
    endloop
  endfacet
  facet normal 0 0 1
    outer loop
      vertex 0 17 120
      vertex -3.5 20 120
      vertex -1.11185 16.9636 120
    endloop
  endfacet
  facet normal 0 0 1
    outer loop
      vertex -1.11185 16.9636 120
      vertex -3.5 20 120
      vertex -2.21894 16.8546 120
    endloop
  endfacet
  facet normal 0 0 1
    outer loop
      vertex -2.21894 16.8546 120
      vertex -3.5 20 120
      vertex -3.31653 16.6733 120
    endloop
  endfacet
  facet normal 0 0 1
    outer loop
      vertex -3.31653 16.6733 120
      vertex -3.5 20 120
      vertex -3.5 16.6306 120
    endloop
  endfacet
  facet normal 0 0 -1
    outer loop
      vertex 3.31653 16.6733 113
      vertex 3.5 20 113
      vertex 3.5 16.6306 113
    endloop
  endfacet
  facet normal 0 0 -1
    outer loop
      vertex 2.21894 16.8546 113
      vertex 3.5 20 113
      vertex 3.31653 16.6733 113
    endloop
  endfacet
  facet normal 0 0 -1
    outer loop
      vertex 1.11185 16.9636 113
      vertex 3.5 20 113
      vertex 2.21894 16.8546 113
    endloop
  endfacet
  facet normal 0 0 -1
    outer loop
      vertex 0 17 113
      vertex 3.5 20 113
      vertex 1.11185 16.9636 113
    endloop
  endfacet
  facet normal 0 0 -1
    outer loop
      vertex -3.5 20 113
      vertex 0 17 113
      vertex -1.11185 16.9636 113
    endloop
  endfacet
  facet normal 0 0 -1
    outer loop
      vertex -3.5 20 113
      vertex -1.11185 16.9636 113
      vertex -2.21894 16.8546 113
    endloop
  endfacet
  facet normal 0 0 -1
    outer loop
      vertex -3.5 20 113
      vertex -2.21894 16.8546 113
      vertex -3.31653 16.6733 113
    endloop
  endfacet
  facet normal 0 0 -1
    outer loop
      vertex -3.5 20 113
      vertex -3.31653 16.6733 113
      vertex -3.5 16.6306 113
    endloop
  endfacet
  facet normal 0 0 -1
    outer loop
      vertex 0 17 113
      vertex -3.5 20 113
      vertex 3.5 20 113
    endloop
  endfacet
  facet normal 1 -0 0
    outer loop
      vertex 3.5 16.6306 120
      vertex 3.5 20 113
      vertex 3.5 20 120
    endloop
  endfacet
  facet normal 1 0 0
    outer loop
      vertex 3.5 20 113
      vertex 3.5 16.6306 120
      vertex 3.5 16.6306 113
    endloop
  endfacet
  facet normal -1 0 0
    outer loop
      vertex -3.5 16.6306 113
      vertex -3.5 20 120
      vertex -3.5 20 113
    endloop
  endfacet
  facet normal -1 -0 0
    outer loop
      vertex -3.5 20 120
      vertex -3.5 16.6306 113
      vertex -3.5 16.6306 120
    endloop
  endfacet
  facet normal 0 0 1
    outer loop
      vertex -16.9636 1.11185 120
      vertex -20 3.5 120
      vertex -17 0 120
    endloop
  endfacet
  facet normal 0 0 1
    outer loop
      vertex -16.8546 2.21894 120
      vertex -20 3.5 120
      vertex -16.9636 1.11185 120
    endloop
  endfacet
  facet normal 0 0 1
    outer loop
      vertex -16.6733 3.31653 120
      vertex -20 3.5 120
      vertex -16.8546 2.21894 120
    endloop
  endfacet
  facet normal -0 0 1
    outer loop
      vertex -20 3.5 120
      vertex -16.6733 3.31653 120
      vertex -16.6306 3.5 120
    endloop
  endfacet
  facet normal 0 0 1
    outer loop
      vertex -20 -3.5 120
      vertex -17 0 120
      vertex -20 3.5 120
    endloop
  endfacet
  facet normal 0 0 1
    outer loop
      vertex -17 0 120
      vertex -20 -3.5 120
      vertex -16.9636 -1.11185 120
    endloop
  endfacet
  facet normal 0 0 1
    outer loop
      vertex -16.9636 -1.11185 120
      vertex -20 -3.5 120
      vertex -16.8546 -2.21894 120
    endloop
  endfacet
  facet normal 0 0 1
    outer loop
      vertex -16.8546 -2.21894 120
      vertex -20 -3.5 120
      vertex -16.6733 -3.31653 120
    endloop
  endfacet
  facet normal 0 0 1
    outer loop
      vertex -16.6733 -3.31653 120
      vertex -20 -3.5 120
      vertex -16.6306 -3.5 120
    endloop
  endfacet
  facet normal -1 0 0
    outer loop
      vertex -20 -3.5 113
      vertex -20 3.5 120
      vertex -20 3.5 113
    endloop
  endfacet
  facet normal -1 -0 0
    outer loop
      vertex -20 3.5 120
      vertex -20 -3.5 113
      vertex -20 -3.5 120
    endloop
  endfacet
  facet normal 0 1 -0
    outer loop
      vertex -16.6306 3.5 113
      vertex -20 3.5 120
      vertex -16.6306 3.5 120
    endloop
  endfacet
  facet normal 0 1 0
    outer loop
      vertex -20 3.5 120
      vertex -16.6306 3.5 113
      vertex -20 3.5 113
    endloop
  endfacet
  facet normal -0 0 -1
    outer loop
      vertex -16.9636 -1.11185 113
      vertex -20 -3.5 113
      vertex -17 0 113
    endloop
  endfacet
  facet normal -0 0 -1
    outer loop
      vertex -16.8546 -2.21894 113
      vertex -20 -3.5 113
      vertex -16.9636 -1.11185 113
    endloop
  endfacet
  facet normal -0 0 -1
    outer loop
      vertex -16.6733 -3.31653 113
      vertex -20 -3.5 113
      vertex -16.8546 -2.21894 113
    endloop
  endfacet
  facet normal 0 0 -1
    outer loop
      vertex -20 -3.5 113
      vertex -16.6733 -3.31653 113
      vertex -16.6306 -3.5 113
    endloop
  endfacet
  facet normal 0 0 -1
    outer loop
      vertex -20 3.5 113
      vertex -17 0 113
      vertex -20 -3.5 113
    endloop
  endfacet
  facet normal 0 0 -1
    outer loop
      vertex -17 0 113
      vertex -20 3.5 113
      vertex -16.9636 1.11185 113
    endloop
  endfacet
  facet normal 0 0 -1
    outer loop
      vertex -16.9636 1.11185 113
      vertex -20 3.5 113
      vertex -16.8546 2.21894 113
    endloop
  endfacet
  facet normal 0 0 -1
    outer loop
      vertex -16.8546 2.21894 113
      vertex -20 3.5 113
      vertex -16.6733 3.31653 113
    endloop
  endfacet
  facet normal 0 0 -1
    outer loop
      vertex -16.6733 3.31653 113
      vertex -20 3.5 113
      vertex -16.6306 3.5 113
    endloop
  endfacet
  facet normal 0 -1 0
    outer loop
      vertex -20 -3.5 113
      vertex -16.6306 -3.5 120
      vertex -20 -3.5 120
    endloop
  endfacet
  facet normal 0 -1 -0
    outer loop
      vertex -16.6306 -3.5 120
      vertex -20 -3.5 113
      vertex -16.6306 -3.5 113
    endloop
  endfacet
  facet normal -0 0 1
    outer loop
      vertex 3.31653 -16.6733 120
      vertex 3.5 -20 120
      vertex 3.5 -16.6306 120
    endloop
  endfacet
  facet normal -0 0 1
    outer loop
      vertex 2.21894 -16.8546 120
      vertex 3.5 -20 120
      vertex 3.31653 -16.6733 120
    endloop
  endfacet
  facet normal -0 0 1
    outer loop
      vertex 1.11185 -16.9636 120
      vertex 3.5 -20 120
      vertex 2.21894 -16.8546 120
    endloop
  endfacet
  facet normal -0 0 1
    outer loop
      vertex 0 -17 120
      vertex 3.5 -20 120
      vertex 1.11185 -16.9636 120
    endloop
  endfacet
  facet normal 0 0 1
    outer loop
      vertex -3.5 -20 120
      vertex 0 -17 120
      vertex -1.11185 -16.9636 120
    endloop
  endfacet
  facet normal 0 0 1
    outer loop
      vertex -3.5 -20 120
      vertex -1.11185 -16.9636 120
      vertex -2.21894 -16.8546 120
    endloop
  endfacet
  facet normal 0 0 1
    outer loop
      vertex -3.5 -20 120
      vertex -2.21894 -16.8546 120
      vertex -3.31653 -16.6733 120
    endloop
  endfacet
  facet normal 0 0 1
    outer loop
      vertex -3.5 -20 120
      vertex -3.31653 -16.6733 120
      vertex -3.5 -16.6306 120
    endloop
  endfacet
  facet normal 0 0 1
    outer loop
      vertex 0 -17 120
      vertex -3.5 -20 120
      vertex 3.5 -20 120
    endloop
  endfacet
  facet normal 0 -1 0
    outer loop
      vertex -3.5 -20 113
      vertex 3.5 -20 120
      vertex -3.5 -20 120
    endloop
  endfacet
  facet normal 0 -1 -0
    outer loop
      vertex 3.5 -20 120
      vertex -3.5 -20 113
      vertex 3.5 -20 113
    endloop
  endfacet
  facet normal -1 0 0
    outer loop
      vertex -3.5 -20 113
      vertex -3.5 -16.6306 120
      vertex -3.5 -16.6306 113
    endloop
  endfacet
  facet normal -1 -0 0
    outer loop
      vertex -3.5 -16.6306 120
      vertex -3.5 -20 113
      vertex -3.5 -20 120
    endloop
  endfacet
  facet normal 0 0 -1
    outer loop
      vertex 3.5 -20 113
      vertex 3.31653 -16.6733 113
      vertex 3.5 -16.6306 113
    endloop
  endfacet
  facet normal 0 0 -1
    outer loop
      vertex 3.5 -20 113
      vertex 2.21894 -16.8546 113
      vertex 3.31653 -16.6733 113
    endloop
  endfacet
  facet normal 0 0 -1
    outer loop
      vertex 3.5 -20 113
      vertex 1.11185 -16.9636 113
      vertex 2.21894 -16.8546 113
    endloop
  endfacet
  facet normal 0 0 -1
    outer loop
      vertex 3.5 -20 113
      vertex 0 -17 113
      vertex 1.11185 -16.9636 113
    endloop
  endfacet
  facet normal 0 0 -1
    outer loop
      vertex -3.5 -20 113
      vertex 0 -17 113
      vertex 3.5 -20 113
    endloop
  endfacet
  facet normal -0 0 -1
    outer loop
      vertex 0 -17 113
      vertex -3.5 -20 113
      vertex -1.11185 -16.9636 113
    endloop
  endfacet
  facet normal -0 0 -1
    outer loop
      vertex -1.11185 -16.9636 113
      vertex -3.5 -20 113
      vertex -2.21894 -16.8546 113
    endloop
  endfacet
  facet normal -0 0 -1
    outer loop
      vertex -2.21894 -16.8546 113
      vertex -3.5 -20 113
      vertex -3.31653 -16.6733 113
    endloop
  endfacet
  facet normal -0 0 -1
    outer loop
      vertex -3.31653 -16.6733 113
      vertex -3.5 -20 113
      vertex -3.5 -16.6306 113
    endloop
  endfacet
  facet normal 1 -0 0
    outer loop
      vertex 3.5 -20 120
      vertex 3.5 -16.6306 113
      vertex 3.5 -16.6306 120
    endloop
  endfacet
  facet normal 1 0 0
    outer loop
      vertex 3.5 -16.6306 113
      vertex 3.5 -20 120
      vertex 3.5 -20 113
    endloop
  endfacet
  facet normal 0.634348 0.773047 -0
    outer loop
      vertex 11.2089 12.7813 107.5
      vertex 10.3489 13.487 125.5
      vertex 11.2089 12.7813 125.5
    endloop
  endfacet
  facet normal 0.634348 0.773047 0
    outer loop
      vertex 10.3489 13.487 125.5
      vertex 11.2089 12.7813 107.5
      vertex 10.3489 13.487 107.5
    endloop
  endfacet
  facet normal 0.582509 0.812824 -0
    outer loop
      vertex 10.3489 13.487 107.5
      vertex 9.44469 14.135 125.5
      vertex 10.3489 13.487 125.5
    endloop
  endfacet
  facet normal 0.582509 0.812824 0
    outer loop
      vertex 9.44469 14.135 125.5
      vertex 10.3489 13.487 107.5
      vertex 9.44469 14.135 107.5
    endloop
  endfacet
  facet normal -0.352202 0.935924 0
    outer loop
      vertex -5.46447 16.0978 107.5
      vertex -6.50562 15.706 125.5
      vertex -5.46447 16.0978 125.5
    endloop
  endfacet
  facet normal -0.352202 0.935924 0
    outer loop
      vertex -6.50562 15.706 125.5
      vertex -5.46447 16.0978 107.5
      vertex -6.50562 15.706 107.5
    endloop
  endfacet
  facet normal -0.910835 -0.41277 0
    outer loop
      vertex -15.2468 -7.51891 107.5
      vertex -15.706 -6.50562 125.5
      vertex -15.706 -6.50562 107.5
    endloop
  endfacet
  facet normal -0.910835 -0.41277 0
    outer loop
      vertex -15.706 -6.50562 125.5
      vertex -15.2468 -7.51891 107.5
      vertex -15.2468 -7.51891 125.5
    endloop
  endfacet
  facet normal 0.973861 0.227146 0
    outer loop
      vertex 16.4207 4.39992 125.5
      vertex 16.6306 3.5 120
      vertex 16.4207 4.39992 107.5
    endloop
  endfacet
  facet normal 0.973879 0.227067 1.36912e-05
    outer loop
      vertex 16.6733 3.31653 125.5
      vertex 16.6306 3.5 120
      vertex 16.4207 4.39992 125.5
    endloop
  endfacet
  facet normal 0.97397 0.226677 0
    outer loop
      vertex 16.6306 3.5 120
      vertex 16.6733 3.31653 125.5
      vertex 16.6733 3.31653 120
    endloop
  endfacet
  facet normal 0.973861 0.227146 -0
    outer loop
      vertex 16.6306 3.5 113
      vertex 16.4207 4.39992 107.5
      vertex 16.6306 3.5 120
    endloop
  endfacet
  facet normal 0.97397 0.226677 -0
    outer loop
      vertex 16.6733 3.31653 107.5
      vertex 16.6306 3.5 113
      vertex 16.6733 3.31653 113
    endloop
  endfacet
  facet normal 0.973879 0.227067 -1.36912e-05
    outer loop
      vertex 16.6306 3.5 113
      vertex 16.6733 3.31653 107.5
      vertex 16.4207 4.39992 107.5
    endloop
  endfacet
  facet normal 0.956947 0.290262 0
    outer loop
      vertex 16.4207 4.39992 125.5
      vertex 16.0978 5.46447 107.5
      vertex 16.0978 5.46447 125.5
    endloop
  endfacet
  facet normal 0.956947 0.290262 0
    outer loop
      vertex 16.0978 5.46447 107.5
      vertex 16.4207 4.39992 125.5
      vertex 16.4207 4.39992 107.5
    endloop
  endfacet
  facet normal 0.773047 0.634348 0
    outer loop
      vertex 13.487 10.3489 125.5
      vertex 12.7813 11.2089 107.5
      vertex 12.7813 11.2089 125.5
    endloop
  endfacet
  facet normal 0.773047 0.634348 0
    outer loop
      vertex 12.7813 11.2089 107.5
      vertex 13.487 10.3489 125.5
      vertex 13.487 10.3489 107.5
    endloop
  endfacet
  facet normal 0.528038 0.849221 -0
    outer loop
      vertex 9.44469 14.135 107.5
      vertex 8.5 14.7224 125.5
      vertex 9.44469 14.135 125.5
    endloop
  endfacet
  facet normal 0.528038 0.849221 0
    outer loop
      vertex 8.5 14.7224 125.5
      vertex 9.44469 14.135 107.5
      vertex 8.5 14.7224 107.5
    endloop
  endfacet
  facet normal -0.881923 0.471394 0
    outer loop
      vertex -15.2468 7.51891 107.5
      vertex -14.7224 8.5 125.5
      vertex -14.7224 8.5 107.5
    endloop
  endfacet
  facet normal -0.881923 0.471394 0
    outer loop
      vertex -14.7224 8.5 125.5
      vertex -15.2468 7.51891 107.5
      vertex -15.2468 7.51891 125.5
    endloop
  endfacet
  facet normal -0.582509 0.812824 0
    outer loop
      vertex -9.44469 14.135 107.5
      vertex -10.3489 13.487 125.5
      vertex -9.44469 14.135 125.5
    endloop
  endfacet
  facet normal -0.582509 0.812824 0
    outer loop
      vertex -10.3489 13.487 125.5
      vertex -9.44469 14.135 107.5
      vertex -10.3489 13.487 107.5
    endloop
  endfacet
  facet normal 0.226677 -0.97397 0
    outer loop
      vertex 3.31653 -16.6733 113
      vertex 3.31653 -16.6733 107.5
      vertex 3.5 -16.6306 113
    endloop
  endfacet
  facet normal 0.226677 -0.97397 0
    outer loop
      vertex 3.5 -16.6306 120
      vertex 3.31653 -16.6733 125.5
      vertex 3.31653 -16.6733 120
    endloop
  endfacet
  facet normal 0.227067 -0.973879 1.36912e-05
    outer loop
      vertex 3.31653 -16.6733 125.5
      vertex 3.5 -16.6306 120
      vertex 4.39992 -16.4207 125.5
    endloop
  endfacet
  facet normal 0.227146 -0.973861 0
    outer loop
      vertex 3.5 -16.6306 113
      vertex 4.39992 -16.4207 125.5
      vertex 3.5 -16.6306 120
    endloop
  endfacet
  facet normal 0.227067 -0.973879 -1.36912e-05
    outer loop
      vertex 4.39992 -16.4207 107.5
      vertex 3.5 -16.6306 113
      vertex 3.31653 -16.6733 107.5
    endloop
  endfacet
  facet normal 0.227146 -0.973861 0
    outer loop
      vertex 3.5 -16.6306 113
      vertex 4.39992 -16.4207 107.5
      vertex 4.39992 -16.4207 125.5
    endloop
  endfacet
  facet normal 0.683627 -0.729831 0
    outer loop
      vertex 11.2089 -12.7813 107.5
      vertex 12.0208 -12.0208 125.5
      vertex 11.2089 -12.7813 125.5
    endloop
  endfacet
  facet normal 0.683627 -0.729831 0
    outer loop
      vertex 12.0208 -12.0208 125.5
      vertex 11.2089 -12.7813 107.5
      vertex 12.0208 -12.0208 107.5
    endloop
  endfacet
  facet normal -0.0327207 -0.999465 0
    outer loop
      vertex -1.11185 -16.9636 107.5
      vertex 0 -17 113
      vertex -1.11185 -16.9636 113
    endloop
  endfacet
  facet normal -0.0327207 -0.999465 -0
    outer loop
      vertex 0 -17 113
      vertex -1.11185 -16.9636 107.5
      vertex 0 -17 107.5
    endloop
  endfacet
  facet normal -0.0327207 -0.999465 0
    outer loop
      vertex -1.11185 -16.9636 120
      vertex 0 -17 125.5
      vertex -1.11185 -16.9636 125.5
    endloop
  endfacet
  facet normal -0.0327207 -0.999465 -0
    outer loop
      vertex 0 -17 125.5
      vertex -1.11185 -16.9636 120
      vertex 0 -17 120
    endloop
  endfacet
  facet normal -0.528038 -0.849221 0
    outer loop
      vertex -9.44469 -14.135 107.5
      vertex -8.5 -14.7224 125.5
      vertex -9.44469 -14.135 125.5
    endloop
  endfacet
  facet normal -0.528038 -0.849221 -0
    outer loop
      vertex -8.5 -14.7224 125.5
      vertex -9.44469 -14.135 107.5
      vertex -8.5 -14.7224 107.5
    endloop
  endfacet
  facet normal 0.910835 0.41277 0
    outer loop
      vertex 15.706 6.50562 125.5
      vertex 15.2468 7.51891 107.5
      vertex 15.2468 7.51891 125.5
    endloop
  endfacet
  facet normal 0.910835 0.41277 0
    outer loop
      vertex 15.2468 7.51891 107.5
      vertex 15.706 6.50562 125.5
      vertex 15.706 6.50562 107.5
    endloop
  endfacet
  facet normal 0.849221 0.528038 0
    outer loop
      vertex 14.7224 8.5 125.5
      vertex 14.135 9.44469 107.5
      vertex 14.135 9.44469 125.5
    endloop
  endfacet
  facet normal 0.849221 0.528038 0
    outer loop
      vertex 14.135 9.44469 107.5
      vertex 14.7224 8.5 125.5
      vertex 14.7224 8.5 107.5
    endloop
  endfacet
  facet normal 0.812824 0.582509 0
    outer loop
      vertex 14.135 9.44469 125.5
      vertex 13.487 10.3489 107.5
      vertex 13.487 10.3489 125.5
    endloop
  endfacet
  facet normal 0.812824 0.582509 0
    outer loop
      vertex 13.487 10.3489 107.5
      vertex 14.135 9.44469 125.5
      vertex 14.135 9.44469 107.5
    endloop
  endfacet
  facet normal 0.0327207 0.999465 -0
    outer loop
      vertex 1.11185 16.9636 107.5
      vertex 0 17 113
      vertex 1.11185 16.9636 113
    endloop
  endfacet
  facet normal 0.0327207 0.999465 0
    outer loop
      vertex 0 17 113
      vertex 1.11185 16.9636 107.5
      vertex 0 17 107.5
    endloop
  endfacet
  facet normal 0.0327207 0.999465 -0
    outer loop
      vertex 1.11185 16.9636 120
      vertex 0 17 125.5
      vertex 1.11185 16.9636 125.5
    endloop
  endfacet
  facet normal 0.0327207 0.999465 0
    outer loop
      vertex 0 17 125.5
      vertex 1.11185 16.9636 120
      vertex 0 17 120
    endloop
  endfacet
  facet normal 0.227067 0.973879 1.36912e-05
    outer loop
      vertex 4.39992 16.4207 125.5
      vertex 3.5 16.6306 120
      vertex 3.31653 16.6733 125.5
    endloop
  endfacet
  facet normal 0.227146 0.973861 0
    outer loop
      vertex 4.39992 16.4207 125.5
      vertex 3.5 16.6306 113
      vertex 3.5 16.6306 120
    endloop
  endfacet
  facet normal 0.227146 0.973861 -0
    outer loop
      vertex 4.39992 16.4207 107.5
      vertex 3.5 16.6306 113
      vertex 4.39992 16.4207 125.5
    endloop
  endfacet
  facet normal 0.227067 0.973879 -1.36912e-05
    outer loop
      vertex 3.31653 16.6733 107.5
      vertex 3.5 16.6306 113
      vertex 4.39992 16.4207 107.5
    endloop
  endfacet
  facet normal 0.226677 0.97397 0
    outer loop
      vertex 3.5 16.6306 113
      vertex 3.31653 16.6733 107.5
      vertex 3.31653 16.6733 113
    endloop
  endfacet
  facet normal 0.226677 0.97397 0
    outer loop
      vertex 3.31653 16.6733 125.5
      vertex 3.5 16.6306 120
      vertex 3.31653 16.6733 120
    endloop
  endfacet
  facet normal 0.352202 0.935924 -0
    outer loop
      vertex 6.50562 15.706 107.5
      vertex 5.46447 16.0978 125.5
      vertex 6.50562 15.706 125.5
    endloop
  endfacet
  facet normal 0.352202 0.935924 0
    outer loop
      vertex 5.46447 16.0978 125.5
      vertex 6.50562 15.706 107.5
      vertex 5.46447 16.0978 107.5
    endloop
  endfacet
  facet normal 0.0979826 0.995188 -0
    outer loop
      vertex 2.21894 16.8546 107.5
      vertex 1.11185 16.9636 113
      vertex 2.21894 16.8546 113
    endloop
  endfacet
  facet normal 0.0979826 0.995188 0
    outer loop
      vertex 1.11185 16.9636 113
      vertex 2.21894 16.8546 107.5
      vertex 1.11185 16.9636 107.5
    endloop
  endfacet
  facet normal 0.0979826 0.995188 -0
    outer loop
      vertex 2.21894 16.8546 120
      vertex 1.11185 16.9636 125.5
      vertex 2.21894 16.8546 125.5
    endloop
  endfacet
  facet normal 0.0979826 0.995188 0
    outer loop
      vertex 1.11185 16.9636 125.5
      vertex 2.21894 16.8546 120
      vertex 1.11185 16.9636 120
    endloop
  endfacet
  facet normal -0.999465 0.0327207 0
    outer loop
      vertex -17 0 107.5
      vertex -16.9636 1.11185 113
      vertex -16.9636 1.11185 107.5
    endloop
  endfacet
  facet normal -0.999465 0.0327207 0
    outer loop
      vertex -16.9636 1.11185 113
      vertex -17 0 107.5
      vertex -17 0 113
    endloop
  endfacet
  facet normal -0.999465 0.0327207 0
    outer loop
      vertex -17 0 120
      vertex -16.9636 1.11185 125.5
      vertex -16.9636 1.11185 120
    endloop
  endfacet
  facet normal -0.999465 0.0327207 0
    outer loop
      vertex -16.9636 1.11185 125.5
      vertex -17 0 120
      vertex -17 0 125.5
    endloop
  endfacet
  facet normal -0.973861 0.227146 0
    outer loop
      vertex -16.4207 4.39992 107.5
      vertex -16.6306 3.5 113
      vertex -16.4207 4.39992 125.5
    endloop
  endfacet
  facet normal -0.973879 0.227067 -1.36912e-05
    outer loop
      vertex -16.6733 3.31653 107.5
      vertex -16.6306 3.5 113
      vertex -16.4207 4.39992 107.5
    endloop
  endfacet
  facet normal -0.97397 0.226677 0
    outer loop
      vertex -16.6306 3.5 113
      vertex -16.6733 3.31653 107.5
      vertex -16.6733 3.31653 113
    endloop
  endfacet
  facet normal -0.973861 0.227146 0
    outer loop
      vertex -16.6306 3.5 120
      vertex -16.4207 4.39992 125.5
      vertex -16.6306 3.5 113
    endloop
  endfacet
  facet normal -0.97397 0.226677 0
    outer loop
      vertex -16.6733 3.31653 125.5
      vertex -16.6306 3.5 120
      vertex -16.6733 3.31653 120
    endloop
  endfacet
  facet normal -0.973879 0.227067 1.36912e-05
    outer loop
      vertex -16.6306 3.5 120
      vertex -16.6733 3.31653 125.5
      vertex -16.4207 4.39992 125.5
    endloop
  endfacet
  facet normal -0.935924 0.352202 0
    outer loop
      vertex -16.0978 5.46447 107.5
      vertex -15.706 6.50562 125.5
      vertex -15.706 6.50562 107.5
    endloop
  endfacet
  facet normal -0.935924 0.352202 0
    outer loop
      vertex -15.706 6.50562 125.5
      vertex -16.0978 5.46447 107.5
      vertex -16.0978 5.46447 125.5
    endloop
  endfacet
  facet normal -0.995188 0.0979826 0
    outer loop
      vertex -16.9636 1.11185 107.5
      vertex -16.8546 2.21894 113
      vertex -16.8546 2.21894 107.5
    endloop
  endfacet
  facet normal -0.995188 0.0979826 0
    outer loop
      vertex -16.8546 2.21894 113
      vertex -16.9636 1.11185 107.5
      vertex -16.9636 1.11185 113
    endloop
  endfacet
  facet normal -0.995188 0.0979826 0
    outer loop
      vertex -16.9636 1.11185 120
      vertex -16.8546 2.21894 125.5
      vertex -16.8546 2.21894 120
    endloop
  endfacet
  facet normal -0.995188 0.0979826 0
    outer loop
      vertex -16.8546 2.21894 125.5
      vertex -16.9636 1.11185 120
      vertex -16.9636 1.11185 125.5
    endloop
  endfacet
  facet normal -0.729831 0.683627 0
    outer loop
      vertex -12.7813 11.2089 107.5
      vertex -12.0208 12.0208 125.5
      vertex -12.0208 12.0208 107.5
    endloop
  endfacet
  facet normal -0.729831 0.683627 0
    outer loop
      vertex -12.0208 12.0208 125.5
      vertex -12.7813 11.2089 107.5
      vertex -12.7813 11.2089 125.5
    endloop
  endfacet
  facet normal -0.849221 0.528038 0
    outer loop
      vertex -14.7224 8.5 107.5
      vertex -14.135 9.44469 125.5
      vertex -14.135 9.44469 107.5
    endloop
  endfacet
  facet normal -0.849221 0.528038 0
    outer loop
      vertex -14.135 9.44469 125.5
      vertex -14.7224 8.5 107.5
      vertex -14.7224 8.5 125.5
    endloop
  endfacet
  facet normal -0.0327207 0.999465 0
    outer loop
      vertex 0 17 120
      vertex -1.11185 16.9636 125.5
      vertex 0 17 125.5
    endloop
  endfacet
  facet normal -0.0327207 0.999465 0
    outer loop
      vertex -1.11185 16.9636 125.5
      vertex 0 17 120
      vertex -1.11185 16.9636 120
    endloop
  endfacet
  facet normal -0.0327207 0.999465 0
    outer loop
      vertex 0 17 107.5
      vertex -1.11185 16.9636 113
      vertex 0 17 113
    endloop
  endfacet
  facet normal -0.0327207 0.999465 0
    outer loop
      vertex -1.11185 16.9636 113
      vertex 0 17 107.5
      vertex -1.11185 16.9636 107.5
    endloop
  endfacet
  facet normal -0.290262 0.956947 0
    outer loop
      vertex -4.39992 16.4207 107.5
      vertex -5.46447 16.0978 125.5
      vertex -4.39992 16.4207 125.5
    endloop
  endfacet
  facet normal -0.290262 0.956947 0
    outer loop
      vertex -5.46447 16.0978 125.5
      vertex -4.39992 16.4207 107.5
      vertex -5.46447 16.0978 107.5
    endloop
  endfacet
  facet normal -0.471394 0.881923 0
    outer loop
      vertex -7.51891 15.2468 107.5
      vertex -8.5 14.7224 125.5
      vertex -7.51891 15.2468 125.5
    endloop
  endfacet
  facet normal -0.471394 0.881923 0
    outer loop
      vertex -8.5 14.7224 125.5
      vertex -7.51891 15.2468 107.5
      vertex -8.5 14.7224 107.5
    endloop
  endfacet
  facet normal -0.528038 0.849221 0
    outer loop
      vertex -8.5 14.7224 107.5
      vertex -9.44469 14.135 125.5
      vertex -8.5 14.7224 125.5
    endloop
  endfacet
  facet normal -0.528038 0.849221 0
    outer loop
      vertex -9.44469 14.135 125.5
      vertex -8.5 14.7224 107.5
      vertex -9.44469 14.135 107.5
    endloop
  endfacet
  facet normal -0.683627 0.729831 0
    outer loop
      vertex -11.2089 12.7813 107.5
      vertex -12.0208 12.0208 125.5
      vertex -11.2089 12.7813 125.5
    endloop
  endfacet
  facet normal -0.683627 0.729831 0
    outer loop
      vertex -12.0208 12.0208 125.5
      vertex -11.2089 12.7813 107.5
      vertex -12.0208 12.0208 107.5
    endloop
  endfacet
  facet normal 0.999465 0.0327207 0
    outer loop
      vertex 17 0 113
      vertex 16.9636 1.11185 107.5
      vertex 16.9636 1.11185 113
    endloop
  endfacet
  facet normal 0.999465 0.0327207 0
    outer loop
      vertex 16.9636 1.11185 107.5
      vertex 17 0 113
      vertex 17 0 107.5
    endloop
  endfacet
  facet normal 0.999465 0.0327207 0
    outer loop
      vertex 17 0 125.5
      vertex 16.9636 1.11185 120
      vertex 16.9636 1.11185 125.5
    endloop
  endfacet
  facet normal 0.999465 0.0327207 0
    outer loop
      vertex 16.9636 1.11185 120
      vertex 17 0 125.5
      vertex 17 0 120
    endloop
  endfacet
  facet normal 0.0327207 -0.999465 0
    outer loop
      vertex 0 -17 120
      vertex 1.11185 -16.9636 125.5
      vertex 0 -17 125.5
    endloop
  endfacet
  facet normal 0.0327207 -0.999465 0
    outer loop
      vertex 1.11185 -16.9636 125.5
      vertex 0 -17 120
      vertex 1.11185 -16.9636 120
    endloop
  endfacet
  facet normal 0.0327207 -0.999465 0
    outer loop
      vertex 0 -17 107.5
      vertex 1.11185 -16.9636 113
      vertex 0 -17 113
    endloop
  endfacet
  facet normal 0.0327207 -0.999465 0
    outer loop
      vertex 1.11185 -16.9636 113
      vertex 0 -17 107.5
      vertex 1.11185 -16.9636 107.5
    endloop
  endfacet
  facet normal -0.352202 -0.935924 0
    outer loop
      vertex -6.50562 -15.706 107.5
      vertex -5.46447 -16.0978 125.5
      vertex -6.50562 -15.706 125.5
    endloop
  endfacet
  facet normal -0.352202 -0.935924 -0
    outer loop
      vertex -5.46447 -16.0978 125.5
      vertex -6.50562 -15.706 107.5
      vertex -5.46447 -16.0978 107.5
    endloop
  endfacet
  facet normal -0.471394 -0.881923 0
    outer loop
      vertex -8.5 -14.7224 107.5
      vertex -7.51891 -15.2468 125.5
      vertex -8.5 -14.7224 125.5
    endloop
  endfacet
  facet normal -0.471394 -0.881923 -0
    outer loop
      vertex -7.51891 -15.2468 125.5
      vertex -8.5 -14.7224 107.5
      vertex -7.51891 -15.2468 107.5
    endloop
  endfacet
  facet normal -0.683627 -0.729831 0
    outer loop
      vertex -12.0208 -12.0208 107.5
      vertex -11.2089 -12.7813 125.5
      vertex -12.0208 -12.0208 125.5
    endloop
  endfacet
  facet normal -0.683627 -0.729831 -0
    outer loop
      vertex -11.2089 -12.7813 125.5
      vertex -12.0208 -12.0208 107.5
      vertex -11.2089 -12.7813 107.5
    endloop
  endfacet
  facet normal -0.999465 -0.0327207 0
    outer loop
      vertex -16.9636 -1.11185 107.5
      vertex -17 0 113
      vertex -17 0 107.5
    endloop
  endfacet
  facet normal -0.999465 -0.0327207 0
    outer loop
      vertex -17 0 113
      vertex -16.9636 -1.11185 107.5
      vertex -16.9636 -1.11185 113
    endloop
  endfacet
  facet normal -0.999465 -0.0327207 0
    outer loop
      vertex -16.9636 -1.11185 120
      vertex -17 0 125.5
      vertex -17 0 120
    endloop
  endfacet
  facet normal -0.999465 -0.0327207 0
    outer loop
      vertex -17 0 125.5
      vertex -16.9636 -1.11185 120
      vertex -16.9636 -1.11185 125.5
    endloop
  endfacet
  facet normal 0 0 -1
    outer loop
      vertex 10 0 107.5
      vertex 17 0 107.5
      vertex 16.9636 -1.11185 107.5
    endloop
  endfacet
  facet normal 0 0 -1
    outer loop
      vertex 9.97859 -0.654031 107.5
      vertex 16.9636 -1.11185 107.5
      vertex 16.8546 -2.21894 107.5
    endloop
  endfacet
  facet normal 0 0 -1
    outer loop
      vertex 17 0 107.5
      vertex 10 0 107.5
      vertex 16.9636 1.11185 107.5
    endloop
  endfacet
  facet normal 0 0 -1
    outer loop
      vertex 9.91445 -1.30526 107.5
      vertex 16.8546 -2.21894 107.5
      vertex 16.6733 -3.31653 107.5
    endloop
  endfacet
  facet normal 0 0 -1
    outer loop
      vertex 9.97859 0.654031 107.5
      vertex 16.9636 1.11185 107.5
      vertex 10 0 107.5
    endloop
  endfacet
  facet normal 0 0 -1
    outer loop
      vertex 9.80785 -1.9509 107.5
      vertex 16.6733 -3.31653 107.5
      vertex 16.4207 -4.39992 107.5
    endloop
  endfacet
  facet normal -0 0 -1
    outer loop
      vertex 16.9636 1.11185 107.5
      vertex 9.97859 0.654031 107.5
      vertex 16.8546 2.21894 107.5
    endloop
  endfacet
  facet normal 0 0 -1
    outer loop
      vertex 9.65926 -2.58819 107.5
      vertex 16.4207 -4.39992 107.5
      vertex 16.0978 -5.46447 107.5
    endloop
  endfacet
  facet normal 0 0 -1
    outer loop
      vertex 9.91445 1.30526 107.5
      vertex 16.8546 2.21894 107.5
      vertex 9.97859 0.654031 107.5
    endloop
  endfacet
  facet normal 0 0 -1
    outer loop
      vertex 9.4693 -3.21439 107.5
      vertex 16.0978 -5.46447 107.5
      vertex 15.706 -6.50562 107.5
    endloop
  endfacet
  facet normal -0 0 -1
    outer loop
      vertex 16.8546 2.21894 107.5
      vertex 9.91445 1.30526 107.5
      vertex 16.6733 3.31653 107.5
    endloop
  endfacet
  facet normal 0 0 -1
    outer loop
      vertex 9.2388 -3.82683 107.5
      vertex 15.706 -6.50562 107.5
      vertex 15.2468 -7.51891 107.5
    endloop
  endfacet
  facet normal 0 0 -1
    outer loop
      vertex 9.80785 1.9509 107.5
      vertex 16.6733 3.31653 107.5
      vertex 9.91445 1.30526 107.5
    endloop
  endfacet
  facet normal 0 0 -1
    outer loop
      vertex 8.96873 -4.42289 107.5
      vertex 15.2468 -7.51891 107.5
      vertex 14.7224 -8.5 107.5
    endloop
  endfacet
  facet normal -0 0 -1
    outer loop
      vertex 16.6733 3.31653 107.5
      vertex 9.80785 1.9509 107.5
      vertex 16.4207 4.39992 107.5
    endloop
  endfacet
  facet normal 0 0 -1
    outer loop
      vertex 8.66025 -5 107.5
      vertex 14.7224 -8.5 107.5
      vertex 14.135 -9.44469 107.5
    endloop
  endfacet
  facet normal 0 0 -1
    outer loop
      vertex 9.65926 2.58819 107.5
      vertex 16.4207 4.39992 107.5
      vertex 9.80785 1.9509 107.5
    endloop
  endfacet
  facet normal 0 0 -1
    outer loop
      vertex 8.3147 -5.5557 107.5
      vertex 14.135 -9.44469 107.5
      vertex 13.487 -10.3489 107.5
    endloop
  endfacet
  facet normal -0 0 -1
    outer loop
      vertex 16.4207 4.39992 107.5
      vertex 9.65926 2.58819 107.5
      vertex 16.0978 5.46447 107.5
    endloop
  endfacet
  facet normal 0 0 -1
    outer loop
      vertex 7.93353 -6.08761 107.5
      vertex 13.487 -10.3489 107.5
      vertex 12.7813 -11.2089 107.5
    endloop
  endfacet
  facet normal 0 0 -1
    outer loop
      vertex 9.4693 3.21439 107.5
      vertex 16.0978 5.46447 107.5
      vertex 9.65926 2.58819 107.5
    endloop
  endfacet
  facet normal 0 0 -1
    outer loop
      vertex 7.5184 -6.59346 107.5
      vertex 12.7813 -11.2089 107.5
      vertex 12.0208 -12.0208 107.5
    endloop
  endfacet
  facet normal -0 0 -1
    outer loop
      vertex 16.0978 5.46447 107.5
      vertex 9.4693 3.21439 107.5
      vertex 15.706 6.50562 107.5
    endloop
  endfacet
  facet normal 0 0 -1
    outer loop
      vertex 7.07107 -7.07107 107.5
      vertex 12.0208 -12.0208 107.5
      vertex 11.2089 -12.7813 107.5
    endloop
  endfacet
  facet normal 0 0 -1
    outer loop
      vertex 9.2388 3.82683 107.5
      vertex 15.706 6.50562 107.5
      vertex 9.4693 3.21439 107.5
    endloop
  endfacet
  facet normal 0 0 -1
    outer loop
      vertex 6.59346 -7.5184 107.5
      vertex 11.2089 -12.7813 107.5
      vertex 10.3489 -13.487 107.5
    endloop
  endfacet
  facet normal -0 0 -1
    outer loop
      vertex 15.706 6.50562 107.5
      vertex 9.2388 3.82683 107.5
      vertex 15.2468 7.51891 107.5
    endloop
  endfacet
  facet normal 0 0 -1
    outer loop
      vertex 8.96873 4.42289 107.5
      vertex 15.2468 7.51891 107.5
      vertex 9.2388 3.82683 107.5
    endloop
  endfacet
  facet normal 0 0 -1
    outer loop
      vertex 16.9636 -1.11185 107.5
      vertex 9.97859 -0.654031 107.5
      vertex 10 0 107.5
    endloop
  endfacet
  facet normal 0 0 -1
    outer loop
      vertex 16.8546 -2.21894 107.5
      vertex 9.91445 -1.30526 107.5
      vertex 9.97859 -0.654031 107.5
    endloop
  endfacet
  facet normal 0 0 -1
    outer loop
      vertex 16.6733 -3.31653 107.5
      vertex 9.80785 -1.9509 107.5
      vertex 9.91445 -1.30526 107.5
    endloop
  endfacet
  facet normal 0 0 -1
    outer loop
      vertex 16.4207 -4.39992 107.5
      vertex 9.65926 -2.58819 107.5
      vertex 9.80785 -1.9509 107.5
    endloop
  endfacet
  facet normal 0 0 -1
    outer loop
      vertex 16.0978 -5.46447 107.5
      vertex 9.4693 -3.21439 107.5
      vertex 9.65926 -2.58819 107.5
    endloop
  endfacet
  facet normal 0 0 -1
    outer loop
      vertex 6.08761 -7.93353 107.5
      vertex 10.3489 -13.487 107.5
      vertex 9.44469 -14.135 107.5
    endloop
  endfacet
  facet normal 0 0 -1
    outer loop
      vertex 15.706 -6.50562 107.5
      vertex 9.2388 -3.82683 107.5
      vertex 9.4693 -3.21439 107.5
    endloop
  endfacet
  facet normal 0 0 -1
    outer loop
      vertex 15.2468 -7.51891 107.5
      vertex 8.96873 -4.42289 107.5
      vertex 9.2388 -3.82683 107.5
    endloop
  endfacet
  facet normal 0 0 -1
    outer loop
      vertex 14.7224 -8.5 107.5
      vertex 8.66025 -5 107.5
      vertex 8.96873 -4.42289 107.5
    endloop
  endfacet
  facet normal 0 0 -1
    outer loop
      vertex 5.5557 -8.3147 107.5
      vertex 9.44469 -14.135 107.5
      vertex 8.5 -14.7224 107.5
    endloop
  endfacet
  facet normal 0 0 -1
    outer loop
      vertex 14.135 -9.44469 107.5
      vertex 8.3147 -5.5557 107.5
      vertex 8.66025 -5 107.5
    endloop
  endfacet
  facet normal 0 0 -1
    outer loop
      vertex 13.487 -10.3489 107.5
      vertex 7.93353 -6.08761 107.5
      vertex 8.3147 -5.5557 107.5
    endloop
  endfacet
  facet normal 0 0 -1
    outer loop
      vertex 5 -8.66025 107.5
      vertex 8.5 -14.7224 107.5
      vertex 7.51891 -15.2468 107.5
    endloop
  endfacet
  facet normal 0 0 -1
    outer loop
      vertex 12.7813 -11.2089 107.5
      vertex 7.5184 -6.59346 107.5
      vertex 7.93353 -6.08761 107.5
    endloop
  endfacet
  facet normal 0 0 -1
    outer loop
      vertex 12.0208 -12.0208 107.5
      vertex 7.07107 -7.07107 107.5
      vertex 7.5184 -6.59346 107.5
    endloop
  endfacet
  facet normal 0 0 -1
    outer loop
      vertex 11.2089 -12.7813 107.5
      vertex 6.59346 -7.5184 107.5
      vertex 7.07107 -7.07107 107.5
    endloop
  endfacet
  facet normal 0 0 -1
    outer loop
      vertex 4.42289 -8.96873 107.5
      vertex 7.51891 -15.2468 107.5
      vertex 6.50562 -15.706 107.5
    endloop
  endfacet
  facet normal 0 0 -1
    outer loop
      vertex 10.3489 -13.487 107.5
      vertex 6.08761 -7.93353 107.5
      vertex 6.59346 -7.5184 107.5
    endloop
  endfacet
  facet normal 0 0 -1
    outer loop
      vertex 9.44469 -14.135 107.5
      vertex 5.5557 -8.3147 107.5
      vertex 6.08761 -7.93353 107.5
    endloop
  endfacet
  facet normal 0 0 -1
    outer loop
      vertex 3.82683 -9.2388 107.5
      vertex 6.50562 -15.706 107.5
      vertex 5.46447 -16.0978 107.5
    endloop
  endfacet
  facet normal 0 0 -1
    outer loop
      vertex 8.5 -14.7224 107.5
      vertex 5 -8.66025 107.5
      vertex 5.5557 -8.3147 107.5
    endloop
  endfacet
  facet normal 0 0 -1
    outer loop
      vertex 7.51891 -15.2468 107.5
      vertex 4.42289 -8.96873 107.5
      vertex 5 -8.66025 107.5
    endloop
  endfacet
  facet normal 0 0 -1
    outer loop
      vertex 3.21439 -9.4693 107.5
      vertex 5.46447 -16.0978 107.5
      vertex 4.39992 -16.4207 107.5
    endloop
  endfacet
  facet normal 0 0 -1
    outer loop
      vertex 6.50562 -15.706 107.5
      vertex 3.82683 -9.2388 107.5
      vertex 4.42289 -8.96873 107.5
    endloop
  endfacet
  facet normal 0 0 -1
    outer loop
      vertex 2.58819 -9.65926 107.5
      vertex 4.39992 -16.4207 107.5
      vertex 3.31653 -16.6733 107.5
    endloop
  endfacet
  facet normal 0 0 -1
    outer loop
      vertex 5.46447 -16.0978 107.5
      vertex 3.21439 -9.4693 107.5
      vertex 3.82683 -9.2388 107.5
    endloop
  endfacet
  facet normal 0 0 -1
    outer loop
      vertex 4.39992 -16.4207 107.5
      vertex 2.58819 -9.65926 107.5
      vertex 3.21439 -9.4693 107.5
    endloop
  endfacet
  facet normal 0 0 -1
    outer loop
      vertex 1.9509 -9.80785 107.5
      vertex 3.31653 -16.6733 107.5
      vertex 2.21894 -16.8546 107.5
    endloop
  endfacet
  facet normal 0 0 -1
    outer loop
      vertex 3.31653 -16.6733 107.5
      vertex 1.9509 -9.80785 107.5
      vertex 2.58819 -9.65926 107.5
    endloop
  endfacet
  facet normal 0 0 -1
    outer loop
      vertex 2.21894 -16.8546 107.5
      vertex 1.30526 -9.91445 107.5
      vertex 1.9509 -9.80785 107.5
    endloop
  endfacet
  facet normal 0 0 -1
    outer loop
      vertex 1.11185 -16.9636 107.5
      vertex 1.30526 -9.91445 107.5
      vertex 2.21894 -16.8546 107.5
    endloop
  endfacet
  facet normal 0 0 -1
    outer loop
      vertex 1.11185 -16.9636 107.5
      vertex 0.654031 -9.97859 107.5
      vertex 1.30526 -9.91445 107.5
    endloop
  endfacet
  facet normal 0 0 -1
    outer loop
      vertex 0 -17 107.5
      vertex 0.654031 -9.97859 107.5
      vertex 1.11185 -16.9636 107.5
    endloop
  endfacet
  facet normal 0 0 -1
    outer loop
      vertex 0 -17 107.5
      vertex 0 -10 107.5
      vertex 0.654031 -9.97859 107.5
    endloop
  endfacet
  facet normal 0 0 -1
    outer loop
      vertex 0 -17 107.5
      vertex -0.654031 -9.97859 107.5
      vertex 0 -10 107.5
    endloop
  endfacet
  facet normal 0 0 -1
    outer loop
      vertex -1.11185 -16.9636 107.5
      vertex -0.654031 -9.97859 107.5
      vertex 0 -17 107.5
    endloop
  endfacet
  facet normal 0 0 -1
    outer loop
      vertex -1.11185 -16.9636 107.5
      vertex -1.30526 -9.91445 107.5
      vertex -0.654031 -9.97859 107.5
    endloop
  endfacet
  facet normal 0 0 -1
    outer loop
      vertex -2.21894 -16.8546 107.5
      vertex -1.30526 -9.91445 107.5
      vertex -1.11185 -16.9636 107.5
    endloop
  endfacet
  facet normal -0 0 -1
    outer loop
      vertex -1.30526 -9.91445 107.5
      vertex -2.21894 -16.8546 107.5
      vertex -1.9509 -9.80785 107.5
    endloop
  endfacet
  facet normal 0 0 -1
    outer loop
      vertex -3.31653 -16.6733 107.5
      vertex -1.9509 -9.80785 107.5
      vertex -2.21894 -16.8546 107.5
    endloop
  endfacet
  facet normal -0 0 -1
    outer loop
      vertex -1.9509 -9.80785 107.5
      vertex -3.31653 -16.6733 107.5
      vertex -2.58819 -9.65926 107.5
    endloop
  endfacet
  facet normal 0 0 -1
    outer loop
      vertex -4.39992 -16.4207 107.5
      vertex -2.58819 -9.65926 107.5
      vertex -3.31653 -16.6733 107.5
    endloop
  endfacet
  facet normal -0 0 -1
    outer loop
      vertex -2.58819 -9.65926 107.5
      vertex -4.39992 -16.4207 107.5
      vertex -3.21439 -9.4693 107.5
    endloop
  endfacet
  facet normal 0 0 -1
    outer loop
      vertex -5.46447 -16.0978 107.5
      vertex -3.21439 -9.4693 107.5
      vertex -4.39992 -16.4207 107.5
    endloop
  endfacet
  facet normal -0 0 -1
    outer loop
      vertex -3.21439 -9.4693 107.5
      vertex -5.46447 -16.0978 107.5
      vertex -3.82683 -9.2388 107.5
    endloop
  endfacet
  facet normal 0 0 -1
    outer loop
      vertex -6.50562 -15.706 107.5
      vertex -3.82683 -9.2388 107.5
      vertex -5.46447 -16.0978 107.5
    endloop
  endfacet
  facet normal -0 0 -1
    outer loop
      vertex -3.82683 -9.2388 107.5
      vertex -6.50562 -15.706 107.5
      vertex -4.42289 -8.96873 107.5
    endloop
  endfacet
  facet normal 0 0 -1
    outer loop
      vertex -7.51891 -15.2468 107.5
      vertex -4.42289 -8.96873 107.5
      vertex -6.50562 -15.706 107.5
    endloop
  endfacet
  facet normal -0 0 -1
    outer loop
      vertex -4.42289 -8.96873 107.5
      vertex -7.51891 -15.2468 107.5
      vertex -5 -8.66025 107.5
    endloop
  endfacet
  facet normal 0 0 -1
    outer loop
      vertex -8.5 -14.7224 107.5
      vertex -5 -8.66025 107.5
      vertex -7.51891 -15.2468 107.5
    endloop
  endfacet
  facet normal -0 0 -1
    outer loop
      vertex -5 -8.66025 107.5
      vertex -8.5 -14.7224 107.5
      vertex -5.5557 -8.3147 107.5
    endloop
  endfacet
  facet normal 0 0 -1
    outer loop
      vertex -9.44469 -14.135 107.5
      vertex -5.5557 -8.3147 107.5
      vertex -8.5 -14.7224 107.5
    endloop
  endfacet
  facet normal -0 0 -1
    outer loop
      vertex -5.5557 -8.3147 107.5
      vertex -9.44469 -14.135 107.5
      vertex -6.08761 -7.93353 107.5
    endloop
  endfacet
  facet normal 0 0 -1
    outer loop
      vertex -10.3489 -13.487 107.5
      vertex -6.08761 -7.93353 107.5
      vertex -9.44469 -14.135 107.5
    endloop
  endfacet
  facet normal -0 0 -1
    outer loop
      vertex -6.08761 -7.93353 107.5
      vertex -10.3489 -13.487 107.5
      vertex -6.59346 -7.5184 107.5
    endloop
  endfacet
  facet normal 0 0 -1
    outer loop
      vertex -11.2089 -12.7813 107.5
      vertex -6.59346 -7.5184 107.5
      vertex -10.3489 -13.487 107.5
    endloop
  endfacet
  facet normal -0 0 -1
    outer loop
      vertex -6.59346 -7.5184 107.5
      vertex -11.2089 -12.7813 107.5
      vertex -7.07107 -7.07107 107.5
    endloop
  endfacet
  facet normal 0 0 -1
    outer loop
      vertex -12.0208 -12.0208 107.5
      vertex -7.07107 -7.07107 107.5
      vertex -11.2089 -12.7813 107.5
    endloop
  endfacet
  facet normal -0 0 -1
    outer loop
      vertex -7.07107 -7.07107 107.5
      vertex -12.0208 -12.0208 107.5
      vertex -7.5184 -6.59346 107.5
    endloop
  endfacet
  facet normal 0 0 -1
    outer loop
      vertex -12.7813 -11.2089 107.5
      vertex -7.5184 -6.59346 107.5
      vertex -12.0208 -12.0208 107.5
    endloop
  endfacet
  facet normal -0 0 -1
    outer loop
      vertex -7.5184 -6.59346 107.5
      vertex -12.7813 -11.2089 107.5
      vertex -7.93353 -6.08761 107.5
    endloop
  endfacet
  facet normal 0 0 -1
    outer loop
      vertex -13.487 -10.3489 107.5
      vertex -7.93353 -6.08761 107.5
      vertex -12.7813 -11.2089 107.5
    endloop
  endfacet
  facet normal -0 0 -1
    outer loop
      vertex -7.93353 -6.08761 107.5
      vertex -13.487 -10.3489 107.5
      vertex -8.3147 -5.5557 107.5
    endloop
  endfacet
  facet normal 0 0 -1
    outer loop
      vertex -14.135 -9.44469 107.5
      vertex -8.3147 -5.5557 107.5
      vertex -13.487 -10.3489 107.5
    endloop
  endfacet
  facet normal -0 0 -1
    outer loop
      vertex -8.3147 -5.5557 107.5
      vertex -14.135 -9.44469 107.5
      vertex -8.66025 -5 107.5
    endloop
  endfacet
  facet normal 0 0 -1
    outer loop
      vertex -14.7224 -8.5 107.5
      vertex -8.66025 -5 107.5
      vertex -14.135 -9.44469 107.5
    endloop
  endfacet
  facet normal 0 0 -1
    outer loop
      vertex -15.2468 -7.51891 107.5
      vertex -8.96873 -4.42289 107.5
      vertex -14.7224 -8.5 107.5
    endloop
  endfacet
  facet normal -0 0 -1
    outer loop
      vertex -8.66025 -5 107.5
      vertex -14.7224 -8.5 107.5
      vertex -8.96873 -4.42289 107.5
    endloop
  endfacet
  facet normal -0 0 -1
    outer loop
      vertex 15.2468 7.51891 107.5
      vertex 8.96873 4.42289 107.5
      vertex 14.7224 8.5 107.5
    endloop
  endfacet
  facet normal 0 0 -1
    outer loop
      vertex 8.66025 5 107.5
      vertex 14.7224 8.5 107.5
      vertex 8.96873 4.42289 107.5
    endloop
  endfacet
  facet normal -0 0 -1
    outer loop
      vertex 14.7224 8.5 107.5
      vertex 8.66025 5 107.5
      vertex 14.135 9.44469 107.5
    endloop
  endfacet
  facet normal 0 0 -1
    outer loop
      vertex 8.3147 5.5557 107.5
      vertex 14.135 9.44469 107.5
      vertex 8.66025 5 107.5
    endloop
  endfacet
  facet normal -0 0 -1
    outer loop
      vertex 14.135 9.44469 107.5
      vertex 8.3147 5.5557 107.5
      vertex 13.487 10.3489 107.5
    endloop
  endfacet
  facet normal 0 0 -1
    outer loop
      vertex 7.93353 6.08761 107.5
      vertex 13.487 10.3489 107.5
      vertex 8.3147 5.5557 107.5
    endloop
  endfacet
  facet normal -0 0 -1
    outer loop
      vertex 13.487 10.3489 107.5
      vertex 7.93353 6.08761 107.5
      vertex 12.7813 11.2089 107.5
    endloop
  endfacet
  facet normal 0 0 -1
    outer loop
      vertex 7.5184 6.59346 107.5
      vertex 12.7813 11.2089 107.5
      vertex 7.93353 6.08761 107.5
    endloop
  endfacet
  facet normal -0 0 -1
    outer loop
      vertex 12.7813 11.2089 107.5
      vertex 7.5184 6.59346 107.5
      vertex 12.0208 12.0208 107.5
    endloop
  endfacet
  facet normal 0 0 -1
    outer loop
      vertex 7.07107 7.07107 107.5
      vertex 12.0208 12.0208 107.5
      vertex 7.5184 6.59346 107.5
    endloop
  endfacet
  facet normal -0 0 -1
    outer loop
      vertex 12.0208 12.0208 107.5
      vertex 7.07107 7.07107 107.5
      vertex 11.2089 12.7813 107.5
    endloop
  endfacet
  facet normal 0 0 -1
    outer loop
      vertex 6.59346 7.5184 107.5
      vertex 11.2089 12.7813 107.5
      vertex 7.07107 7.07107 107.5
    endloop
  endfacet
  facet normal -0 0 -1
    outer loop
      vertex 11.2089 12.7813 107.5
      vertex 6.59346 7.5184 107.5
      vertex 10.3489 13.487 107.5
    endloop
  endfacet
  facet normal 0 0 -1
    outer loop
      vertex 6.08761 7.93353 107.5
      vertex 10.3489 13.487 107.5
      vertex 6.59346 7.5184 107.5
    endloop
  endfacet
  facet normal -0 0 -1
    outer loop
      vertex 10.3489 13.487 107.5
      vertex 6.08761 7.93353 107.5
      vertex 9.44469 14.135 107.5
    endloop
  endfacet
  facet normal 0 0 -1
    outer loop
      vertex 5.5557 8.3147 107.5
      vertex 9.44469 14.135 107.5
      vertex 6.08761 7.93353 107.5
    endloop
  endfacet
  facet normal -0 0 -1
    outer loop
      vertex 9.44469 14.135 107.5
      vertex 5.5557 8.3147 107.5
      vertex 8.5 14.7224 107.5
    endloop
  endfacet
  facet normal 0 0 -1
    outer loop
      vertex 5 8.66025 107.5
      vertex 8.5 14.7224 107.5
      vertex 5.5557 8.3147 107.5
    endloop
  endfacet
  facet normal -0 0 -1
    outer loop
      vertex 8.5 14.7224 107.5
      vertex 5 8.66025 107.5
      vertex 7.51891 15.2468 107.5
    endloop
  endfacet
  facet normal 0 0 -1
    outer loop
      vertex 4.42289 8.96873 107.5
      vertex 7.51891 15.2468 107.5
      vertex 5 8.66025 107.5
    endloop
  endfacet
  facet normal -0 0 -1
    outer loop
      vertex 7.51891 15.2468 107.5
      vertex 4.42289 8.96873 107.5
      vertex 6.50562 15.706 107.5
    endloop
  endfacet
  facet normal 0 0 -1
    outer loop
      vertex 3.82683 9.2388 107.5
      vertex 6.50562 15.706 107.5
      vertex 4.42289 8.96873 107.5
    endloop
  endfacet
  facet normal -0 0 -1
    outer loop
      vertex 6.50562 15.706 107.5
      vertex 3.82683 9.2388 107.5
      vertex 5.46447 16.0978 107.5
    endloop
  endfacet
  facet normal 0 0 -1
    outer loop
      vertex 3.21439 9.4693 107.5
      vertex 5.46447 16.0978 107.5
      vertex 3.82683 9.2388 107.5
    endloop
  endfacet
  facet normal -0 0 -1
    outer loop
      vertex 5.46447 16.0978 107.5
      vertex 3.21439 9.4693 107.5
      vertex 4.39992 16.4207 107.5
    endloop
  endfacet
  facet normal 0 0 -1
    outer loop
      vertex 2.58819 9.65926 107.5
      vertex 4.39992 16.4207 107.5
      vertex 3.21439 9.4693 107.5
    endloop
  endfacet
  facet normal -0 0 -1
    outer loop
      vertex 4.39992 16.4207 107.5
      vertex 2.58819 9.65926 107.5
      vertex 3.31653 16.6733 107.5
    endloop
  endfacet
  facet normal 0 0 -1
    outer loop
      vertex 1.9509 9.80785 107.5
      vertex 3.31653 16.6733 107.5
      vertex 2.58819 9.65926 107.5
    endloop
  endfacet
  facet normal -0 0 -1
    outer loop
      vertex 3.31653 16.6733 107.5
      vertex 1.9509 9.80785 107.5
      vertex 2.21894 16.8546 107.5
    endloop
  endfacet
  facet normal 0 0 -1
    outer loop
      vertex 1.30526 9.91445 107.5
      vertex 2.21894 16.8546 107.5
      vertex 1.9509 9.80785 107.5
    endloop
  endfacet
  facet normal 0 0 -1
    outer loop
      vertex 1.30526 9.91445 107.5
      vertex 1.11185 16.9636 107.5
      vertex 2.21894 16.8546 107.5
    endloop
  endfacet
  facet normal 0 0 -1
    outer loop
      vertex 0.654031 9.97859 107.5
      vertex 1.11185 16.9636 107.5
      vertex 1.30526 9.91445 107.5
    endloop
  endfacet
  facet normal 0 0 -1
    outer loop
      vertex 0 10 107.5
      vertex 1.11185 16.9636 107.5
      vertex 0.654031 9.97859 107.5
    endloop
  endfacet
  facet normal 0 0 -1
    outer loop
      vertex 0 10 107.5
      vertex 0 17 107.5
      vertex 1.11185 16.9636 107.5
    endloop
  endfacet
  facet normal 0 0 -1
    outer loop
      vertex -0.654031 9.97859 107.5
      vertex 0 17 107.5
      vertex 0 10 107.5
    endloop
  endfacet
  facet normal 0 0 -1
    outer loop
      vertex -0.654031 9.97859 107.5
      vertex -1.11185 16.9636 107.5
      vertex 0 17 107.5
    endloop
  endfacet
  facet normal 0 0 -1
    outer loop
      vertex -1.30526 9.91445 107.5
      vertex -1.11185 16.9636 107.5
      vertex -0.654031 9.97859 107.5
    endloop
  endfacet
  facet normal 0 0 -1
    outer loop
      vertex -2.21894 16.8546 107.5
      vertex -1.30526 9.91445 107.5
      vertex -1.9509 9.80785 107.5
    endloop
  endfacet
  facet normal 0 0 -1
    outer loop
      vertex -1.30526 9.91445 107.5
      vertex -2.21894 16.8546 107.5
      vertex -1.11185 16.9636 107.5
    endloop
  endfacet
  facet normal 0 0 -1
    outer loop
      vertex -3.31653 16.6733 107.5
      vertex -1.9509 9.80785 107.5
      vertex -2.58819 9.65926 107.5
    endloop
  endfacet
  facet normal 0 0 -1
    outer loop
      vertex -4.39992 16.4207 107.5
      vertex -2.58819 9.65926 107.5
      vertex -3.21439 9.4693 107.5
    endloop
  endfacet
  facet normal 0 0 -1
    outer loop
      vertex -1.9509 9.80785 107.5
      vertex -3.31653 16.6733 107.5
      vertex -2.21894 16.8546 107.5
    endloop
  endfacet
  facet normal 0 0 -1
    outer loop
      vertex -5.46447 16.0978 107.5
      vertex -3.21439 9.4693 107.5
      vertex -3.82683 9.2388 107.5
    endloop
  endfacet
  facet normal 0 0 -1
    outer loop
      vertex -2.58819 9.65926 107.5
      vertex -4.39992 16.4207 107.5
      vertex -3.31653 16.6733 107.5
    endloop
  endfacet
  facet normal 0 0 -1
    outer loop
      vertex -6.50562 15.706 107.5
      vertex -3.82683 9.2388 107.5
      vertex -4.42289 8.96873 107.5
    endloop
  endfacet
  facet normal 0 0 -1
    outer loop
      vertex -7.51891 15.2468 107.5
      vertex -4.42289 8.96873 107.5
      vertex -5 8.66025 107.5
    endloop
  endfacet
  facet normal 0 0 -1
    outer loop
      vertex -3.21439 9.4693 107.5
      vertex -5.46447 16.0978 107.5
      vertex -4.39992 16.4207 107.5
    endloop
  endfacet
  facet normal 0 0 -1
    outer loop
      vertex -8.5 14.7224 107.5
      vertex -5 8.66025 107.5
      vertex -5.5557 8.3147 107.5
    endloop
  endfacet
  facet normal 0 0 -1
    outer loop
      vertex -9.44469 14.135 107.5
      vertex -5.5557 8.3147 107.5
      vertex -6.08761 7.93353 107.5
    endloop
  endfacet
  facet normal 0 0 -1
    outer loop
      vertex -3.82683 9.2388 107.5
      vertex -6.50562 15.706 107.5
      vertex -5.46447 16.0978 107.5
    endloop
  endfacet
  facet normal 0 0 -1
    outer loop
      vertex -10.3489 13.487 107.5
      vertex -6.08761 7.93353 107.5
      vertex -6.59346 7.5184 107.5
    endloop
  endfacet
  facet normal 0 0 -1
    outer loop
      vertex -11.2089 12.7813 107.5
      vertex -6.59346 7.5184 107.5
      vertex -7.07107 7.07107 107.5
    endloop
  endfacet
  facet normal 0 0 -1
    outer loop
      vertex -12.0208 12.0208 107.5
      vertex -7.07107 7.07107 107.5
      vertex -7.5184 6.59346 107.5
    endloop
  endfacet
  facet normal 0 0 -1
    outer loop
      vertex -4.42289 8.96873 107.5
      vertex -7.51891 15.2468 107.5
      vertex -6.50562 15.706 107.5
    endloop
  endfacet
  facet normal 0 0 -1
    outer loop
      vertex -12.7813 11.2089 107.5
      vertex -7.5184 6.59346 107.5
      vertex -7.93353 6.08761 107.5
    endloop
  endfacet
  facet normal 0 0 -1
    outer loop
      vertex -13.487 10.3489 107.5
      vertex -7.93353 6.08761 107.5
      vertex -8.3147 5.5557 107.5
    endloop
  endfacet
  facet normal 0 0 -1
    outer loop
      vertex -5 8.66025 107.5
      vertex -8.5 14.7224 107.5
      vertex -7.51891 15.2468 107.5
    endloop
  endfacet
  facet normal 0 0 -1
    outer loop
      vertex -14.135 9.44469 107.5
      vertex -8.3147 5.5557 107.5
      vertex -8.66025 5 107.5
    endloop
  endfacet
  facet normal 0 0 -1
    outer loop
      vertex -14.7224 8.5 107.5
      vertex -8.66025 5 107.5
      vertex -8.96873 4.42289 107.5
    endloop
  endfacet
  facet normal 0 0 -1
    outer loop
      vertex -15.2468 7.51891 107.5
      vertex -8.96873 4.42289 107.5
      vertex -9.2388 3.82683 107.5
    endloop
  endfacet
  facet normal 0 0 -1
    outer loop
      vertex -5.5557 8.3147 107.5
      vertex -9.44469 14.135 107.5
      vertex -8.5 14.7224 107.5
    endloop
  endfacet
  facet normal 0 0 -1
    outer loop
      vertex -15.706 6.50562 107.5
      vertex -9.2388 3.82683 107.5
      vertex -9.4693 3.21439 107.5
    endloop
  endfacet
  facet normal 0 0 -1
    outer loop
      vertex -16.0978 5.46447 107.5
      vertex -9.4693 3.21439 107.5
      vertex -9.65926 2.58819 107.5
    endloop
  endfacet
  facet normal 0 0 -1
    outer loop
      vertex -16.4207 4.39992 107.5
      vertex -9.65926 2.58819 107.5
      vertex -9.80785 1.9509 107.5
    endloop
  endfacet
  facet normal 0 0 -1
    outer loop
      vertex -16.6733 3.31653 107.5
      vertex -9.80785 1.9509 107.5
      vertex -9.91445 1.30526 107.5
    endloop
  endfacet
  facet normal 0 0 -1
    outer loop
      vertex -16.8546 2.21894 107.5
      vertex -9.91445 1.30526 107.5
      vertex -9.97859 0.654031 107.5
    endloop
  endfacet
  facet normal 0 0 -1
    outer loop
      vertex -6.08761 7.93353 107.5
      vertex -10.3489 13.487 107.5
      vertex -9.44469 14.135 107.5
    endloop
  endfacet
  facet normal 0 0 -1
    outer loop
      vertex -16.9636 1.11185 107.5
      vertex -9.97859 0.654031 107.5
      vertex -10 0 107.5
    endloop
  endfacet
  facet normal -0 0 -1
    outer loop
      vertex -8.96873 -4.42289 107.5
      vertex -15.2468 -7.51891 107.5
      vertex -9.2388 -3.82683 107.5
    endloop
  endfacet
  facet normal 0 0 -1
    outer loop
      vertex -15.706 -6.50562 107.5
      vertex -9.2388 -3.82683 107.5
      vertex -15.2468 -7.51891 107.5
    endloop
  endfacet
  facet normal 0 0 -1
    outer loop
      vertex -6.59346 7.5184 107.5
      vertex -11.2089 12.7813 107.5
      vertex -10.3489 13.487 107.5
    endloop
  endfacet
  facet normal -0 0 -1
    outer loop
      vertex -9.2388 -3.82683 107.5
      vertex -15.706 -6.50562 107.5
      vertex -9.4693 -3.21439 107.5
    endloop
  endfacet
  facet normal 0 0 -1
    outer loop
      vertex -7.07107 7.07107 107.5
      vertex -12.0208 12.0208 107.5
      vertex -11.2089 12.7813 107.5
    endloop
  endfacet
  facet normal 0 0 -1
    outer loop
      vertex -16.0978 -5.46447 107.5
      vertex -9.4693 -3.21439 107.5
      vertex -15.706 -6.50562 107.5
    endloop
  endfacet
  facet normal 0 0 -1
    outer loop
      vertex -7.5184 6.59346 107.5
      vertex -12.7813 11.2089 107.5
      vertex -12.0208 12.0208 107.5
    endloop
  endfacet
  facet normal -0 0 -1
    outer loop
      vertex -9.4693 -3.21439 107.5
      vertex -16.0978 -5.46447 107.5
      vertex -9.65926 -2.58819 107.5
    endloop
  endfacet
  facet normal 0 0 -1
    outer loop
      vertex -7.93353 6.08761 107.5
      vertex -13.487 10.3489 107.5
      vertex -12.7813 11.2089 107.5
    endloop
  endfacet
  facet normal 0 0 -1
    outer loop
      vertex -16.4207 -4.39992 107.5
      vertex -9.65926 -2.58819 107.5
      vertex -16.0978 -5.46447 107.5
    endloop
  endfacet
  facet normal 0 0 -1
    outer loop
      vertex -8.3147 5.5557 107.5
      vertex -14.135 9.44469 107.5
      vertex -13.487 10.3489 107.5
    endloop
  endfacet
  facet normal -0 0 -1
    outer loop
      vertex -9.65926 -2.58819 107.5
      vertex -16.4207 -4.39992 107.5
      vertex -9.80785 -1.9509 107.5
    endloop
  endfacet
  facet normal 0 0 -1
    outer loop
      vertex -8.66025 5 107.5
      vertex -14.7224 8.5 107.5
      vertex -14.135 9.44469 107.5
    endloop
  endfacet
  facet normal 0 0 -1
    outer loop
      vertex -16.6733 -3.31653 107.5
      vertex -9.80785 -1.9509 107.5
      vertex -16.4207 -4.39992 107.5
    endloop
  endfacet
  facet normal 0 0 -1
    outer loop
      vertex -8.96873 4.42289 107.5
      vertex -15.2468 7.51891 107.5
      vertex -14.7224 8.5 107.5
    endloop
  endfacet
  facet normal -0 0 -1
    outer loop
      vertex -9.80785 -1.9509 107.5
      vertex -16.6733 -3.31653 107.5
      vertex -9.91445 -1.30526 107.5
    endloop
  endfacet
  facet normal 0 0 -1
    outer loop
      vertex -9.2388 3.82683 107.5
      vertex -15.706 6.50562 107.5
      vertex -15.2468 7.51891 107.5
    endloop
  endfacet
  facet normal 0 0 -1
    outer loop
      vertex -16.8546 -2.21894 107.5
      vertex -9.91445 -1.30526 107.5
      vertex -16.6733 -3.31653 107.5
    endloop
  endfacet
  facet normal 0 0 -1
    outer loop
      vertex -9.4693 3.21439 107.5
      vertex -16.0978 5.46447 107.5
      vertex -15.706 6.50562 107.5
    endloop
  endfacet
  facet normal -0 0 -1
    outer loop
      vertex -9.91445 -1.30526 107.5
      vertex -16.8546 -2.21894 107.5
      vertex -9.97859 -0.654031 107.5
    endloop
  endfacet
  facet normal 0 0 -1
    outer loop
      vertex -9.65926 2.58819 107.5
      vertex -16.4207 4.39992 107.5
      vertex -16.0978 5.46447 107.5
    endloop
  endfacet
  facet normal 0 0 -1
    outer loop
      vertex -16.9636 -1.11185 107.5
      vertex -9.97859 -0.654031 107.5
      vertex -16.8546 -2.21894 107.5
    endloop
  endfacet
  facet normal 0 0 -1
    outer loop
      vertex -9.80785 1.9509 107.5
      vertex -16.6733 3.31653 107.5
      vertex -16.4207 4.39992 107.5
    endloop
  endfacet
  facet normal -0 0 -1
    outer loop
      vertex -9.97859 -0.654031 107.5
      vertex -16.9636 -1.11185 107.5
      vertex -10 0 107.5
    endloop
  endfacet
  facet normal 0 0 -1
    outer loop
      vertex -9.91445 1.30526 107.5
      vertex -16.8546 2.21894 107.5
      vertex -16.6733 3.31653 107.5
    endloop
  endfacet
  facet normal 0 0 -1
    outer loop
      vertex -17 0 107.5
      vertex -10 0 107.5
      vertex -16.9636 -1.11185 107.5
    endloop
  endfacet
  facet normal 0 0 -1
    outer loop
      vertex -9.97859 0.654031 107.5
      vertex -16.9636 1.11185 107.5
      vertex -16.8546 2.21894 107.5
    endloop
  endfacet
  facet normal 0 0 -1
    outer loop
      vertex -10 0 107.5
      vertex -17 0 107.5
      vertex -16.9636 1.11185 107.5
    endloop
  endfacet
  facet normal -0.729831 -0.683627 0
    outer loop
      vertex -12.0208 -12.0208 107.5
      vertex -12.7813 -11.2089 125.5
      vertex -12.7813 -11.2089 107.5
    endloop
  endfacet
  facet normal -0.729831 -0.683627 0
    outer loop
      vertex -12.7813 -11.2089 125.5
      vertex -12.0208 -12.0208 107.5
      vertex -12.0208 -12.0208 125.5
    endloop
  endfacet
  facet normal 0.986631 0.162972 0
    outer loop
      vertex 16.8546 2.21894 125.5
      vertex 16.6733 3.31653 120
      vertex 16.6733 3.31653 125.5
    endloop
  endfacet
  facet normal 0.986631 0.162972 0
    outer loop
      vertex 16.6733 3.31653 120
      vertex 16.8546 2.21894 125.5
      vertex 16.8546 2.21894 120
    endloop
  endfacet
  facet normal 0.986631 0.162972 0
    outer loop
      vertex 16.8546 2.21894 113
      vertex 16.6733 3.31653 107.5
      vertex 16.6733 3.31653 113
    endloop
  endfacet
  facet normal 0.986631 0.162972 0
    outer loop
      vertex 16.6733 3.31653 107.5
      vertex 16.8546 2.21894 113
      vertex 16.8546 2.21894 107.5
    endloop
  endfacet
  facet normal 0.935924 0.352202 0
    outer loop
      vertex 16.0978 5.46447 125.5
      vertex 15.706 6.50562 107.5
      vertex 15.706 6.50562 125.5
    endloop
  endfacet
  facet normal 0.935924 0.352202 0
    outer loop
      vertex 15.706 6.50562 107.5
      vertex 16.0978 5.46447 125.5
      vertex 16.0978 5.46447 107.5
    endloop
  endfacet
  facet normal 0.881923 0.471394 0
    outer loop
      vertex 15.2468 7.51891 125.5
      vertex 14.7224 8.5 107.5
      vertex 14.7224 8.5 125.5
    endloop
  endfacet
  facet normal 0.881923 0.471394 0
    outer loop
      vertex 14.7224 8.5 107.5
      vertex 15.2468 7.51891 125.5
      vertex 15.2468 7.51891 107.5
    endloop
  endfacet
  facet normal 0.683627 0.729831 -0
    outer loop
      vertex 12.0208 12.0208 107.5
      vertex 11.2089 12.7813 125.5
      vertex 12.0208 12.0208 125.5
    endloop
  endfacet
  facet normal 0.683627 0.729831 0
    outer loop
      vertex 11.2089 12.7813 125.5
      vertex 12.0208 12.0208 107.5
      vertex 11.2089 12.7813 107.5
    endloop
  endfacet
  facet normal 0.729831 0.683627 0
    outer loop
      vertex 12.7813 11.2089 125.5
      vertex 12.0208 12.0208 107.5
      vertex 12.0208 12.0208 125.5
    endloop
  endfacet
  facet normal 0.729831 0.683627 0
    outer loop
      vertex 12.0208 12.0208 107.5
      vertex 12.7813 11.2089 125.5
      vertex 12.7813 11.2089 107.5
    endloop
  endfacet
  facet normal 0.41277 0.910835 -0
    outer loop
      vertex 7.51891 15.2468 107.5
      vertex 6.50562 15.706 125.5
      vertex 7.51891 15.2468 125.5
    endloop
  endfacet
  facet normal 0.41277 0.910835 0
    outer loop
      vertex 6.50562 15.706 125.5
      vertex 7.51891 15.2468 107.5
      vertex 6.50562 15.706 107.5
    endloop
  endfacet
  facet normal 0.471394 0.881923 -0
    outer loop
      vertex 8.5 14.7224 107.5
      vertex 7.51891 15.2468 125.5
      vertex 8.5 14.7224 125.5
    endloop
  endfacet
  facet normal 0.471394 0.881923 0
    outer loop
      vertex 7.51891 15.2468 125.5
      vertex 8.5 14.7224 107.5
      vertex 7.51891 15.2468 107.5
    endloop
  endfacet
  facet normal 0.290262 0.956947 -0
    outer loop
      vertex 5.46447 16.0978 107.5
      vertex 4.39992 16.4207 125.5
      vertex 5.46447 16.0978 125.5
    endloop
  endfacet
  facet normal 0.290262 0.956947 0
    outer loop
      vertex 4.39992 16.4207 125.5
      vertex 5.46447 16.0978 107.5
      vertex 4.39992 16.4207 107.5
    endloop
  endfacet
  facet normal 0.162972 0.986631 -0
    outer loop
      vertex 3.31653 16.6733 107.5
      vertex 2.21894 16.8546 113
      vertex 3.31653 16.6733 113
    endloop
  endfacet
  facet normal 0.162972 0.986631 0
    outer loop
      vertex 2.21894 16.8546 113
      vertex 3.31653 16.6733 107.5
      vertex 2.21894 16.8546 107.5
    endloop
  endfacet
  facet normal 0.162972 0.986631 -0
    outer loop
      vertex 3.31653 16.6733 120
      vertex 2.21894 16.8546 125.5
      vertex 3.31653 16.6733 125.5
    endloop
  endfacet
  facet normal 0.162972 0.986631 0
    outer loop
      vertex 2.21894 16.8546 125.5
      vertex 3.31653 16.6733 120
      vertex 2.21894 16.8546 120
    endloop
  endfacet
  facet normal 0 0 1
    outer loop
      vertex 16.9636 1.11185 125.5
      vertex 16.9636 -1.11185 125.5
      vertex 17 0 125.5
    endloop
  endfacet
  facet normal 0 0 1
    outer loop
      vertex 16.8546 2.21894 125.5
      vertex 16.9636 -1.11185 125.5
      vertex 16.9636 1.11185 125.5
    endloop
  endfacet
  facet normal 0 0 1
    outer loop
      vertex 16.8546 2.21894 125.5
      vertex 16.8546 -2.21894 125.5
      vertex 16.9636 -1.11185 125.5
    endloop
  endfacet
  facet normal 0 0 1
    outer loop
      vertex 16.6733 3.31653 125.5
      vertex 16.8546 -2.21894 125.5
      vertex 16.8546 2.21894 125.5
    endloop
  endfacet
  facet normal 0 0 1
    outer loop
      vertex 16.6733 3.31653 125.5
      vertex 16.6733 -3.31653 125.5
      vertex 16.8546 -2.21894 125.5
    endloop
  endfacet
  facet normal 0 0 1
    outer loop
      vertex 16.4207 4.39992 125.5
      vertex 16.6733 -3.31653 125.5
      vertex 16.6733 3.31653 125.5
    endloop
  endfacet
  facet normal 0 0 1
    outer loop
      vertex 16.4207 4.39992 125.5
      vertex 16.4207 -4.39992 125.5
      vertex 16.6733 -3.31653 125.5
    endloop
  endfacet
  facet normal 0 0 1
    outer loop
      vertex 16.0978 5.46447 125.5
      vertex 16.4207 -4.39992 125.5
      vertex 16.4207 4.39992 125.5
    endloop
  endfacet
  facet normal 0 0 1
    outer loop
      vertex 16.0978 5.46447 125.5
      vertex 16.0978 -5.46447 125.5
      vertex 16.4207 -4.39992 125.5
    endloop
  endfacet
  facet normal 0 0 1
    outer loop
      vertex 15.706 6.50562 125.5
      vertex 16.0978 -5.46447 125.5
      vertex 16.0978 5.46447 125.5
    endloop
  endfacet
  facet normal 0 0 1
    outer loop
      vertex 15.706 6.50562 125.5
      vertex 15.706 -6.50562 125.5
      vertex 16.0978 -5.46447 125.5
    endloop
  endfacet
  facet normal 0 0 1
    outer loop
      vertex 15.2468 7.51891 125.5
      vertex 15.706 -6.50562 125.5
      vertex 15.706 6.50562 125.5
    endloop
  endfacet
  facet normal 0 0 1
    outer loop
      vertex 15.2468 7.51891 125.5
      vertex 15.2468 -7.51891 125.5
      vertex 15.706 -6.50562 125.5
    endloop
  endfacet
  facet normal 0 0 1
    outer loop
      vertex 14.7224 8.5 125.5
      vertex 15.2468 -7.51891 125.5
      vertex 15.2468 7.51891 125.5
    endloop
  endfacet
  facet normal 0 0 1
    outer loop
      vertex 14.7224 8.5 125.5
      vertex 14.7224 -8.5 125.5
      vertex 15.2468 -7.51891 125.5
    endloop
  endfacet
  facet normal 0 0 1
    outer loop
      vertex 14.135 9.44469 125.5
      vertex 14.7224 -8.5 125.5
      vertex 14.7224 8.5 125.5
    endloop
  endfacet
  facet normal 0 0 1
    outer loop
      vertex 14.135 9.44469 125.5
      vertex 14.135 -9.44469 125.5
      vertex 14.7224 -8.5 125.5
    endloop
  endfacet
  facet normal 0 0 1
    outer loop
      vertex 13.487 10.3489 125.5
      vertex 14.135 -9.44469 125.5
      vertex 14.135 9.44469 125.5
    endloop
  endfacet
  facet normal 0 0 1
    outer loop
      vertex 13.487 10.3489 125.5
      vertex 13.487 -10.3489 125.5
      vertex 14.135 -9.44469 125.5
    endloop
  endfacet
  facet normal 0 0 1
    outer loop
      vertex 12.7813 11.2089 125.5
      vertex 13.487 -10.3489 125.5
      vertex 13.487 10.3489 125.5
    endloop
  endfacet
  facet normal 0 0 1
    outer loop
      vertex 12.7813 11.2089 125.5
      vertex 12.7813 -11.2089 125.5
      vertex 13.487 -10.3489 125.5
    endloop
  endfacet
  facet normal 0 0 1
    outer loop
      vertex 12.0208 12.0208 125.5
      vertex 12.7813 -11.2089 125.5
      vertex 12.7813 11.2089 125.5
    endloop
  endfacet
  facet normal 0 0 1
    outer loop
      vertex 12.0208 12.0208 125.5
      vertex 12.0208 -12.0208 125.5
      vertex 12.7813 -11.2089 125.5
    endloop
  endfacet
  facet normal 0 0 1
    outer loop
      vertex 11.2089 12.7813 125.5
      vertex 12.0208 -12.0208 125.5
      vertex 12.0208 12.0208 125.5
    endloop
  endfacet
  facet normal 0 0 1
    outer loop
      vertex 11.2089 12.7813 125.5
      vertex 11.2089 -12.7813 125.5
      vertex 12.0208 -12.0208 125.5
    endloop
  endfacet
  facet normal 0 0 1
    outer loop
      vertex 10.3489 13.487 125.5
      vertex 11.2089 -12.7813 125.5
      vertex 11.2089 12.7813 125.5
    endloop
  endfacet
  facet normal 0 0 1
    outer loop
      vertex 10.3489 13.487 125.5
      vertex 10.3489 -13.487 125.5
      vertex 11.2089 -12.7813 125.5
    endloop
  endfacet
  facet normal 0 0 1
    outer loop
      vertex 9.44469 14.135 125.5
      vertex 10.3489 -13.487 125.5
      vertex 10.3489 13.487 125.5
    endloop
  endfacet
  facet normal 0 0 1
    outer loop
      vertex 9.44469 14.135 125.5
      vertex 9.44469 -14.135 125.5
      vertex 10.3489 -13.487 125.5
    endloop
  endfacet
  facet normal 0 0 1
    outer loop
      vertex 8.5 14.7224 125.5
      vertex 9.44469 -14.135 125.5
      vertex 9.44469 14.135 125.5
    endloop
  endfacet
  facet normal 0 0 1
    outer loop
      vertex 8.5 14.7224 125.5
      vertex 8.5 -14.7224 125.5
      vertex 9.44469 -14.135 125.5
    endloop
  endfacet
  facet normal 0 0 1
    outer loop
      vertex 7.51891 15.2468 125.5
      vertex 8.5 -14.7224 125.5
      vertex 8.5 14.7224 125.5
    endloop
  endfacet
  facet normal 0 0 1
    outer loop
      vertex 7.51891 15.2468 125.5
      vertex 7.51891 -15.2468 125.5
      vertex 8.5 -14.7224 125.5
    endloop
  endfacet
  facet normal 0 0 1
    outer loop
      vertex 6.50562 15.706 125.5
      vertex 7.51891 -15.2468 125.5
      vertex 7.51891 15.2468 125.5
    endloop
  endfacet
  facet normal 0 0 1
    outer loop
      vertex 6.50562 15.706 125.5
      vertex 6.50562 -15.706 125.5
      vertex 7.51891 -15.2468 125.5
    endloop
  endfacet
  facet normal 0 0 1
    outer loop
      vertex 5.46447 16.0978 125.5
      vertex 6.50562 -15.706 125.5
      vertex 6.50562 15.706 125.5
    endloop
  endfacet
  facet normal 0 0 1
    outer loop
      vertex 5.46447 16.0978 125.5
      vertex 5.46447 -16.0978 125.5
      vertex 6.50562 -15.706 125.5
    endloop
  endfacet
  facet normal 0 0 1
    outer loop
      vertex 4.39992 16.4207 125.5
      vertex 5.46447 -16.0978 125.5
      vertex 5.46447 16.0978 125.5
    endloop
  endfacet
  facet normal 0 0 1
    outer loop
      vertex 4.39992 16.4207 125.5
      vertex 4.39992 -16.4207 125.5
      vertex 5.46447 -16.0978 125.5
    endloop
  endfacet
  facet normal 0 0 1
    outer loop
      vertex 3.31653 16.6733 125.5
      vertex 4.39992 -16.4207 125.5
      vertex 4.39992 16.4207 125.5
    endloop
  endfacet
  facet normal 0 0 1
    outer loop
      vertex 3.31653 16.6733 125.5
      vertex 3.31653 -16.6733 125.5
      vertex 4.39992 -16.4207 125.5
    endloop
  endfacet
  facet normal 0 0 1
    outer loop
      vertex 2.21894 16.8546 125.5
      vertex 3.31653 -16.6733 125.5
      vertex 3.31653 16.6733 125.5
    endloop
  endfacet
  facet normal 0 0 1
    outer loop
      vertex 2.21894 16.8546 125.5
      vertex 2.21894 -16.8546 125.5
      vertex 3.31653 -16.6733 125.5
    endloop
  endfacet
  facet normal 0 0 1
    outer loop
      vertex 1.11185 16.9636 125.5
      vertex 2.21894 -16.8546 125.5
      vertex 2.21894 16.8546 125.5
    endloop
  endfacet
  facet normal 0 0 1
    outer loop
      vertex 1.11185 16.9636 125.5
      vertex 1.11185 -16.9636 125.5
      vertex 2.21894 -16.8546 125.5
    endloop
  endfacet
  facet normal 0 0 1
    outer loop
      vertex 0 17 125.5
      vertex 1.11185 -16.9636 125.5
      vertex 1.11185 16.9636 125.5
    endloop
  endfacet
  facet normal 0 0 1
    outer loop
      vertex 0 17 125.5
      vertex 0 -17 125.5
      vertex 1.11185 -16.9636 125.5
    endloop
  endfacet
  facet normal -0 0 1
    outer loop
      vertex -1.11185 16.9636 125.5
      vertex 0 -17 125.5
      vertex 0 17 125.5
    endloop
  endfacet
  facet normal 0 0 1
    outer loop
      vertex -1.11185 16.9636 125.5
      vertex -1.11185 -16.9636 125.5
      vertex 0 -17 125.5
    endloop
  endfacet
  facet normal -0 0 1
    outer loop
      vertex -2.21894 16.8546 125.5
      vertex -1.11185 -16.9636 125.5
      vertex -1.11185 16.9636 125.5
    endloop
  endfacet
  facet normal 0 0 1
    outer loop
      vertex -2.21894 16.8546 125.5
      vertex -2.21894 -16.8546 125.5
      vertex -1.11185 -16.9636 125.5
    endloop
  endfacet
  facet normal -0 0 1
    outer loop
      vertex -3.31653 16.6733 125.5
      vertex -2.21894 -16.8546 125.5
      vertex -2.21894 16.8546 125.5
    endloop
  endfacet
  facet normal 0 0 1
    outer loop
      vertex -3.31653 16.6733 125.5
      vertex -3.31653 -16.6733 125.5
      vertex -2.21894 -16.8546 125.5
    endloop
  endfacet
  facet normal -0 0 1
    outer loop
      vertex -4.39992 16.4207 125.5
      vertex -3.31653 -16.6733 125.5
      vertex -3.31653 16.6733 125.5
    endloop
  endfacet
  facet normal 0 0 1
    outer loop
      vertex -4.39992 16.4207 125.5
      vertex -4.39992 -16.4207 125.5
      vertex -3.31653 -16.6733 125.5
    endloop
  endfacet
  facet normal -0 0 1
    outer loop
      vertex -5.46447 16.0978 125.5
      vertex -4.39992 -16.4207 125.5
      vertex -4.39992 16.4207 125.5
    endloop
  endfacet
  facet normal 0 0 1
    outer loop
      vertex -5.46447 16.0978 125.5
      vertex -5.46447 -16.0978 125.5
      vertex -4.39992 -16.4207 125.5
    endloop
  endfacet
  facet normal -0 0 1
    outer loop
      vertex -6.50562 15.706 125.5
      vertex -5.46447 -16.0978 125.5
      vertex -5.46447 16.0978 125.5
    endloop
  endfacet
  facet normal 0 0 1
    outer loop
      vertex -6.50562 15.706 125.5
      vertex -6.50562 -15.706 125.5
      vertex -5.46447 -16.0978 125.5
    endloop
  endfacet
  facet normal -0 0 1
    outer loop
      vertex -7.51891 15.2468 125.5
      vertex -6.50562 -15.706 125.5
      vertex -6.50562 15.706 125.5
    endloop
  endfacet
  facet normal 0 0 1
    outer loop
      vertex -7.51891 15.2468 125.5
      vertex -7.51891 -15.2468 125.5
      vertex -6.50562 -15.706 125.5
    endloop
  endfacet
  facet normal -0 0 1
    outer loop
      vertex -8.5 14.7224 125.5
      vertex -7.51891 -15.2468 125.5
      vertex -7.51891 15.2468 125.5
    endloop
  endfacet
  facet normal 0 0 1
    outer loop
      vertex -8.5 14.7224 125.5
      vertex -8.5 -14.7224 125.5
      vertex -7.51891 -15.2468 125.5
    endloop
  endfacet
  facet normal -0 0 1
    outer loop
      vertex -9.44469 14.135 125.5
      vertex -8.5 -14.7224 125.5
      vertex -8.5 14.7224 125.5
    endloop
  endfacet
  facet normal 0 0 1
    outer loop
      vertex -9.44469 14.135 125.5
      vertex -9.44469 -14.135 125.5
      vertex -8.5 -14.7224 125.5
    endloop
  endfacet
  facet normal -0 0 1
    outer loop
      vertex -10.3489 13.487 125.5
      vertex -9.44469 -14.135 125.5
      vertex -9.44469 14.135 125.5
    endloop
  endfacet
  facet normal 0 0 1
    outer loop
      vertex -10.3489 13.487 125.5
      vertex -10.3489 -13.487 125.5
      vertex -9.44469 -14.135 125.5
    endloop
  endfacet
  facet normal -0 0 1
    outer loop
      vertex -11.2089 12.7813 125.5
      vertex -10.3489 -13.487 125.5
      vertex -10.3489 13.487 125.5
    endloop
  endfacet
  facet normal 0 0 1
    outer loop
      vertex -11.2089 12.7813 125.5
      vertex -11.2089 -12.7813 125.5
      vertex -10.3489 -13.487 125.5
    endloop
  endfacet
  facet normal -0 0 1
    outer loop
      vertex -12.0208 12.0208 125.5
      vertex -11.2089 -12.7813 125.5
      vertex -11.2089 12.7813 125.5
    endloop
  endfacet
  facet normal 0 0 1
    outer loop
      vertex -12.0208 12.0208 125.5
      vertex -12.0208 -12.0208 125.5
      vertex -11.2089 -12.7813 125.5
    endloop
  endfacet
  facet normal -0 0 1
    outer loop
      vertex -12.7813 11.2089 125.5
      vertex -12.0208 -12.0208 125.5
      vertex -12.0208 12.0208 125.5
    endloop
  endfacet
  facet normal 0 0 1
    outer loop
      vertex -12.7813 11.2089 125.5
      vertex -12.7813 -11.2089 125.5
      vertex -12.0208 -12.0208 125.5
    endloop
  endfacet
  facet normal -0 0 1
    outer loop
      vertex -13.487 10.3489 125.5
      vertex -12.7813 -11.2089 125.5
      vertex -12.7813 11.2089 125.5
    endloop
  endfacet
  facet normal 0 0 1
    outer loop
      vertex -13.487 10.3489 125.5
      vertex -13.487 -10.3489 125.5
      vertex -12.7813 -11.2089 125.5
    endloop
  endfacet
  facet normal -0 0 1
    outer loop
      vertex -14.135 9.44469 125.5
      vertex -13.487 -10.3489 125.5
      vertex -13.487 10.3489 125.5
    endloop
  endfacet
  facet normal 0 0 1
    outer loop
      vertex -14.135 9.44469 125.5
      vertex -14.135 -9.44469 125.5
      vertex -13.487 -10.3489 125.5
    endloop
  endfacet
  facet normal -0 0 1
    outer loop
      vertex -14.7224 8.5 125.5
      vertex -14.135 -9.44469 125.5
      vertex -14.135 9.44469 125.5
    endloop
  endfacet
  facet normal 0 0 1
    outer loop
      vertex -14.7224 8.5 125.5
      vertex -14.7224 -8.5 125.5
      vertex -14.135 -9.44469 125.5
    endloop
  endfacet
  facet normal -0 0 1
    outer loop
      vertex -15.2468 7.51891 125.5
      vertex -14.7224 -8.5 125.5
      vertex -14.7224 8.5 125.5
    endloop
  endfacet
  facet normal 0 0 1
    outer loop
      vertex -15.2468 7.51891 125.5
      vertex -15.2468 -7.51891 125.5
      vertex -14.7224 -8.5 125.5
    endloop
  endfacet
  facet normal -0 0 1
    outer loop
      vertex -15.706 6.50562 125.5
      vertex -15.2468 -7.51891 125.5
      vertex -15.2468 7.51891 125.5
    endloop
  endfacet
  facet normal 0 0 1
    outer loop
      vertex -15.706 6.50562 125.5
      vertex -15.706 -6.50562 125.5
      vertex -15.2468 -7.51891 125.5
    endloop
  endfacet
  facet normal -0 0 1
    outer loop
      vertex -16.0978 5.46447 125.5
      vertex -15.706 -6.50562 125.5
      vertex -15.706 6.50562 125.5
    endloop
  endfacet
  facet normal 0 0 1
    outer loop
      vertex -16.0978 5.46447 125.5
      vertex -16.0978 -5.46447 125.5
      vertex -15.706 -6.50562 125.5
    endloop
  endfacet
  facet normal -0 0 1
    outer loop
      vertex -16.4207 4.39992 125.5
      vertex -16.0978 -5.46447 125.5
      vertex -16.0978 5.46447 125.5
    endloop
  endfacet
  facet normal 0 0 1
    outer loop
      vertex -16.4207 4.39992 125.5
      vertex -16.4207 -4.39992 125.5
      vertex -16.0978 -5.46447 125.5
    endloop
  endfacet
  facet normal -0 0 1
    outer loop
      vertex -16.6733 3.31653 125.5
      vertex -16.4207 -4.39992 125.5
      vertex -16.4207 4.39992 125.5
    endloop
  endfacet
  facet normal 0 0 1
    outer loop
      vertex -16.6733 3.31653 125.5
      vertex -16.6733 -3.31653 125.5
      vertex -16.4207 -4.39992 125.5
    endloop
  endfacet
  facet normal -0 0 1
    outer loop
      vertex -16.8546 2.21894 125.5
      vertex -16.6733 -3.31653 125.5
      vertex -16.6733 3.31653 125.5
    endloop
  endfacet
  facet normal 0 0 1
    outer loop
      vertex -16.8546 2.21894 125.5
      vertex -16.8546 -2.21894 125.5
      vertex -16.6733 -3.31653 125.5
    endloop
  endfacet
  facet normal -0 0 1
    outer loop
      vertex -16.9636 1.11185 125.5
      vertex -16.8546 -2.21894 125.5
      vertex -16.8546 2.21894 125.5
    endloop
  endfacet
  facet normal 0 0 1
    outer loop
      vertex -16.9636 1.11185 125.5
      vertex -16.9636 -1.11185 125.5
      vertex -16.8546 -2.21894 125.5
    endloop
  endfacet
  facet normal 0 -0 1
    outer loop
      vertex -16.9636 -1.11185 125.5
      vertex -16.9636 1.11185 125.5
      vertex -17 0 125.5
    endloop
  endfacet
  facet normal -0.956947 0.290262 0
    outer loop
      vertex -16.4207 4.39992 107.5
      vertex -16.0978 5.46447 125.5
      vertex -16.0978 5.46447 107.5
    endloop
  endfacet
  facet normal -0.956947 0.290262 0
    outer loop
      vertex -16.0978 5.46447 125.5
      vertex -16.4207 4.39992 107.5
      vertex -16.4207 4.39992 125.5
    endloop
  endfacet
  facet normal -0.986631 0.162972 0
    outer loop
      vertex -16.8546 2.21894 107.5
      vertex -16.6733 3.31653 113
      vertex -16.6733 3.31653 107.5
    endloop
  endfacet
  facet normal -0.986631 0.162972 0
    outer loop
      vertex -16.6733 3.31653 113
      vertex -16.8546 2.21894 107.5
      vertex -16.8546 2.21894 113
    endloop
  endfacet
  facet normal -0.986631 0.162972 0
    outer loop
      vertex -16.8546 2.21894 120
      vertex -16.6733 3.31653 125.5
      vertex -16.6733 3.31653 120
    endloop
  endfacet
  facet normal -0.986631 0.162972 0
    outer loop
      vertex -16.6733 3.31653 125.5
      vertex -16.8546 2.21894 120
      vertex -16.8546 2.21894 125.5
    endloop
  endfacet
  facet normal -0.910835 0.41277 0
    outer loop
      vertex -15.706 6.50562 107.5
      vertex -15.2468 7.51891 125.5
      vertex -15.2468 7.51891 107.5
    endloop
  endfacet
  facet normal -0.910835 0.41277 0
    outer loop
      vertex -15.2468 7.51891 125.5
      vertex -15.706 6.50562 107.5
      vertex -15.706 6.50562 125.5
    endloop
  endfacet
  facet normal -0.773047 0.634348 0
    outer loop
      vertex -13.487 10.3489 107.5
      vertex -12.7813 11.2089 125.5
      vertex -12.7813 11.2089 107.5
    endloop
  endfacet
  facet normal -0.773047 0.634348 0
    outer loop
      vertex -12.7813 11.2089 125.5
      vertex -13.487 10.3489 107.5
      vertex -13.487 10.3489 125.5
    endloop
  endfacet
  facet normal -0.812824 0.582509 0
    outer loop
      vertex -14.135 9.44469 107.5
      vertex -13.487 10.3489 125.5
      vertex -13.487 10.3489 107.5
    endloop
  endfacet
  facet normal -0.812824 0.582509 0
    outer loop
      vertex -13.487 10.3489 125.5
      vertex -14.135 9.44469 107.5
      vertex -14.135 9.44469 125.5
    endloop
  endfacet
  facet normal -0.226677 0.97397 0
    outer loop
      vertex -3.31653 16.6733 113
      vertex -3.31653 16.6733 107.5
      vertex -3.5 16.6306 113
    endloop
  endfacet
  facet normal -0.226677 0.97397 0
    outer loop
      vertex -3.5 16.6306 120
      vertex -3.31653 16.6733 125.5
      vertex -3.31653 16.6733 120
    endloop
  endfacet
  facet normal -0.227067 0.973879 1.36912e-05
    outer loop
      vertex -3.31653 16.6733 125.5
      vertex -3.5 16.6306 120
      vertex -4.39992 16.4207 125.5
    endloop
  endfacet
  facet normal -0.227146 0.973861 0
    outer loop
      vertex -3.5 16.6306 113
      vertex -4.39992 16.4207 125.5
      vertex -3.5 16.6306 120
    endloop
  endfacet
  facet normal -0.227067 0.973879 -1.36912e-05
    outer loop
      vertex -4.39992 16.4207 107.5
      vertex -3.5 16.6306 113
      vertex -3.31653 16.6733 107.5
    endloop
  endfacet
  facet normal -0.227146 0.973861 0
    outer loop
      vertex -3.5 16.6306 113
      vertex -4.39992 16.4207 107.5
      vertex -4.39992 16.4207 125.5
    endloop
  endfacet
  facet normal -0.0979826 0.995188 0
    outer loop
      vertex -1.11185 16.9636 107.5
      vertex -2.21894 16.8546 113
      vertex -1.11185 16.9636 113
    endloop
  endfacet
  facet normal -0.0979826 0.995188 0
    outer loop
      vertex -2.21894 16.8546 113
      vertex -1.11185 16.9636 107.5
      vertex -2.21894 16.8546 107.5
    endloop
  endfacet
  facet normal -0.0979826 0.995188 0
    outer loop
      vertex -1.11185 16.9636 120
      vertex -2.21894 16.8546 125.5
      vertex -1.11185 16.9636 125.5
    endloop
  endfacet
  facet normal -0.0979826 0.995188 0
    outer loop
      vertex -2.21894 16.8546 125.5
      vertex -1.11185 16.9636 120
      vertex -2.21894 16.8546 120
    endloop
  endfacet
  facet normal -0.162972 0.986631 0
    outer loop
      vertex -2.21894 16.8546 120
      vertex -3.31653 16.6733 125.5
      vertex -2.21894 16.8546 125.5
    endloop
  endfacet
  facet normal -0.162972 0.986631 0
    outer loop
      vertex -3.31653 16.6733 125.5
      vertex -2.21894 16.8546 120
      vertex -3.31653 16.6733 120
    endloop
  endfacet
  facet normal -0.162972 0.986631 0
    outer loop
      vertex -2.21894 16.8546 107.5
      vertex -3.31653 16.6733 113
      vertex -2.21894 16.8546 113
    endloop
  endfacet
  facet normal -0.162972 0.986631 0
    outer loop
      vertex -3.31653 16.6733 113
      vertex -2.21894 16.8546 107.5
      vertex -3.31653 16.6733 107.5
    endloop
  endfacet
  facet normal -0.41277 0.910835 0
    outer loop
      vertex -6.50562 15.706 107.5
      vertex -7.51891 15.2468 125.5
      vertex -6.50562 15.706 125.5
    endloop
  endfacet
  facet normal -0.41277 0.910835 0
    outer loop
      vertex -7.51891 15.2468 125.5
      vertex -6.50562 15.706 107.5
      vertex -7.51891 15.2468 107.5
    endloop
  endfacet
  facet normal -0.634348 0.773047 0
    outer loop
      vertex -10.3489 13.487 107.5
      vertex -11.2089 12.7813 125.5
      vertex -10.3489 13.487 125.5
    endloop
  endfacet
  facet normal -0.634348 0.773047 0
    outer loop
      vertex -11.2089 12.7813 125.5
      vertex -10.3489 13.487 107.5
      vertex -11.2089 12.7813 107.5
    endloop
  endfacet
  facet normal 0.986631 -0.162972 0
    outer loop
      vertex 16.6733 -3.31653 125.5
      vertex 16.8546 -2.21894 120
      vertex 16.8546 -2.21894 125.5
    endloop
  endfacet
  facet normal 0.986631 -0.162972 0
    outer loop
      vertex 16.8546 -2.21894 120
      vertex 16.6733 -3.31653 125.5
      vertex 16.6733 -3.31653 120
    endloop
  endfacet
  facet normal 0.986631 -0.162972 0
    outer loop
      vertex 16.6733 -3.31653 113
      vertex 16.8546 -2.21894 107.5
      vertex 16.8546 -2.21894 113
    endloop
  endfacet
  facet normal 0.986631 -0.162972 0
    outer loop
      vertex 16.8546 -2.21894 107.5
      vertex 16.6733 -3.31653 113
      vertex 16.6733 -3.31653 107.5
    endloop
  endfacet
  facet normal 0.956947 -0.290262 0
    outer loop
      vertex 16.0978 -5.46447 125.5
      vertex 16.4207 -4.39992 107.5
      vertex 16.4207 -4.39992 125.5
    endloop
  endfacet
  facet normal 0.956947 -0.290262 0
    outer loop
      vertex 16.4207 -4.39992 107.5
      vertex 16.0978 -5.46447 125.5
      vertex 16.0978 -5.46447 107.5
    endloop
  endfacet
  facet normal 0.935924 -0.352202 0
    outer loop
      vertex 15.706 -6.50562 125.5
      vertex 16.0978 -5.46447 107.5
      vertex 16.0978 -5.46447 125.5
    endloop
  endfacet
  facet normal 0.935924 -0.352202 0
    outer loop
      vertex 16.0978 -5.46447 107.5
      vertex 15.706 -6.50562 125.5
      vertex 15.706 -6.50562 107.5
    endloop
  endfacet
  facet normal 0.773047 -0.634348 0
    outer loop
      vertex 12.7813 -11.2089 125.5
      vertex 13.487 -10.3489 107.5
      vertex 13.487 -10.3489 125.5
    endloop
  endfacet
  facet normal 0.773047 -0.634348 0
    outer loop
      vertex 13.487 -10.3489 107.5
      vertex 12.7813 -11.2089 125.5
      vertex 12.7813 -11.2089 107.5
    endloop
  endfacet
  facet normal 0.0979826 -0.995188 0
    outer loop
      vertex 1.11185 -16.9636 107.5
      vertex 2.21894 -16.8546 113
      vertex 1.11185 -16.9636 113
    endloop
  endfacet
  facet normal 0.0979826 -0.995188 0
    outer loop
      vertex 2.21894 -16.8546 113
      vertex 1.11185 -16.9636 107.5
      vertex 2.21894 -16.8546 107.5
    endloop
  endfacet
  facet normal 0.0979826 -0.995188 0
    outer loop
      vertex 1.11185 -16.9636 120
      vertex 2.21894 -16.8546 125.5
      vertex 1.11185 -16.9636 125.5
    endloop
  endfacet
  facet normal 0.0979826 -0.995188 0
    outer loop
      vertex 2.21894 -16.8546 125.5
      vertex 1.11185 -16.9636 120
      vertex 2.21894 -16.8546 120
    endloop
  endfacet
  facet normal 0.352202 -0.935924 0
    outer loop
      vertex 5.46447 -16.0978 107.5
      vertex 6.50562 -15.706 125.5
      vertex 5.46447 -16.0978 125.5
    endloop
  endfacet
  facet normal 0.352202 -0.935924 0
    outer loop
      vertex 6.50562 -15.706 125.5
      vertex 5.46447 -16.0978 107.5
      vertex 6.50562 -15.706 107.5
    endloop
  endfacet
  facet normal 0.729831 -0.683627 0
    outer loop
      vertex 12.0208 -12.0208 125.5
      vertex 12.7813 -11.2089 107.5
      vertex 12.7813 -11.2089 125.5
    endloop
  endfacet
  facet normal 0.729831 -0.683627 0
    outer loop
      vertex 12.7813 -11.2089 107.5
      vertex 12.0208 -12.0208 125.5
      vertex 12.0208 -12.0208 107.5
    endloop
  endfacet
  facet normal 0.582509 -0.812824 0
    outer loop
      vertex 9.44469 -14.135 107.5
      vertex 10.3489 -13.487 125.5
      vertex 9.44469 -14.135 125.5
    endloop
  endfacet
  facet normal 0.582509 -0.812824 0
    outer loop
      vertex 10.3489 -13.487 125.5
      vertex 9.44469 -14.135 107.5
      vertex 10.3489 -13.487 107.5
    endloop
  endfacet
  facet normal 0.528038 -0.849221 0
    outer loop
      vertex 8.5 -14.7224 107.5
      vertex 9.44469 -14.135 125.5
      vertex 8.5 -14.7224 125.5
    endloop
  endfacet
  facet normal 0.528038 -0.849221 0
    outer loop
      vertex 9.44469 -14.135 125.5
      vertex 8.5 -14.7224 107.5
      vertex 9.44469 -14.135 107.5
    endloop
  endfacet
  facet normal 0.41277 -0.910835 0
    outer loop
      vertex 6.50562 -15.706 107.5
      vertex 7.51891 -15.2468 125.5
      vertex 6.50562 -15.706 125.5
    endloop
  endfacet
  facet normal 0.41277 -0.910835 0
    outer loop
      vertex 7.51891 -15.2468 125.5
      vertex 6.50562 -15.706 107.5
      vertex 7.51891 -15.2468 107.5
    endloop
  endfacet
  facet normal -0.290262 -0.956947 0
    outer loop
      vertex -5.46447 -16.0978 107.5
      vertex -4.39992 -16.4207 125.5
      vertex -5.46447 -16.0978 125.5
    endloop
  endfacet
  facet normal -0.290262 -0.956947 -0
    outer loop
      vertex -4.39992 -16.4207 125.5
      vertex -5.46447 -16.0978 107.5
      vertex -4.39992 -16.4207 107.5
    endloop
  endfacet
  facet normal -0.162972 -0.986631 0
    outer loop
      vertex -3.31653 -16.6733 107.5
      vertex -2.21894 -16.8546 113
      vertex -3.31653 -16.6733 113
    endloop
  endfacet
  facet normal -0.162972 -0.986631 -0
    outer loop
      vertex -2.21894 -16.8546 113
      vertex -3.31653 -16.6733 107.5
      vertex -2.21894 -16.8546 107.5
    endloop
  endfacet
  facet normal -0.162972 -0.986631 0
    outer loop
      vertex -3.31653 -16.6733 120
      vertex -2.21894 -16.8546 125.5
      vertex -3.31653 -16.6733 125.5
    endloop
  endfacet
  facet normal -0.162972 -0.986631 -0
    outer loop
      vertex -2.21894 -16.8546 125.5
      vertex -3.31653 -16.6733 120
      vertex -2.21894 -16.8546 120
    endloop
  endfacet
  facet normal -0.41277 -0.910835 0
    outer loop
      vertex -7.51891 -15.2468 107.5
      vertex -6.50562 -15.706 125.5
      vertex -7.51891 -15.2468 125.5
    endloop
  endfacet
  facet normal -0.41277 -0.910835 -0
    outer loop
      vertex -6.50562 -15.706 125.5
      vertex -7.51891 -15.2468 107.5
      vertex -6.50562 -15.706 107.5
    endloop
  endfacet
  facet normal -0.634348 -0.773047 0
    outer loop
      vertex -11.2089 -12.7813 107.5
      vertex -10.3489 -13.487 125.5
      vertex -11.2089 -12.7813 125.5
    endloop
  endfacet
  facet normal -0.634348 -0.773047 -0
    outer loop
      vertex -10.3489 -13.487 125.5
      vertex -11.2089 -12.7813 107.5
      vertex -10.3489 -13.487 107.5
    endloop
  endfacet
  facet normal -0.995188 -0.0979826 0
    outer loop
      vertex -16.8546 -2.21894 107.5
      vertex -16.9636 -1.11185 113
      vertex -16.9636 -1.11185 107.5
    endloop
  endfacet
  facet normal -0.995188 -0.0979826 0
    outer loop
      vertex -16.9636 -1.11185 113
      vertex -16.8546 -2.21894 107.5
      vertex -16.8546 -2.21894 113
    endloop
  endfacet
  facet normal -0.995188 -0.0979826 0
    outer loop
      vertex -16.8546 -2.21894 120
      vertex -16.9636 -1.11185 125.5
      vertex -16.9636 -1.11185 120
    endloop
  endfacet
  facet normal -0.995188 -0.0979826 0
    outer loop
      vertex -16.9636 -1.11185 125.5
      vertex -16.8546 -2.21894 120
      vertex -16.8546 -2.21894 125.5
    endloop
  endfacet
  facet normal -0.935924 -0.352202 0
    outer loop
      vertex -15.706 -6.50562 107.5
      vertex -16.0978 -5.46447 125.5
      vertex -16.0978 -5.46447 107.5
    endloop
  endfacet
  facet normal -0.935924 -0.352202 0
    outer loop
      vertex -16.0978 -5.46447 125.5
      vertex -15.706 -6.50562 107.5
      vertex -15.706 -6.50562 125.5
    endloop
  endfacet
  facet normal -0.97397 -0.226677 0
    outer loop
      vertex -16.6733 -3.31653 107.5
      vertex -16.6306 -3.5 113
      vertex -16.6733 -3.31653 113
    endloop
  endfacet
  facet normal -0.973861 -0.227146 0
    outer loop
      vertex -16.6306 -3.5 113
      vertex -16.4207 -4.39992 107.5
      vertex -16.6306 -3.5 120
    endloop
  endfacet
  facet normal -0.973879 -0.227067 -1.36912e-05
    outer loop
      vertex -16.4207 -4.39992 107.5
      vertex -16.6306 -3.5 113
      vertex -16.6733 -3.31653 107.5
    endloop
  endfacet
  facet normal -0.97397 -0.226677 0
    outer loop
      vertex -16.6306 -3.5 120
      vertex -16.6733 -3.31653 125.5
      vertex -16.6733 -3.31653 120
    endloop
  endfacet
  facet normal -0.973861 -0.227146 -0
    outer loop
      vertex -16.4207 -4.39992 125.5
      vertex -16.6306 -3.5 120
      vertex -16.4207 -4.39992 107.5
    endloop
  endfacet
  facet normal -0.973879 -0.227067 1.36912e-05
    outer loop
      vertex -16.6306 -3.5 120
      vertex -16.4207 -4.39992 125.5
      vertex -16.6733 -3.31653 125.5
    endloop
  endfacet
  facet normal -0.849221 -0.528038 0
    outer loop
      vertex -14.135 -9.44469 107.5
      vertex -14.7224 -8.5 125.5
      vertex -14.7224 -8.5 107.5
    endloop
  endfacet
  facet normal -0.849221 -0.528038 0
    outer loop
      vertex -14.7224 -8.5 125.5
      vertex -14.135 -9.44469 107.5
      vertex -14.135 -9.44469 125.5
    endloop
  endfacet
  facet normal -0.812824 -0.582509 0
    outer loop
      vertex -13.487 -10.3489 107.5
      vertex -14.135 -9.44469 125.5
      vertex -14.135 -9.44469 107.5
    endloop
  endfacet
  facet normal -0.812824 -0.582509 0
    outer loop
      vertex -14.135 -9.44469 125.5
      vertex -13.487 -10.3489 107.5
      vertex -13.487 -10.3489 125.5
    endloop
  endfacet
  facet normal 0.995188 0.0979826 0
    outer loop
      vertex 16.9636 1.11185 113
      vertex 16.8546 2.21894 107.5
      vertex 16.8546 2.21894 113
    endloop
  endfacet
  facet normal 0.995188 0.0979826 0
    outer loop
      vertex 16.8546 2.21894 107.5
      vertex 16.9636 1.11185 113
      vertex 16.9636 1.11185 107.5
    endloop
  endfacet
  facet normal 0.995188 0.0979826 0
    outer loop
      vertex 16.9636 1.11185 125.5
      vertex 16.8546 2.21894 120
      vertex 16.8546 2.21894 125.5
    endloop
  endfacet
  facet normal 0.995188 0.0979826 0
    outer loop
      vertex 16.8546 2.21894 120
      vertex 16.9636 1.11185 125.5
      vertex 16.9636 1.11185 120
    endloop
  endfacet
  facet normal 0.999465 -0.0327207 0
    outer loop
      vertex 16.9636 -1.11185 113
      vertex 17 0 107.5
      vertex 17 0 113
    endloop
  endfacet
  facet normal 0.999465 -0.0327207 0
    outer loop
      vertex 17 0 107.5
      vertex 16.9636 -1.11185 113
      vertex 16.9636 -1.11185 107.5
    endloop
  endfacet
  facet normal 0.999465 -0.0327207 0
    outer loop
      vertex 16.9636 -1.11185 125.5
      vertex 17 0 120
      vertex 17 0 125.5
    endloop
  endfacet
  facet normal 0.999465 -0.0327207 0
    outer loop
      vertex 17 0 120
      vertex 16.9636 -1.11185 125.5
      vertex 16.9636 -1.11185 120
    endloop
  endfacet
  facet normal 0.97397 -0.226677 0
    outer loop
      vertex 16.6733 -3.31653 125.5
      vertex 16.6306 -3.5 120
      vertex 16.6733 -3.31653 120
    endloop
  endfacet
  facet normal 0.973861 -0.227146 0
    outer loop
      vertex 16.6306 -3.5 120
      vertex 16.4207 -4.39992 125.5
      vertex 16.6306 -3.5 113
    endloop
  endfacet
  facet normal 0.973879 -0.227067 1.36912e-05
    outer loop
      vertex 16.4207 -4.39992 125.5
      vertex 16.6306 -3.5 120
      vertex 16.6733 -3.31653 125.5
    endloop
  endfacet
  facet normal 0.97397 -0.226677 0
    outer loop
      vertex 16.6306 -3.5 113
      vertex 16.6733 -3.31653 107.5
      vertex 16.6733 -3.31653 113
    endloop
  endfacet
  facet normal 0.973861 -0.227146 0
    outer loop
      vertex 16.4207 -4.39992 107.5
      vertex 16.6306 -3.5 113
      vertex 16.4207 -4.39992 125.5
    endloop
  endfacet
  facet normal 0.973879 -0.227067 -1.36912e-05
    outer loop
      vertex 16.6306 -3.5 113
      vertex 16.4207 -4.39992 107.5
      vertex 16.6733 -3.31653 107.5
    endloop
  endfacet
  facet normal 0.849221 -0.528038 0
    outer loop
      vertex 14.135 -9.44469 125.5
      vertex 14.7224 -8.5 107.5
      vertex 14.7224 -8.5 125.5
    endloop
  endfacet
  facet normal 0.849221 -0.528038 0
    outer loop
      vertex 14.7224 -8.5 107.5
      vertex 14.135 -9.44469 125.5
      vertex 14.135 -9.44469 107.5
    endloop
  endfacet
  facet normal 0.881923 -0.471394 0
    outer loop
      vertex 14.7224 -8.5 125.5
      vertex 15.2468 -7.51891 107.5
      vertex 15.2468 -7.51891 125.5
    endloop
  endfacet
  facet normal 0.881923 -0.471394 0
    outer loop
      vertex 15.2468 -7.51891 107.5
      vertex 14.7224 -8.5 125.5
      vertex 14.7224 -8.5 107.5
    endloop
  endfacet
  facet normal 0.162972 -0.986631 0
    outer loop
      vertex 2.21894 -16.8546 107.5
      vertex 3.31653 -16.6733 113
      vertex 2.21894 -16.8546 113
    endloop
  endfacet
  facet normal 0.162972 -0.986631 0
    outer loop
      vertex 3.31653 -16.6733 113
      vertex 2.21894 -16.8546 107.5
      vertex 3.31653 -16.6733 107.5
    endloop
  endfacet
  facet normal 0.162972 -0.986631 0
    outer loop
      vertex 2.21894 -16.8546 120
      vertex 3.31653 -16.6733 125.5
      vertex 2.21894 -16.8546 125.5
    endloop
  endfacet
  facet normal 0.162972 -0.986631 0
    outer loop
      vertex 3.31653 -16.6733 125.5
      vertex 2.21894 -16.8546 120
      vertex 3.31653 -16.6733 120
    endloop
  endfacet
  facet normal 0.290262 -0.956947 0
    outer loop
      vertex 4.39992 -16.4207 107.5
      vertex 5.46447 -16.0978 125.5
      vertex 4.39992 -16.4207 125.5
    endloop
  endfacet
  facet normal 0.290262 -0.956947 0
    outer loop
      vertex 5.46447 -16.0978 125.5
      vertex 4.39992 -16.4207 107.5
      vertex 5.46447 -16.0978 107.5
    endloop
  endfacet
  facet normal 0.634348 -0.773047 0
    outer loop
      vertex 10.3489 -13.487 107.5
      vertex 11.2089 -12.7813 125.5
      vertex 10.3489 -13.487 125.5
    endloop
  endfacet
  facet normal 0.634348 -0.773047 0
    outer loop
      vertex 11.2089 -12.7813 125.5
      vertex 10.3489 -13.487 107.5
      vertex 11.2089 -12.7813 107.5
    endloop
  endfacet
  facet normal 0.471394 -0.881923 0
    outer loop
      vertex 7.51891 -15.2468 107.5
      vertex 8.5 -14.7224 125.5
      vertex 7.51891 -15.2468 125.5
    endloop
  endfacet
  facet normal 0.471394 -0.881923 0
    outer loop
      vertex 8.5 -14.7224 125.5
      vertex 7.51891 -15.2468 107.5
      vertex 8.5 -14.7224 107.5
    endloop
  endfacet
  facet normal -0.227067 -0.973879 1.36912e-05
    outer loop
      vertex -4.39992 -16.4207 125.5
      vertex -3.5 -16.6306 120
      vertex -3.31653 -16.6733 125.5
    endloop
  endfacet
  facet normal -0.227146 -0.973861 0
    outer loop
      vertex -4.39992 -16.4207 125.5
      vertex -3.5 -16.6306 113
      vertex -3.5 -16.6306 120
    endloop
  endfacet
  facet normal -0.227146 -0.973861 0
    outer loop
      vertex -4.39992 -16.4207 107.5
      vertex -3.5 -16.6306 113
      vertex -4.39992 -16.4207 125.5
    endloop
  endfacet
  facet normal -0.227067 -0.973879 -1.36912e-05
    outer loop
      vertex -3.31653 -16.6733 107.5
      vertex -3.5 -16.6306 113
      vertex -4.39992 -16.4207 107.5
    endloop
  endfacet
  facet normal -0.226677 -0.97397 0
    outer loop
      vertex -3.5 -16.6306 113
      vertex -3.31653 -16.6733 107.5
      vertex -3.31653 -16.6733 113
    endloop
  endfacet
  facet normal -0.226677 -0.97397 -0
    outer loop
      vertex -3.31653 -16.6733 125.5
      vertex -3.5 -16.6306 120
      vertex -3.31653 -16.6733 120
    endloop
  endfacet
  facet normal -0.0979826 -0.995188 0
    outer loop
      vertex -2.21894 -16.8546 107.5
      vertex -1.11185 -16.9636 113
      vertex -2.21894 -16.8546 113
    endloop
  endfacet
  facet normal -0.0979826 -0.995188 -0
    outer loop
      vertex -1.11185 -16.9636 113
      vertex -2.21894 -16.8546 107.5
      vertex -1.11185 -16.9636 107.5
    endloop
  endfacet
  facet normal -0.0979826 -0.995188 0
    outer loop
      vertex -2.21894 -16.8546 120
      vertex -1.11185 -16.9636 125.5
      vertex -2.21894 -16.8546 125.5
    endloop
  endfacet
  facet normal -0.0979826 -0.995188 -0
    outer loop
      vertex -1.11185 -16.9636 125.5
      vertex -2.21894 -16.8546 120
      vertex -1.11185 -16.9636 120
    endloop
  endfacet
  facet normal -0.582509 -0.812824 0
    outer loop
      vertex -10.3489 -13.487 107.5
      vertex -9.44469 -14.135 125.5
      vertex -10.3489 -13.487 125.5
    endloop
  endfacet
  facet normal -0.582509 -0.812824 -0
    outer loop
      vertex -9.44469 -14.135 125.5
      vertex -10.3489 -13.487 107.5
      vertex -9.44469 -14.135 107.5
    endloop
  endfacet
  facet normal -0.986631 -0.162972 0
    outer loop
      vertex -16.6733 -3.31653 107.5
      vertex -16.8546 -2.21894 113
      vertex -16.8546 -2.21894 107.5
    endloop
  endfacet
  facet normal -0.986631 -0.162972 0
    outer loop
      vertex -16.8546 -2.21894 113
      vertex -16.6733 -3.31653 107.5
      vertex -16.6733 -3.31653 113
    endloop
  endfacet
  facet normal -0.986631 -0.162972 0
    outer loop
      vertex -16.6733 -3.31653 120
      vertex -16.8546 -2.21894 125.5
      vertex -16.8546 -2.21894 120
    endloop
  endfacet
  facet normal -0.986631 -0.162972 0
    outer loop
      vertex -16.8546 -2.21894 125.5
      vertex -16.6733 -3.31653 120
      vertex -16.6733 -3.31653 125.5
    endloop
  endfacet
  facet normal -0.956947 -0.290262 0
    outer loop
      vertex -16.0978 -5.46447 107.5
      vertex -16.4207 -4.39992 125.5
      vertex -16.4207 -4.39992 107.5
    endloop
  endfacet
  facet normal -0.956947 -0.290262 0
    outer loop
      vertex -16.4207 -4.39992 125.5
      vertex -16.0978 -5.46447 107.5
      vertex -16.0978 -5.46447 125.5
    endloop
  endfacet
  facet normal -0.881923 -0.471394 0
    outer loop
      vertex -14.7224 -8.5 107.5
      vertex -15.2468 -7.51891 125.5
      vertex -15.2468 -7.51891 107.5
    endloop
  endfacet
  facet normal -0.881923 -0.471394 0
    outer loop
      vertex -15.2468 -7.51891 125.5
      vertex -14.7224 -8.5 107.5
      vertex -14.7224 -8.5 125.5
    endloop
  endfacet
  facet normal -0.773047 -0.634348 0
    outer loop
      vertex -12.7813 -11.2089 107.5
      vertex -13.487 -10.3489 125.5
      vertex -13.487 -10.3489 107.5
    endloop
  endfacet
  facet normal -0.773047 -0.634348 0
    outer loop
      vertex -13.487 -10.3489 125.5
      vertex -12.7813 -11.2089 107.5
      vertex -12.7813 -11.2089 125.5
    endloop
  endfacet
  facet normal 0.995188 -0.0979826 0
    outer loop
      vertex 16.8546 -2.21894 125.5
      vertex 16.9636 -1.11185 120
      vertex 16.9636 -1.11185 125.5
    endloop
  endfacet
  facet normal 0.995188 -0.0979826 0
    outer loop
      vertex 16.9636 -1.11185 120
      vertex 16.8546 -2.21894 125.5
      vertex 16.8546 -2.21894 120
    endloop
  endfacet
  facet normal 0.995188 -0.0979826 0
    outer loop
      vertex 16.8546 -2.21894 113
      vertex 16.9636 -1.11185 107.5
      vertex 16.9636 -1.11185 113
    endloop
  endfacet
  facet normal 0.995188 -0.0979826 0
    outer loop
      vertex 16.9636 -1.11185 107.5
      vertex 16.8546 -2.21894 113
      vertex 16.8546 -2.21894 107.5
    endloop
  endfacet
  facet normal 0.812824 -0.582509 0
    outer loop
      vertex 13.487 -10.3489 125.5
      vertex 14.135 -9.44469 107.5
      vertex 14.135 -9.44469 125.5
    endloop
  endfacet
  facet normal 0.812824 -0.582509 0
    outer loop
      vertex 14.135 -9.44469 107.5
      vertex 13.487 -10.3489 125.5
      vertex 13.487 -10.3489 107.5
    endloop
  endfacet
  facet normal 0.910835 -0.41277 0
    outer loop
      vertex 15.2468 -7.51891 125.5
      vertex 15.706 -6.50562 107.5
      vertex 15.706 -6.50562 125.5
    endloop
  endfacet
  facet normal 0.910835 -0.41277 0
    outer loop
      vertex 15.706 -6.50562 107.5
      vertex 15.2468 -7.51891 125.5
      vertex 15.2468 -7.51891 107.5
    endloop
  endfacet
  facet normal 0 0 1
    outer loop
      vertex 64 3.5 28.5
      vertex 10 0 28.5
      vertex 64 -3.5 28.5
    endloop
  endfacet
  facet normal 0 0 1
    outer loop
      vertex 64 3.5 28.5
      vertex 9.97859 0.654031 28.5
      vertex 10 0 28.5
    endloop
  endfacet
  facet normal 0 0 1
    outer loop
      vertex 64 3.5 28.5
      vertex 9.91445 1.30526 28.5
      vertex 9.97859 0.654031 28.5
    endloop
  endfacet
  facet normal 0 0 1
    outer loop
      vertex 64 3.5 28.5
      vertex 9.80785 1.9509 28.5
      vertex 9.91445 1.30526 28.5
    endloop
  endfacet
  facet normal 0 0 1
    outer loop
      vertex 64 3.5 28.5
      vertex 9.65926 2.58819 28.5
      vertex 9.80785 1.9509 28.5
    endloop
  endfacet
  facet normal 0 0 1
    outer loop
      vertex 64 3.5 28.5
      vertex 9.4693 3.21439 28.5
      vertex 9.65926 2.58819 28.5
    endloop
  endfacet
  facet normal 0 -0 1
    outer loop
      vertex 9.4693 3.21439 28.5
      vertex 64 3.5 28.5
      vertex 9.36181 3.5 28.5
    endloop
  endfacet
  facet normal -0 0 1
    outer loop
      vertex 9.97859 -0.654031 28.5
      vertex 64 -3.5 28.5
      vertex 10 0 28.5
    endloop
  endfacet
  facet normal -0 0 1
    outer loop
      vertex 9.91445 -1.30526 28.5
      vertex 64 -3.5 28.5
      vertex 9.97859 -0.654031 28.5
    endloop
  endfacet
  facet normal -0 0 1
    outer loop
      vertex 9.80785 -1.9509 28.5
      vertex 64 -3.5 28.5
      vertex 9.91445 -1.30526 28.5
    endloop
  endfacet
  facet normal -0 0 1
    outer loop
      vertex 9.65926 -2.58819 28.5
      vertex 64 -3.5 28.5
      vertex 9.80785 -1.9509 28.5
    endloop
  endfacet
  facet normal -0 0 1
    outer loop
      vertex 9.4693 -3.21439 28.5
      vertex 64 -3.5 28.5
      vertex 9.65926 -2.58819 28.5
    endloop
  endfacet
  facet normal 0 0 1
    outer loop
      vertex 64 -3.5 28.5
      vertex 9.4693 -3.21439 28.5
      vertex 9.36181 -3.5 28.5
    endloop
  endfacet
  facet normal 1 0 0
    outer loop
      vertex 64 3.5 28.5
      vertex 64 1.25 23.5
      vertex 64 3.5 23.5
    endloop
  endfacet
  facet normal 1 0 0
    outer loop
      vertex 64 3.5 28.5
      vertex 64 -0.576822 23.9656
      vertex 64 1.25 23.5
    endloop
  endfacet
  facet normal 1 -0 0
    outer loop
      vertex 64 -3.5 28.5
      vertex 64 -0.576822 23.9656
      vertex 64 3.5 28.5
    endloop
  endfacet
  facet normal 1 0 0
    outer loop
      vertex 64 -0.576822 23.9656
      vertex 64 -3.5 28.5
      vertex 64 -3.5 24.597
    endloop
  endfacet
  facet normal 1 0 0
    outer loop
      vertex 64 -3.5 23.9889
      vertex 64 -3.5 23.5
      vertex 64 -1.25 23.5
    endloop
  endfacet
  facet normal 0 0 -1
    outer loop
      vertex -67 -1.25 23.5
      vertex -64 1.25 23.5
      vertex -64 -1.25 23.5
    endloop
  endfacet
  facet normal -0 0 -1
    outer loop
      vertex -64 1.25 23.5
      vertex -67 -1.25 23.5
      vertex -67 1.25 23.5
    endloop
  endfacet
  facet normal 0 0 -1
    outer loop
      vertex 9.36181 -3.5 23.5
      vertex 64 -1.25 23.5
      vertex 64 -3.5 23.5
    endloop
  endfacet
  facet normal -0 0 -1
    outer loop
      vertex 64 -1.25 23.5
      vertex 9.36181 -3.5 23.5
      vertex 64 1.25 23.5
    endloop
  endfacet
  facet normal 0 0 -1
    outer loop
      vertex 9.36181 3.5 23.5
      vertex 64 1.25 23.5
      vertex 9.36181 -3.5 23.5
    endloop
  endfacet
  facet normal 0 0 -1
    outer loop
      vertex 64 1.25 23.5
      vertex 9.36181 3.5 23.5
      vertex 64 3.5 23.5
    endloop
  endfacet
  facet normal 0 0 -1
    outer loop
      vertex 8.96873 -4.42289 23.5
      vertex 9.36181 -3.5 23.5
      vertex 9.2388 -3.82683 23.5
    endloop
  endfacet
  facet normal -0 0 -1
    outer loop
      vertex 9.36181 -3.5 23.5
      vertex 8.96873 -4.42289 23.5
      vertex 9.36181 3.5 23.5
    endloop
  endfacet
  facet normal 0 0 -1
    outer loop
      vertex 8.96873 4.42289 23.5
      vertex 9.36181 3.5 23.5
      vertex 8.96873 -4.42289 23.5
    endloop
  endfacet
  facet normal 0 0 -1
    outer loop
      vertex 9.36181 3.5 23.5
      vertex 8.96873 4.42289 23.5
      vertex 9.2388 3.82683 23.5
    endloop
  endfacet
  facet normal 0 0 -1
    outer loop
      vertex 8.66025 -5 23.5
      vertex 8.96873 4.42289 23.5
      vertex 8.96873 -4.42289 23.5
    endloop
  endfacet
  facet normal 0 0 -1
    outer loop
      vertex 8.66025 -5 23.5
      vertex 8.66025 5 23.5
      vertex 8.96873 4.42289 23.5
    endloop
  endfacet
  facet normal 0 0 -1
    outer loop
      vertex 8.3147 -5.5557 23.5
      vertex 8.66025 5 23.5
      vertex 8.66025 -5 23.5
    endloop
  endfacet
  facet normal 0 0 -1
    outer loop
      vertex 8.3147 -5.5557 23.5
      vertex 8.3147 5.5557 23.5
      vertex 8.66025 5 23.5
    endloop
  endfacet
  facet normal 0 0 -1
    outer loop
      vertex 7.93353 -6.08761 23.5
      vertex 8.3147 5.5557 23.5
      vertex 8.3147 -5.5557 23.5
    endloop
  endfacet
  facet normal 0 0 -1
    outer loop
      vertex 7.93353 -6.08761 23.5
      vertex 7.93353 6.08761 23.5
      vertex 8.3147 5.5557 23.5
    endloop
  endfacet
  facet normal 0 0 -1
    outer loop
      vertex 7.5184 -6.59346 23.5
      vertex 7.93353 6.08761 23.5
      vertex 7.93353 -6.08761 23.5
    endloop
  endfacet
  facet normal 0 0 -1
    outer loop
      vertex 7.5184 -6.59346 23.5
      vertex 7.5184 6.59346 23.5
      vertex 7.93353 6.08761 23.5
    endloop
  endfacet
  facet normal 0 0 -1
    outer loop
      vertex 7.07107 -7.07107 23.5
      vertex 7.5184 6.59346 23.5
      vertex 7.5184 -6.59346 23.5
    endloop
  endfacet
  facet normal 0 0 -1
    outer loop
      vertex 7.07107 -7.07107 23.5
      vertex 7.07107 7.07107 23.5
      vertex 7.5184 6.59346 23.5
    endloop
  endfacet
  facet normal 0 0 -1
    outer loop
      vertex 6.59346 -7.5184 23.5
      vertex 7.07107 7.07107 23.5
      vertex 7.07107 -7.07107 23.5
    endloop
  endfacet
  facet normal 0 0 -1
    outer loop
      vertex 6.59346 -7.5184 23.5
      vertex 6.59346 7.5184 23.5
      vertex 7.07107 7.07107 23.5
    endloop
  endfacet
  facet normal 0 0 -1
    outer loop
      vertex 6.08761 -7.93353 23.5
      vertex 6.59346 7.5184 23.5
      vertex 6.59346 -7.5184 23.5
    endloop
  endfacet
  facet normal 0 0 -1
    outer loop
      vertex 6.08761 -7.93353 23.5
      vertex 6.08761 7.93353 23.5
      vertex 6.59346 7.5184 23.5
    endloop
  endfacet
  facet normal 0 0 -1
    outer loop
      vertex 5.5557 -8.3147 23.5
      vertex 6.08761 7.93353 23.5
      vertex 6.08761 -7.93353 23.5
    endloop
  endfacet
  facet normal 0 0 -1
    outer loop
      vertex 5.5557 -8.3147 23.5
      vertex 5.5557 8.3147 23.5
      vertex 6.08761 7.93353 23.5
    endloop
  endfacet
  facet normal 0 0 -1
    outer loop
      vertex 5 -8.66025 23.5
      vertex 5.5557 8.3147 23.5
      vertex 5.5557 -8.3147 23.5
    endloop
  endfacet
  facet normal 0 0 -1
    outer loop
      vertex 5 -8.66025 23.5
      vertex 5 8.66025 23.5
      vertex 5.5557 8.3147 23.5
    endloop
  endfacet
  facet normal 0 0 -1
    outer loop
      vertex 4.42289 -8.96873 23.5
      vertex 5 8.66025 23.5
      vertex 5 -8.66025 23.5
    endloop
  endfacet
  facet normal 0 0 -1
    outer loop
      vertex 4.42289 -8.96873 23.5
      vertex 4.42289 8.96873 23.5
      vertex 5 8.66025 23.5
    endloop
  endfacet
  facet normal 0 0 -1
    outer loop
      vertex 3.82683 -9.2388 23.5
      vertex 4.42289 8.96873 23.5
      vertex 4.42289 -8.96873 23.5
    endloop
  endfacet
  facet normal 0 0 -1
    outer loop
      vertex 3.82683 -9.2388 23.5
      vertex 3.82683 9.2388 23.5
      vertex 4.42289 8.96873 23.5
    endloop
  endfacet
  facet normal 0 0 -1
    outer loop
      vertex 3.21439 -9.4693 23.5
      vertex 3.82683 9.2388 23.5
      vertex 3.82683 -9.2388 23.5
    endloop
  endfacet
  facet normal 0 0 -1
    outer loop
      vertex 3.21439 -9.4693 23.5
      vertex 3.21439 9.4693 23.5
      vertex 3.82683 9.2388 23.5
    endloop
  endfacet
  facet normal 0 0 -1
    outer loop
      vertex 2.58819 -9.65926 23.5
      vertex 3.21439 9.4693 23.5
      vertex 3.21439 -9.4693 23.5
    endloop
  endfacet
  facet normal 0 0 -1
    outer loop
      vertex 2.58819 -9.65926 23.5
      vertex 2.58819 9.65926 23.5
      vertex 3.21439 9.4693 23.5
    endloop
  endfacet
  facet normal 0 0 -1
    outer loop
      vertex 1.9509 -9.80785 23.5
      vertex 2.58819 9.65926 23.5
      vertex 2.58819 -9.65926 23.5
    endloop
  endfacet
  facet normal 0 0 -1
    outer loop
      vertex 1.9509 -9.80785 23.5
      vertex 1.9509 9.80785 23.5
      vertex 2.58819 9.65926 23.5
    endloop
  endfacet
  facet normal 0 0 -1
    outer loop
      vertex 1.30526 -9.91445 23.5
      vertex 1.9509 9.80785 23.5
      vertex 1.9509 -9.80785 23.5
    endloop
  endfacet
  facet normal 0 0 -1
    outer loop
      vertex 1.30526 -9.91445 23.5
      vertex 1.30526 9.91445 23.5
      vertex 1.9509 9.80785 23.5
    endloop
  endfacet
  facet normal 0 0 -1
    outer loop
      vertex 0.654031 -9.97859 23.5
      vertex 1.30526 9.91445 23.5
      vertex 1.30526 -9.91445 23.5
    endloop
  endfacet
  facet normal 0 0 -1
    outer loop
      vertex 0.654031 -9.97859 23.5
      vertex 0.654031 9.97859 23.5
      vertex 1.30526 9.91445 23.5
    endloop
  endfacet
  facet normal 0 0 -1
    outer loop
      vertex 0 -10 23.5
      vertex 0.654031 9.97859 23.5
      vertex 0.654031 -9.97859 23.5
    endloop
  endfacet
  facet normal 0 0 -1
    outer loop
      vertex 0 -10 23.5
      vertex 0 10 23.5
      vertex 0.654031 9.97859 23.5
    endloop
  endfacet
  facet normal 0 0 -1
    outer loop
      vertex -0.654031 -9.97859 23.5
      vertex 0 10 23.5
      vertex 0 -10 23.5
    endloop
  endfacet
  facet normal 0 0 -1
    outer loop
      vertex -0.654031 -9.97859 23.5
      vertex -0.654031 9.97859 23.5
      vertex 0 10 23.5
    endloop
  endfacet
  facet normal 0 0 -1
    outer loop
      vertex -1.30526 -9.91445 23.5
      vertex -0.654031 9.97859 23.5
      vertex -0.654031 -9.97859 23.5
    endloop
  endfacet
  facet normal 0 0 -1
    outer loop
      vertex -1.30526 -9.91445 23.5
      vertex -1.30526 9.91445 23.5
      vertex -0.654031 9.97859 23.5
    endloop
  endfacet
  facet normal 0 0 -1
    outer loop
      vertex -1.9509 -9.80785 23.5
      vertex -1.30526 9.91445 23.5
      vertex -1.30526 -9.91445 23.5
    endloop
  endfacet
  facet normal 0 0 -1
    outer loop
      vertex -1.9509 -9.80785 23.5
      vertex -1.9509 9.80785 23.5
      vertex -1.30526 9.91445 23.5
    endloop
  endfacet
  facet normal 0 0 -1
    outer loop
      vertex -2.58819 -9.65926 23.5
      vertex -1.9509 9.80785 23.5
      vertex -1.9509 -9.80785 23.5
    endloop
  endfacet
  facet normal 0 0 -1
    outer loop
      vertex -2.58819 -9.65926 23.5
      vertex -2.58819 9.65926 23.5
      vertex -1.9509 9.80785 23.5
    endloop
  endfacet
  facet normal 0 0 -1
    outer loop
      vertex -3.21439 -9.4693 23.5
      vertex -2.58819 9.65926 23.5
      vertex -2.58819 -9.65926 23.5
    endloop
  endfacet
  facet normal 0 0 -1
    outer loop
      vertex -3.21439 -9.4693 23.5
      vertex -3.21439 9.4693 23.5
      vertex -2.58819 9.65926 23.5
    endloop
  endfacet
  facet normal 0 0 -1
    outer loop
      vertex -3.82683 -9.2388 23.5
      vertex -3.21439 9.4693 23.5
      vertex -3.21439 -9.4693 23.5
    endloop
  endfacet
  facet normal 0 0 -1
    outer loop
      vertex -3.82683 -9.2388 23.5
      vertex -3.82683 9.2388 23.5
      vertex -3.21439 9.4693 23.5
    endloop
  endfacet
  facet normal 0 0 -1
    outer loop
      vertex -4.42289 -8.96873 23.5
      vertex -3.82683 9.2388 23.5
      vertex -3.82683 -9.2388 23.5
    endloop
  endfacet
  facet normal 0 0 -1
    outer loop
      vertex -4.42289 -8.96873 23.5
      vertex -4.42289 8.96873 23.5
      vertex -3.82683 9.2388 23.5
    endloop
  endfacet
  facet normal 0 0 -1
    outer loop
      vertex -5 -8.66025 23.5
      vertex -4.42289 8.96873 23.5
      vertex -4.42289 -8.96873 23.5
    endloop
  endfacet
  facet normal 0 0 -1
    outer loop
      vertex -5 -8.66025 23.5
      vertex -5 8.66025 23.5
      vertex -4.42289 8.96873 23.5
    endloop
  endfacet
  facet normal 0 0 -1
    outer loop
      vertex -5.5557 -8.3147 23.5
      vertex -5 8.66025 23.5
      vertex -5 -8.66025 23.5
    endloop
  endfacet
  facet normal 0 0 -1
    outer loop
      vertex -5.5557 -8.3147 23.5
      vertex -5.5557 8.3147 23.5
      vertex -5 8.66025 23.5
    endloop
  endfacet
  facet normal 0 0 -1
    outer loop
      vertex -6.08761 -7.93353 23.5
      vertex -5.5557 8.3147 23.5
      vertex -5.5557 -8.3147 23.5
    endloop
  endfacet
  facet normal 0 0 -1
    outer loop
      vertex -6.08761 -7.93353 23.5
      vertex -6.08761 7.93353 23.5
      vertex -5.5557 8.3147 23.5
    endloop
  endfacet
  facet normal 0 0 -1
    outer loop
      vertex -6.59346 -7.5184 23.5
      vertex -6.08761 7.93353 23.5
      vertex -6.08761 -7.93353 23.5
    endloop
  endfacet
  facet normal 0 0 -1
    outer loop
      vertex -6.59346 -7.5184 23.5
      vertex -6.59346 7.5184 23.5
      vertex -6.08761 7.93353 23.5
    endloop
  endfacet
  facet normal 0 0 -1
    outer loop
      vertex -7.07107 -7.07107 23.5
      vertex -6.59346 7.5184 23.5
      vertex -6.59346 -7.5184 23.5
    endloop
  endfacet
  facet normal 0 0 -1
    outer loop
      vertex -7.07107 -7.07107 23.5
      vertex -7.07107 7.07107 23.5
      vertex -6.59346 7.5184 23.5
    endloop
  endfacet
  facet normal 0 0 -1
    outer loop
      vertex -7.5184 -6.59346 23.5
      vertex -7.07107 7.07107 23.5
      vertex -7.07107 -7.07107 23.5
    endloop
  endfacet
  facet normal 0 0 -1
    outer loop
      vertex -7.5184 -6.59346 23.5
      vertex -7.5184 6.59346 23.5
      vertex -7.07107 7.07107 23.5
    endloop
  endfacet
  facet normal 0 0 -1
    outer loop
      vertex -7.93353 -6.08761 23.5
      vertex -7.5184 6.59346 23.5
      vertex -7.5184 -6.59346 23.5
    endloop
  endfacet
  facet normal 0 0 -1
    outer loop
      vertex -7.93353 -6.08761 23.5
      vertex -7.93353 6.08761 23.5
      vertex -7.5184 6.59346 23.5
    endloop
  endfacet
  facet normal 0 0 -1
    outer loop
      vertex -8.3147 -5.5557 23.5
      vertex -7.93353 6.08761 23.5
      vertex -7.93353 -6.08761 23.5
    endloop
  endfacet
  facet normal 0 0 -1
    outer loop
      vertex -8.3147 -5.5557 23.5
      vertex -8.3147 5.5557 23.5
      vertex -7.93353 6.08761 23.5
    endloop
  endfacet
  facet normal 0 0 -1
    outer loop
      vertex -8.66025 -5 23.5
      vertex -8.3147 5.5557 23.5
      vertex -8.3147 -5.5557 23.5
    endloop
  endfacet
  facet normal 0 0 -1
    outer loop
      vertex -8.66025 -5 23.5
      vertex -8.66025 5 23.5
      vertex -8.3147 5.5557 23.5
    endloop
  endfacet
  facet normal 0 0 -1
    outer loop
      vertex -8.96873 -4.42289 23.5
      vertex -8.66025 5 23.5
      vertex -8.66025 -5 23.5
    endloop
  endfacet
  facet normal 0 0 -1
    outer loop
      vertex -8.96873 -4.42289 23.5
      vertex -8.96873 4.42289 23.5
      vertex -8.66025 5 23.5
    endloop
  endfacet
  facet normal 0 0 -1
    outer loop
      vertex -9.36181 -3.5 23.5
      vertex -8.96873 -4.42289 23.5
      vertex -9.2388 -3.82683 23.5
    endloop
  endfacet
  facet normal 0 0 -1
    outer loop
      vertex -8.96873 -4.42289 23.5
      vertex -9.36181 -3.5 23.5
      vertex -8.96873 4.42289 23.5
    endloop
  endfacet
  facet normal 0 0 -1
    outer loop
      vertex -9.36181 3.5 23.5
      vertex -8.96873 4.42289 23.5
      vertex -9.36181 -3.5 23.5
    endloop
  endfacet
  facet normal 0 0 -1
    outer loop
      vertex -8.96873 4.42289 23.5
      vertex -9.36181 3.5 23.5
      vertex -9.2388 3.82683 23.5
    endloop
  endfacet
  facet normal 0 0 -1
    outer loop
      vertex -64 -1.25 23.5
      vertex -9.36181 -3.5 23.5
      vertex -64 -3.5 23.5
    endloop
  endfacet
  facet normal 0 0 -1
    outer loop
      vertex -9.36181 -3.5 23.5
      vertex -64 -1.25 23.5
      vertex -9.36181 3.5 23.5
    endloop
  endfacet
  facet normal 0 0 -1
    outer loop
      vertex -64 1.25 23.5
      vertex -9.36181 3.5 23.5
      vertex -64 -1.25 23.5
    endloop
  endfacet
  facet normal -0 0 -1
    outer loop
      vertex -9.36181 3.5 23.5
      vertex -64 1.25 23.5
      vertex -64 3.5 23.5
    endloop
  endfacet
  facet normal 0 0 -1
    outer loop
      vertex 64 -1.25 23.5
      vertex 67 1.25 23.5
      vertex 67 -1.25 23.5
    endloop
  endfacet
  facet normal -0 0 -1
    outer loop
      vertex 67 1.25 23.5
      vertex 64 -1.25 23.5
      vertex 64 1.25 23.5
    endloop
  endfacet
  facet normal 0 -1 0
    outer loop
      vertex 9.36181 -3.5 28.5
      vertex 56.845 -3.5 24.7105
      vertex 64 -3.5 28.5
    endloop
  endfacet
  facet normal 0 -1 0
    outer loop
      vertex 9.36181 -3.5 23.5
      vertex 56.845 -3.5 24.7105
      vertex 9.36181 -3.5 28.5
    endloop
  endfacet
  facet normal 0 -1 -0
    outer loop
      vertex 56.845 -3.5 24.7105
      vertex 56.8276 -3.5 24.0748
      vertex 56.8772 -3.5 24.4595
    endloop
  endfacet
  facet normal 0 -1 0
    outer loop
      vertex 56.845 -3.5 24.7105
      vertex 9.36181 -3.5 23.5
      vertex 56.8276 -3.5 24.0748
    endloop
  endfacet
  facet normal 0 -1 0
    outer loop
      vertex 64 -3.5 23.5
      vertex 56.8276 -3.5 24.0748
      vertex 9.36181 -3.5 23.5
    endloop
  endfacet
  facet normal 0 -1 0
    outer loop
      vertex 56.8276 -3.5 24.0748
      vertex 64 -3.5 23.5
      vertex 59.9229 -3.5 23.9889
    endloop
  endfacet
  facet normal 0 -1 0
    outer loop
      vertex 59.9229 -3.5 23.9889
      vertex 64 -3.5 23.5
      vertex 64 -3.5 23.9889
    endloop
  endfacet
  facet normal 0 -1 0
    outer loop
      vertex 59.1996 -3.5 24.7105
      vertex 64 -3.5 28.5
      vertex 56.845 -3.5 24.7105
    endloop
  endfacet
  facet normal 0 -1 -0
    outer loop
      vertex 64 -3.5 28.5
      vertex 59.1996 -3.5 24.7105
      vertex 64 -3.5 24.597
    endloop
  endfacet
  facet normal 0 1 -0
    outer loop
      vertex 64 3.5 23.5
      vertex 9.36181 3.5 28.5
      vertex 64 3.5 28.5
    endloop
  endfacet
  facet normal 0 1 0
    outer loop
      vertex 9.36181 3.5 28.5
      vertex 64 3.5 23.5
      vertex 9.36181 3.5 23.5
    endloop
  endfacet
  facet normal 0 0 1
    outer loop
      vertex 64 3.5 99.5
      vertex 10 0 99.5
      vertex 64 -3.5 99.5
    endloop
  endfacet
  facet normal 0 0 1
    outer loop
      vertex 64 3.5 99.5
      vertex 9.97859 0.654031 99.5
      vertex 10 0 99.5
    endloop
  endfacet
  facet normal 0 0 1
    outer loop
      vertex 64 3.5 99.5
      vertex 9.91445 1.30526 99.5
      vertex 9.97859 0.654031 99.5
    endloop
  endfacet
  facet normal 0 0 1
    outer loop
      vertex 64 3.5 99.5
      vertex 9.80785 1.9509 99.5
      vertex 9.91445 1.30526 99.5
    endloop
  endfacet
  facet normal 0 0 1
    outer loop
      vertex 64 3.5 99.5
      vertex 9.65926 2.58819 99.5
      vertex 9.80785 1.9509 99.5
    endloop
  endfacet
  facet normal 0 0 1
    outer loop
      vertex 64 3.5 99.5
      vertex 9.4693 3.21439 99.5
      vertex 9.65926 2.58819 99.5
    endloop
  endfacet
  facet normal 0 -0 1
    outer loop
      vertex 9.4693 3.21439 99.5
      vertex 64 3.5 99.5
      vertex 9.36181 3.5 99.5
    endloop
  endfacet
  facet normal -0 0 1
    outer loop
      vertex 9.97859 -0.654031 99.5
      vertex 64 -3.5 99.5
      vertex 10 0 99.5
    endloop
  endfacet
  facet normal -0 0 1
    outer loop
      vertex 9.91445 -1.30526 99.5
      vertex 64 -3.5 99.5
      vertex 9.97859 -0.654031 99.5
    endloop
  endfacet
  facet normal -0 0 1
    outer loop
      vertex 9.80785 -1.9509 99.5
      vertex 64 -3.5 99.5
      vertex 9.91445 -1.30526 99.5
    endloop
  endfacet
  facet normal -0 0 1
    outer loop
      vertex 9.65926 -2.58819 99.5
      vertex 64 -3.5 99.5
      vertex 9.80785 -1.9509 99.5
    endloop
  endfacet
  facet normal -0 0 1
    outer loop
      vertex 9.4693 -3.21439 99.5
      vertex 64 -3.5 99.5
      vertex 9.65926 -2.58819 99.5
    endloop
  endfacet
  facet normal 0 0 1
    outer loop
      vertex 64 -3.5 99.5
      vertex 9.4693 -3.21439 99.5
      vertex 9.36181 -3.5 99.5
    endloop
  endfacet
  facet normal 1 -0 0
    outer loop
      vertex 64 -3.5 99.5
      vertex 64 3.5 94.5
      vertex 64 3.5 99.5
    endloop
  endfacet
  facet normal 1 0 0
    outer loop
      vertex 64 3.5 94.5
      vertex 64 -3.5 99.5
      vertex 64 -3.5 94.5
    endloop
  endfacet
  facet normal 0 1 -0
    outer loop
      vertex 64 3.5 94.5
      vertex 9.36181 3.5 99.5
      vertex 64 3.5 99.5
    endloop
  endfacet
  facet normal 0 1 0
    outer loop
      vertex 9.36181 3.5 99.5
      vertex 64 3.5 94.5
      vertex 9.36181 3.5 94.5
    endloop
  endfacet
  facet normal 0 0 -1
    outer loop
      vertex 64 -3.5 94.5
      vertex 10 0 94.5
      vertex 64 3.5 94.5
    endloop
  endfacet
  facet normal 0 0 -1
    outer loop
      vertex 64 -3.5 94.5
      vertex 9.97859 -0.654031 94.5
      vertex 10 0 94.5
    endloop
  endfacet
  facet normal 0 0 -1
    outer loop
      vertex 64 -3.5 94.5
      vertex 9.91445 -1.30526 94.5
      vertex 9.97859 -0.654031 94.5
    endloop
  endfacet
  facet normal 0 0 -1
    outer loop
      vertex 64 -3.5 94.5
      vertex 9.80785 -1.9509 94.5
      vertex 9.91445 -1.30526 94.5
    endloop
  endfacet
  facet normal 0 0 -1
    outer loop
      vertex 64 -3.5 94.5
      vertex 9.65926 -2.58819 94.5
      vertex 9.80785 -1.9509 94.5
    endloop
  endfacet
  facet normal 0 0 -1
    outer loop
      vertex 64 -3.5 94.5
      vertex 9.4693 -3.21439 94.5
      vertex 9.65926 -2.58819 94.5
    endloop
  endfacet
  facet normal 0 -0 -1
    outer loop
      vertex 9.4693 -3.21439 94.5
      vertex 64 -3.5 94.5
      vertex 9.36181 -3.5 94.5
    endloop
  endfacet
  facet normal 0 0 -1
    outer loop
      vertex 9.97859 0.654031 94.5
      vertex 64 3.5 94.5
      vertex 10 0 94.5
    endloop
  endfacet
  facet normal 0 0 -1
    outer loop
      vertex 9.91445 1.30526 94.5
      vertex 64 3.5 94.5
      vertex 9.97859 0.654031 94.5
    endloop
  endfacet
  facet normal 0 0 -1
    outer loop
      vertex 9.80785 1.9509 94.5
      vertex 64 3.5 94.5
      vertex 9.91445 1.30526 94.5
    endloop
  endfacet
  facet normal 0 0 -1
    outer loop
      vertex 9.65926 2.58819 94.5
      vertex 64 3.5 94.5
      vertex 9.80785 1.9509 94.5
    endloop
  endfacet
  facet normal 0 0 -1
    outer loop
      vertex 9.4693 3.21439 94.5
      vertex 64 3.5 94.5
      vertex 9.65926 2.58819 94.5
    endloop
  endfacet
  facet normal -0 0 -1
    outer loop
      vertex 64 3.5 94.5
      vertex 9.4693 3.21439 94.5
      vertex 9.36181 3.5 94.5
    endloop
  endfacet
  facet normal 0 -1 0
    outer loop
      vertex 9.36181 -3.5 94.5
      vertex 64 -3.5 99.5
      vertex 9.36181 -3.5 99.5
    endloop
  endfacet
  facet normal 0 -1 -0
    outer loop
      vertex 64 -3.5 99.5
      vertex 9.36181 -3.5 94.5
      vertex 64 -3.5 94.5
    endloop
  endfacet
  facet normal 0 0 1
    outer loop
      vertex -9.97859 0.654031 28.5
      vertex -64 3.5 28.5
      vertex -10 0 28.5
    endloop
  endfacet
  facet normal 0 0 1
    outer loop
      vertex -9.91445 1.30526 28.5
      vertex -64 3.5 28.5
      vertex -9.97859 0.654031 28.5
    endloop
  endfacet
  facet normal 0 0 1
    outer loop
      vertex -9.80785 1.9509 28.5
      vertex -64 3.5 28.5
      vertex -9.91445 1.30526 28.5
    endloop
  endfacet
  facet normal 0 0 1
    outer loop
      vertex -9.65926 2.58819 28.5
      vertex -64 3.5 28.5
      vertex -9.80785 1.9509 28.5
    endloop
  endfacet
  facet normal 0 0 1
    outer loop
      vertex -9.4693 3.21439 28.5
      vertex -64 3.5 28.5
      vertex -9.65926 2.58819 28.5
    endloop
  endfacet
  facet normal -0 0 1
    outer loop
      vertex -64 3.5 28.5
      vertex -9.4693 3.21439 28.5
      vertex -9.36181 3.5 28.5
    endloop
  endfacet
  facet normal 0 0 1
    outer loop
      vertex -64 -3.5 28.5
      vertex -10 0 28.5
      vertex -64 3.5 28.5
    endloop
  endfacet
  facet normal 0 0 1
    outer loop
      vertex -10 0 28.5
      vertex -64 -3.5 28.5
      vertex -9.97859 -0.654031 28.5
    endloop
  endfacet
  facet normal 0 0 1
    outer loop
      vertex -9.97859 -0.654031 28.5
      vertex -64 -3.5 28.5
      vertex -9.91445 -1.30526 28.5
    endloop
  endfacet
  facet normal 0 0 1
    outer loop
      vertex -9.91445 -1.30526 28.5
      vertex -64 -3.5 28.5
      vertex -9.80785 -1.9509 28.5
    endloop
  endfacet
  facet normal 0 0 1
    outer loop
      vertex -9.80785 -1.9509 28.5
      vertex -64 -3.5 28.5
      vertex -9.65926 -2.58819 28.5
    endloop
  endfacet
  facet normal 0 0 1
    outer loop
      vertex -9.65926 -2.58819 28.5
      vertex -64 -3.5 28.5
      vertex -9.4693 -3.21439 28.5
    endloop
  endfacet
  facet normal 0 0 1
    outer loop
      vertex -9.4693 -3.21439 28.5
      vertex -64 -3.5 28.5
      vertex -9.36181 -3.5 28.5
    endloop
  endfacet
  facet normal -1 0 0
    outer loop
      vertex -64 0.576822 23.9656
      vertex -64 3.5 28.5
      vertex -64 3.5 24.597
    endloop
  endfacet
  facet normal -1 0 0
    outer loop
      vertex -64 -3.5 28.5
      vertex -64 0.576822 23.9656
      vertex -64 -1.25 23.5
    endloop
  endfacet
  facet normal -1 0 0
    outer loop
      vertex -64 -3.5 28.5
      vertex -64 -1.25 23.5
      vertex -64 -3.5 23.5
    endloop
  endfacet
  facet normal -1 0 0
    outer loop
      vertex -64 0.576822 23.9656
      vertex -64 -3.5 28.5
      vertex -64 3.5 28.5
    endloop
  endfacet
  facet normal -1 0 0
    outer loop
      vertex -64 3.5 23.5
      vertex -64 1.25 23.5
      vertex -64 3.5 23.9889
    endloop
  endfacet
  facet normal 0 -1 0
    outer loop
      vertex -64 -3.5 23.5
      vertex -9.36181 -3.5 28.5
      vertex -64 -3.5 28.5
    endloop
  endfacet
  facet normal 0 -1 -0
    outer loop
      vertex -9.36181 -3.5 28.5
      vertex -64 -3.5 23.5
      vertex -9.36181 -3.5 23.5
    endloop
  endfacet
  facet normal 0 1 0
    outer loop
      vertex -9.36181 3.5 28.5
      vertex -56.845 3.5 24.7105
      vertex -64 3.5 28.5
    endloop
  endfacet
  facet normal 0 1 -0
    outer loop
      vertex -9.36181 3.5 23.5
      vertex -56.845 3.5 24.7105
      vertex -9.36181 3.5 28.5
    endloop
  endfacet
  facet normal 0 1 0
    outer loop
      vertex -56.845 3.5 24.7105
      vertex -56.8276 3.5 24.0748
      vertex -56.8772 3.5 24.4595
    endloop
  endfacet
  facet normal 0 1 0
    outer loop
      vertex -56.845 3.5 24.7105
      vertex -9.36181 3.5 23.5
      vertex -56.8276 3.5 24.0748
    endloop
  endfacet
  facet normal 0 1 0
    outer loop
      vertex -64 3.5 23.5
      vertex -56.8276 3.5 24.0748
      vertex -9.36181 3.5 23.5
    endloop
  endfacet
  facet normal 0 1 0
    outer loop
      vertex -56.8276 3.5 24.0748
      vertex -64 3.5 23.5
      vertex -59.9229 3.5 23.9889
    endloop
  endfacet
  facet normal 0 1 0
    outer loop
      vertex -59.9229 3.5 23.9889
      vertex -64 3.5 23.5
      vertex -64 3.5 23.9889
    endloop
  endfacet
  facet normal 0 1 -0
    outer loop
      vertex -59.1996 3.5 24.7105
      vertex -64 3.5 28.5
      vertex -56.845 3.5 24.7105
    endloop
  endfacet
  facet normal 0 1 0
    outer loop
      vertex -64 3.5 28.5
      vertex -59.1996 3.5 24.7105
      vertex -64 3.5 24.597
    endloop
  endfacet
  facet normal 0 0 1
    outer loop
      vertex -9.97859 0.654031 99.5
      vertex -64 3.5 99.5
      vertex -10 0 99.5
    endloop
  endfacet
  facet normal 0 0 1
    outer loop
      vertex -9.91445 1.30526 99.5
      vertex -64 3.5 99.5
      vertex -9.97859 0.654031 99.5
    endloop
  endfacet
  facet normal 0 0 1
    outer loop
      vertex -9.80785 1.9509 99.5
      vertex -64 3.5 99.5
      vertex -9.91445 1.30526 99.5
    endloop
  endfacet
  facet normal 0 0 1
    outer loop
      vertex -9.65926 2.58819 99.5
      vertex -64 3.5 99.5
      vertex -9.80785 1.9509 99.5
    endloop
  endfacet
  facet normal 0 0 1
    outer loop
      vertex -9.4693 3.21439 99.5
      vertex -64 3.5 99.5
      vertex -9.65926 2.58819 99.5
    endloop
  endfacet
  facet normal -0 0 1
    outer loop
      vertex -64 3.5 99.5
      vertex -9.4693 3.21439 99.5
      vertex -9.36181 3.5 99.5
    endloop
  endfacet
  facet normal 0 0 1
    outer loop
      vertex -64 -3.5 99.5
      vertex -10 0 99.5
      vertex -64 3.5 99.5
    endloop
  endfacet
  facet normal 0 0 1
    outer loop
      vertex -10 0 99.5
      vertex -64 -3.5 99.5
      vertex -9.97859 -0.654031 99.5
    endloop
  endfacet
  facet normal 0 0 1
    outer loop
      vertex -9.97859 -0.654031 99.5
      vertex -64 -3.5 99.5
      vertex -9.91445 -1.30526 99.5
    endloop
  endfacet
  facet normal 0 0 1
    outer loop
      vertex -9.91445 -1.30526 99.5
      vertex -64 -3.5 99.5
      vertex -9.80785 -1.9509 99.5
    endloop
  endfacet
  facet normal 0 0 1
    outer loop
      vertex -9.80785 -1.9509 99.5
      vertex -64 -3.5 99.5
      vertex -9.65926 -2.58819 99.5
    endloop
  endfacet
  facet normal 0 0 1
    outer loop
      vertex -9.65926 -2.58819 99.5
      vertex -64 -3.5 99.5
      vertex -9.4693 -3.21439 99.5
    endloop
  endfacet
  facet normal 0 0 1
    outer loop
      vertex -9.4693 -3.21439 99.5
      vertex -64 -3.5 99.5
      vertex -9.36181 -3.5 99.5
    endloop
  endfacet
  facet normal -1 0 0
    outer loop
      vertex -64 -3.5 94.5
      vertex -64 3.5 99.5
      vertex -64 3.5 94.5
    endloop
  endfacet
  facet normal -1 -0 0
    outer loop
      vertex -64 3.5 99.5
      vertex -64 -3.5 94.5
      vertex -64 -3.5 99.5
    endloop
  endfacet
  facet normal 0 -1 0
    outer loop
      vertex -64 -3.5 94.5
      vertex -9.36181 -3.5 99.5
      vertex -64 -3.5 99.5
    endloop
  endfacet
  facet normal 0 -1 -0
    outer loop
      vertex -9.36181 -3.5 99.5
      vertex -64 -3.5 94.5
      vertex -9.36181 -3.5 94.5
    endloop
  endfacet
  facet normal -0 0 -1
    outer loop
      vertex -9.97859 -0.654031 94.5
      vertex -64 -3.5 94.5
      vertex -10 0 94.5
    endloop
  endfacet
  facet normal -0 0 -1
    outer loop
      vertex -9.91445 -1.30526 94.5
      vertex -64 -3.5 94.5
      vertex -9.97859 -0.654031 94.5
    endloop
  endfacet
  facet normal -0 0 -1
    outer loop
      vertex -9.80785 -1.9509 94.5
      vertex -64 -3.5 94.5
      vertex -9.91445 -1.30526 94.5
    endloop
  endfacet
  facet normal -0 0 -1
    outer loop
      vertex -9.65926 -2.58819 94.5
      vertex -64 -3.5 94.5
      vertex -9.80785 -1.9509 94.5
    endloop
  endfacet
  facet normal -0 0 -1
    outer loop
      vertex -9.4693 -3.21439 94.5
      vertex -64 -3.5 94.5
      vertex -9.65926 -2.58819 94.5
    endloop
  endfacet
  facet normal 0 0 -1
    outer loop
      vertex -64 -3.5 94.5
      vertex -9.4693 -3.21439 94.5
      vertex -9.36181 -3.5 94.5
    endloop
  endfacet
  facet normal 0 0 -1
    outer loop
      vertex -64 3.5 94.5
      vertex -10 0 94.5
      vertex -64 -3.5 94.5
    endloop
  endfacet
  facet normal 0 0 -1
    outer loop
      vertex -10 0 94.5
      vertex -64 3.5 94.5
      vertex -9.97859 0.654031 94.5
    endloop
  endfacet
  facet normal 0 0 -1
    outer loop
      vertex -9.97859 0.654031 94.5
      vertex -64 3.5 94.5
      vertex -9.91445 1.30526 94.5
    endloop
  endfacet
  facet normal 0 0 -1
    outer loop
      vertex -9.91445 1.30526 94.5
      vertex -64 3.5 94.5
      vertex -9.80785 1.9509 94.5
    endloop
  endfacet
  facet normal 0 0 -1
    outer loop
      vertex -9.80785 1.9509 94.5
      vertex -64 3.5 94.5
      vertex -9.65926 2.58819 94.5
    endloop
  endfacet
  facet normal 0 0 -1
    outer loop
      vertex -9.65926 2.58819 94.5
      vertex -64 3.5 94.5
      vertex -9.4693 3.21439 94.5
    endloop
  endfacet
  facet normal 0 0 -1
    outer loop
      vertex -9.4693 3.21439 94.5
      vertex -64 3.5 94.5
      vertex -9.36181 3.5 94.5
    endloop
  endfacet
  facet normal 0 1 -0
    outer loop
      vertex -9.36181 3.5 94.5
      vertex -64 3.5 99.5
      vertex -9.36181 3.5 99.5
    endloop
  endfacet
  facet normal 0 1 0
    outer loop
      vertex -64 3.5 99.5
      vertex -9.36181 3.5 94.5
      vertex -64 3.5 94.5
    endloop
  endfacet
  facet normal 0.999465 -0.0327179 0
    outer loop
      vertex 9.97859 -0.654031 94.5
      vertex 10 0 28.5
      vertex 10 0 94.5
    endloop
  endfacet
  facet normal 0.999465 -0.0327179 0
    outer loop
      vertex 10 0 28.5
      vertex 9.97859 -0.654031 94.5
      vertex 9.97859 -0.654031 28.5
    endloop
  endfacet
  facet normal 0.999465 -0.0327179 0
    outer loop
      vertex 9.97859 -0.654031 107.5
      vertex 10 0 99.5
      vertex 10 0 107.5
    endloop
  endfacet
  facet normal 0.999465 -0.0327179 0
    outer loop
      vertex 10 0 99.5
      vertex 9.97859 -0.654031 107.5
      vertex 9.97859 -0.654031 99.5
    endloop
  endfacet
  facet normal 0.582486 0.81284 -0
    outer loop
      vertex 6.08761 7.93353 23.5
      vertex 5.5557 8.3147 107.5
      vertex 6.08761 7.93353 107.5
    endloop
  endfacet
  facet normal 0.582486 0.81284 0
    outer loop
      vertex 5.5557 8.3147 107.5
      vertex 6.08761 7.93353 23.5
      vertex 5.5557 8.3147 23.5
    endloop
  endfacet
  facet normal -0.352242 0.935909 0
    outer loop
      vertex -3.21439 9.4693 23.5
      vertex -3.82683 9.2388 107.5
      vertex -3.21439 9.4693 107.5
    endloop
  endfacet
  facet normal -0.352242 0.935909 0
    outer loop
      vertex -3.82683 9.2388 107.5
      vertex -3.21439 9.4693 23.5
      vertex -3.82683 9.2388 23.5
    endloop
  endfacet
  facet normal -0.910865 0.412705 0
    outer loop
      vertex -9.2388 3.82683 23.5
      vertex -8.96873 4.42289 107.5
      vertex -8.96873 4.42289 23.5
    endloop
  endfacet
  facet normal -0.910865 0.412705 0
    outer loop
      vertex -8.96873 4.42289 107.5
      vertex -9.2388 3.82683 23.5
      vertex -9.2388 3.82683 107.5
    endloop
  endfacet
  facet normal -0.910865 -0.412705 0
    outer loop
      vertex -8.96873 -4.42289 23.5
      vertex -9.2388 -3.82683 107.5
      vertex -9.2388 -3.82683 23.5
    endloop
  endfacet
  facet normal -0.910865 -0.412705 0
    outer loop
      vertex -9.2388 -3.82683 107.5
      vertex -8.96873 -4.42289 23.5
      vertex -8.96873 -4.42289 107.5
    endloop
  endfacet
  facet normal 0.986642 0.162902 0
    outer loop
      vertex 9.91445 1.30526 94.5
      vertex 9.80785 1.9509 28.5
      vertex 9.80785 1.9509 94.5
    endloop
  endfacet
  facet normal 0.986642 0.162902 0
    outer loop
      vertex 9.80785 1.9509 28.5
      vertex 9.91445 1.30526 94.5
      vertex 9.91445 1.30526 28.5
    endloop
  endfacet
  facet normal 0.986642 0.162902 0
    outer loop
      vertex 9.91445 1.30526 107.5
      vertex 9.80785 1.9509 99.5
      vertex 9.80785 1.9509 107.5
    endloop
  endfacet
  facet normal 0.986642 0.162902 0
    outer loop
      vertex 9.80785 1.9509 99.5
      vertex 9.91445 1.30526 107.5
      vertex 9.91445 1.30526 99.5
    endloop
  endfacet
  facet normal 0.973879 0.227069 0
    outer loop
      vertex 9.80785 1.9509 94.5
      vertex 9.65926 2.58819 28.5
      vertex 9.65926 2.58819 94.5
    endloop
  endfacet
  facet normal 0.973879 0.227069 0
    outer loop
      vertex 9.65926 2.58819 28.5
      vertex 9.80785 1.9509 94.5
      vertex 9.80785 1.9509 28.5
    endloop
  endfacet
  facet normal 0.973879 0.227069 0
    outer loop
      vertex 9.80785 1.9509 107.5
      vertex 9.65926 2.58819 99.5
      vertex 9.65926 2.58819 107.5
    endloop
  endfacet
  facet normal 0.973879 0.227069 0
    outer loop
      vertex 9.65926 2.58819 99.5
      vertex 9.80785 1.9509 107.5
      vertex 9.80785 1.9509 99.5
    endloop
  endfacet
  facet normal 0.81284 0.582486 0
    outer loop
      vertex 8.3147 5.5557 107.5
      vertex 7.93353 6.08761 23.5
      vertex 7.93353 6.08761 107.5
    endloop
  endfacet
  facet normal 0.81284 0.582486 0
    outer loop
      vertex 7.93353 6.08761 23.5
      vertex 8.3147 5.5557 107.5
      vertex 8.3147 5.5557 23.5
    endloop
  endfacet
  facet normal 0.528061 0.849207 -0
    outer loop
      vertex 5.5557 8.3147 23.5
      vertex 5 8.66025 107.5
      vertex 5.5557 8.3147 107.5
    endloop
  endfacet
  facet normal 0.528061 0.849207 0
    outer loop
      vertex 5 8.66025 107.5
      vertex 5.5557 8.3147 23.5
      vertex 5 8.66025 23.5
    endloop
  endfacet
  facet normal -0.582486 0.81284 0
    outer loop
      vertex -5.5557 8.3147 23.5
      vertex -6.08761 7.93353 107.5
      vertex -5.5557 8.3147 107.5
    endloop
  endfacet
  facet normal -0.582486 0.81284 0
    outer loop
      vertex -6.08761 7.93353 107.5
      vertex -5.5557 8.3147 23.5
      vertex -6.08761 7.93353 23.5
    endloop
  endfacet
  facet normal 0.227069 -0.973879 0
    outer loop
      vertex 1.9509 -9.80785 23.5
      vertex 2.58819 -9.65926 107.5
      vertex 1.9509 -9.80785 107.5
    endloop
  endfacet
  facet normal 0.227069 -0.973879 0
    outer loop
      vertex 2.58819 -9.65926 107.5
      vertex 1.9509 -9.80785 23.5
      vertex 2.58819 -9.65926 23.5
    endloop
  endfacet
  facet normal 0.634384 -0.773018 0
    outer loop
      vertex 6.08761 -7.93353 23.5
      vertex 6.59346 -7.5184 107.5
      vertex 6.08761 -7.93353 107.5
    endloop
  endfacet
  facet normal 0.634384 -0.773018 0
    outer loop
      vertex 6.59346 -7.5184 107.5
      vertex 6.08761 -7.93353 23.5
      vertex 6.59346 -7.5184 23.5
    endloop
  endfacet
  facet normal -0.0327179 -0.999465 0
    outer loop
      vertex -0.654031 -9.97859 23.5
      vertex 0 -10 107.5
      vertex -0.654031 -9.97859 107.5
    endloop
  endfacet
  facet normal -0.0327179 -0.999465 -0
    outer loop
      vertex 0 -10 107.5
      vertex -0.654031 -9.97859 23.5
      vertex 0 -10 23.5
    endloop
  endfacet
  facet normal 0.935912 0.352233 0
    outer loop
      vertex 9.4693 3.21439 94.5
      vertex 9.36181 3.5 28.5
      vertex 9.36181 3.5 94.5
    endloop
  endfacet
  facet normal 0.935912 0.352233 0
    outer loop
      vertex 9.36181 3.5 28.5
      vertex 9.4693 3.21439 94.5
      vertex 9.4693 3.21439 28.5
    endloop
  endfacet
  facet normal 0.935906 0.35225 -0
    outer loop
      vertex 9.36181 3.5 94.5
      vertex 9.2388 3.82683 107.5
      vertex 9.36181 3.5 99.5
    endloop
  endfacet
  facet normal 0.935909 0.352242 3.68555e-07
    outer loop
      vertex 9.4693 3.21439 107.5
      vertex 9.36181 3.5 99.5
      vertex 9.2388 3.82683 107.5
    endloop
  endfacet
  facet normal 0.935912 0.352233 0
    outer loop
      vertex 9.36181 3.5 99.5
      vertex 9.4693 3.21439 107.5
      vertex 9.4693 3.21439 99.5
    endloop
  endfacet
  facet normal 0.935906 0.35225 0
    outer loop
      vertex 9.2388 3.82683 107.5
      vertex 9.36181 3.5 94.5
      vertex 9.2388 3.82683 23.5
    endloop
  endfacet
  facet normal 0.935906 0.35225 -0
    outer loop
      vertex 9.36181 3.5 28.5
      vertex 9.2388 3.82683 23.5
      vertex 9.36181 3.5 94.5
    endloop
  endfacet
  facet normal 0.935906 0.35225 0
    outer loop
      vertex 9.2388 3.82683 23.5
      vertex 9.36181 3.5 28.5
      vertex 9.36181 3.5 23.5
    endloop
  endfacet
  facet normal 0.910865 0.412705 0
    outer loop
      vertex 9.2388 3.82683 107.5
      vertex 8.96873 4.42289 23.5
      vertex 8.96873 4.42289 107.5
    endloop
  endfacet
  facet normal 0.910865 0.412705 0
    outer loop
      vertex 8.96873 4.42289 23.5
      vertex 9.2388 3.82683 107.5
      vertex 9.2388 3.82683 23.5
    endloop
  endfacet
  facet normal 0.0327179 0.999465 -0
    outer loop
      vertex 0.654031 9.97859 23.5
      vertex 0 10 107.5
      vertex 0.654031 9.97859 107.5
    endloop
  endfacet
  facet normal 0.0327179 0.999465 0
    outer loop
      vertex 0 10 107.5
      vertex 0.654031 9.97859 23.5
      vertex 0 10 23.5
    endloop
  endfacet
  facet normal 0.227069 0.973879 -0
    outer loop
      vertex 2.58819 9.65926 23.5
      vertex 1.9509 9.80785 107.5
      vertex 2.58819 9.65926 107.5
    endloop
  endfacet
  facet normal 0.227069 0.973879 0
    outer loop
      vertex 1.9509 9.80785 107.5
      vertex 2.58819 9.65926 23.5
      vertex 1.9509 9.80785 23.5
    endloop
  endfacet
  facet normal 0.412705 0.910865 -0
    outer loop
      vertex 4.42289 8.96873 23.5
      vertex 3.82683 9.2388 107.5
      vertex 4.42289 8.96873 107.5
    endloop
  endfacet
  facet normal 0.412705 0.910865 0
    outer loop
      vertex 3.82683 9.2388 107.5
      vertex 4.42289 8.96873 23.5
      vertex 3.82683 9.2388 23.5
    endloop
  endfacet
  facet normal 0.352242 0.935909 -0
    outer loop
      vertex 3.82683 9.2388 23.5
      vertex 3.21439 9.4693 107.5
      vertex 3.82683 9.2388 107.5
    endloop
  endfacet
  facet normal 0.352242 0.935909 0
    outer loop
      vertex 3.21439 9.4693 107.5
      vertex 3.82683 9.2388 23.5
      vertex 3.21439 9.4693 23.5
    endloop
  endfacet
  facet normal 0.0980164 0.995185 -0
    outer loop
      vertex 1.30526 9.91445 23.5
      vertex 0.654031 9.97859 107.5
      vertex 1.30526 9.91445 107.5
    endloop
  endfacet
  facet normal 0.0980164 0.995185 0
    outer loop
      vertex 0.654031 9.97859 107.5
      vertex 1.30526 9.91445 23.5
      vertex 0.654031 9.97859 23.5
    endloop
  endfacet
  facet normal -0.999465 0.0327179 0
    outer loop
      vertex -10 0 28.5
      vertex -9.97859 0.654031 94.5
      vertex -9.97859 0.654031 28.5
    endloop
  endfacet
  facet normal -0.999465 0.0327179 0
    outer loop
      vertex -9.97859 0.654031 94.5
      vertex -10 0 28.5
      vertex -10 0 94.5
    endloop
  endfacet
  facet normal -0.999465 0.0327179 0
    outer loop
      vertex -10 0 99.5
      vertex -9.97859 0.654031 107.5
      vertex -9.97859 0.654031 99.5
    endloop
  endfacet
  facet normal -0.999465 0.0327179 0
    outer loop
      vertex -9.97859 0.654031 107.5
      vertex -10 0 99.5
      vertex -10 0 107.5
    endloop
  endfacet
  facet normal -0.973879 0.227069 0
    outer loop
      vertex -9.80785 1.9509 28.5
      vertex -9.65926 2.58819 94.5
      vertex -9.65926 2.58819 28.5
    endloop
  endfacet
  facet normal -0.973879 0.227069 0
    outer loop
      vertex -9.65926 2.58819 94.5
      vertex -9.80785 1.9509 28.5
      vertex -9.80785 1.9509 94.5
    endloop
  endfacet
  facet normal -0.973879 0.227069 0
    outer loop
      vertex -9.80785 1.9509 99.5
      vertex -9.65926 2.58819 107.5
      vertex -9.65926 2.58819 99.5
    endloop
  endfacet
  facet normal -0.973879 0.227069 0
    outer loop
      vertex -9.65926 2.58819 107.5
      vertex -9.80785 1.9509 99.5
      vertex -9.80785 1.9509 107.5
    endloop
  endfacet
  facet normal -0.935912 0.352233 0
    outer loop
      vertex -9.4693 3.21439 28.5
      vertex -9.36181 3.5 94.5
      vertex -9.36181 3.5 28.5
    endloop
  endfacet
  facet normal -0.935912 0.352233 0
    outer loop
      vertex -9.36181 3.5 94.5
      vertex -9.4693 3.21439 28.5
      vertex -9.4693 3.21439 94.5
    endloop
  endfacet
  facet normal -0.935906 0.35225 0
    outer loop
      vertex -9.36181 3.5 28.5
      vertex -9.2388 3.82683 23.5
      vertex -9.36181 3.5 23.5
    endloop
  endfacet
  facet normal -0.935906 0.35225 0
    outer loop
      vertex -9.36181 3.5 94.5
      vertex -9.2388 3.82683 23.5
      vertex -9.36181 3.5 28.5
    endloop
  endfacet
  facet normal -0.935906 0.35225 0
    outer loop
      vertex -9.2388 3.82683 23.5
      vertex -9.36181 3.5 94.5
      vertex -9.2388 3.82683 107.5
    endloop
  endfacet
  facet normal -0.935906 0.35225 0
    outer loop
      vertex -9.36181 3.5 99.5
      vertex -9.2388 3.82683 107.5
      vertex -9.36181 3.5 94.5
    endloop
  endfacet
  facet normal -0.935912 0.352233 0
    outer loop
      vertex -9.4693 3.21439 107.5
      vertex -9.36181 3.5 99.5
      vertex -9.4693 3.21439 99.5
    endloop
  endfacet
  facet normal -0.935909 0.352242 3.68555e-07
    outer loop
      vertex -9.36181 3.5 99.5
      vertex -9.4693 3.21439 107.5
      vertex -9.2388 3.82683 107.5
    endloop
  endfacet
  facet normal -0.995185 0.0980164 0
    outer loop
      vertex -9.97859 0.654031 28.5
      vertex -9.91445 1.30526 94.5
      vertex -9.91445 1.30526 28.5
    endloop
  endfacet
  facet normal -0.995185 0.0980164 0
    outer loop
      vertex -9.91445 1.30526 94.5
      vertex -9.97859 0.654031 28.5
      vertex -9.97859 0.654031 94.5
    endloop
  endfacet
  facet normal -0.995185 0.0980164 0
    outer loop
      vertex -9.97859 0.654031 99.5
      vertex -9.91445 1.30526 107.5
      vertex -9.91445 1.30526 99.5
    endloop
  endfacet
  facet normal -0.995185 0.0980164 0
    outer loop
      vertex -9.91445 1.30526 107.5
      vertex -9.97859 0.654031 99.5
      vertex -9.97859 0.654031 107.5
    endloop
  endfacet
  facet normal -0.773018 0.634384 0
    outer loop
      vertex -7.93353 6.08761 23.5
      vertex -7.5184 6.59346 107.5
      vertex -7.5184 6.59346 23.5
    endloop
  endfacet
  facet normal -0.773018 0.634384 0
    outer loop
      vertex -7.5184 6.59346 107.5
      vertex -7.93353 6.08761 23.5
      vertex -7.93353 6.08761 107.5
    endloop
  endfacet
  facet normal -0.881916 0.471407 0
    outer loop
      vertex -8.96873 4.42289 23.5
      vertex -8.66025 5 107.5
      vertex -8.66025 5 23.5
    endloop
  endfacet
  facet normal -0.881916 0.471407 0
    outer loop
      vertex -8.66025 5 107.5
      vertex -8.96873 4.42289 23.5
      vertex -8.96873 4.42289 107.5
    endloop
  endfacet
  facet normal -0.81284 0.582486 0
    outer loop
      vertex -8.3147 5.5557 23.5
      vertex -7.93353 6.08761 107.5
      vertex -7.93353 6.08761 23.5
    endloop
  endfacet
  facet normal -0.81284 0.582486 0
    outer loop
      vertex -7.93353 6.08761 107.5
      vertex -8.3147 5.5557 23.5
      vertex -8.3147 5.5557 107.5
    endloop
  endfacet
  facet normal -0.0327179 0.999465 0
    outer loop
      vertex 0 10 23.5
      vertex -0.654031 9.97859 107.5
      vertex 0 10 107.5
    endloop
  endfacet
  facet normal -0.0327179 0.999465 0
    outer loop
      vertex -0.654031 9.97859 107.5
      vertex 0 10 23.5
      vertex -0.654031 9.97859 23.5
    endloop
  endfacet
  facet normal -0.290291 0.956939 0
    outer loop
      vertex -2.58819 9.65926 23.5
      vertex -3.21439 9.4693 107.5
      vertex -2.58819 9.65926 107.5
    endloop
  endfacet
  facet normal -0.290291 0.956939 0
    outer loop
      vertex -3.21439 9.4693 107.5
      vertex -2.58819 9.65926 23.5
      vertex -3.21439 9.4693 23.5
    endloop
  endfacet
  facet normal -0.412705 0.910865 0
    outer loop
      vertex -3.82683 9.2388 23.5
      vertex -4.42289 8.96873 107.5
      vertex -3.82683 9.2388 107.5
    endloop
  endfacet
  facet normal -0.412705 0.910865 0
    outer loop
      vertex -4.42289 8.96873 107.5
      vertex -3.82683 9.2388 23.5
      vertex -4.42289 8.96873 23.5
    endloop
  endfacet
  facet normal 0.0327179 -0.999465 0
    outer loop
      vertex 0 -10 23.5
      vertex 0.654031 -9.97859 107.5
      vertex 0 -10 107.5
    endloop
  endfacet
  facet normal 0.0327179 -0.999465 0
    outer loop
      vertex 0.654031 -9.97859 107.5
      vertex 0 -10 23.5
      vertex 0.654031 -9.97859 23.5
    endloop
  endfacet
  facet normal 0.956939 -0.290291 0
    outer loop
      vertex 9.4693 -3.21439 94.5
      vertex 9.65926 -2.58819 28.5
      vertex 9.65926 -2.58819 94.5
    endloop
  endfacet
  facet normal 0.956939 -0.290291 0
    outer loop
      vertex 9.65926 -2.58819 28.5
      vertex 9.4693 -3.21439 94.5
      vertex 9.4693 -3.21439 28.5
    endloop
  endfacet
  facet normal 0.956939 -0.290291 0
    outer loop
      vertex 9.4693 -3.21439 107.5
      vertex 9.65926 -2.58819 99.5
      vertex 9.65926 -2.58819 107.5
    endloop
  endfacet
  facet normal 0.956939 -0.290291 0
    outer loop
      vertex 9.65926 -2.58819 99.5
      vertex 9.4693 -3.21439 107.5
      vertex 9.4693 -3.21439 99.5
    endloop
  endfacet
  facet normal 0.412705 -0.910865 0
    outer loop
      vertex 3.82683 -9.2388 23.5
      vertex 4.42289 -8.96873 107.5
      vertex 3.82683 -9.2388 107.5
    endloop
  endfacet
  facet normal 0.412705 -0.910865 0
    outer loop
      vertex 4.42289 -8.96873 107.5
      vertex 3.82683 -9.2388 23.5
      vertex 4.42289 -8.96873 23.5
    endloop
  endfacet
  facet normal 0.582486 -0.81284 0
    outer loop
      vertex 5.5557 -8.3147 23.5
      vertex 6.08761 -7.93353 107.5
      vertex 5.5557 -8.3147 107.5
    endloop
  endfacet
  facet normal 0.582486 -0.81284 0
    outer loop
      vertex 6.08761 -7.93353 107.5
      vertex 5.5557 -8.3147 23.5
      vertex 6.08761 -7.93353 23.5
    endloop
  endfacet
  facet normal -0.352242 -0.935909 0
    outer loop
      vertex -3.82683 -9.2388 23.5
      vertex -3.21439 -9.4693 107.5
      vertex -3.82683 -9.2388 107.5
    endloop
  endfacet
  facet normal -0.352242 -0.935909 -0
    outer loop
      vertex -3.21439 -9.4693 107.5
      vertex -3.82683 -9.2388 23.5
      vertex -3.21439 -9.4693 23.5
    endloop
  endfacet
  facet normal -0.412705 -0.910865 0
    outer loop
      vertex -4.42289 -8.96873 23.5
      vertex -3.82683 -9.2388 107.5
      vertex -4.42289 -8.96873 107.5
    endloop
  endfacet
  facet normal -0.412705 -0.910865 -0
    outer loop
      vertex -3.82683 -9.2388 107.5
      vertex -4.42289 -8.96873 23.5
      vertex -3.82683 -9.2388 23.5
    endloop
  endfacet
  facet normal -0.634384 -0.773018 0
    outer loop
      vertex -6.59346 -7.5184 23.5
      vertex -6.08761 -7.93353 107.5
      vertex -6.59346 -7.5184 107.5
    endloop
  endfacet
  facet normal -0.634384 -0.773018 -0
    outer loop
      vertex -6.08761 -7.93353 107.5
      vertex -6.59346 -7.5184 23.5
      vertex -6.08761 -7.93353 23.5
    endloop
  endfacet
  facet normal -0.999465 -0.0327179 0
    outer loop
      vertex -9.97859 -0.654031 28.5
      vertex -10 0 94.5
      vertex -10 0 28.5
    endloop
  endfacet
  facet normal -0.999465 -0.0327179 0
    outer loop
      vertex -10 0 94.5
      vertex -9.97859 -0.654031 28.5
      vertex -9.97859 -0.654031 94.5
    endloop
  endfacet
  facet normal -0.999465 -0.0327179 0
    outer loop
      vertex -9.97859 -0.654031 99.5
      vertex -10 0 107.5
      vertex -10 0 99.5
    endloop
  endfacet
  facet normal -0.999465 -0.0327179 0
    outer loop
      vertex -10 0 107.5
      vertex -9.97859 -0.654031 99.5
      vertex -9.97859 -0.654031 107.5
    endloop
  endfacet
  facet normal -0.81284 -0.582486 0
    outer loop
      vertex -7.93353 -6.08761 23.5
      vertex -8.3147 -5.5557 107.5
      vertex -8.3147 -5.5557 23.5
    endloop
  endfacet
  facet normal -0.81284 -0.582486 0
    outer loop
      vertex -8.3147 -5.5557 107.5
      vertex -7.93353 -6.08761 23.5
      vertex -7.93353 -6.08761 107.5
    endloop
  endfacet
  facet normal -0.773018 -0.634384 0
    outer loop
      vertex -7.5184 -6.59346 23.5
      vertex -7.93353 -6.08761 107.5
      vertex -7.93353 -6.08761 23.5
    endloop
  endfacet
  facet normal -0.773018 -0.634384 0
    outer loop
      vertex -7.93353 -6.08761 107.5
      vertex -7.5184 -6.59346 23.5
      vertex -7.5184 -6.59346 107.5
    endloop
  endfacet
  facet normal 0.995185 0.0980164 0
    outer loop
      vertex 9.97859 0.654031 94.5
      vertex 9.91445 1.30526 28.5
      vertex 9.91445 1.30526 94.5
    endloop
  endfacet
  facet normal 0.995185 0.0980164 0
    outer loop
      vertex 9.91445 1.30526 28.5
      vertex 9.97859 0.654031 94.5
      vertex 9.97859 0.654031 28.5
    endloop
  endfacet
  facet normal 0.995185 0.0980164 0
    outer loop
      vertex 9.97859 0.654031 107.5
      vertex 9.91445 1.30526 99.5
      vertex 9.91445 1.30526 107.5
    endloop
  endfacet
  facet normal 0.995185 0.0980164 0
    outer loop
      vertex 9.91445 1.30526 99.5
      vertex 9.97859 0.654031 107.5
      vertex 9.97859 0.654031 99.5
    endloop
  endfacet
  facet normal 0.956939 0.290291 0
    outer loop
      vertex 9.65926 2.58819 94.5
      vertex 9.4693 3.21439 28.5
      vertex 9.4693 3.21439 94.5
    endloop
  endfacet
  facet normal 0.956939 0.290291 0
    outer loop
      vertex 9.4693 3.21439 28.5
      vertex 9.65926 2.58819 94.5
      vertex 9.65926 2.58819 28.5
    endloop
  endfacet
  facet normal 0.956939 0.290291 0
    outer loop
      vertex 9.65926 2.58819 107.5
      vertex 9.4693 3.21439 99.5
      vertex 9.4693 3.21439 107.5
    endloop
  endfacet
  facet normal 0.956939 0.290291 0
    outer loop
      vertex 9.4693 3.21439 99.5
      vertex 9.65926 2.58819 107.5
      vertex 9.65926 2.58819 99.5
    endloop
  endfacet
  facet normal 0.881916 0.471407 0
    outer loop
      vertex 8.96873 4.42289 107.5
      vertex 8.66025 5 23.5
      vertex 8.66025 5 107.5
    endloop
  endfacet
  facet normal 0.881916 0.471407 0
    outer loop
      vertex 8.66025 5 23.5
      vertex 8.96873 4.42289 107.5
      vertex 8.96873 4.42289 23.5
    endloop
  endfacet
  facet normal 0.849207 0.528061 0
    outer loop
      vertex 8.66025 5 107.5
      vertex 8.3147 5.5557 23.5
      vertex 8.3147 5.5557 107.5
    endloop
  endfacet
  facet normal 0.849207 0.528061 0
    outer loop
      vertex 8.3147 5.5557 23.5
      vertex 8.66025 5 107.5
      vertex 8.66025 5 23.5
    endloop
  endfacet
  facet normal 0.729865 0.683592 0
    outer loop
      vertex 7.5184 6.59346 107.5
      vertex 7.07107 7.07107 23.5
      vertex 7.07107 7.07107 107.5
    endloop
  endfacet
  facet normal 0.729865 0.683592 0
    outer loop
      vertex 7.07107 7.07107 23.5
      vertex 7.5184 6.59346 107.5
      vertex 7.5184 6.59346 23.5
    endloop
  endfacet
  facet normal 0.683592 0.729865 -0
    outer loop
      vertex 7.07107 7.07107 23.5
      vertex 6.59346 7.5184 107.5
      vertex 7.07107 7.07107 107.5
    endloop
  endfacet
  facet normal 0.683592 0.729865 0
    outer loop
      vertex 6.59346 7.5184 107.5
      vertex 7.07107 7.07107 23.5
      vertex 6.59346 7.5184 23.5
    endloop
  endfacet
  facet normal 0.634384 0.773018 -0
    outer loop
      vertex 6.59346 7.5184 23.5
      vertex 6.08761 7.93353 107.5
      vertex 6.59346 7.5184 107.5
    endloop
  endfacet
  facet normal 0.634384 0.773018 0
    outer loop
      vertex 6.08761 7.93353 107.5
      vertex 6.59346 7.5184 23.5
      vertex 6.08761 7.93353 23.5
    endloop
  endfacet
  facet normal 0.471407 0.881916 -0
    outer loop
      vertex 5 8.66025 23.5
      vertex 4.42289 8.96873 107.5
      vertex 5 8.66025 107.5
    endloop
  endfacet
  facet normal 0.471407 0.881916 0
    outer loop
      vertex 4.42289 8.96873 107.5
      vertex 5 8.66025 23.5
      vertex 4.42289 8.96873 23.5
    endloop
  endfacet
  facet normal 0.290291 0.956939 -0
    outer loop
      vertex 3.21439 9.4693 23.5
      vertex 2.58819 9.65926 107.5
      vertex 3.21439 9.4693 107.5
    endloop
  endfacet
  facet normal 0.290291 0.956939 0
    outer loop
      vertex 2.58819 9.65926 107.5
      vertex 3.21439 9.4693 23.5
      vertex 2.58819 9.65926 23.5
    endloop
  endfacet
  facet normal 0.162902 0.986642 -0
    outer loop
      vertex 1.9509 9.80785 23.5
      vertex 1.30526 9.91445 107.5
      vertex 1.9509 9.80785 107.5
    endloop
  endfacet
  facet normal 0.162902 0.986642 0
    outer loop
      vertex 1.30526 9.91445 107.5
      vertex 1.9509 9.80785 23.5
      vertex 1.30526 9.91445 23.5
    endloop
  endfacet
  facet normal -0.956939 0.290291 0
    outer loop
      vertex -9.65926 2.58819 28.5
      vertex -9.4693 3.21439 94.5
      vertex -9.4693 3.21439 28.5
    endloop
  endfacet
  facet normal -0.956939 0.290291 0
    outer loop
      vertex -9.4693 3.21439 94.5
      vertex -9.65926 2.58819 28.5
      vertex -9.65926 2.58819 94.5
    endloop
  endfacet
  facet normal -0.956939 0.290291 0
    outer loop
      vertex -9.65926 2.58819 99.5
      vertex -9.4693 3.21439 107.5
      vertex -9.4693 3.21439 99.5
    endloop
  endfacet
  facet normal -0.956939 0.290291 0
    outer loop
      vertex -9.4693 3.21439 107.5
      vertex -9.65926 2.58819 99.5
      vertex -9.65926 2.58819 107.5
    endloop
  endfacet
  facet normal -0.986642 0.162902 0
    outer loop
      vertex -9.91445 1.30526 28.5
      vertex -9.80785 1.9509 94.5
      vertex -9.80785 1.9509 28.5
    endloop
  endfacet
  facet normal -0.986642 0.162902 0
    outer loop
      vertex -9.80785 1.9509 94.5
      vertex -9.91445 1.30526 28.5
      vertex -9.91445 1.30526 94.5
    endloop
  endfacet
  facet normal -0.986642 0.162902 0
    outer loop
      vertex -9.91445 1.30526 99.5
      vertex -9.80785 1.9509 107.5
      vertex -9.80785 1.9509 99.5
    endloop
  endfacet
  facet normal -0.986642 0.162902 0
    outer loop
      vertex -9.80785 1.9509 107.5
      vertex -9.91445 1.30526 99.5
      vertex -9.91445 1.30526 107.5
    endloop
  endfacet
  facet normal -0.849207 0.528061 0
    outer loop
      vertex -8.66025 5 23.5
      vertex -8.3147 5.5557 107.5
      vertex -8.3147 5.5557 23.5
    endloop
  endfacet
  facet normal -0.849207 0.528061 0
    outer loop
      vertex -8.3147 5.5557 107.5
      vertex -8.66025 5 23.5
      vertex -8.66025 5 107.5
    endloop
  endfacet
  facet normal -0.729865 0.683592 0
    outer loop
      vertex -7.5184 6.59346 23.5
      vertex -7.07107 7.07107 107.5
      vertex -7.07107 7.07107 23.5
    endloop
  endfacet
  facet normal -0.729865 0.683592 0
    outer loop
      vertex -7.07107 7.07107 107.5
      vertex -7.5184 6.59346 23.5
      vertex -7.5184 6.59346 107.5
    endloop
  endfacet
  facet normal -0.227069 0.973879 0
    outer loop
      vertex -1.9509 9.80785 23.5
      vertex -2.58819 9.65926 107.5
      vertex -1.9509 9.80785 107.5
    endloop
  endfacet
  facet normal -0.227069 0.973879 0
    outer loop
      vertex -2.58819 9.65926 107.5
      vertex -1.9509 9.80785 23.5
      vertex -2.58819 9.65926 23.5
    endloop
  endfacet
  facet normal -0.0980164 0.995185 0
    outer loop
      vertex -0.654031 9.97859 23.5
      vertex -1.30526 9.91445 107.5
      vertex -0.654031 9.97859 107.5
    endloop
  endfacet
  facet normal -0.0980164 0.995185 0
    outer loop
      vertex -1.30526 9.91445 107.5
      vertex -0.654031 9.97859 23.5
      vertex -1.30526 9.91445 23.5
    endloop
  endfacet
  facet normal -0.162902 0.986642 0
    outer loop
      vertex -1.30526 9.91445 23.5
      vertex -1.9509 9.80785 107.5
      vertex -1.30526 9.91445 107.5
    endloop
  endfacet
  facet normal -0.162902 0.986642 0
    outer loop
      vertex -1.9509 9.80785 107.5
      vertex -1.30526 9.91445 23.5
      vertex -1.9509 9.80785 23.5
    endloop
  endfacet
  facet normal -0.471407 0.881916 0
    outer loop
      vertex -4.42289 8.96873 23.5
      vertex -5 8.66025 107.5
      vertex -4.42289 8.96873 107.5
    endloop
  endfacet
  facet normal -0.471407 0.881916 0
    outer loop
      vertex -5 8.66025 107.5
      vertex -4.42289 8.96873 23.5
      vertex -5 8.66025 23.5
    endloop
  endfacet
  facet normal -0.528061 0.849207 0
    outer loop
      vertex -5 8.66025 23.5
      vertex -5.5557 8.3147 107.5
      vertex -5 8.66025 107.5
    endloop
  endfacet
  facet normal -0.528061 0.849207 0
    outer loop
      vertex -5.5557 8.3147 107.5
      vertex -5 8.66025 23.5
      vertex -5.5557 8.3147 23.5
    endloop
  endfacet
  facet normal -0.683592 0.729865 0
    outer loop
      vertex -6.59346 7.5184 23.5
      vertex -7.07107 7.07107 107.5
      vertex -6.59346 7.5184 107.5
    endloop
  endfacet
  facet normal -0.683592 0.729865 0
    outer loop
      vertex -7.07107 7.07107 107.5
      vertex -6.59346 7.5184 23.5
      vertex -7.07107 7.07107 23.5
    endloop
  endfacet
  facet normal 0.999465 0.0327179 0
    outer loop
      vertex 10 0 94.5
      vertex 9.97859 0.654031 28.5
      vertex 9.97859 0.654031 94.5
    endloop
  endfacet
  facet normal 0.999465 0.0327179 0
    outer loop
      vertex 9.97859 0.654031 28.5
      vertex 10 0 94.5
      vertex 10 0 28.5
    endloop
  endfacet
  facet normal 0.999465 0.0327179 0
    outer loop
      vertex 10 0 107.5
      vertex 9.97859 0.654031 99.5
      vertex 9.97859 0.654031 107.5
    endloop
  endfacet
  facet normal 0.999465 0.0327179 0
    outer loop
      vertex 9.97859 0.654031 99.5
      vertex 10 0 107.5
      vertex 10 0 99.5
    endloop
  endfacet
  facet normal 0.986642 -0.162902 0
    outer loop
      vertex 9.80785 -1.9509 94.5
      vertex 9.91445 -1.30526 28.5
      vertex 9.91445 -1.30526 94.5
    endloop
  endfacet
  facet normal 0.986642 -0.162902 0
    outer loop
      vertex 9.91445 -1.30526 28.5
      vertex 9.80785 -1.9509 94.5
      vertex 9.80785 -1.9509 28.5
    endloop
  endfacet
  facet normal 0.986642 -0.162902 0
    outer loop
      vertex 9.80785 -1.9509 107.5
      vertex 9.91445 -1.30526 99.5
      vertex 9.91445 -1.30526 107.5
    endloop
  endfacet
  facet normal 0.986642 -0.162902 0
    outer loop
      vertex 9.91445 -1.30526 99.5
      vertex 9.80785 -1.9509 107.5
      vertex 9.80785 -1.9509 99.5
    endloop
  endfacet
  facet normal 0.81284 -0.582486 0
    outer loop
      vertex 7.93353 -6.08761 107.5
      vertex 8.3147 -5.5557 23.5
      vertex 8.3147 -5.5557 107.5
    endloop
  endfacet
  facet normal 0.81284 -0.582486 0
    outer loop
      vertex 8.3147 -5.5557 23.5
      vertex 7.93353 -6.08761 107.5
      vertex 7.93353 -6.08761 23.5
    endloop
  endfacet
  facet normal 0.0980164 -0.995185 0
    outer loop
      vertex 0.654031 -9.97859 23.5
      vertex 1.30526 -9.91445 107.5
      vertex 0.654031 -9.97859 107.5
    endloop
  endfacet
  facet normal 0.0980164 -0.995185 0
    outer loop
      vertex 1.30526 -9.91445 107.5
      vertex 0.654031 -9.97859 23.5
      vertex 1.30526 -9.91445 23.5
    endloop
  endfacet
  facet normal 0.352242 -0.935909 0
    outer loop
      vertex 3.21439 -9.4693 23.5
      vertex 3.82683 -9.2388 107.5
      vertex 3.21439 -9.4693 107.5
    endloop
  endfacet
  facet normal 0.352242 -0.935909 0
    outer loop
      vertex 3.82683 -9.2388 107.5
      vertex 3.21439 -9.4693 23.5
      vertex 3.82683 -9.2388 23.5
    endloop
  endfacet
  facet normal 0.683592 -0.729865 0
    outer loop
      vertex 6.59346 -7.5184 23.5
      vertex 7.07107 -7.07107 107.5
      vertex 6.59346 -7.5184 107.5
    endloop
  endfacet
  facet normal 0.683592 -0.729865 0
    outer loop
      vertex 7.07107 -7.07107 107.5
      vertex 6.59346 -7.5184 23.5
      vertex 7.07107 -7.07107 23.5
    endloop
  endfacet
  facet normal 0.471407 -0.881916 0
    outer loop
      vertex 4.42289 -8.96873 23.5
      vertex 5 -8.66025 107.5
      vertex 4.42289 -8.96873 107.5
    endloop
  endfacet
  facet normal 0.471407 -0.881916 0
    outer loop
      vertex 5 -8.66025 107.5
      vertex 4.42289 -8.96873 23.5
      vertex 5 -8.66025 23.5
    endloop
  endfacet
  facet normal 0.528061 -0.849207 0
    outer loop
      vertex 5 -8.66025 23.5
      vertex 5.5557 -8.3147 107.5
      vertex 5 -8.66025 107.5
    endloop
  endfacet
  facet normal 0.528061 -0.849207 0
    outer loop
      vertex 5.5557 -8.3147 107.5
      vertex 5 -8.66025 23.5
      vertex 5.5557 -8.3147 23.5
    endloop
  endfacet
  facet normal -0.290291 -0.956939 0
    outer loop
      vertex -3.21439 -9.4693 23.5
      vertex -2.58819 -9.65926 107.5
      vertex -3.21439 -9.4693 107.5
    endloop
  endfacet
  facet normal -0.290291 -0.956939 -0
    outer loop
      vertex -2.58819 -9.65926 107.5
      vertex -3.21439 -9.4693 23.5
      vertex -2.58819 -9.65926 23.5
    endloop
  endfacet
  facet normal -0.162902 -0.986642 0
    outer loop
      vertex -1.9509 -9.80785 23.5
      vertex -1.30526 -9.91445 107.5
      vertex -1.9509 -9.80785 107.5
    endloop
  endfacet
  facet normal -0.162902 -0.986642 -0
    outer loop
      vertex -1.30526 -9.91445 107.5
      vertex -1.9509 -9.80785 23.5
      vertex -1.30526 -9.91445 23.5
    endloop
  endfacet
  facet normal -0.528061 -0.849207 0
    outer loop
      vertex -5.5557 -8.3147 23.5
      vertex -5 -8.66025 107.5
      vertex -5.5557 -8.3147 107.5
    endloop
  endfacet
  facet normal -0.528061 -0.849207 -0
    outer loop
      vertex -5 -8.66025 107.5
      vertex -5.5557 -8.3147 23.5
      vertex -5 -8.66025 23.5
    endloop
  endfacet
  facet normal -0.582486 -0.81284 0
    outer loop
      vertex -6.08761 -7.93353 23.5
      vertex -5.5557 -8.3147 107.5
      vertex -6.08761 -7.93353 107.5
    endloop
  endfacet
  facet normal -0.582486 -0.81284 -0
    outer loop
      vertex -5.5557 -8.3147 107.5
      vertex -6.08761 -7.93353 23.5
      vertex -5.5557 -8.3147 23.5
    endloop
  endfacet
  facet normal -0.683592 -0.729865 0
    outer loop
      vertex -7.07107 -7.07107 23.5
      vertex -6.59346 -7.5184 107.5
      vertex -7.07107 -7.07107 107.5
    endloop
  endfacet
  facet normal -0.683592 -0.729865 -0
    outer loop
      vertex -6.59346 -7.5184 107.5
      vertex -7.07107 -7.07107 23.5
      vertex -6.59346 -7.5184 23.5
    endloop
  endfacet
  facet normal -0.995185 -0.0980164 0
    outer loop
      vertex -9.91445 -1.30526 28.5
      vertex -9.97859 -0.654031 94.5
      vertex -9.97859 -0.654031 28.5
    endloop
  endfacet
  facet normal -0.995185 -0.0980164 0
    outer loop
      vertex -9.97859 -0.654031 94.5
      vertex -9.91445 -1.30526 28.5
      vertex -9.91445 -1.30526 94.5
    endloop
  endfacet
  facet normal -0.995185 -0.0980164 0
    outer loop
      vertex -9.91445 -1.30526 99.5
      vertex -9.97859 -0.654031 107.5
      vertex -9.97859 -0.654031 99.5
    endloop
  endfacet
  facet normal -0.995185 -0.0980164 0
    outer loop
      vertex -9.97859 -0.654031 107.5
      vertex -9.91445 -1.30526 99.5
      vertex -9.91445 -1.30526 107.5
    endloop
  endfacet
  facet normal -0.935906 -0.35225 0
    outer loop
      vertex -9.2388 -3.82683 23.5
      vertex -9.36181 -3.5 28.5
      vertex -9.36181 -3.5 23.5
    endloop
  endfacet
  facet normal -0.935906 -0.35225 0
    outer loop
      vertex -9.36181 -3.5 28.5
      vertex -9.2388 -3.82683 23.5
      vertex -9.36181 -3.5 94.5
    endloop
  endfacet
  facet normal -0.935906 -0.35225 -0
    outer loop
      vertex -9.2388 -3.82683 107.5
      vertex -9.36181 -3.5 94.5
      vertex -9.2388 -3.82683 23.5
    endloop
  endfacet
  facet normal -0.935912 -0.352233 0
    outer loop
      vertex -9.36181 -3.5 28.5
      vertex -9.4693 -3.21439 94.5
      vertex -9.4693 -3.21439 28.5
    endloop
  endfacet
  facet normal -0.935912 -0.352233 0
    outer loop
      vertex -9.4693 -3.21439 94.5
      vertex -9.36181 -3.5 28.5
      vertex -9.36181 -3.5 94.5
    endloop
  endfacet
  facet normal -0.935912 -0.352233 0
    outer loop
      vertex -9.36181 -3.5 99.5
      vertex -9.4693 -3.21439 107.5
      vertex -9.4693 -3.21439 99.5
    endloop
  endfacet
  facet normal -0.935909 -0.352242 3.68555e-07
    outer loop
      vertex -9.36181 -3.5 99.5
      vertex -9.2388 -3.82683 107.5
      vertex -9.4693 -3.21439 107.5
    endloop
  endfacet
  facet normal -0.935906 -0.35225 0
    outer loop
      vertex -9.36181 -3.5 94.5
      vertex -9.2388 -3.82683 107.5
      vertex -9.36181 -3.5 99.5
    endloop
  endfacet
  facet normal -0.973879 -0.227069 0
    outer loop
      vertex -9.65926 -2.58819 28.5
      vertex -9.80785 -1.9509 94.5
      vertex -9.80785 -1.9509 28.5
    endloop
  endfacet
  facet normal -0.973879 -0.227069 0
    outer loop
      vertex -9.80785 -1.9509 94.5
      vertex -9.65926 -2.58819 28.5
      vertex -9.65926 -2.58819 94.5
    endloop
  endfacet
  facet normal -0.973879 -0.227069 0
    outer loop
      vertex -9.65926 -2.58819 99.5
      vertex -9.80785 -1.9509 107.5
      vertex -9.80785 -1.9509 99.5
    endloop
  endfacet
  facet normal -0.973879 -0.227069 0
    outer loop
      vertex -9.80785 -1.9509 107.5
      vertex -9.65926 -2.58819 99.5
      vertex -9.65926 -2.58819 107.5
    endloop
  endfacet
  facet normal -0.881916 -0.471407 0
    outer loop
      vertex -8.66025 -5 23.5
      vertex -8.96873 -4.42289 107.5
      vertex -8.96873 -4.42289 23.5
    endloop
  endfacet
  facet normal -0.881916 -0.471407 0
    outer loop
      vertex -8.96873 -4.42289 107.5
      vertex -8.66025 -5 23.5
      vertex -8.66025 -5 107.5
    endloop
  endfacet
  facet normal 0.773018 0.634384 0
    outer loop
      vertex 7.93353 6.08761 107.5
      vertex 7.5184 6.59346 23.5
      vertex 7.5184 6.59346 107.5
    endloop
  endfacet
  facet normal 0.773018 0.634384 0
    outer loop
      vertex 7.5184 6.59346 23.5
      vertex 7.93353 6.08761 107.5
      vertex 7.93353 6.08761 23.5
    endloop
  endfacet
  facet normal -0.634384 0.773018 0
    outer loop
      vertex -6.08761 7.93353 23.5
      vertex -6.59346 7.5184 107.5
      vertex -6.08761 7.93353 107.5
    endloop
  endfacet
  facet normal -0.634384 0.773018 0
    outer loop
      vertex -6.59346 7.5184 107.5
      vertex -6.08761 7.93353 23.5
      vertex -6.59346 7.5184 23.5
    endloop
  endfacet
  facet normal 0.995185 -0.0980164 0
    outer loop
      vertex 9.91445 -1.30526 94.5
      vertex 9.97859 -0.654031 28.5
      vertex 9.97859 -0.654031 94.5
    endloop
  endfacet
  facet normal 0.995185 -0.0980164 0
    outer loop
      vertex 9.97859 -0.654031 28.5
      vertex 9.91445 -1.30526 94.5
      vertex 9.91445 -1.30526 28.5
    endloop
  endfacet
  facet normal 0.995185 -0.0980164 0
    outer loop
      vertex 9.91445 -1.30526 107.5
      vertex 9.97859 -0.654031 99.5
      vertex 9.97859 -0.654031 107.5
    endloop
  endfacet
  facet normal 0.995185 -0.0980164 0
    outer loop
      vertex 9.97859 -0.654031 99.5
      vertex 9.91445 -1.30526 107.5
      vertex 9.91445 -1.30526 99.5
    endloop
  endfacet
  facet normal 0.849207 -0.528061 0
    outer loop
      vertex 8.3147 -5.5557 107.5
      vertex 8.66025 -5 23.5
      vertex 8.66025 -5 107.5
    endloop
  endfacet
  facet normal 0.849207 -0.528061 0
    outer loop
      vertex 8.66025 -5 23.5
      vertex 8.3147 -5.5557 107.5
      vertex 8.3147 -5.5557 23.5
    endloop
  endfacet
  facet normal 0.935912 -0.352233 0
    outer loop
      vertex 9.4693 -3.21439 107.5
      vertex 9.36181 -3.5 99.5
      vertex 9.4693 -3.21439 99.5
    endloop
  endfacet
  facet normal 0.935906 -0.35225 0
    outer loop
      vertex 9.2388 -3.82683 107.5
      vertex 9.36181 -3.5 94.5
      vertex 9.36181 -3.5 99.5
    endloop
  endfacet
  facet normal 0.935906 -0.35225 0
    outer loop
      vertex 9.36181 -3.5 94.5
      vertex 9.2388 -3.82683 23.5
      vertex 9.36181 -3.5 28.5
    endloop
  endfacet
  facet normal 0.935909 -0.352242 3.68555e-07
    outer loop
      vertex 9.2388 -3.82683 107.5
      vertex 9.36181 -3.5 99.5
      vertex 9.4693 -3.21439 107.5
    endloop
  endfacet
  facet normal 0.935906 -0.35225 0
    outer loop
      vertex 9.36181 -3.5 94.5
      vertex 9.2388 -3.82683 107.5
      vertex 9.2388 -3.82683 23.5
    endloop
  endfacet
  facet normal 0.935906 -0.35225 0
    outer loop
      vertex 9.36181 -3.5 28.5
      vertex 9.2388 -3.82683 23.5
      vertex 9.36181 -3.5 23.5
    endloop
  endfacet
  facet normal 0.935912 -0.352233 0
    outer loop
      vertex 9.36181 -3.5 94.5
      vertex 9.4693 -3.21439 28.5
      vertex 9.4693 -3.21439 94.5
    endloop
  endfacet
  facet normal 0.935912 -0.352233 0
    outer loop
      vertex 9.4693 -3.21439 28.5
      vertex 9.36181 -3.5 94.5
      vertex 9.36181 -3.5 28.5
    endloop
  endfacet
  facet normal 0.910865 -0.412705 0
    outer loop
      vertex 8.96873 -4.42289 107.5
      vertex 9.2388 -3.82683 23.5
      vertex 9.2388 -3.82683 107.5
    endloop
  endfacet
  facet normal 0.910865 -0.412705 0
    outer loop
      vertex 9.2388 -3.82683 23.5
      vertex 8.96873 -4.42289 107.5
      vertex 8.96873 -4.42289 23.5
    endloop
  endfacet
  facet normal 0.729865 -0.683592 0
    outer loop
      vertex 7.07107 -7.07107 107.5
      vertex 7.5184 -6.59346 23.5
      vertex 7.5184 -6.59346 107.5
    endloop
  endfacet
  facet normal 0.729865 -0.683592 0
    outer loop
      vertex 7.5184 -6.59346 23.5
      vertex 7.07107 -7.07107 107.5
      vertex 7.07107 -7.07107 23.5
    endloop
  endfacet
  facet normal 0.162902 -0.986642 0
    outer loop
      vertex 1.30526 -9.91445 23.5
      vertex 1.9509 -9.80785 107.5
      vertex 1.30526 -9.91445 107.5
    endloop
  endfacet
  facet normal 0.162902 -0.986642 0
    outer loop
      vertex 1.9509 -9.80785 107.5
      vertex 1.30526 -9.91445 23.5
      vertex 1.9509 -9.80785 23.5
    endloop
  endfacet
  facet normal 0.290291 -0.956939 0
    outer loop
      vertex 2.58819 -9.65926 23.5
      vertex 3.21439 -9.4693 107.5
      vertex 2.58819 -9.65926 107.5
    endloop
  endfacet
  facet normal 0.290291 -0.956939 0
    outer loop
      vertex 3.21439 -9.4693 107.5
      vertex 2.58819 -9.65926 23.5
      vertex 3.21439 -9.4693 23.5
    endloop
  endfacet
  facet normal -0.227069 -0.973879 0
    outer loop
      vertex -2.58819 -9.65926 23.5
      vertex -1.9509 -9.80785 107.5
      vertex -2.58819 -9.65926 107.5
    endloop
  endfacet
  facet normal -0.227069 -0.973879 -0
    outer loop
      vertex -1.9509 -9.80785 107.5
      vertex -2.58819 -9.65926 23.5
      vertex -1.9509 -9.80785 23.5
    endloop
  endfacet
  facet normal -0.0980164 -0.995185 0
    outer loop
      vertex -1.30526 -9.91445 23.5
      vertex -0.654031 -9.97859 107.5
      vertex -1.30526 -9.91445 107.5
    endloop
  endfacet
  facet normal -0.0980164 -0.995185 -0
    outer loop
      vertex -0.654031 -9.97859 107.5
      vertex -1.30526 -9.91445 23.5
      vertex -0.654031 -9.97859 23.5
    endloop
  endfacet
  facet normal -0.471407 -0.881916 0
    outer loop
      vertex -5 -8.66025 23.5
      vertex -4.42289 -8.96873 107.5
      vertex -5 -8.66025 107.5
    endloop
  endfacet
  facet normal -0.471407 -0.881916 -0
    outer loop
      vertex -4.42289 -8.96873 107.5
      vertex -5 -8.66025 23.5
      vertex -4.42289 -8.96873 23.5
    endloop
  endfacet
  facet normal -0.986642 -0.162902 0
    outer loop
      vertex -9.80785 -1.9509 28.5
      vertex -9.91445 -1.30526 94.5
      vertex -9.91445 -1.30526 28.5
    endloop
  endfacet
  facet normal -0.986642 -0.162902 0
    outer loop
      vertex -9.91445 -1.30526 94.5
      vertex -9.80785 -1.9509 28.5
      vertex -9.80785 -1.9509 94.5
    endloop
  endfacet
  facet normal -0.986642 -0.162902 0
    outer loop
      vertex -9.80785 -1.9509 99.5
      vertex -9.91445 -1.30526 107.5
      vertex -9.91445 -1.30526 99.5
    endloop
  endfacet
  facet normal -0.986642 -0.162902 0
    outer loop
      vertex -9.91445 -1.30526 107.5
      vertex -9.80785 -1.9509 99.5
      vertex -9.80785 -1.9509 107.5
    endloop
  endfacet
  facet normal -0.956939 -0.290291 0
    outer loop
      vertex -9.4693 -3.21439 28.5
      vertex -9.65926 -2.58819 94.5
      vertex -9.65926 -2.58819 28.5
    endloop
  endfacet
  facet normal -0.956939 -0.290291 0
    outer loop
      vertex -9.65926 -2.58819 94.5
      vertex -9.4693 -3.21439 28.5
      vertex -9.4693 -3.21439 94.5
    endloop
  endfacet
  facet normal -0.956939 -0.290291 0
    outer loop
      vertex -9.4693 -3.21439 99.5
      vertex -9.65926 -2.58819 107.5
      vertex -9.65926 -2.58819 99.5
    endloop
  endfacet
  facet normal -0.956939 -0.290291 0
    outer loop
      vertex -9.65926 -2.58819 107.5
      vertex -9.4693 -3.21439 99.5
      vertex -9.4693 -3.21439 107.5
    endloop
  endfacet
  facet normal -0.849207 -0.528061 0
    outer loop
      vertex -8.3147 -5.5557 23.5
      vertex -8.66025 -5 107.5
      vertex -8.66025 -5 23.5
    endloop
  endfacet
  facet normal -0.849207 -0.528061 0
    outer loop
      vertex -8.66025 -5 107.5
      vertex -8.3147 -5.5557 23.5
      vertex -8.3147 -5.5557 107.5
    endloop
  endfacet
  facet normal -0.729865 -0.683592 0
    outer loop
      vertex -7.07107 -7.07107 23.5
      vertex -7.5184 -6.59346 107.5
      vertex -7.5184 -6.59346 23.5
    endloop
  endfacet
  facet normal -0.729865 -0.683592 0
    outer loop
      vertex -7.5184 -6.59346 107.5
      vertex -7.07107 -7.07107 23.5
      vertex -7.07107 -7.07107 107.5
    endloop
  endfacet
  facet normal 0.973879 -0.227069 0
    outer loop
      vertex 9.65926 -2.58819 94.5
      vertex 9.80785 -1.9509 28.5
      vertex 9.80785 -1.9509 94.5
    endloop
  endfacet
  facet normal 0.973879 -0.227069 0
    outer loop
      vertex 9.80785 -1.9509 28.5
      vertex 9.65926 -2.58819 94.5
      vertex 9.65926 -2.58819 28.5
    endloop
  endfacet
  facet normal 0.973879 -0.227069 0
    outer loop
      vertex 9.65926 -2.58819 107.5
      vertex 9.80785 -1.9509 99.5
      vertex 9.80785 -1.9509 107.5
    endloop
  endfacet
  facet normal 0.973879 -0.227069 0
    outer loop
      vertex 9.80785 -1.9509 99.5
      vertex 9.65926 -2.58819 107.5
      vertex 9.65926 -2.58819 99.5
    endloop
  endfacet
  facet normal 0.773018 -0.634384 0
    outer loop
      vertex 7.5184 -6.59346 107.5
      vertex 7.93353 -6.08761 23.5
      vertex 7.93353 -6.08761 107.5
    endloop
  endfacet
  facet normal 0.773018 -0.634384 0
    outer loop
      vertex 7.93353 -6.08761 23.5
      vertex 7.5184 -6.59346 107.5
      vertex 7.5184 -6.59346 23.5
    endloop
  endfacet
  facet normal 0.881916 -0.471407 0
    outer loop
      vertex 8.66025 -5 107.5
      vertex 8.96873 -4.42289 23.5
      vertex 8.96873 -4.42289 107.5
    endloop
  endfacet
  facet normal 0.881916 -0.471407 0
    outer loop
      vertex 8.96873 -4.42289 23.5
      vertex 8.66025 -5 107.5
      vertex 8.66025 -5 23.5
    endloop
  endfacet
  facet normal 0 0 1
    outer loop
      vertex 32.4175 58.6487 99.5
      vertex 29.5825 48.7384 99.5
      vertex 34.5825 57.3987 99.5
    endloop
  endfacet
  facet normal 0 -0 1
    outer loop
      vertex 29.5825 48.7384 99.5
      vertex 32.4175 58.6487 99.5
      vertex 27.4175 49.9884 99.5
    endloop
  endfacet
  facet normal 0 -0.212333 -0.977197
    outer loop
      vertex 66.4657 -8.53665 25.0833
      vertex 59.9229 -3.5 23.9889
      vertex 64 -3.5 23.9889
    endloop
  endfacet
  facet normal -8.60225e-07 -0.212333 -0.977197
    outer loop
      vertex 64 -3.5 23.9889
      vertex 67 -1.25 23.5
      vertex 66.4657 -8.53665 25.0833
    endloop
  endfacet
  facet normal -0 -0.212334 -0.977197
    outer loop
      vertex 67 -1.25 23.5
      vertex 64 -3.5 23.9889
      vertex 64 -1.25 23.5
    endloop
  endfacet
  facet normal -0.0268845 -0.245482 -0.969028
    outer loop
      vertex 56.5251 -7.44798 25.0833
      vertex 59.9229 -3.5 23.9889
      vertex 66.4657 -8.53665 25.0833
    endloop
  endfacet
  facet normal -0.0268923 -0.245475 -0.96903
    outer loop
      vertex 59.9229 -3.5 23.9889
      vertex 56.5251 -7.44798 25.0833
      vertex 56.8276 -3.5 24.0748
    endloop
  endfacet
  facet normal 0.986574 -0 0.163318
    outer loop
      vertex 67 -1.25 23.5
      vertex 67 1.25 23.5
      vertex 66.7379 -6.05151 25.0833
    endloop
  endfacet
  facet normal 0.980694 -0.107416 -0.163406
    outer loop
      vertex 67 -1.25 23.5
      vertex 66.7379 -6.05151 25.0833
      vertex 66.4657 -8.53665 25.0833
    endloop
  endfacet
  facet normal 0 0.246974 0.969022
    outer loop
      vertex 67 1.25 23.5
      vertex 64 1.25 23.5
      vertex 64 -0.576822 23.9656
    endloop
  endfacet
  facet normal 0 0.246953 0.969027
    outer loop
      vertex 59.1996 -3.5 24.7105
      vertex 56.845 -3.5 24.7105
      vertex 56.7973 -4.96284 25.0833
    endloop
  endfacet
  facet normal 0.0231304 0.211072 0.977197
    outer loop
      vertex 64 -3.5 24.597
      vertex 67 1.25 23.5
      vertex 64 -0.576822 23.9656
    endloop
  endfacet
  facet normal 0.0231336 0.21107 0.977197
    outer loop
      vertex 67 1.25 23.5
      vertex 64 -3.5 24.597
      vertex 66.7379 -6.05151 25.0833
    endloop
  endfacet
  facet normal 0.0231049 0.211041 0.977204
    outer loop
      vertex 59.1996 -3.5 24.7105
      vertex 66.7379 -6.05151 25.0833
      vertex 64 -3.5 24.597
    endloop
  endfacet
  facet normal 0.0231163 0.211074 0.977197
    outer loop
      vertex 66.7379 -6.05151 25.0833
      vertex 59.1996 -3.5 24.7105
      vertex 56.7973 -4.96284 25.0833
    endloop
  endfacet
  facet normal -0.991871 -8.49852e-05 -0.127244
    outer loop
      vertex 56.845 -3.5 24.7105
      vertex 56.8772 -3.5 24.4595
      vertex 56.7973 -4.96284 25.0833
    endloop
  endfacet
  facet normal -0.985983 0.108064 0.127124
    outer loop
      vertex 56.8276 -3.5 24.0748
      vertex 56.7973 -4.96284 25.0833
      vertex 56.8772 -3.5 24.4595
    endloop
  endfacet
  facet normal -0.986002 0.107998 0.127028
    outer loop
      vertex 56.7973 -4.96284 25.0833
      vertex 56.8276 -3.5 24.0748
      vertex 56.5251 -7.44798 25.0833
    endloop
  endfacet
  facet normal -0.0231174 -0.211084 -0.977194
    outer loop
      vertex 66.4657 -8.53665 25.0833
      vertex 65.1413 -15.7218 26.6667
      vertex 56.5251 -7.44798 25.0833
    endloop
  endfacet
  facet normal -0.0534531 -0.241112 -0.969024
    outer loop
      vertex 56.5251 -7.44798 25.0833
      vertex 65.1413 -15.7218 26.6667
      vertex 55.3783 -13.5574 26.6667
    endloop
  endfacet
  facet normal 0.980713 -0.107419 0.163288
    outer loop
      vertex 66.4657 -8.53665 25.0833
      vertex 66.7379 -6.05151 25.0833
      vertex 65.6824 -13.2811 26.6667
    endloop
  endfacet
  facet normal 0.963181 -0.213536 -0.163352
    outer loop
      vertex 66.4657 -8.53665 25.0833
      vertex 65.6824 -13.2811 26.6667
      vertex 65.1413 -15.7218 26.6667
    endloop
  endfacet
  facet normal 0.0268862 0.245496 0.969025
    outer loop
      vertex 66.7379 -6.05151 25.0833
      vertex 56.7973 -4.96284 25.0833
      vertex 55.9194 -11.1167 26.6667
    endloop
  endfacet
  facet normal 0.0459598 0.207312 0.977195
    outer loop
      vertex 65.6824 -13.2811 26.6667
      vertex 66.7379 -6.05151 25.0833
      vertex 55.9194 -11.1167 26.6667
    endloop
  endfacet
  facet normal -0.986012 0.107999 -0.126948
    outer loop
      vertex 56.7973 -4.96284 25.0833
      vertex 56.5251 -7.44798 25.0833
      vertex 55.9194 -11.1167 26.6667
    endloop
  endfacet
  facet normal -0.96839 0.214691 0.126997
    outer loop
      vertex 55.9194 -11.1167 26.6667
      vertex 56.5251 -7.44798 25.0833
      vertex 55.3783 -13.5574 26.6667
    endloop
  endfacet
  facet normal -0.045957 -0.207299 -0.977198
    outer loop
      vertex 65.1413 -15.7218 26.6667
      vertex 63.0425 -22.7201 28.25
      vertex 55.3783 -13.5574 26.6667
    endloop
  endfacet
  facet normal -0.0793795 -0.233844 -0.969028
    outer loop
      vertex 55.3783 -13.5574 26.6667
      vertex 63.0425 -22.7201 28.25
      vertex 53.5732 -19.5057 28.25
    endloop
  endfacet
  facet normal 0.963182 -0.213536 0.163347
    outer loop
      vertex 65.1413 -15.7218 26.6667
      vertex 65.6824 -13.2811 26.6667
      vertex 63.8461 -20.3528 28.25
    endloop
  endfacet
  facet normal 0.934211 -0.317126 -0.163342
    outer loop
      vertex 65.1413 -15.7218 26.6667
      vertex 63.8461 -20.3528 28.25
      vertex 63.0425 -22.7201 28.25
    endloop
  endfacet
  facet normal 0.0534497 0.241097 0.969028
    outer loop
      vertex 65.6824 -13.2811 26.6667
      vertex 55.9194 -11.1167 26.6667
      vertex 54.3768 -17.1384 28.25
    endloop
  endfacet
  facet normal 0.0682522 0.201064 0.977197
    outer loop
      vertex 63.8461 -20.3528 28.25
      vertex 65.6824 -13.2811 26.6667
      vertex 54.3768 -17.1384 28.25
    endloop
  endfacet
  facet normal -0.968393 0.214692 -0.126972
    outer loop
      vertex 55.9194 -11.1167 26.6667
      vertex 55.3783 -13.5574 26.6667
      vertex 54.3768 -17.1384 28.25
    endloop
  endfacet
  facet normal -0.93926 0.31884 0.127011
    outer loop
      vertex 54.3768 -17.1384 28.25
      vertex 55.3783 -13.5574 26.6667
      vertex 53.5732 -19.5057 28.25
    endloop
  endfacet
  facet normal -0.0682522 -0.201064 -0.977197
    outer loop
      vertex 63.0425 -22.7201 28.25
      vertex 60.1943 -29.4483 29.8333
      vertex 53.5732 -19.5057 28.25
    endloop
  endfacet
  facet normal -0.104367 -0.223813 -0.969028
    outer loop
      vertex 53.5732 -19.5057 28.25
      vertex 60.1943 -29.4483 29.8333
      vertex 51.1313 -25.2221 29.8333
    endloop
  endfacet
  facet normal 0.934214 -0.317127 0.163324
    outer loop
      vertex 63.0425 -22.7201 28.25
      vertex 63.8461 -20.3528 28.25
      vertex 61.2509 -27.1825 29.8333
    endloop
  endfacet
  facet normal 0.894122 -0.416952 -0.163391
    outer loop
      vertex 63.0425 -22.7201 28.25
      vertex 61.2509 -27.1825 29.8333
      vertex 60.1943 -29.4483 29.8333
    endloop
  endfacet
  facet normal 0.0793793 0.233843 0.969028
    outer loop
      vertex 63.8461 -20.3528 28.25
      vertex 54.3768 -17.1384 28.25
      vertex 52.1878 -22.9564 29.8333
    endloop
  endfacet
  facet normal 0.0897349 0.192441 0.977197
    outer loop
      vertex 61.2509 -27.1825 29.8333
      vertex 63.8461 -20.3528 28.25
      vertex 52.1878 -22.9564 29.8333
    endloop
  endfacet
  facet normal -0.939265 0.318841 -0.12697
    outer loop
      vertex 54.3768 -17.1384 28.25
      vertex 53.5732 -19.5057 28.25
      vertex 52.1878 -22.9564 29.8333
    endloop
  endfacet
  facet normal -0.898972 0.419192 0.126995
    outer loop
      vertex 52.1878 -22.9564 29.8333
      vertex 53.5732 -19.5057 28.25
      vertex 51.1313 -25.2221 29.8333
    endloop
  endfacet
  facet normal -0.0897427 -0.192451 -0.977194
    outer loop
      vertex 60.1943 -29.4483 29.8333
      vertex 56.6306 -35.8264 31.4167
      vertex 51.1313 -25.2221 29.8333
    endloop
  endfacet
  facet normal -0.128118 -0.211132 -0.969025
    outer loop
      vertex 51.1313 -25.2221 29.8333
      vertex 56.6306 -35.8264 31.4167
      vertex 48.0815 -30.6387 31.4167
    endloop
  endfacet
  facet normal 0.894146 -0.416963 0.163233
    outer loop
      vertex 60.1943 -29.4483 29.8333
      vertex 61.2509 -27.1825 29.8333
      vertex 57.9276 -33.6892 31.4167
    endloop
  endfacet
  facet normal 0.843387 -0.511825 -0.163505
    outer loop
      vertex 60.1943 -29.4483 29.8333
      vertex 57.9276 -33.6892 31.4167
      vertex 56.6306 -35.8264 31.4167
    endloop
  endfacet
  facet normal 0.104371 0.223829 0.969024
    outer loop
      vertex 61.2509 -27.1825 29.8333
      vertex 52.1878 -22.9564 29.8333
      vertex 49.3784 -28.5014 31.4167
    endloop
  endfacet
  facet normal 0.110159 0.181536 0.977195
    outer loop
      vertex 57.9276 -33.6892 31.4167
      vertex 61.2509 -27.1825 29.8333
      vertex 49.3784 -28.5014 31.4167
    endloop
  endfacet
  facet normal -0.898967 0.41919 -0.127037
    outer loop
      vertex 52.1878 -22.9564 29.8333
      vertex 51.1313 -25.2221 29.8333
      vertex 49.3784 -28.5014 31.4167
    endloop
  endfacet
  facet normal -0.848008 0.514566 0.126906
    outer loop
      vertex 49.3784 -28.5014 31.4167
      vertex 51.1313 -25.2221 29.8333
      vertex 48.0815 -30.6387 31.4167
    endloop
  endfacet
  facet normal -0.110152 -0.181525 -0.977198
    outer loop
      vertex 56.6306 -35.8264 31.4167
      vertex 52.3937 -41.7787 33
      vertex 48.0815 -30.6387 31.4167
    endloop
  endfacet
  facet normal -0.150334 -0.195918 -0.969028
    outer loop
      vertex 48.0815 -30.6387 31.4167
      vertex 52.3937 -41.7787 33
      vertex 44.4602 -35.6911 33
    endloop
  endfacet
  facet normal 0.843427 -0.51185 0.163219
    outer loop
      vertex 56.6306 -35.8264 31.4167
      vertex 57.9276 -33.6892 31.4167
      vertex 53.9156 -39.7953 33
    endloop
  endfacet
  facet normal 0.782702 -0.600582 -0.163338
    outer loop
      vertex 56.6306 -35.8264 31.4167
      vertex 53.9156 -39.7953 33
      vertex 52.3937 -41.7787 33
    endloop
  endfacet
  facet normal 0.128112 0.211121 0.969028
    outer loop
      vertex 57.9276 -33.6892 31.4167
      vertex 49.3784 -28.5014 31.4167
      vertex 45.9821 -33.7077 33
    endloop
  endfacet
  facet normal 0.12926 0.168455 0.977197
    outer loop
      vertex 53.9156 -39.7953 33
      vertex 57.9276 -33.6892 31.4167
      vertex 45.9821 -33.7077 33
    endloop
  endfacet
  facet normal -0.847996 0.514558 -0.127015
    outer loop
      vertex 49.3784 -28.5014 31.4167
      vertex 48.0815 -30.6387 31.4167
      vertex 45.9821 -33.7077 33
    endloop
  endfacet
  facet normal -0.786934 0.603829 0.12699
    outer loop
      vertex 45.9821 -33.7077 33
      vertex 48.0815 -30.6387 31.4167
      vertex 44.4602 -35.6911 33
    endloop
  endfacet
  facet normal -0.129261 -0.168456 -0.977197
    outer loop
      vertex 52.3937 -41.7787 33
      vertex 47.534 -47.2343 34.5833
      vertex 44.4602 -35.6911 33
    endloop
  endfacet
  facet normal -0.17077 -0.178389 -0.969028
    outer loop
      vertex 44.4602 -35.6911 33
      vertex 47.534 -47.2343 34.5833
      vertex 40.3104 -40.3192 34.5833
    endloop
  endfacet
  facet normal 0.782701 -0.600582 0.163341
    outer loop
      vertex 52.3937 -41.7787 33
      vertex 53.9156 -39.7953 33
      vertex 49.2628 -45.4284 34.5833
    endloop
  endfacet
  facet normal 0.712652 -0.682227 -0.16338
    outer loop
      vertex 52.3937 -41.7787 33
      vertex 49.2628 -45.4284 34.5833
      vertex 47.534 -47.2343 34.5833
    endloop
  endfacet
  facet normal 0.150333 0.195917 0.969029
    outer loop
      vertex 53.9156 -39.7953 33
      vertex 45.9821 -33.7077 33
      vertex 42.0391 -38.5133 34.5833
    endloop
  endfacet
  facet normal 0.146831 0.153383 0.977197
    outer loop
      vertex 49.2628 -45.4284 34.5833
      vertex 53.9156 -39.7953 33
      vertex 42.0391 -38.5133 34.5833
    endloop
  endfacet
  facet normal -0.78693 0.603826 -0.127025
    outer loop
      vertex 45.9821 -33.7077 33
      vertex 44.4602 -35.6911 33
      vertex 42.0391 -38.5133 34.5833
    endloop
  endfacet
  facet normal -0.716536 0.685905 0.126922
    outer loop
      vertex 42.0391 -38.5133 34.5833
      vertex 44.4602 -35.6911 33
      vertex 40.3104 -40.3192 34.5833
    endloop
  endfacet
  facet normal -0.146839 -0.15339 -0.977195
    outer loop
      vertex 47.534 -47.2343 34.5833
      vertex 42.1092 -52.1285 36.1667
      vertex 40.3104 -40.3192 34.5833
    endloop
  endfacet
  facet normal -0.189185 -0.158744 -0.969025
    outer loop
      vertex 40.3104 -40.3192 34.5833
      vertex 42.1092 -52.1285 36.1667
      vertex 35.6813 -44.468 36.1667
    endloop
  endfacet
  facet normal 0.712661 -0.682235 0.163309
    outer loop
      vertex 47.534 -47.2343 34.5833
      vertex 49.2628 -45.4284 34.5833
      vertex 44.0243 -50.5215 36.1667
    endloop
  endfacet
  facet normal 0.634168 -0.755753 -0.163302
    outer loop
      vertex 47.534 -47.2343 34.5833
      vertex 44.0243 -50.5215 36.1667
      vertex 42.1092 -52.1285 36.1667
    endloop
  endfacet
  facet normal 0.170781 0.178402 0.969023
    outer loop
      vertex 49.2628 -45.4284 34.5833
      vertex 42.0391 -38.5133 34.5833
      vertex 37.5965 -42.861 36.1667
    endloop
  endfacet
  facet normal 0.162667 0.136491 0.977195
    outer loop
      vertex 44.0243 -50.5215 36.1667
      vertex 49.2628 -45.4284 34.5833
      vertex 37.5965 -42.861 36.1667
    endloop
  endfacet
  facet normal -0.716525 0.685894 -0.12705
    outer loop
      vertex 42.0391 -38.5133 34.5833
      vertex 40.3104 -40.3192 34.5833
      vertex 37.5965 -42.861 36.1667
    endloop
  endfacet
  facet normal -0.637573 0.759851 0.126992
    outer loop
      vertex 37.5965 -42.861 36.1667
      vertex 40.3104 -40.3192 34.5833
      vertex 35.6813 -44.468 36.1667
    endloop
  endfacet
  facet normal -0.162658 -0.136486 -0.977197
    outer loop
      vertex 42.1092 -52.1285 36.1667
      vertex 36.1839 -56.4029 37.75
      vertex 35.6813 -44.468 36.1667
    endloop
  endfacet
  facet normal -0.205334 -0.137199 -0.969028
    outer loop
      vertex 35.6813 -44.468 36.1667
      vertex 36.1839 -56.4029 37.75
      vertex 30.6282 -48.0882 37.75
    endloop
  endfacet
  facet normal 0.634157 -0.75574 0.163408
    outer loop
      vertex 42.1092 -52.1285 36.1667
      vertex 44.0243 -50.5215 36.1667
      vertex 38.2625 -55.014 37.75
    endloop
  endfacet
  facet normal 0.54812 -0.820305 -0.163291
    outer loop
      vertex 42.1092 -52.1285 36.1667
      vertex 38.2625 -55.014 37.75
      vertex 36.1839 -56.4029 37.75
    endloop
  endfacet
  facet normal 0.189173 0.158732 0.969029
    outer loop
      vertex 44.0243 -50.5215 36.1667
      vertex 37.5965 -42.861 36.1667
      vertex 32.7068 -46.6993 37.75
    endloop
  endfacet
  facet normal 0.176548 0.117966 0.977197
    outer loop
      vertex 38.2625 -55.014 37.75
      vertex 44.0243 -50.5215 36.1667
      vertex 32.7068 -46.6993 37.75
    endloop
  endfacet
  facet normal -0.637576 0.759855 -0.126955
    outer loop
      vertex 37.5965 -42.861 36.1667
      vertex 35.6813 -44.468 36.1667
      vertex 32.7068 -46.6993 37.75
    endloop
  endfacet
  facet normal -0.55108 0.824735 0.126978
    outer loop
      vertex 32.7068 -46.6993 37.75
      vertex 35.6813 -44.468 36.1667
      vertex 30.6282 -48.0882 37.75
    endloop
  endfacet
  facet normal -0.176548 -0.117965 -0.977198
    outer loop
      vertex 30.6282 -48.0882 37.75
      vertex 36.1839 -56.4029 37.75
      vertex 29.8284 -60.0069 39.3333
    endloop
  endfacet
  facet normal -0.219046 -0.114028 -0.969029
    outer loop
      vertex 30.6282 -48.0882 37.75
      vertex 29.8284 -60.0069 39.3333
      vertex 25.2109 -51.1368 39.3333
    endloop
  endfacet
  facet normal 0.548111 -0.820292 0.16339
    outer loop
      vertex 36.1839 -56.4029 37.75
      vertex 38.2625 -55.014 37.75
      vertex 32.0459 -58.8525 39.3333
    endloop
  endfacet
  facet normal 0.455565 -0.8751 -0.163277
    outer loop
      vertex 36.1839 -56.4029 37.75
      vertex 32.0459 -58.8525 39.3333
      vertex 29.8284 -60.0069 39.3333
    endloop
  endfacet
  facet normal 0.205332 0.137198 0.969028
    outer loop
      vertex 38.2625 -55.014 37.75
      vertex 32.7068 -46.6993 37.75
      vertex 27.4284 -49.9824 39.3333
    endloop
  endfacet
  facet normal 0.188342 0.0980452 0.977197
    outer loop
      vertex 32.0459 -58.8525 39.3333
      vertex 38.2625 -55.014 37.75
      vertex 27.4284 -49.9824 39.3333
    endloop
  endfacet
  facet normal -0.551076 0.824729 -0.127033
    outer loop
      vertex 32.7068 -46.6993 37.75
      vertex 30.6282 -48.0882 37.75
      vertex 27.4284 -49.9824 39.3333
    endloop
  endfacet
  facet normal -0.458027 0.879829 0.126936
    outer loop
      vertex 27.4284 -49.9824 39.3333
      vertex 30.6282 -48.0882 37.75
      vertex 25.2109 -51.1368 39.3333
    endloop
  endfacet
  facet normal -0.188351 -0.09805 -0.977195
    outer loop
      vertex 25.2109 -51.1368 39.3333
      vertex 29.8284 -60.0069 39.3333
      vertex 23.1183 -62.8976 40.9167
    endloop
  endfacet
  facet normal -0.230175 -0.0895082 -0.969024
    outer loop
      vertex 25.2109 -51.1368 39.3333
      vertex 23.1183 -62.8976 40.9167
      vertex 19.494 -53.5775 40.9167
    endloop
  endfacet
  facet normal 0.45556 -0.87509 0.16335
    outer loop
      vertex 29.8284 -60.0069 39.3333
      vertex 32.0459 -58.8525 39.3333
      vertex 25.4484 -61.9915 40.9167
    endloop
  endfacet
  facet normal 0.357559 -0.919487 -0.163387
    outer loop
      vertex 29.8284 -60.0069 39.3333
      vertex 25.4484 -61.9915 40.9167
      vertex 23.1183 -62.8976 40.9167
    endloop
  endfacet
  facet normal 0.219061 0.114037 0.969024
    outer loop
      vertex 32.0459 -58.8525 39.3333
      vertex 27.4284 -49.9824 39.3333
      vertex 21.824 -52.6714 40.9167
    endloop
  endfacet
  facet normal 0.197909 0.0769628 0.977194
    outer loop
      vertex 25.4484 -61.9915 40.9167
      vertex 32.0459 -58.8525 39.3333
      vertex 21.824 -52.6714 40.9167
    endloop
  endfacet
  facet normal -0.458023 0.879821 -0.127008
    outer loop
      vertex 27.4284 -49.9824 39.3333
      vertex 25.2109 -51.1368 39.3333
      vertex 21.824 -52.6714 40.9167
    endloop
  endfacet
  facet normal -0.359509 0.924462 0.12698
    outer loop
      vertex 21.824 -52.6714 40.9167
      vertex 25.2109 -51.1368 39.3333
      vertex 19.494 -53.5775 40.9167
    endloop
  endfacet
  facet normal -0.197898 -0.0769565 -0.977197
    outer loop
      vertex 19.494 -53.5775 40.9167
      vertex 23.1183 -62.8976 40.9167
      vertex 16.1335 -65.0406 42.5
    endloop
  endfacet
  facet normal -0.238535 -0.0639152 -0.969028
    outer loop
      vertex 19.494 -53.5775 40.9167
      vertex 16.1335 -65.0406 42.5
      vertex 13.5453 -55.3813 42.5
    endloop
  endfacet
  facet normal 0.357563 -0.919497 0.16332
    outer loop
      vertex 23.1183 -62.8976 40.9167
      vertex 25.4484 -61.9915 40.9167
      vertex 18.5483 -64.3935 42.5
    endloop
  endfacet
  facet normal 0.255367 -0.952959 -0.16327
    outer loop
      vertex 23.1183 -62.8976 40.9167
      vertex 18.5483 -64.3935 42.5
      vertex 16.1335 -65.0406 42.5
    endloop
  endfacet
  facet normal 0.23016 0.0895044 0.969028
    outer loop
      vertex 25.4484 -61.9915 40.9167
      vertex 21.824 -52.6714 40.9167
      vertex 15.9601 -54.7342 42.5
    endloop
  endfacet
  facet normal 0.205097 0.0549557 0.977197
    outer loop
      vertex 18.5483 -64.3935 42.5
      vertex 25.4484 -61.9915 40.9167
      vertex 15.9601 -54.7342 42.5
    endloop
  endfacet
  facet normal -0.359506 0.924455 -0.127039
    outer loop
      vertex 21.824 -52.6714 40.9167
      vertex 19.494 -53.5775 40.9167
      vertex 15.9601 -54.7342 42.5
    endloop
  endfacet
  facet normal -0.256747 0.958111 0.126904
    outer loop
      vertex 15.9601 -54.7342 42.5
      vertex 19.494 -53.5775 40.9167
      vertex 13.5453 -55.3813 42.5
    endloop
  endfacet
  facet normal -0.205097 -0.0549556 -0.977198
    outer loop
      vertex 13.5453 -55.3813 42.5
      vertex 16.1335 -65.0406 42.5
      vertex 8.95681 -66.4104 44.0833
    endloop
  endfacet
  facet normal -0.244075 -0.0375667 -0.969028
    outer loop
      vertex 13.5453 -55.3813 42.5
      vertex 8.95681 -66.4104 44.0833
      vertex 7.43558 -56.5268 44.0833
    endloop
  endfacet
  facet normal 0.25536 -0.952935 0.163422
    outer loop
      vertex 16.1335 -65.0406 42.5
      vertex 18.5483 -64.3935 42.5
      vertex 11.4277 -66.0301 44.0833
    endloop
  endfacet
  facet normal 0.150078 -0.975088 -0.163338
    outer loop
      vertex 16.1335 -65.0406 42.5
      vertex 11.4277 -66.0301 44.0833
      vertex 8.95681 -66.4104 44.0833
    endloop
  endfacet
  facet normal 0.238534 0.063915 0.969029
    outer loop
      vertex 18.5483 -64.3935 42.5
      vertex 15.9601 -54.7342 42.5
      vertex 9.90648 -56.1465 44.0833
    endloop
  endfacet
  facet normal 0.209861 0.0323004 0.977198
    outer loop
      vertex 11.4277 -66.0301 44.0833
      vertex 18.5483 -64.3935 42.5
      vertex 9.90648 -56.1465 44.0833
    endloop
  endfacet
  facet normal -0.256744 0.958097 -0.127018
    outer loop
      vertex 15.9601 -54.7342 42.5
      vertex 13.5453 -55.3813 42.5
      vertex 9.90648 -56.1465 44.0833
    endloop
  endfacet
  facet normal -0.150888 0.980356 0.127022
    outer loop
      vertex 9.90648 -56.1465 44.0833
      vertex 13.5453 -55.3813 42.5
      vertex 7.43558 -56.5268 44.0833
    endloop
  endfacet
  facet normal -0.209875 -0.0323027 -0.977195
    outer loop
      vertex 7.43558 -56.5268 44.0833
      vertex 8.95681 -66.4104 44.0833
      vertex 1.67369 -66.9908 45.6667
    endloop
  endfacet
  facet normal -0.24673 -0.0107726 -0.969024
    outer loop
      vertex 7.43558 -56.5268 44.0833
      vertex 1.67369 -66.9908 45.6667
      vertex 1.23749 -57.0003 45.6667
    endloop
  endfacet
  facet normal 0.150078 -0.975087 0.163344
    outer loop
      vertex 8.95681 -66.4104 44.0833
      vertex 11.4277 -66.0301 44.0833
      vertex 4.17131 -66.8817 45.6667
    endloop
  endfacet
  facet normal 0.0430545 -0.985644 -0.163254
    outer loop
      vertex 8.95681 -66.4104 44.0833
      vertex 4.17131 -66.8817 45.6667
      vertex 1.67369 -66.9908 45.6667
    endloop
  endfacet
  facet normal 0.244091 0.037569 0.969024
    outer loop
      vertex 11.4277 -66.0301 44.0833
      vertex 9.90648 -56.1465 44.0833
      vertex 3.73512 -56.8912 45.6667
    endloop
  endfacet
  facet normal 0.212144 0.00926232 0.977194
    outer loop
      vertex 4.17131 -66.8817 45.6667
      vertex 11.4277 -66.0301 44.0833
      vertex 3.73512 -56.8912 45.6667
    endloop
  endfacet
  facet normal -0.150888 0.980357 -0.127014
    outer loop
      vertex 9.90648 -56.1465 44.0833
      vertex 7.43558 -56.5268 44.0833
      vertex 3.73512 -56.8912 45.6667
    endloop
  endfacet
  facet normal -0.043287 0.990971 0.126897
    outer loop
      vertex 3.73512 -56.8912 45.6667
      vertex 7.43558 -56.5268 44.0833
      vertex 1.23749 -57.0003 45.6667
    endloop
  endfacet
  facet normal -0.212131 -0.00926195 -0.977197
    outer loop
      vertex 1.23749 -57.0003 45.6667
      vertex 1.67369 -66.9908 45.6667
      vertex -5.62933 -66.7748 47.25
    endloop
  endfacet
  facet normal -0.246422 0.0161513 -0.969028
    outer loop
      vertex -4.9753 -56.7962 47.25
      vertex 1.23749 -57.0003 45.6667
      vertex -5.62933 -66.7748 47.25
    endloop
  endfacet
  facet normal 0.0430532 -0.985615 0.163431
    outer loop
      vertex 1.67369 -66.9908 45.6667
      vertex 4.17131 -66.8817 45.6667
      vertex -3.13469 -66.9383 47.25
    endloop
  endfacet
  facet normal -0.0645222 -0.984463 -0.163306
    outer loop
      vertex 1.67369 -66.9908 45.6667
      vertex -3.13469 -66.9383 47.25
      vertex -5.62933 -66.7748 47.25
    endloop
  endfacet
  facet normal 0.246715 0.0107717 0.969028
    outer loop
      vertex 4.17131 -66.8817 45.6667
      vertex 3.73512 -56.8912 45.6667
      vertex -2.48065 -56.9597 47.25
    endloop
  endfacet
  facet normal 0.211878 -0.0138874 0.977197
    outer loop
      vertex 4.17131 -66.8817 45.6667
      vertex -2.48065 -56.9597 47.25
      vertex -3.13469 -66.9383 47.25
    endloop
  endfacet
  facet normal -0.0432861 0.99095 -0.127061
    outer loop
      vertex 3.73512 -56.8912 45.6667
      vertex 1.23749 -57.0003 45.6667
      vertex -2.48065 -56.9597 47.25
    endloop
  endfacet
  facet normal 0.0648707 0.989785 0.126958
    outer loop
      vertex -2.48065 -56.9597 47.25
      vertex 1.23749 -57.0003 45.6667
      vertex -4.9753 -56.7962 47.25
    endloop
  endfacet
  facet normal -0.211879 0.0138873 -0.977197
    outer loop
      vertex -4.9753 -56.7962 47.25
      vertex -5.62933 -66.7748 47.25
      vertex -12.8654 -65.7651 48.8333
    endloop
  endfacet
  facet normal -0.243197 0.0428801 -0.969029
    outer loop
      vertex -11.129 -55.917 48.8333
      vertex -4.9753 -56.7962 47.25
      vertex -12.8654 -65.7651 48.8333
    endloop
  endfacet
  facet normal -0.0645218 -0.984457 0.163344
    outer loop
      vertex -5.62933 -66.7748 47.25
      vertex -3.13469 -66.9383 47.25
      vertex -10.4034 -66.1992 48.8333
    endloop
  endfacet
  facet normal -0.17131 -0.971584 -0.16333
    outer loop
      vertex -5.62933 -66.7748 47.25
      vertex -10.4034 -66.1992 48.8333
      vertex -12.8654 -65.7651 48.8333
    endloop
  endfacet
  facet normal 0.246421 -0.0161515 0.969028
    outer loop
      vertex -3.13469 -66.9383 47.25
      vertex -2.48065 -56.9597 47.25
      vertex -8.66694 -56.3511 48.8333
    endloop
  endfacet
  facet normal 0.209108 -0.0368708 0.977197
    outer loop
      vertex -3.13469 -66.9383 47.25
      vertex -8.66694 -56.3511 48.8333
      vertex -10.4034 -66.1992 48.8333
    endloop
  endfacet
  facet normal 0.0648704 0.98978 -0.126996
    outer loop
      vertex -2.48065 -56.9597 47.25
      vertex -4.9753 -56.7962 47.25
      vertex -8.66694 -56.3511 48.8333
    endloop
  endfacet
  facet normal 0.172232 0.976839 0.126968
    outer loop
      vertex -8.66694 -56.3511 48.8333
      vertex -4.9753 -56.7962 47.25
      vertex -11.129 -55.917 48.8333
    endloop
  endfacet
  facet normal -0.209119 0.0368716 -0.977195
    outer loop
      vertex -11.129 -55.917 48.8333
      vertex -12.8654 -65.7651 48.8333
      vertex -19.9486 -63.9736 50.4167
    endloop
  endfacet
  facet normal -0.237101 0.0691088 -0.969024
    outer loop
      vertex -17.1503 -54.3731 50.4167
      vertex -11.129 -55.917 48.8333
      vertex -19.9486 -63.9736 50.4167
    endloop
  endfacet
  facet normal -0.171308 -0.971575 0.163387
    outer loop
      vertex -12.8654 -65.7651 48.8333
      vertex -10.4034 -66.1992 48.8333
      vertex -17.5485 -64.6731 50.4167
    endloop
  endfacet
  facet normal -0.276052 -0.947181 -0.16323
    outer loop
      vertex -12.8654 -65.7651 48.8333
      vertex -17.5485 -64.6731 50.4167
      vertex -19.9486 -63.9736 50.4167
    endloop
  endfacet
  facet normal 0.243213 -0.0428843 0.969025
    outer loop
      vertex -10.4034 -66.1992 48.8333
      vertex -8.66694 -56.3511 48.8333
      vertex -14.7502 -55.0726 50.4167
    endloop
  endfacet
  facet normal 0.203861 -0.0594203 0.977195
    outer loop
      vertex -10.4034 -66.1992 48.8333
      vertex -14.7502 -55.0726 50.4167
      vertex -17.5485 -64.6731 50.4167
    endloop
  endfacet
  facet normal 0.172231 0.97683 -0.127039
    outer loop
      vertex -8.66694 -56.3511 48.8333
      vertex -11.129 -55.917 48.8333
      vertex -14.7502 -55.0726 50.4167
    endloop
  endfacet
  facet normal 0.277543 0.952296 0.126892
    outer loop
      vertex -14.7502 -55.0726 50.4167
      vertex -11.129 -55.917 48.8333
      vertex -17.1503 -54.3731 50.4167
    endloop
  endfacet
  facet normal -0.203851 0.0594173 -0.977197
    outer loop
      vertex -17.1503 -54.3731 50.4167
      vertex -19.9486 -63.9736 50.4167
      vertex -26.7946 -61.4216 52
    endloop
  endfacet
  facet normal -0.228152 0.0945027 -0.969028
    outer loop
      vertex -22.9678 -52.1828 52
      vertex -17.1503 -54.3731 50.4167
      vertex -26.7946 -61.4216 52
    endloop
  endfacet
  facet normal -0.276043 -0.947147 0.163439
    outer loop
      vertex -19.9486 -63.9736 50.4167
      vertex -17.5485 -64.6731 50.4167
      vertex -24.4849 -62.3783 52
    endloop
  endfacet
  facet normal -0.377543 -0.911478 -0.163309
    outer loop
      vertex -19.9486 -63.9736 50.4167
      vertex -24.4849 -62.3783 52
      vertex -26.7946 -61.4216 52
    endloop
  endfacet
  facet normal 0.237085 -0.0691043 0.969028
    outer loop
      vertex -17.5485 -64.6731 50.4167
      vertex -14.7502 -55.0726 50.4167
      vertex -20.6581 -53.1395 52
    endloop
  endfacet
  facet normal 0.196172 -0.0812564 0.977197
    outer loop
      vertex -17.5485 -64.6731 50.4167
      vertex -20.6581 -53.1395 52
      vertex -24.4849 -62.3783 52
    endloop
  endfacet
  facet normal 0.277537 0.952275 -0.127065
    outer loop
      vertex -14.7502 -55.0726 50.4167
      vertex -17.1503 -54.3731 50.4167
      vertex -20.6581 -53.1395 52
    endloop
  endfacet
  facet normal 0.379583 0.916404 0.126967
    outer loop
      vertex -20.6581 -53.1395 52
      vertex -17.1503 -54.3731 50.4167
      vertex -22.9678 -52.1828 52
    endloop
  endfacet
  facet normal -0.196169 0.0812549 -0.977198
    outer loop
      vertex -22.9678 -52.1828 52
      vertex -26.7946 -61.4216 52
      vertex -33.3222 -58.1395 53.5833
    endloop
  endfacet
  facet normal -0.216507 0.118779 -0.969029
    outer loop
      vertex -28.5123 -49.3722 53.5833
      vertex -22.9678 -52.1828 52
      vertex -33.3222 -58.1395 53.5833
    endloop
  endfacet
  facet normal -0.377538 -0.911466 0.163383
    outer loop
      vertex -26.7946 -61.4216 52
      vertex -24.4849 -62.3783 52
      vertex -31.1303 -59.3419 53.5833
    endloop
  endfacet
  facet normal -0.474505 -0.864993 -0.163194
    outer loop
      vertex -26.7946 -61.4216 52
      vertex -31.1303 -59.3419 53.5833
      vertex -33.3222 -58.1395 53.5833
    endloop
  endfacet
  facet normal 0.228154 -0.0945037 0.969028
    outer loop
      vertex -24.4849 -62.3783 52
      vertex -20.6581 -53.1395 52
      vertex -26.3204 -50.5747 53.5833
    endloop
  endfacet
  facet normal 0.186157 -0.10213 0.977197
    outer loop
      vertex -24.4849 -62.3783 52
      vertex -26.3204 -50.5747 53.5833
      vertex -31.1303 -59.3419 53.5833
    endloop
  endfacet
  facet normal 0.379582 0.9164 -0.126999
    outer loop
      vertex -20.6581 -53.1395 52
      vertex -22.9678 -52.1828 52
      vertex -26.3204 -50.5747 53.5833
    endloop
  endfacet
  facet normal 0.47709 0.869634 0.126972
    outer loop
      vertex -26.3204 -50.5747 53.5833
      vertex -22.9678 -52.1828 52
      vertex -28.5123 -49.3722 53.5833
    endloop
  endfacet
  facet normal -0.186169 0.102136 -0.977195
    outer loop
      vertex -28.5123 -49.3722 53.5833
      vertex -33.3222 -58.1395 53.5833
      vertex -39.4536 -54.1662 55.1667
    endloop
  endfacet
  facet normal -0.202302 0.141654 -0.969024
    outer loop
      vertex -33.7178 -45.9747 55.1667
      vertex -28.5123 -49.3722 53.5833
      vertex -39.4536 -54.1662 55.1667
    endloop
  endfacet
  facet normal -0.474484 -0.864954 0.163461
    outer loop
      vertex -33.3222 -58.1395 53.5833
      vertex -31.1303 -59.3419 53.5833
      vertex -37.4057 -55.6002 55.1667
    endloop
  endfacet
  facet normal -0.565883 -0.808139 -0.163367
    outer loop
      vertex -33.3222 -58.1395 53.5833
      vertex -37.4057 -55.6002 55.1667
      vertex -39.4536 -54.1662 55.1667
    endloop
  endfacet
  facet normal 0.216518 -0.118787 0.969025
    outer loop
      vertex -31.1303 -59.3419 53.5833
      vertex -26.3204 -50.5747 53.5833
      vertex -31.6699 -47.4086 55.1667
    endloop
  endfacet
  facet normal 0.173944 -0.121796 0.977195
    outer loop
      vertex -31.1303 -59.3419 53.5833
      vertex -31.6699 -47.4086 55.1667
      vertex -37.4057 -55.6002 55.1667
    endloop
  endfacet
  facet normal 0.477086 0.869626 -0.127037
    outer loop
      vertex -26.3204 -50.5747 53.5833
      vertex -28.5123 -49.3722 53.5833
      vertex -31.6699 -47.4086 55.1667
    endloop
  endfacet
  facet normal 0.568925 0.81254 0.1269
    outer loop
      vertex -31.6699 -47.4086 55.1667
      vertex -28.5123 -49.3722 53.5833
      vertex -33.7178 -45.9747 55.1667
    endloop
  endfacet
  facet normal -0.173933 0.12179 -0.977197
    outer loop
      vertex -33.7178 -45.9747 55.1667
      vertex -39.4536 -54.1662 55.1667
      vertex -45.116 -49.5491 56.75
    endloop
  endfacet
  facet normal -0.185667 0.162827 -0.969028
    outer loop
      vertex -38.5225 -42.0307 56.75
      vertex -33.7178 -45.9747 55.1667
      vertex -45.116 -49.5491 56.75
    endloop
  endfacet
  facet normal -0.565887 -0.808145 0.163319
    outer loop
      vertex -39.4536 -54.1662 55.1667
      vertex -37.4057 -55.6002 55.1667
      vertex -43.2364 -51.1974 56.75
    endloop
  endfacet
  facet normal -0.650484 -0.741764 -0.163268
    outer loop
      vertex -39.4536 -54.1662 55.1667
      vertex -43.2364 -51.1974 56.75
      vertex -45.116 -49.5491 56.75
    endloop
  endfacet
  facet normal 0.202291 -0.141645 0.969028
    outer loop
      vertex -31.6699 -47.4086 55.1667
      vertex -36.6429 -43.6791 56.75
      vertex -37.4057 -55.6002 55.1667
    endloop
  endfacet
  facet normal 0.159638 -0.140001 0.977198
    outer loop
      vertex -37.4057 -55.6002 55.1667
      vertex -36.6429 -43.6791 56.75
      vertex -43.2364 -51.1974 56.75
    endloop
  endfacet
  facet normal 0.568916 0.812528 -0.127014
    outer loop
      vertex -31.6699 -47.4086 55.1667
      vertex -33.7178 -45.9747 55.1667
      vertex -36.6429 -43.6791 56.75
    endloop
  endfacet
  facet normal 0.654012 0.745742 0.127029
    outer loop
      vertex -36.6429 -43.6791 56.75
      vertex -33.7178 -45.9747 55.1667
      vertex -38.5225 -42.0307 56.75
    endloop
  endfacet
  facet normal -0.159639 0.140001 -0.977198
    outer loop
      vertex -38.5225 -42.0307 56.75
      vertex -45.116 -49.5491 56.75
      vertex -50.2421 -44.3429 58.3333
    endloop
  endfacet
  facet normal -0.166835 0.18207 -0.969029
    outer loop
      vertex -42.8693 -37.587 58.3333
      vertex -38.5225 -42.0307 56.75
      vertex -50.2421 -44.3429 58.3333
    endloop
  endfacet
  facet normal -0.650466 -0.741743 0.163435
    outer loop
      vertex -45.116 -49.5491 56.75
      vertex -43.2364 -51.1974 56.75
      vertex -48.5531 -46.1861 58.3333
    endloop
  endfacet
  facet normal -0.727378 -0.666526 -0.163293
    outer loop
      vertex -45.116 -49.5491 56.75
      vertex -48.5531 -46.1861 58.3333
      vertex -50.2421 -44.3429 58.3333
    endloop
  endfacet
  facet normal 0.185664 -0.162826 0.969029
    outer loop
      vertex -36.6429 -43.6791 56.75
      vertex -41.1803 -39.4302 58.3333
      vertex -43.2364 -51.1974 56.75
    endloop
  endfacet
  facet normal 0.14345 -0.156549 0.977197
    outer loop
      vertex -43.2364 -51.1974 56.75
      vertex -41.1803 -39.4302 58.3333
      vertex -48.5531 -46.1861 58.3333
    endloop
  endfacet
  facet normal 0.654015 0.745746 -0.126994
    outer loop
      vertex -36.6429 -43.6791 56.75
      vertex -38.5225 -42.0307 56.75
      vertex -41.1803 -39.4302 58.3333
    endloop
  endfacet
  facet normal 0.731308 0.670128 0.126952
    outer loop
      vertex -41.1803 -39.4302 58.3333
      vertex -38.5225 -42.0307 56.75
      vertex -42.8693 -37.587 58.3333
    endloop
  endfacet
  facet normal -0.14346 0.15656 -0.977194
    outer loop
      vertex -42.8693 -37.587 58.3333
      vertex -50.2421 -44.3429 58.3333
      vertex -54.7709 -38.6097 59.9167
    endloop
  endfacet
  facet normal -0.146034 0.199164 -0.969024
    outer loop
      vertex -46.7065 -32.6966 59.9167
      vertex -42.8693 -37.587 58.3333
      vertex -54.7709 -38.6097 59.9167
    endloop
  endfacet
  facet normal -0.727374 -0.666523 0.163322
    outer loop
      vertex -50.2421 -44.3429 58.3333
      vertex -48.5531 -46.1861 58.3333
      vertex -53.2927 -40.6258 59.9167
    endloop
  endfacet
  facet normal -0.795616 -0.583344 -0.16342
    outer loop
      vertex -50.2421 -44.3429 58.3333
      vertex -53.2927 -40.6258 59.9167
      vertex -54.7709 -38.6097 59.9167
    endloop
  endfacet
  facet normal 0.166847 -0.182082 0.969024
    outer loop
      vertex -41.1803 -39.4302 58.3333
      vertex -45.2282 -34.7127 59.9167
      vertex -48.5531 -46.1861 58.3333
    endloop
  endfacet
  facet normal 0.125562 -0.171246 0.977195
    outer loop
      vertex -48.5531 -46.1861 58.3333
      vertex -45.2282 -34.7127 59.9167
      vertex -53.2927 -40.6258 59.9167
    endloop
  endfacet
  facet normal 0.731305 0.670125 -0.126983
    outer loop
      vertex -41.1803 -39.4302 58.3333
      vertex -42.8693 -37.587 58.3333
      vertex -45.2282 -34.7127 59.9167
    endloop
  endfacet
  facet normal 0.799912 0.586533 0.126967
    outer loop
      vertex -45.2282 -34.7127 59.9167
      vertex -42.8693 -37.587 58.3333
      vertex -46.7065 -32.6966 59.9167
    endloop
  endfacet
  facet normal -0.125555 0.171235 -0.977197
    outer loop
      vertex -46.7065 -32.6966 59.9167
      vertex -54.7709 -38.6097 59.9167
      vertex -58.6487 -32.4175 61.5
    endloop
  endfacet
  facet normal -0.123476 0.213867 -0.969028
    outer loop
      vertex -49.9884 -27.4175 61.5
      vertex -46.7065 -32.6966 59.9167
      vertex -58.6487 -32.4175 61.5
    endloop
  endfacet
  facet normal -0.795634 -0.583357 0.163285
    outer loop
      vertex -54.7709 -38.6097 59.9167
      vertex -53.2927 -40.6258 59.9167
      vertex -57.3987 -34.5825 61.5
    endloop
  endfacet
  facet normal -0.854393 -0.493299 -0.163306
    outer loop
      vertex -54.7709 -38.6097 59.9167
      vertex -57.3987 -34.5825 61.5
      vertex -58.6487 -32.4175 61.5
    endloop
  endfacet
  facet normal 0.146024 -0.199152 0.969028
    outer loop
      vertex -45.2282 -34.7127 59.9167
      vertex -48.7384 -29.5825 61.5
      vertex -53.2927 -40.6258 59.9167
    endloop
  endfacet
  facet normal 0.106166 -0.183886 0.977197
    outer loop
      vertex -53.2927 -40.6258 59.9167
      vertex -48.7384 -29.5825 61.5
      vertex -57.3987 -34.5825 61.5
    endloop
  endfacet
  facet normal 0.799902 0.586526 -0.127064
    outer loop
      vertex -45.2282 -34.7127 59.9167
      vertex -46.7065 -32.6966 59.9167
      vertex -48.7384 -29.5825 61.5
    endloop
  endfacet
  facet normal 0.859016 0.495968 0.126913
    outer loop
      vertex -48.7384 -29.5825 61.5
      vertex -46.7065 -32.6966 59.9167
      vertex -49.9884 -27.4175 61.5
    endloop
  endfacet
  facet normal -0.106166 0.183886 -0.977197
    outer loop
      vertex -49.9884 -27.4175 61.5
      vertex -58.6487 -32.4175 61.5
      vertex -61.8293 -25.8399 63.0833
    endloop
  endfacet
  facet normal -0.0994581 0.226033 -0.969029
    outer loop
      vertex -52.6762 -21.8124 63.0833
      vertex -49.9884 -27.4175 61.5
      vertex -61.8293 -25.8399 63.0833
    endloop
  endfacet
  facet normal -0.85438 -0.493291 0.163397
    outer loop
      vertex -58.6487 -32.4175 61.5
      vertex -57.3987 -34.5825 61.5
      vertex -60.8224 -28.1282 63.0833
    endloop
  endfacet
  facet normal -0.903021 -0.397348 -0.163299
    outer loop
      vertex -58.6487 -32.4175 61.5
      vertex -60.8224 -28.1282 63.0833
      vertex -61.8293 -25.8399 63.0833
    endloop
  endfacet
  facet normal 0.123475 -0.213866 0.969028
    outer loop
      vertex -48.7384 -29.5825 61.5
      vertex -51.6693 -24.1007 63.0833
      vertex -57.3987 -34.5825 61.5
    endloop
  endfacet
  facet normal 0.0855179 -0.194352 0.977197
    outer loop
      vertex -57.3987 -34.5825 61.5
      vertex -51.6693 -24.1007 63.0833
      vertex -60.8224 -28.1282 63.0833
    endloop
  endfacet
  facet normal 0.859005 0.495961 -0.127015
    outer loop
      vertex -48.7384 -29.5825 61.5
      vertex -49.9884 -27.4175 61.5
      vertex -51.6693 -24.1007 63.0833
    endloop
  endfacet
  facet normal 0.907899 0.399495 0.126978
    outer loop
      vertex -51.6693 -24.1007 63.0833
      vertex -49.9884 -27.4175 61.5
      vertex -52.6762 -21.8124 63.0833
    endloop
  endfacet
  facet normal -0.0855218 0.194361 -0.977195
    outer loop
      vertex -52.6762 -21.8124 63.0833
      vertex -61.8293 -25.8399 63.0833
      vertex -64.2749 -18.9551 64.6667
    endloop
  endfacet
  facet normal -0.0742629 0.235537 -0.969024
    outer loop
      vertex -54.7377 -15.9481 64.6667
      vertex -52.6762 -21.8124 63.0833
      vertex -64.2749 -18.9551 64.6667
    endloop
  endfacet
  facet normal -0.903015 -0.397345 0.163342
    outer loop
      vertex -61.8293 -25.8399 63.0833
      vertex -60.8224 -28.1282 63.0833
      vertex -63.5232 -21.3394 64.6667
    endloop
  endfacet
  facet normal -0.940902 -0.296639 -0.163427
    outer loop
      vertex -61.8293 -25.8399 63.0833
      vertex -63.5232 -21.3394 64.6667
      vertex -64.2749 -18.9551 64.6667
    endloop
  endfacet
  facet normal 0.0994652 -0.22605 0.969024
    outer loop
      vertex -51.6693 -24.1007 63.0833
      vertex -53.986 -18.3324 64.6667
      vertex -60.8224 -28.1282 63.0833
    endloop
  endfacet
  facet normal 0.0638516 -0.202516 0.977195
    outer loop
      vertex -60.8224 -28.1282 63.0833
      vertex -53.986 -18.3324 64.6667
      vertex -63.5232 -21.3394 64.6667
    endloop
  endfacet
  facet normal 0.907898 0.399494 -0.126989
    outer loop
      vertex -51.6693 -24.1007 63.0833
      vertex -52.6762 -21.8124 63.0833
      vertex -53.986 -18.3324 64.6667
    endloop
  endfacet
  facet normal 0.945996 0.298245 0.127052
    outer loop
      vertex -53.986 -18.3324 64.6667
      vertex -52.6762 -21.8124 63.0833
      vertex -54.7377 -15.9481 64.6667
    endloop
  endfacet
  facet normal -0.0638489 0.202507 -0.977197
    outer loop
      vertex -54.7377 -15.9481 64.6667
      vertex -64.2749 -18.9551 64.6667
      vertex -65.9565 -11.8451 66.25
    endloop
  endfacet
  facet normal -0.0481779 0.242204 -0.969028
    outer loop
      vertex -56.1486 -9.89417 66.25
      vertex -54.7377 -15.9481 64.6667
      vertex -65.9565 -11.8451 66.25
    endloop
  endfacet
  facet normal -0.940934 -0.296649 0.163228
    outer loop
      vertex -64.2749 -18.9551 64.6667
      vertex -63.5232 -21.3394 64.6667
      vertex -65.4688 -14.297 66.25
    endloop
  endfacet
  facet normal -0.967605 -0.192463 -0.163399
    outer loop
      vertex -64.2749 -18.9551 64.6667
      vertex -65.4688 -14.297 66.25
      vertex -65.9565 -11.8451 66.25
    endloop
  endfacet
  facet normal 0.0742573 -0.235519 0.969029
    outer loop
      vertex -53.986 -18.3324 64.6667
      vertex -55.6609 -12.3461 66.25
      vertex -63.5232 -21.3394 64.6667
    endloop
  endfacet
  facet normal 0.0414239 -0.208253 0.977197
    outer loop
      vertex -63.5232 -21.3394 64.6667
      vertex -55.6609 -12.3461 66.25
      vertex -65.4688 -14.297 66.25
    endloop
  endfacet
  facet normal 0.946013 0.29825 -0.126911
    outer loop
      vertex -53.986 -18.3324 64.6667
      vertex -54.7377 -15.9481 64.6667
      vertex -55.6609 -12.3461 66.25
    endloop
  endfacet
  facet normal 0.972841 0.193502 0.127033
    outer loop
      vertex -55.6609 -12.3461 66.25
      vertex -54.7377 -15.9481 64.6667
      vertex -56.1486 -9.89417 66.25
    endloop
  endfacet
  facet normal -0.0414243 0.208252 -0.977198
    outer loop
      vertex -56.1486 -9.89417 66.25
      vertex -65.9565 -11.8451 66.25
      vertex -66.854 -4.59419 67.8333
    endloop
  endfacet
  facet normal -0.0215231 0.24601 -0.969028
    outer loop
      vertex -56.892 -3.72263 67.8333
      vertex -56.1486 -9.89417 66.25
      vertex -66.854 -4.59419 67.8333
    endloop
  endfacet
  facet normal -0.967613 -0.192465 0.163345
    outer loop
      vertex -65.9565 -11.8451 66.25
      vertex -65.4688 -14.297 66.25
      vertex -66.6361 -7.08468 67.8333
    endloop
  endfacet
  facet normal -0.982819 -0.0859896 -0.163315
    outer loop
      vertex -65.9565 -11.8451 66.25
      vertex -66.6361 -7.08468 67.8333
      vertex -66.854 -4.59419 67.8333
    endloop
  endfacet
  facet normal 0.0481774 -0.242206 0.969028
    outer loop
      vertex -55.6609 -12.3461 66.25
      vertex -56.6742 -6.21312 67.8333
      vertex -65.4688 -14.297 66.25
    endloop
  endfacet
  facet normal 0.0185063 -0.211526 0.977197
    outer loop
      vertex -65.4688 -14.297 66.25
      vertex -56.6742 -6.21312 67.8333
      vertex -66.6361 -7.08468 67.8333
    endloop
  endfacet
  facet normal 0.972854 0.193505 -0.126931
    outer loop
      vertex -55.6609 -12.3461 66.25
      vertex -56.1486 -9.89417 66.25
      vertex -56.6742 -6.21312 67.8333
    endloop
  endfacet
  facet normal 0.988117 0.0864134 0.127115
    outer loop
      vertex -56.6742 -6.21312 67.8333
      vertex -56.1486 -9.89417 66.25
      vertex -56.892 -3.72263 67.8333
    endloop
  endfacet
  facet normal -0.0185071 0.211538 -0.977195
    outer loop
      vertex -56.892 -3.72263 67.8333
      vertex -66.854 -4.59419 67.8333
      vertex -66.9568 2.7113 69.4167
    endloop
  endfacet
  facet normal 0.00538755 0.246906 -0.969024
    outer loop
      vertex -56.9592 2.49315 69.4167
      vertex -56.892 -3.72263 67.8333
      vertex -66.9568 2.7113 69.4167
    endloop
  endfacet
  facet normal -0.982811 -0.0859889 0.163366
    outer loop
      vertex -66.854 -4.59419 67.8333
      vertex -66.6361 -7.08468 67.8333
      vertex -67.0113 0.211894 69.4167
    endloop
  endfacet
  facet normal -0.986347 0.0215075 -0.163268
    outer loop
      vertex -66.9568 2.7113 69.4167
      vertex -66.854 -4.59419 67.8333
      vertex -67.0113 0.211894 69.4167
    endloop
  endfacet
  facet normal 0.0215246 -0.246025 0.969024
    outer loop
      vertex -56.6742 -6.21312 67.8333
      vertex -57.0137 -0.00625324 69.4167
      vertex -66.6361 -7.08468 67.8333
    endloop
  endfacet
  facet normal -0.00463227 -0.212295 0.977195
    outer loop
      vertex -66.6361 -7.08468 67.8333
      vertex -57.0137 -0.00625324 69.4167
      vertex -67.0113 0.211894 69.4167
    endloop
  endfacet
  facet normal 0.988147 0.0864161 -0.126877
    outer loop
      vertex -56.6742 -6.21312 67.8333
      vertex -56.892 -3.72263 67.8333
      vertex -57.0137 -0.00625324 69.4167
    endloop
  endfacet
  facet normal 0.991671 -0.0216236 0.126972
    outer loop
      vertex -56.892 -3.72263 67.8333
      vertex -56.9592 2.49315 69.4167
      vertex -57.0137 -0.00625324 69.4167
    endloop
  endfacet
  facet normal 0.00463205 0.212282 -0.977197
    outer loop
      vertex -66.2636 9.98456 71
      vertex -56.9592 2.49315 69.4167
      vertex -66.9568 2.7113 69.4167
    endloop
  endfacet
  facet normal 0.0322335 0.244837 -0.969028
    outer loop
      vertex -56.3492 8.6793 71
      vertex -56.9592 2.49315 69.4167
      vertex -66.2636 9.98456 71
    endloop
  endfacet
  facet normal -0.98633 0.0215071 0.163372
    outer loop
      vertex -66.59 7.50595 71
      vertex -66.9568 2.7113 69.4167
      vertex -67.0113 0.211894 69.4167
    endloop
  endfacet
  facet normal -0.978106 0.128804 -0.163455
    outer loop
      vertex -66.59 7.50595 71
      vertex -66.2636 9.98456 71
      vertex -66.9568 2.7113 69.4167
    endloop
  endfacet
  facet normal -0.00538716 -0.246891 0.969028
    outer loop
      vertex -57.0137 -0.00625324 69.4167
      vertex -56.6755 6.20069 71
      vertex -67.0113 0.211894 69.4167
    endloop
  endfacet
  facet normal -0.0277149 -0.210517 0.977197
    outer loop
      vertex -56.6755 6.20069 71
      vertex -66.59 7.50595 71
      vertex -67.0113 0.211894 69.4167
    endloop
  endfacet
  facet normal 0.99166 -0.0216234 -0.127054
    outer loop
      vertex -56.9592 2.49315 69.4167
      vertex -56.6755 6.20069 71
      vertex -57.0137 -0.00625324 69.4167
    endloop
  endfacet
  facet normal 0.983424 -0.129464 0.126948
    outer loop
      vertex -56.3492 8.6793 71
      vertex -56.6755 6.20069 71
      vertex -56.9592 2.49315 69.4167
    endloop
  endfacet
  facet normal 0.0277152 0.210517 -0.977197
    outer loop
      vertex -64.7828 17.1391 72.5833
      vertex -56.3492 8.6793 71
      vertex -66.2636 9.98456 71
    endloop
  endfacet
  facet normal 0.0586951 0.239873 -0.969028
    outer loop
      vertex -55.0694 14.7623 72.5833
      vertex -56.3492 8.6793 71
      vertex -64.7828 17.1391 72.5833
    endloop
  endfacet
  facet normal -0.978143 0.128808 0.16323
    outer loop
      vertex -65.377 14.7108 72.5833
      vertex -66.2636 9.98456 71
      vertex -66.59 7.50595 71
    endloop
  endfacet
  facet normal -0.958294 0.234493 -0.163358
    outer loop
      vertex -65.377 14.7108 72.5833
      vertex -64.7828 17.1391 72.5833
      vertex -66.2636 9.98456 71
    endloop
  endfacet
  facet normal -0.0322334 -0.244838 0.969028
    outer loop
      vertex -56.6755 6.20069 71
      vertex -55.6636 12.3339 72.5833
      vertex -66.59 7.50595 71
    endloop
  endfacet
  facet normal -0.0504693 -0.206247 0.977198
    outer loop
      vertex -55.6636 12.3339 72.5833
      vertex -65.377 14.7108 72.5833
      vertex -66.59 7.50595 71
    endloop
  endfacet
  facet normal 0.983416 -0.129463 -0.127009
    outer loop
      vertex -56.3492 8.6793 71
      vertex -55.6636 12.3339 72.5833
      vertex -56.6755 6.20069 71
    endloop
  endfacet
  facet normal 0.963484 -0.235753 0.126961
    outer loop
      vertex -55.0694 14.7623 72.5833
      vertex -55.6636 12.3339 72.5833
      vertex -56.3492 8.6793 71
    endloop
  endfacet
  facet normal 0.0504702 0.206259 -0.977195
    outer loop
      vertex -62.5319 24.09 74.1667
      vertex -55.0694 14.7623 72.5833
      vertex -64.7828 17.1391 72.5833
    endloop
  endfacet
  facet normal 0.0844672 0.232071 -0.969024
    outer loop
      vertex -53.135 20.6698 74.1667
      vertex -55.0694 14.7623 72.5833
      vertex -62.5319 24.09 74.1667
    endloop
  endfacet
  facet normal -0.958296 0.234493 0.163346
    outer loop
      vertex -63.3869 21.7407 74.1667
      vertex -64.7828 17.1391 72.5833
      vertex -65.377 14.7108 72.5833
    endloop
  endfacet
  facet normal -0.927098 0.337406 -0.163239
    outer loop
      vertex -63.3869 21.7407 74.1667
      vertex -62.5319 24.09 74.1667
      vertex -64.7828 17.1391 72.5833
    endloop
  endfacet
  facet normal -0.0587012 -0.239888 0.969024
    outer loop
      vertex -55.6636 12.3339 72.5833
      vertex -53.99 18.3205 74.1667
      vertex -65.377 14.7108 72.5833
    endloop
  endfacet
  facet normal -0.0726272 -0.199541 0.977194
    outer loop
      vertex -53.99 18.3205 74.1667
      vertex -63.3869 21.7407 74.1667
      vertex -65.377 14.7108 72.5833
    endloop
  endfacet
  facet normal 0.963476 -0.235751 -0.127022
    outer loop
      vertex -55.0694 14.7623 72.5833
      vertex -53.99 18.3205 74.1667
      vertex -55.6636 12.3339 72.5833
    endloop
  endfacet
  facet normal 0.932106 -0.339229 0.126897
    outer loop
      vertex -53.135 20.6698 74.1667
      vertex -53.99 18.3205 74.1667
      vertex -55.0694 14.7623 72.5833
    endloop
  endfacet
  facet normal 0.0726228 0.199529 -0.977197
    outer loop
      vertex -59.5376 30.7544 75.75
      vertex -53.135 20.6698 74.1667
      vertex -62.5319 24.09 74.1667
    endloop
  endfacet
  facet normal 0.109225 0.221485 -0.969028
    outer loop
      vertex -50.5689 26.3315 75.75
      vertex -53.135 20.6698 74.1667
      vertex -59.5376 30.7544 75.75
    endloop
  endfacet
  facet normal -0.927064 0.337394 0.163453
    outer loop
      vertex -60.6433 28.5123 75.75
      vertex -62.5319 24.09 74.1667
      vertex -63.3869 21.7407 74.1667
    endloop
  endfacet
  facet normal -0.884825 0.436355 -0.163337
    outer loop
      vertex -60.6433 28.5123 75.75
      vertex -59.5376 30.7544 75.75
      vertex -62.5319 24.09 74.1667
    endloop
  endfacet
  facet normal -0.0844613 -0.232055 0.969029
    outer loop
      vertex -53.99 18.3205 74.1667
      vertex -51.6746 24.0894 75.75
      vertex -63.3869 21.7407 74.1667
    endloop
  endfacet
  facet normal -0.093912 -0.190434 0.977198
    outer loop
      vertex -51.6746 24.0894 75.75
      vertex -60.6433 28.5123 75.75
      vertex -63.3869 21.7407 74.1667
    endloop
  endfacet
  facet normal 0.932083 -0.339221 -0.127086
    outer loop
      vertex -53.135 20.6698 74.1667
      vertex -51.6746 24.0894 75.75
      vertex -53.99 18.3205 74.1667
    endloop
  endfacet
  facet normal 0.88961 -0.438715 0.126976
    outer loop
      vertex -50.5689 26.3315 75.75
      vertex -51.6746 24.0894 75.75
      vertex -53.135 20.6698 74.1667
    endloop
  endfacet
  facet normal 0.0939128 0.190435 -0.977197
    outer loop
      vertex -55.8356 37.0533 77.3333
      vertex -50.5689 26.3315 75.75
      vertex -59.5376 30.7544 75.75
    endloop
  endfacet
  facet normal 0.132686 0.208275 -0.969028
    outer loop
      vertex -47.4017 31.6803 77.3333
      vertex -50.5689 26.3315 75.75
      vertex -55.8356 37.0533 77.3333
    endloop
  endfacet
  facet normal -0.884832 0.436358 0.16329
    outer loop
      vertex -57.1789 34.9448 77.3333
      vertex -59.5376 30.7544 75.75
      vertex -60.6433 28.5123 75.75
    endloop
  endfacet
  facet normal -0.832048 0.530088 -0.163411
    outer loop
      vertex -57.1789 34.9448 77.3333
      vertex -55.8356 37.0533 77.3333
      vertex -59.5376 30.7544 75.75
    endloop
  endfacet
  facet normal -0.109225 -0.221484 0.969028
    outer loop
      vertex -51.6746 24.0894 75.75
      vertex -48.7449 29.5718 77.3333
      vertex -60.6433 28.5123 75.75
    endloop
  endfacet
  facet normal -0.114087 -0.179083 0.977197
    outer loop
      vertex -48.7449 29.5718 77.3333
      vertex -57.1789 34.9448 77.3333
      vertex -60.6433 28.5123 75.75
    endloop
  endfacet
  facet normal 0.889607 -0.438713 -0.127001
    outer loop
      vertex -50.5689 26.3315 75.75
      vertex -48.7449 29.5718 77.3333
      vertex -51.6746 24.0894 75.75
    endloop
  endfacet
  facet normal 0.836582 -0.532937 0.126918
    outer loop
      vertex -47.4017 31.6803 77.3333
      vertex -48.7449 29.5718 77.3333
      vertex -50.5689 26.3315 75.75
    endloop
  endfacet
  facet normal 0.114094 0.179091 -0.977194
    outer loop
      vertex -51.4699 42.9117 78.9167
      vertex -47.4017 31.6803 77.3333
      vertex -55.8356 37.0533 77.3333
    endloop
  endfacet
  facet normal 0.154579 0.192604 -0.969025
    outer loop
      vertex -43.671 36.6525 78.9167
      vertex -47.4017 31.6803 77.3333
      vertex -51.4699 42.9117 78.9167
    endloop
  endfacet
  facet normal -0.832066 0.5301 0.163278
    outer loop
      vertex -53.0347 40.962 78.9167
      vertex -55.8356 37.0533 77.3333
      vertex -57.1789 34.9448 77.3333
    endloop
  endfacet
  facet normal -0.769409 0.617516 -0.16335
    outer loop
      vertex -53.0347 40.962 78.9167
      vertex -51.4699 42.9117 78.9167
      vertex -55.8356 37.0533 77.3333
    endloop
  endfacet
  facet normal -0.132692 -0.208287 0.969025
    outer loop
      vertex -48.7449 29.5718 77.3333
      vertex -45.2358 34.7028 78.9167
      vertex -57.1789 34.9448 77.3333
    endloop
  endfacet
  facet normal -0.132911 -0.165605 0.977195
    outer loop
      vertex -45.2358 34.7028 78.9167
      vertex -53.0347 40.962 78.9167
      vertex -57.1789 34.9448 77.3333
    endloop
  endfacet
  facet normal 0.83657 -0.532929 -0.127036
    outer loop
      vertex -47.4017 31.6803 77.3333
      vertex -45.2358 34.7028 78.9167
      vertex -48.7449 29.5718 77.3333
    endloop
  endfacet
  facet normal 0.773571 -0.620857 0.126981
    outer loop
      vertex -43.671 36.6525 78.9167
      vertex -45.2358 34.7028 78.9167
      vertex -47.4017 31.6803 77.3333
    endloop
  endfacet
  facet normal 0.132903 0.165596 -0.977197
    outer loop
      vertex -46.4923 48.26 80.5
      vertex -43.671 36.6525 78.9167
      vertex -51.4699 42.9117 78.9167
    endloop
  endfacet
  facet normal 0.174619 0.174621 -0.969028
    outer loop
      vertex -39.4212 41.189 80.5
      vertex -43.671 36.6525 78.9167
      vertex -46.4923 48.26 80.5
    endloop
  endfacet
  facet normal -0.769408 0.617515 0.16336
    outer loop
      vertex -48.26 46.4923 80.5
      vertex -51.4699 42.9117 78.9167
      vertex -53.0347 40.962 78.9167
    endloop
  endfacet
  facet normal -0.697611 0.697611 -0.163333
    outer loop
      vertex -48.26 46.4923 80.5
      vertex -46.4923 48.26 80.5
      vertex -51.4699 42.9117 78.9167
    endloop
  endfacet
  facet normal -0.154572 -0.192595 0.969028
    outer loop
      vertex -45.2358 34.7028 78.9167
      vertex -41.189 39.4212 80.5
      vertex -53.0347 40.962 78.9167
    endloop
  endfacet
  facet normal -0.150142 -0.150139 0.977198
    outer loop
      vertex -41.189 39.4212 80.5
      vertex -48.26 46.4923 80.5
      vertex -53.0347 40.962 78.9167
    endloop
  endfacet
  facet normal 0.773572 -0.620857 -0.126974
    outer loop
      vertex -43.671 36.6525 78.9167
      vertex -41.189 39.4212 80.5
      vertex -45.2358 34.7028 78.9167
    endloop
  endfacet
  facet normal 0.701381 -0.701381 0.127004
    outer loop
      vertex -39.4212 41.189 80.5
      vertex -41.189 39.4212 80.5
      vertex -43.671 36.6525 78.9167
    endloop
  endfacet
  facet normal 0.150139 0.150142 -0.977198
    outer loop
      vertex -40.962 53.0347 82.0833
      vertex -39.4212 41.189 80.5
      vertex -46.4923 48.26 80.5
    endloop
  endfacet
  facet normal 0.192595 0.154572 -0.969028
    outer loop
      vertex -34.7028 45.2358 82.0833
      vertex -39.4212 41.189 80.5
      vertex -40.962 53.0347 82.0833
    endloop
  endfacet
  facet normal -0.697611 0.697611 0.163333
    outer loop
      vertex -42.9117 51.4699 82.0833
      vertex -46.4923 48.26 80.5
      vertex -48.26 46.4923 80.5
    endloop
  endfacet
  facet normal -0.617515 0.769408 -0.16336
    outer loop
      vertex -42.9117 51.4699 82.0833
      vertex -40.962 53.0347 82.0833
      vertex -46.4923 48.26 80.5
    endloop
  endfacet
  facet normal -0.174621 -0.174619 0.969028
    outer loop
      vertex -41.189 39.4212 80.5
      vertex -36.6525 43.671 82.0833
      vertex -48.26 46.4923 80.5
    endloop
  endfacet
  facet normal -0.165596 -0.132903 0.977197
    outer loop
      vertex -36.6525 43.671 82.0833
      vertex -42.9117 51.4699 82.0833
      vertex -48.26 46.4923 80.5
    endloop
  endfacet
  facet normal 0.701381 -0.701381 -0.127004
    outer loop
      vertex -39.4212 41.189 80.5
      vertex -36.6525 43.671 82.0833
      vertex -41.189 39.4212 80.5
    endloop
  endfacet
  facet normal 0.620857 -0.773572 0.126974
    outer loop
      vertex -34.7028 45.2358 82.0833
      vertex -36.6525 43.671 82.0833
      vertex -39.4212 41.189 80.5
    endloop
  endfacet
  facet normal 0.165605 0.132911 -0.977195
    outer loop
      vertex -34.9448 57.1789 83.6667
      vertex -34.7028 45.2358 82.0833
      vertex -40.962 53.0347 82.0833
    endloop
  endfacet
  facet normal 0.208287 0.132692 -0.969025
    outer loop
      vertex -29.5718 48.7449 83.6667
      vertex -34.7028 45.2358 82.0833
      vertex -34.9448 57.1789 83.6667
    endloop
  endfacet
  facet normal -0.617516 0.769409 0.16335
    outer loop
      vertex -37.0533 55.8356 83.6667
      vertex -40.962 53.0347 82.0833
      vertex -42.9117 51.4699 82.0833
    endloop
  endfacet
  facet normal -0.5301 0.832066 -0.163278
    outer loop
      vertex -37.0533 55.8356 83.6667
      vertex -34.9448 57.1789 83.6667
      vertex -40.962 53.0347 82.0833
    endloop
  endfacet
  facet normal -0.192604 -0.154579 0.969025
    outer loop
      vertex -36.6525 43.671 82.0833
      vertex -31.6803 47.4017 83.6667
      vertex -42.9117 51.4699 82.0833
    endloop
  endfacet
  facet normal -0.179091 -0.114094 0.977194
    outer loop
      vertex -31.6803 47.4017 83.6667
      vertex -37.0533 55.8356 83.6667
      vertex -42.9117 51.4699 82.0833
    endloop
  endfacet
  facet normal 0.620857 -0.773571 -0.126981
    outer loop
      vertex -34.7028 45.2358 82.0833
      vertex -31.6803 47.4017 83.6667
      vertex -36.6525 43.671 82.0833
    endloop
  endfacet
  facet normal 0.532929 -0.83657 0.127036
    outer loop
      vertex -29.5718 48.7449 83.6667
      vertex -31.6803 47.4017 83.6667
      vertex -34.7028 45.2358 82.0833
    endloop
  endfacet
  facet normal 0.179083 0.114087 -0.977197
    outer loop
      vertex -28.5123 60.6433 85.25
      vertex -29.5718 48.7449 83.6667
      vertex -34.9448 57.1789 83.6667
    endloop
  endfacet
  facet normal 0.221484 0.109225 -0.969028
    outer loop
      vertex -28.5123 60.6433 85.25
      vertex -24.0894 51.6746 85.25
      vertex -29.5718 48.7449 83.6667
    endloop
  endfacet
  facet normal -0.530088 0.832048 0.163411
    outer loop
      vertex -30.7544 59.5376 85.25
      vertex -34.9448 57.1789 83.6667
      vertex -37.0533 55.8356 83.6667
    endloop
  endfacet
  facet normal -0.436358 0.884832 -0.16329
    outer loop
      vertex -30.7544 59.5376 85.25
      vertex -28.5123 60.6433 85.25
      vertex -34.9448 57.1789 83.6667
    endloop
  endfacet
  facet normal -0.208275 -0.132686 0.969028
    outer loop
      vertex -31.6803 47.4017 83.6667
      vertex -26.3315 50.5689 85.25
      vertex -37.0533 55.8356 83.6667
    endloop
  endfacet
  facet normal -0.190435 -0.0939128 0.977197
    outer loop
      vertex -26.3315 50.5689 85.25
      vertex -30.7544 59.5376 85.25
      vertex -37.0533 55.8356 83.6667
    endloop
  endfacet
  facet normal 0.532937 -0.836582 -0.126918
    outer loop
      vertex -29.5718 48.7449 83.6667
      vertex -26.3315 50.5689 85.25
      vertex -31.6803 47.4017 83.6667
    endloop
  endfacet
  facet normal 0.438713 -0.889607 0.127001
    outer loop
      vertex -24.0894 51.6746 85.25
      vertex -26.3315 50.5689 85.25
      vertex -29.5718 48.7449 83.6667
    endloop
  endfacet
  facet normal 0.190434 0.093912 -0.977198
    outer loop
      vertex -21.7407 63.3869 86.8333
      vertex -24.0894 51.6746 85.25
      vertex -28.5123 60.6433 85.25
    endloop
  endfacet
  facet normal 0.232055 0.0844613 -0.969029
    outer loop
      vertex -21.7407 63.3869 86.8333
      vertex -18.3205 53.99 86.8333
      vertex -24.0894 51.6746 85.25
    endloop
  endfacet
  facet normal -0.436355 0.884825 0.163337
    outer loop
      vertex -24.09 62.5319 86.8333
      vertex -28.5123 60.6433 85.25
      vertex -30.7544 59.5376 85.25
    endloop
  endfacet
  facet normal -0.337394 0.927064 -0.163453
    outer loop
      vertex -24.09 62.5319 86.8333
      vertex -21.7407 63.3869 86.8333
      vertex -28.5123 60.6433 85.25
    endloop
  endfacet
  facet normal -0.221485 -0.109225 0.969028
    outer loop
      vertex -26.3315 50.5689 85.25
      vertex -20.6698 53.135 86.8333
      vertex -30.7544 59.5376 85.25
    endloop
  endfacet
  facet normal -0.199529 -0.0726228 0.977197
    outer loop
      vertex -20.6698 53.135 86.8333
      vertex -24.09 62.5319 86.8333
      vertex -30.7544 59.5376 85.25
    endloop
  endfacet
  facet normal 0.438715 -0.88961 -0.126976
    outer loop
      vertex -24.0894 51.6746 85.25
      vertex -20.6698 53.135 86.8333
      vertex -26.3315 50.5689 85.25
    endloop
  endfacet
  facet normal 0.339221 -0.932083 0.127086
    outer loop
      vertex -18.3205 53.99 86.8333
      vertex -20.6698 53.135 86.8333
      vertex -24.0894 51.6746 85.25
    endloop
  endfacet
  facet normal 0.199541 0.0726272 -0.977194
    outer loop
      vertex -14.7108 65.377 88.4167
      vertex -18.3205 53.99 86.8333
      vertex -21.7407 63.3869 86.8333
    endloop
  endfacet
  facet normal 0.239888 0.0587012 -0.969024
    outer loop
      vertex -14.7108 65.377 88.4167
      vertex -12.3339 55.6636 88.4167
      vertex -18.3205 53.99 86.8333
    endloop
  endfacet
  facet normal -0.337406 0.927098 0.163239
    outer loop
      vertex -17.1391 64.7828 88.4167
      vertex -21.7407 63.3869 86.8333
      vertex -24.09 62.5319 86.8333
    endloop
  endfacet
  facet normal -0.234493 0.958296 -0.163346
    outer loop
      vertex -17.1391 64.7828 88.4167
      vertex -14.7108 65.377 88.4167
      vertex -21.7407 63.3869 86.8333
    endloop
  endfacet
  facet normal -0.232071 -0.0844672 0.969024
    outer loop
      vertex -20.6698 53.135 86.8333
      vertex -14.7623 55.0694 88.4167
      vertex -24.09 62.5319 86.8333
    endloop
  endfacet
  facet normal -0.206259 -0.0504702 0.977195
    outer loop
      vertex -14.7623 55.0694 88.4167
      vertex -17.1391 64.7828 88.4167
      vertex -24.09 62.5319 86.8333
    endloop
  endfacet
  facet normal 0.339229 -0.932106 -0.126897
    outer loop
      vertex -18.3205 53.99 86.8333
      vertex -14.7623 55.0694 88.4167
      vertex -20.6698 53.135 86.8333
    endloop
  endfacet
  facet normal 0.235751 -0.963476 0.127022
    outer loop
      vertex -12.3339 55.6636 88.4167
      vertex -14.7623 55.0694 88.4167
      vertex -18.3205 53.99 86.8333
    endloop
  endfacet
  facet normal 0.206247 0.0504693 -0.977198
    outer loop
      vertex -7.50595 66.59 90
      vertex -12.3339 55.6636 88.4167
      vertex -14.7108 65.377 88.4167
    endloop
  endfacet
  facet normal 0.244838 0.0322334 -0.969028
    outer loop
      vertex -7.50595 66.59 90
      vertex -6.20069 56.6755 90
      vertex -12.3339 55.6636 88.4167
    endloop
  endfacet
  facet normal -0.234493 0.958294 0.163358
    outer loop
      vertex -9.98456 66.2636 90
      vertex -14.7108 65.377 88.4167
      vertex -17.1391 64.7828 88.4167
    endloop
  endfacet
  facet normal -0.128808 0.978143 -0.16323
    outer loop
      vertex -9.98456 66.2636 90
      vertex -7.50595 66.59 90
      vertex -14.7108 65.377 88.4167
    endloop
  endfacet
  facet normal -0.239873 -0.0586951 0.969028
    outer loop
      vertex -14.7623 55.0694 88.4167
      vertex -8.6793 56.3492 90
      vertex -17.1391 64.7828 88.4167
    endloop
  endfacet
  facet normal -0.210517 -0.0277152 0.977197
    outer loop
      vertex -8.6793 56.3492 90
      vertex -9.98456 66.2636 90
      vertex -17.1391 64.7828 88.4167
    endloop
  endfacet
  facet normal 0.235753 -0.963484 -0.126961
    outer loop
      vertex -12.3339 55.6636 88.4167
      vertex -8.6793 56.3492 90
      vertex -14.7623 55.0694 88.4167
    endloop
  endfacet
  facet normal 0.129463 -0.983416 0.127009
    outer loop
      vertex -6.20069 56.6755 90
      vertex -8.6793 56.3492 90
      vertex -12.3339 55.6636 88.4167
    endloop
  endfacet
  facet normal 0.210517 0.0277149 -0.977197
    outer loop
      vertex -0.211894 67.0113 91.5833
      vertex -6.20069 56.6755 90
      vertex -7.50595 66.59 90
    endloop
  endfacet
  facet normal 0.246891 0.00538716 -0.969028
    outer loop
      vertex -0.211894 67.0113 91.5833
      vertex 0.00625324 57.0137 91.5833
      vertex -6.20069 56.6755 90
    endloop
  endfacet
  facet normal -0.128804 0.978106 0.163455
    outer loop
      vertex -2.7113 66.9568 91.5833
      vertex -7.50595 66.59 90
      vertex -9.98456 66.2636 90
    endloop
  endfacet
  facet normal -0.0215071 0.98633 -0.163372
    outer loop
      vertex -2.7113 66.9568 91.5833
      vertex -0.211894 67.0113 91.5833
      vertex -7.50595 66.59 90
    endloop
  endfacet
  facet normal -0.244837 -0.0322335 0.969028
    outer loop
      vertex -8.6793 56.3492 90
      vertex -2.49315 56.9592 91.5833
      vertex -9.98456 66.2636 90
    endloop
  endfacet
  facet normal -0.212282 -0.00463205 0.977197
    outer loop
      vertex -2.49315 56.9592 91.5833
      vertex -2.7113 66.9568 91.5833
      vertex -9.98456 66.2636 90
    endloop
  endfacet
  facet normal 0.129464 -0.983424 -0.126948
    outer loop
      vertex -6.20069 56.6755 90
      vertex -2.49315 56.9592 91.5833
      vertex -8.6793 56.3492 90
    endloop
  endfacet
  facet normal 0.0216234 -0.99166 0.127054
    outer loop
      vertex 0.00625324 57.0137 91.5833
      vertex -2.49315 56.9592 91.5833
      vertex -6.20069 56.6755 90
    endloop
  endfacet
  facet normal 0.212295 0.00463227 -0.977195
    outer loop
      vertex 7.08468 66.6361 93.1667
      vertex 0.00625324 57.0137 91.5833
      vertex -0.211894 67.0113 91.5833
    endloop
  endfacet
  facet normal 0.246025 -0.0215246 -0.969024
    outer loop
      vertex 7.08468 66.6361 93.1667
      vertex 6.21312 56.6742 93.1667
      vertex 0.00625324 57.0137 91.5833
    endloop
  endfacet
  facet normal -0.0215075 0.986347 0.163268
    outer loop
      vertex 4.59419 66.854 93.1667
      vertex -0.211894 67.0113 91.5833
      vertex -2.7113 66.9568 91.5833
    endloop
  endfacet
  facet normal 0.0859889 0.982811 -0.163366
    outer loop
      vertex 4.59419 66.854 93.1667
      vertex 7.08468 66.6361 93.1667
      vertex -0.211894 67.0113 91.5833
    endloop
  endfacet
  facet normal -0.246906 -0.00538755 0.969024
    outer loop
      vertex -2.49315 56.9592 91.5833
      vertex 3.72263 56.892 93.1667
      vertex -2.7113 66.9568 91.5833
    endloop
  endfacet
  facet normal -0.211538 0.0185071 0.977195
    outer loop
      vertex 3.72263 56.892 93.1667
      vertex 4.59419 66.854 93.1667
      vertex -2.7113 66.9568 91.5833
    endloop
  endfacet
  facet normal 0.0216236 -0.991671 -0.126972
    outer loop
      vertex 0.00625324 57.0137 91.5833
      vertex 3.72263 56.892 93.1667
      vertex -2.49315 56.9592 91.5833
    endloop
  endfacet
  facet normal -0.0864161 -0.988147 0.126877
    outer loop
      vertex 6.21312 56.6742 93.1667
      vertex 3.72263 56.892 93.1667
      vertex 0.00625324 57.0137 91.5833
    endloop
  endfacet
  facet normal 0.211526 -0.0185063 -0.977197
    outer loop
      vertex 7.08468 66.6361 93.1667
      vertex 14.297 65.4688 94.75
      vertex 6.21312 56.6742 93.1667
    endloop
  endfacet
  facet normal 0.242206 -0.0481774 -0.969028
    outer loop
      vertex 14.297 65.4688 94.75
      vertex 12.3461 55.6609 94.75
      vertex 6.21312 56.6742 93.1667
    endloop
  endfacet
  facet normal 0.0859896 0.982819 0.163315
    outer loop
      vertex 11.8451 65.9565 94.75
      vertex 7.08468 66.6361 93.1667
      vertex 4.59419 66.854 93.1667
    endloop
  endfacet
  facet normal 0.192465 0.967613 -0.163345
    outer loop
      vertex 11.8451 65.9565 94.75
      vertex 14.297 65.4688 94.75
      vertex 7.08468 66.6361 93.1667
    endloop
  endfacet
  facet normal -0.24601 0.0215231 0.969028
    outer loop
      vertex 9.89417 56.1486 94.75
      vertex 4.59419 66.854 93.1667
      vertex 3.72263 56.892 93.1667
    endloop
  endfacet
  facet normal -0.208252 0.0414243 0.977198
    outer loop
      vertex 9.89417 56.1486 94.75
      vertex 11.8451 65.9565 94.75
      vertex 4.59419 66.854 93.1667
    endloop
  endfacet
  facet normal -0.0864134 -0.988117 -0.127115
    outer loop
      vertex 6.21312 56.6742 93.1667
      vertex 9.89417 56.1486 94.75
      vertex 3.72263 56.892 93.1667
    endloop
  endfacet
  facet normal -0.193505 -0.972854 0.126931
    outer loop
      vertex 12.3461 55.6609 94.75
      vertex 9.89417 56.1486 94.75
      vertex 6.21312 56.6742 93.1667
    endloop
  endfacet
  facet normal 0.208253 -0.0414239 -0.977197
    outer loop
      vertex 14.297 65.4688 94.75
      vertex 21.3394 63.5232 96.3333
      vertex 12.3461 55.6609 94.75
    endloop
  endfacet
  facet normal 0.235519 -0.0742573 -0.969029
    outer loop
      vertex 21.3394 63.5232 96.3333
      vertex 18.3324 53.986 96.3333
      vertex 12.3461 55.6609 94.75
    endloop
  endfacet
  facet normal 0.192463 0.967605 0.163399
    outer loop
      vertex 18.9551 64.2749 96.3333
      vertex 14.297 65.4688 94.75
      vertex 11.8451 65.9565 94.75
    endloop
  endfacet
  facet normal 0.296649 0.940934 -0.163228
    outer loop
      vertex 18.9551 64.2749 96.3333
      vertex 21.3394 63.5232 96.3333
      vertex 14.297 65.4688 94.75
    endloop
  endfacet
  facet normal -0.242204 0.0481779 0.969028
    outer loop
      vertex 15.9481 54.7377 96.3333
      vertex 11.8451 65.9565 94.75
      vertex 9.89417 56.1486 94.75
    endloop
  endfacet
  facet normal -0.202507 0.0638489 0.977197
    outer loop
      vertex 15.9481 54.7377 96.3333
      vertex 18.9551 64.2749 96.3333
      vertex 11.8451 65.9565 94.75
    endloop
  endfacet
  facet normal -0.193502 -0.972841 -0.127033
    outer loop
      vertex 12.3461 55.6609 94.75
      vertex 15.9481 54.7377 96.3333
      vertex 9.89417 56.1486 94.75
    endloop
  endfacet
  facet normal -0.29825 -0.946013 0.126911
    outer loop
      vertex 18.3324 53.986 96.3333
      vertex 15.9481 54.7377 96.3333
      vertex 12.3461 55.6609 94.75
    endloop
  endfacet
  facet normal 0.202516 -0.0638516 -0.977195
    outer loop
      vertex 21.3394 63.5232 96.3333
      vertex 28.1282 60.8224 97.9167
      vertex 18.3324 53.986 96.3333
    endloop
  endfacet
  facet normal 0.22605 -0.0994652 -0.969024
    outer loop
      vertex 28.1282 60.8224 97.9167
      vertex 24.1007 51.6693 97.9167
      vertex 18.3324 53.986 96.3333
    endloop
  endfacet
  facet normal 0.296639 0.940902 0.163427
    outer loop
      vertex 25.8399 61.8293 97.9167
      vertex 21.3394 63.5232 96.3333
      vertex 18.9551 64.2749 96.3333
    endloop
  endfacet
  facet normal 0.397345 0.903015 -0.163342
    outer loop
      vertex 25.8399 61.8293 97.9167
      vertex 28.1282 60.8224 97.9167
      vertex 21.3394 63.5232 96.3333
    endloop
  endfacet
  facet normal -0.235537 0.0742629 0.969024
    outer loop
      vertex 21.8124 52.6762 97.9167
      vertex 18.9551 64.2749 96.3333
      vertex 15.9481 54.7377 96.3333
    endloop
  endfacet
  facet normal -0.194361 0.0855218 0.977195
    outer loop
      vertex 21.8124 52.6762 97.9167
      vertex 25.8399 61.8293 97.9167
      vertex 18.9551 64.2749 96.3333
    endloop
  endfacet
  facet normal -0.298245 -0.945996 -0.127052
    outer loop
      vertex 18.3324 53.986 96.3333
      vertex 21.8124 52.6762 97.9167
      vertex 15.9481 54.7377 96.3333
    endloop
  endfacet
  facet normal -0.399494 -0.907898 0.126989
    outer loop
      vertex 24.1007 51.6693 97.9167
      vertex 21.8124 52.6762 97.9167
      vertex 18.3324 53.986 96.3333
    endloop
  endfacet
  facet normal 0.194352 -0.0855179 -0.977197
    outer loop
      vertex 28.1282 60.8224 97.9167
      vertex 34.5825 57.3987 99.5
      vertex 24.1007 51.6693 97.9167
    endloop
  endfacet
  facet normal 0.213866 -0.123475 -0.969028
    outer loop
      vertex 34.5825 57.3987 99.5
      vertex 29.5825 48.7384 99.5
      vertex 24.1007 51.6693 97.9167
    endloop
  endfacet
  facet normal 0.397348 0.903021 0.163299
    outer loop
      vertex 32.4175 58.6487 99.5
      vertex 28.1282 60.8224 97.9167
      vertex 25.8399 61.8293 97.9167
    endloop
  endfacet
  facet normal 0.493291 0.85438 -0.163397
    outer loop
      vertex 32.4175 58.6487 99.5
      vertex 34.5825 57.3987 99.5
      vertex 28.1282 60.8224 97.9167
    endloop
  endfacet
  facet normal -0.226033 0.0994581 0.969029
    outer loop
      vertex 27.4175 49.9884 99.5
      vertex 25.8399 61.8293 97.9167
      vertex 21.8124 52.6762 97.9167
    endloop
  endfacet
  facet normal -0.183886 0.106166 0.977197
    outer loop
      vertex 27.4175 49.9884 99.5
      vertex 32.4175 58.6487 99.5
      vertex 25.8399 61.8293 97.9167
    endloop
  endfacet
  facet normal -0.399495 -0.907899 -0.126978
    outer loop
      vertex 24.1007 51.6693 97.9167
      vertex 27.4175 49.9884 99.5
      vertex 21.8124 52.6762 97.9167
    endloop
  endfacet
  facet normal -0.495961 -0.859005 0.127015
    outer loop
      vertex 29.5825 48.7384 99.5
      vertex 27.4175 49.9884 99.5
      vertex 24.1007 51.6693 97.9167
    endloop
  endfacet
  facet normal 0 0 1
    outer loop
      vertex -29.5825 -48.7384 99.5
      vertex -32.4175 -58.6487 99.5
      vertex -27.4175 -49.9884 99.5
    endloop
  endfacet
  facet normal 0 -0 1
    outer loop
      vertex -32.4175 -58.6487 99.5
      vertex -29.5825 -48.7384 99.5
      vertex -34.5825 -57.3987 99.5
    endloop
  endfacet
  facet normal 0 0.212334 -0.977197
    outer loop
      vertex -67 1.25 23.5
      vertex -64 3.5 23.9889
      vertex -64 1.25 23.5
    endloop
  endfacet
  facet normal 8.60225e-07 0.212333 -0.977197
    outer loop
      vertex -64 3.5 23.9889
      vertex -67 1.25 23.5
      vertex -66.4657 8.53665 25.0833
    endloop
  endfacet
  facet normal 0 0.212333 -0.977197
    outer loop
      vertex -59.9229 3.5 23.9889
      vertex -64 3.5 23.9889
      vertex -66.4657 8.53665 25.0833
    endloop
  endfacet
  facet normal 0.0268923 0.245475 -0.96903
    outer loop
      vertex -59.9229 3.5 23.9889
      vertex -56.5251 7.44798 25.0833
      vertex -56.8276 3.5 24.0748
    endloop
  endfacet
  facet normal 0.0268845 0.245482 -0.969028
    outer loop
      vertex -56.5251 7.44798 25.0833
      vertex -59.9229 3.5 23.9889
      vertex -66.4657 8.53665 25.0833
    endloop
  endfacet
  facet normal -0.986574 0 0.163318
    outer loop
      vertex -66.7379 6.05151 25.0833
      vertex -67 1.25 23.5
      vertex -67 -1.25 23.5
    endloop
  endfacet
  facet normal -0.980694 0.107416 -0.163406
    outer loop
      vertex -66.7379 6.05151 25.0833
      vertex -66.4657 8.53665 25.0833
      vertex -67 1.25 23.5
    endloop
  endfacet
  facet normal 0 -0.246974 0.969022
    outer loop
      vertex -64 -1.25 23.5
      vertex -64 0.576822 23.9656
      vertex -67 -1.25 23.5
    endloop
  endfacet
  facet normal 0 -0.246953 0.969027
    outer loop
      vertex -56.845 3.5 24.7105
      vertex -56.7973 4.96284 25.0833
      vertex -59.1996 3.5 24.7105
    endloop
  endfacet
  facet normal -0.0231163 -0.211074 0.977197
    outer loop
      vertex -66.7379 6.05151 25.0833
      vertex -59.1996 3.5 24.7105
      vertex -56.7973 4.96284 25.0833
    endloop
  endfacet
  facet normal -0.0231049 -0.211041 0.977204
    outer loop
      vertex -59.1996 3.5 24.7105
      vertex -66.7379 6.05151 25.0833
      vertex -64 3.5 24.597
    endloop
  endfacet
  facet normal -0.0231336 -0.21107 0.977197
    outer loop
      vertex -67 -1.25 23.5
      vertex -64 3.5 24.597
      vertex -66.7379 6.05151 25.0833
    endloop
  endfacet
  facet normal -0.0231304 -0.211072 0.977197
    outer loop
      vertex -64 3.5 24.597
      vertex -67 -1.25 23.5
      vertex -64 0.576822 23.9656
    endloop
  endfacet
  facet normal 0.991871 8.49852e-05 -0.127244
    outer loop
      vertex -56.7973 4.96284 25.0833
      vertex -56.845 3.5 24.7105
      vertex -56.8772 3.5 24.4595
    endloop
  endfacet
  facet normal 0.985983 -0.108064 0.127124
    outer loop
      vertex -56.8276 3.5 24.0748
      vertex -56.7973 4.96284 25.0833
      vertex -56.8772 3.5 24.4595
    endloop
  endfacet
  facet normal 0.986002 -0.107998 0.127028
    outer loop
      vertex -56.7973 4.96284 25.0833
      vertex -56.8276 3.5 24.0748
      vertex -56.5251 7.44798 25.0833
    endloop
  endfacet
  facet normal 0.0231174 0.211084 -0.977194
    outer loop
      vertex -65.1413 15.7218 26.6667
      vertex -56.5251 7.44798 25.0833
      vertex -66.4657 8.53665 25.0833
    endloop
  endfacet
  facet normal 0.0534531 0.241112 -0.969024
    outer loop
      vertex -55.3783 13.5574 26.6667
      vertex -56.5251 7.44798 25.0833
      vertex -65.1413 15.7218 26.6667
    endloop
  endfacet
  facet normal -0.980713 0.107419 0.163288
    outer loop
      vertex -65.6824 13.2811 26.6667
      vertex -66.4657 8.53665 25.0833
      vertex -66.7379 6.05151 25.0833
    endloop
  endfacet
  facet normal -0.963181 0.213536 -0.163352
    outer loop
      vertex -65.6824 13.2811 26.6667
      vertex -65.1413 15.7218 26.6667
      vertex -66.4657 8.53665 25.0833
    endloop
  endfacet
  facet normal -0.0268862 -0.245496 0.969025
    outer loop
      vertex -56.7973 4.96284 25.0833
      vertex -55.9194 11.1167 26.6667
      vertex -66.7379 6.05151 25.0833
    endloop
  endfacet
  facet normal -0.0459598 -0.207312 0.977195
    outer loop
      vertex -55.9194 11.1167 26.6667
      vertex -65.6824 13.2811 26.6667
      vertex -66.7379 6.05151 25.0833
    endloop
  endfacet
  facet normal 0.986012 -0.107999 -0.126948
    outer loop
      vertex -56.5251 7.44798 25.0833
      vertex -55.9194 11.1167 26.6667
      vertex -56.7973 4.96284 25.0833
    endloop
  endfacet
  facet normal 0.96839 -0.214691 0.126997
    outer loop
      vertex -55.3783 13.5574 26.6667
      vertex -55.9194 11.1167 26.6667
      vertex -56.5251 7.44798 25.0833
    endloop
  endfacet
  facet normal 0.045957 0.207299 -0.977198
    outer loop
      vertex -63.0425 22.7201 28.25
      vertex -55.3783 13.5574 26.6667
      vertex -65.1413 15.7218 26.6667
    endloop
  endfacet
  facet normal 0.0793795 0.233844 -0.969028
    outer loop
      vertex -53.5732 19.5057 28.25
      vertex -55.3783 13.5574 26.6667
      vertex -63.0425 22.7201 28.25
    endloop
  endfacet
  facet normal -0.963182 0.213536 0.163347
    outer loop
      vertex -63.8461 20.3528 28.25
      vertex -65.1413 15.7218 26.6667
      vertex -65.6824 13.2811 26.6667
    endloop
  endfacet
  facet normal -0.934211 0.317126 -0.163342
    outer loop
      vertex -63.8461 20.3528 28.25
      vertex -63.0425 22.7201 28.25
      vertex -65.1413 15.7218 26.6667
    endloop
  endfacet
  facet normal -0.0534497 -0.241097 0.969028
    outer loop
      vertex -55.9194 11.1167 26.6667
      vertex -54.3768 17.1384 28.25
      vertex -65.6824 13.2811 26.6667
    endloop
  endfacet
  facet normal -0.0682522 -0.201064 0.977197
    outer loop
      vertex -54.3768 17.1384 28.25
      vertex -63.8461 20.3528 28.25
      vertex -65.6824 13.2811 26.6667
    endloop
  endfacet
  facet normal 0.968393 -0.214692 -0.126972
    outer loop
      vertex -55.3783 13.5574 26.6667
      vertex -54.3768 17.1384 28.25
      vertex -55.9194 11.1167 26.6667
    endloop
  endfacet
  facet normal 0.93926 -0.31884 0.127011
    outer loop
      vertex -53.5732 19.5057 28.25
      vertex -54.3768 17.1384 28.25
      vertex -55.3783 13.5574 26.6667
    endloop
  endfacet
  facet normal 0.0682522 0.201064 -0.977197
    outer loop
      vertex -60.1943 29.4483 29.8333
      vertex -53.5732 19.5057 28.25
      vertex -63.0425 22.7201 28.25
    endloop
  endfacet
  facet normal 0.104367 0.223813 -0.969028
    outer loop
      vertex -51.1313 25.2221 29.8333
      vertex -53.5732 19.5057 28.25
      vertex -60.1943 29.4483 29.8333
    endloop
  endfacet
  facet normal -0.934214 0.317127 0.163324
    outer loop
      vertex -61.2509 27.1825 29.8333
      vertex -63.0425 22.7201 28.25
      vertex -63.8461 20.3528 28.25
    endloop
  endfacet
  facet normal -0.894122 0.416952 -0.163391
    outer loop
      vertex -61.2509 27.1825 29.8333
      vertex -60.1943 29.4483 29.8333
      vertex -63.0425 22.7201 28.25
    endloop
  endfacet
  facet normal -0.0793793 -0.233843 0.969028
    outer loop
      vertex -54.3768 17.1384 28.25
      vertex -52.1878 22.9564 29.8333
      vertex -63.8461 20.3528 28.25
    endloop
  endfacet
  facet normal -0.0897349 -0.192441 0.977197
    outer loop
      vertex -52.1878 22.9564 29.8333
      vertex -61.2509 27.1825 29.8333
      vertex -63.8461 20.3528 28.25
    endloop
  endfacet
  facet normal 0.939265 -0.318841 -0.12697
    outer loop
      vertex -53.5732 19.5057 28.25
      vertex -52.1878 22.9564 29.8333
      vertex -54.3768 17.1384 28.25
    endloop
  endfacet
  facet normal 0.898972 -0.419192 0.126995
    outer loop
      vertex -51.1313 25.2221 29.8333
      vertex -52.1878 22.9564 29.8333
      vertex -53.5732 19.5057 28.25
    endloop
  endfacet
  facet normal 0.0897427 0.192451 -0.977194
    outer loop
      vertex -56.6306 35.8264 31.4167
      vertex -51.1313 25.2221 29.8333
      vertex -60.1943 29.4483 29.8333
    endloop
  endfacet
  facet normal 0.128118 0.211132 -0.969025
    outer loop
      vertex -48.0815 30.6387 31.4167
      vertex -51.1313 25.2221 29.8333
      vertex -56.6306 35.8264 31.4167
    endloop
  endfacet
  facet normal -0.894146 0.416963 0.163233
    outer loop
      vertex -57.9276 33.6892 31.4167
      vertex -60.1943 29.4483 29.8333
      vertex -61.2509 27.1825 29.8333
    endloop
  endfacet
  facet normal -0.843387 0.511825 -0.163505
    outer loop
      vertex -57.9276 33.6892 31.4167
      vertex -56.6306 35.8264 31.4167
      vertex -60.1943 29.4483 29.8333
    endloop
  endfacet
  facet normal -0.104371 -0.223829 0.969024
    outer loop
      vertex -52.1878 22.9564 29.8333
      vertex -49.3784 28.5014 31.4167
      vertex -61.2509 27.1825 29.8333
    endloop
  endfacet
  facet normal -0.110159 -0.181536 0.977195
    outer loop
      vertex -49.3784 28.5014 31.4167
      vertex -57.9276 33.6892 31.4167
      vertex -61.2509 27.1825 29.8333
    endloop
  endfacet
  facet normal 0.898967 -0.41919 -0.127037
    outer loop
      vertex -51.1313 25.2221 29.8333
      vertex -49.3784 28.5014 31.4167
      vertex -52.1878 22.9564 29.8333
    endloop
  endfacet
  facet normal 0.848008 -0.514566 0.126906
    outer loop
      vertex -48.0815 30.6387 31.4167
      vertex -49.3784 28.5014 31.4167
      vertex -51.1313 25.2221 29.8333
    endloop
  endfacet
  facet normal 0.110152 0.181525 -0.977198
    outer loop
      vertex -52.3937 41.7787 33
      vertex -48.0815 30.6387 31.4167
      vertex -56.6306 35.8264 31.4167
    endloop
  endfacet
  facet normal 0.150334 0.195918 -0.969028
    outer loop
      vertex -44.4602 35.6911 33
      vertex -48.0815 30.6387 31.4167
      vertex -52.3937 41.7787 33
    endloop
  endfacet
  facet normal -0.843427 0.51185 0.163219
    outer loop
      vertex -53.9156 39.7953 33
      vertex -56.6306 35.8264 31.4167
      vertex -57.9276 33.6892 31.4167
    endloop
  endfacet
  facet normal -0.782702 0.600582 -0.163338
    outer loop
      vertex -53.9156 39.7953 33
      vertex -52.3937 41.7787 33
      vertex -56.6306 35.8264 31.4167
    endloop
  endfacet
  facet normal -0.128112 -0.211121 0.969028
    outer loop
      vertex -49.3784 28.5014 31.4167
      vertex -45.9821 33.7077 33
      vertex -57.9276 33.6892 31.4167
    endloop
  endfacet
  facet normal -0.12926 -0.168455 0.977197
    outer loop
      vertex -45.9821 33.7077 33
      vertex -53.9156 39.7953 33
      vertex -57.9276 33.6892 31.4167
    endloop
  endfacet
  facet normal 0.847996 -0.514558 -0.127015
    outer loop
      vertex -48.0815 30.6387 31.4167
      vertex -45.9821 33.7077 33
      vertex -49.3784 28.5014 31.4167
    endloop
  endfacet
  facet normal 0.786934 -0.603829 0.12699
    outer loop
      vertex -44.4602 35.6911 33
      vertex -45.9821 33.7077 33
      vertex -48.0815 30.6387 31.4167
    endloop
  endfacet
  facet normal 0.129261 0.168456 -0.977197
    outer loop
      vertex -47.534 47.2343 34.5833
      vertex -44.4602 35.6911 33
      vertex -52.3937 41.7787 33
    endloop
  endfacet
  facet normal 0.17077 0.178389 -0.969028
    outer loop
      vertex -40.3104 40.3192 34.5833
      vertex -44.4602 35.6911 33
      vertex -47.534 47.2343 34.5833
    endloop
  endfacet
  facet normal -0.782701 0.600582 0.163341
    outer loop
      vertex -49.2628 45.4284 34.5833
      vertex -52.3937 41.7787 33
      vertex -53.9156 39.7953 33
    endloop
  endfacet
  facet normal -0.712652 0.682227 -0.16338
    outer loop
      vertex -49.2628 45.4284 34.5833
      vertex -47.534 47.2343 34.5833
      vertex -52.3937 41.7787 33
    endloop
  endfacet
  facet normal -0.150333 -0.195917 0.969029
    outer loop
      vertex -45.9821 33.7077 33
      vertex -42.0391 38.5133 34.5833
      vertex -53.9156 39.7953 33
    endloop
  endfacet
  facet normal -0.146831 -0.153383 0.977197
    outer loop
      vertex -42.0391 38.5133 34.5833
      vertex -49.2628 45.4284 34.5833
      vertex -53.9156 39.7953 33
    endloop
  endfacet
  facet normal 0.78693 -0.603826 -0.127025
    outer loop
      vertex -44.4602 35.6911 33
      vertex -42.0391 38.5133 34.5833
      vertex -45.9821 33.7077 33
    endloop
  endfacet
  facet normal 0.716536 -0.685905 0.126922
    outer loop
      vertex -40.3104 40.3192 34.5833
      vertex -42.0391 38.5133 34.5833
      vertex -44.4602 35.6911 33
    endloop
  endfacet
  facet normal 0.146839 0.15339 -0.977195
    outer loop
      vertex -42.1092 52.1285 36.1667
      vertex -40.3104 40.3192 34.5833
      vertex -47.534 47.2343 34.5833
    endloop
  endfacet
  facet normal 0.189185 0.158744 -0.969025
    outer loop
      vertex -35.6813 44.468 36.1667
      vertex -40.3104 40.3192 34.5833
      vertex -42.1092 52.1285 36.1667
    endloop
  endfacet
  facet normal -0.712661 0.682235 0.163309
    outer loop
      vertex -44.0243 50.5215 36.1667
      vertex -47.534 47.2343 34.5833
      vertex -49.2628 45.4284 34.5833
    endloop
  endfacet
  facet normal -0.634168 0.755753 -0.163302
    outer loop
      vertex -44.0243 50.5215 36.1667
      vertex -42.1092 52.1285 36.1667
      vertex -47.534 47.2343 34.5833
    endloop
  endfacet
  facet normal -0.170781 -0.178402 0.969023
    outer loop
      vertex -42.0391 38.5133 34.5833
      vertex -37.5965 42.861 36.1667
      vertex -49.2628 45.4284 34.5833
    endloop
  endfacet
  facet normal -0.162667 -0.136491 0.977195
    outer loop
      vertex -37.5965 42.861 36.1667
      vertex -44.0243 50.5215 36.1667
      vertex -49.2628 45.4284 34.5833
    endloop
  endfacet
  facet normal 0.716525 -0.685894 -0.12705
    outer loop
      vertex -40.3104 40.3192 34.5833
      vertex -37.5965 42.861 36.1667
      vertex -42.0391 38.5133 34.5833
    endloop
  endfacet
  facet normal 0.637573 -0.759851 0.126992
    outer loop
      vertex -35.6813 44.468 36.1667
      vertex -37.5965 42.861 36.1667
      vertex -40.3104 40.3192 34.5833
    endloop
  endfacet
  facet normal 0.162658 0.136486 -0.977197
    outer loop
      vertex -36.1839 56.4029 37.75
      vertex -35.6813 44.468 36.1667
      vertex -42.1092 52.1285 36.1667
    endloop
  endfacet
  facet normal 0.205334 0.137199 -0.969028
    outer loop
      vertex -30.6282 48.0882 37.75
      vertex -35.6813 44.468 36.1667
      vertex -36.1839 56.4029 37.75
    endloop
  endfacet
  facet normal -0.634157 0.75574 0.163408
    outer loop
      vertex -38.2625 55.014 37.75
      vertex -42.1092 52.1285 36.1667
      vertex -44.0243 50.5215 36.1667
    endloop
  endfacet
  facet normal -0.54812 0.820305 -0.163291
    outer loop
      vertex -38.2625 55.014 37.75
      vertex -36.1839 56.4029 37.75
      vertex -42.1092 52.1285 36.1667
    endloop
  endfacet
  facet normal -0.189173 -0.158732 0.969029
    outer loop
      vertex -37.5965 42.861 36.1667
      vertex -32.7068 46.6993 37.75
      vertex -44.0243 50.5215 36.1667
    endloop
  endfacet
  facet normal -0.176548 -0.117966 0.977197
    outer loop
      vertex -32.7068 46.6993 37.75
      vertex -38.2625 55.014 37.75
      vertex -44.0243 50.5215 36.1667
    endloop
  endfacet
  facet normal 0.637576 -0.759855 -0.126955
    outer loop
      vertex -35.6813 44.468 36.1667
      vertex -32.7068 46.6993 37.75
      vertex -37.5965 42.861 36.1667
    endloop
  endfacet
  facet normal 0.55108 -0.824735 0.126978
    outer loop
      vertex -30.6282 48.0882 37.75
      vertex -32.7068 46.6993 37.75
      vertex -35.6813 44.468 36.1667
    endloop
  endfacet
  facet normal 0.176548 0.117965 -0.977198
    outer loop
      vertex -29.8284 60.0069 39.3333
      vertex -30.6282 48.0882 37.75
      vertex -36.1839 56.4029 37.75
    endloop
  endfacet
  facet normal 0.219046 0.114028 -0.969029
    outer loop
      vertex -29.8284 60.0069 39.3333
      vertex -25.2109 51.1368 39.3333
      vertex -30.6282 48.0882 37.75
    endloop
  endfacet
  facet normal -0.548111 0.820292 0.16339
    outer loop
      vertex -32.0459 58.8525 39.3333
      vertex -36.1839 56.4029 37.75
      vertex -38.2625 55.014 37.75
    endloop
  endfacet
  facet normal -0.455565 0.8751 -0.163277
    outer loop
      vertex -32.0459 58.8525 39.3333
      vertex -29.8284 60.0069 39.3333
      vertex -36.1839 56.4029 37.75
    endloop
  endfacet
  facet normal -0.205332 -0.137198 0.969028
    outer loop
      vertex -32.7068 46.6993 37.75
      vertex -27.4284 49.9824 39.3333
      vertex -38.2625 55.014 37.75
    endloop
  endfacet
  facet normal -0.188342 -0.0980452 0.977197
    outer loop
      vertex -27.4284 49.9824 39.3333
      vertex -32.0459 58.8525 39.3333
      vertex -38.2625 55.014 37.75
    endloop
  endfacet
  facet normal 0.551076 -0.824729 -0.127033
    outer loop
      vertex -30.6282 48.0882 37.75
      vertex -27.4284 49.9824 39.3333
      vertex -32.7068 46.6993 37.75
    endloop
  endfacet
  facet normal 0.458027 -0.879829 0.126936
    outer loop
      vertex -25.2109 51.1368 39.3333
      vertex -27.4284 49.9824 39.3333
      vertex -30.6282 48.0882 37.75
    endloop
  endfacet
  facet normal 0.188351 0.09805 -0.977195
    outer loop
      vertex -23.1183 62.8976 40.9167
      vertex -25.2109 51.1368 39.3333
      vertex -29.8284 60.0069 39.3333
    endloop
  endfacet
  facet normal 0.230175 0.0895082 -0.969024
    outer loop
      vertex -23.1183 62.8976 40.9167
      vertex -19.494 53.5775 40.9167
      vertex -25.2109 51.1368 39.3333
    endloop
  endfacet
  facet normal -0.45556 0.87509 0.16335
    outer loop
      vertex -25.4484 61.9915 40.9167
      vertex -29.8284 60.0069 39.3333
      vertex -32.0459 58.8525 39.3333
    endloop
  endfacet
  facet normal -0.357559 0.919487 -0.163387
    outer loop
      vertex -25.4484 61.9915 40.9167
      vertex -23.1183 62.8976 40.9167
      vertex -29.8284 60.0069 39.3333
    endloop
  endfacet
  facet normal -0.219061 -0.114037 0.969024
    outer loop
      vertex -27.4284 49.9824 39.3333
      vertex -21.824 52.6714 40.9167
      vertex -32.0459 58.8525 39.3333
    endloop
  endfacet
  facet normal -0.197909 -0.0769628 0.977194
    outer loop
      vertex -21.824 52.6714 40.9167
      vertex -25.4484 61.9915 40.9167
      vertex -32.0459 58.8525 39.3333
    endloop
  endfacet
  facet normal 0.458023 -0.879821 -0.127008
    outer loop
      vertex -25.2109 51.1368 39.3333
      vertex -21.824 52.6714 40.9167
      vertex -27.4284 49.9824 39.3333
    endloop
  endfacet
  facet normal 0.359509 -0.924462 0.12698
    outer loop
      vertex -19.494 53.5775 40.9167
      vertex -21.824 52.6714 40.9167
      vertex -25.2109 51.1368 39.3333
    endloop
  endfacet
  facet normal 0.197898 0.0769565 -0.977197
    outer loop
      vertex -16.1335 65.0406 42.5
      vertex -19.494 53.5775 40.9167
      vertex -23.1183 62.8976 40.9167
    endloop
  endfacet
  facet normal 0.238535 0.0639152 -0.969028
    outer loop
      vertex -16.1335 65.0406 42.5
      vertex -13.5453 55.3813 42.5
      vertex -19.494 53.5775 40.9167
    endloop
  endfacet
  facet normal -0.357563 0.919497 0.16332
    outer loop
      vertex -18.5483 64.3935 42.5
      vertex -23.1183 62.8976 40.9167
      vertex -25.4484 61.9915 40.9167
    endloop
  endfacet
  facet normal -0.255367 0.952959 -0.16327
    outer loop
      vertex -18.5483 64.3935 42.5
      vertex -16.1335 65.0406 42.5
      vertex -23.1183 62.8976 40.9167
    endloop
  endfacet
  facet normal -0.23016 -0.0895044 0.969028
    outer loop
      vertex -21.824 52.6714 40.9167
      vertex -15.9601 54.7342 42.5
      vertex -25.4484 61.9915 40.9167
    endloop
  endfacet
  facet normal -0.205097 -0.0549557 0.977197
    outer loop
      vertex -15.9601 54.7342 42.5
      vertex -18.5483 64.3935 42.5
      vertex -25.4484 61.9915 40.9167
    endloop
  endfacet
  facet normal 0.359506 -0.924455 -0.127039
    outer loop
      vertex -19.494 53.5775 40.9167
      vertex -15.9601 54.7342 42.5
      vertex -21.824 52.6714 40.9167
    endloop
  endfacet
  facet normal 0.256747 -0.958111 0.126904
    outer loop
      vertex -13.5453 55.3813 42.5
      vertex -15.9601 54.7342 42.5
      vertex -19.494 53.5775 40.9167
    endloop
  endfacet
  facet normal 0.205097 0.0549556 -0.977198
    outer loop
      vertex -8.95681 66.4104 44.0833
      vertex -13.5453 55.3813 42.5
      vertex -16.1335 65.0406 42.5
    endloop
  endfacet
  facet normal 0.244075 0.0375667 -0.969028
    outer loop
      vertex -8.95681 66.4104 44.0833
      vertex -7.43558 56.5268 44.0833
      vertex -13.5453 55.3813 42.5
    endloop
  endfacet
  facet normal -0.25536 0.952935 0.163422
    outer loop
      vertex -11.4277 66.0301 44.0833
      vertex -16.1335 65.0406 42.5
      vertex -18.5483 64.3935 42.5
    endloop
  endfacet
  facet normal -0.150078 0.975088 -0.163338
    outer loop
      vertex -11.4277 66.0301 44.0833
      vertex -8.95681 66.4104 44.0833
      vertex -16.1335 65.0406 42.5
    endloop
  endfacet
  facet normal -0.238534 -0.063915 0.969029
    outer loop
      vertex -15.9601 54.7342 42.5
      vertex -9.90648 56.1465 44.0833
      vertex -18.5483 64.3935 42.5
    endloop
  endfacet
  facet normal -0.209861 -0.0323004 0.977198
    outer loop
      vertex -9.90648 56.1465 44.0833
      vertex -11.4277 66.0301 44.0833
      vertex -18.5483 64.3935 42.5
    endloop
  endfacet
  facet normal 0.256744 -0.958097 -0.127018
    outer loop
      vertex -13.5453 55.3813 42.5
      vertex -9.90648 56.1465 44.0833
      vertex -15.9601 54.7342 42.5
    endloop
  endfacet
  facet normal 0.150888 -0.980356 0.127022
    outer loop
      vertex -7.43558 56.5268 44.0833
      vertex -9.90648 56.1465 44.0833
      vertex -13.5453 55.3813 42.5
    endloop
  endfacet
  facet normal 0.209875 0.0323027 -0.977195
    outer loop
      vertex -1.67369 66.9908 45.6667
      vertex -7.43558 56.5268 44.0833
      vertex -8.95681 66.4104 44.0833
    endloop
  endfacet
  facet normal 0.24673 0.0107726 -0.969024
    outer loop
      vertex -1.67369 66.9908 45.6667
      vertex -1.23749 57.0003 45.6667
      vertex -7.43558 56.5268 44.0833
    endloop
  endfacet
  facet normal -0.150078 0.975087 0.163344
    outer loop
      vertex -4.17131 66.8817 45.6667
      vertex -8.95681 66.4104 44.0833
      vertex -11.4277 66.0301 44.0833
    endloop
  endfacet
  facet normal -0.0430545 0.985644 -0.163254
    outer loop
      vertex -4.17131 66.8817 45.6667
      vertex -1.67369 66.9908 45.6667
      vertex -8.95681 66.4104 44.0833
    endloop
  endfacet
  facet normal -0.244091 -0.037569 0.969024
    outer loop
      vertex -9.90648 56.1465 44.0833
      vertex -3.73512 56.8912 45.6667
      vertex -11.4277 66.0301 44.0833
    endloop
  endfacet
  facet normal -0.212144 -0.00926232 0.977194
    outer loop
      vertex -3.73512 56.8912 45.6667
      vertex -4.17131 66.8817 45.6667
      vertex -11.4277 66.0301 44.0833
    endloop
  endfacet
  facet normal 0.150888 -0.980357 -0.127014
    outer loop
      vertex -7.43558 56.5268 44.0833
      vertex -3.73512 56.8912 45.6667
      vertex -9.90648 56.1465 44.0833
    endloop
  endfacet
  facet normal 0.043287 -0.990971 0.126897
    outer loop
      vertex -1.23749 57.0003 45.6667
      vertex -3.73512 56.8912 45.6667
      vertex -7.43558 56.5268 44.0833
    endloop
  endfacet
  facet normal 0.212131 0.00926195 -0.977197
    outer loop
      vertex 5.62933 66.7748 47.25
      vertex -1.23749 57.0003 45.6667
      vertex -1.67369 66.9908 45.6667
    endloop
  endfacet
  facet normal 0.246422 -0.0161513 -0.969028
    outer loop
      vertex 5.62933 66.7748 47.25
      vertex 4.9753 56.7962 47.25
      vertex -1.23749 57.0003 45.6667
    endloop
  endfacet
  facet normal -0.0430532 0.985615 0.163431
    outer loop
      vertex 3.13469 66.9383 47.25
      vertex -1.67369 66.9908 45.6667
      vertex -4.17131 66.8817 45.6667
    endloop
  endfacet
  facet normal 0.0645222 0.984463 -0.163306
    outer loop
      vertex 3.13469 66.9383 47.25
      vertex 5.62933 66.7748 47.25
      vertex -1.67369 66.9908 45.6667
    endloop
  endfacet
  facet normal -0.246715 -0.0107717 0.969028
    outer loop
      vertex -3.73512 56.8912 45.6667
      vertex 2.48065 56.9597 47.25
      vertex -4.17131 66.8817 45.6667
    endloop
  endfacet
  facet normal -0.211878 0.0138874 0.977197
    outer loop
      vertex 2.48065 56.9597 47.25
      vertex 3.13469 66.9383 47.25
      vertex -4.17131 66.8817 45.6667
    endloop
  endfacet
  facet normal 0.0432861 -0.99095 -0.127061
    outer loop
      vertex -1.23749 57.0003 45.6667
      vertex 2.48065 56.9597 47.25
      vertex -3.73512 56.8912 45.6667
    endloop
  endfacet
  facet normal -0.0648707 -0.989785 0.126958
    outer loop
      vertex 4.9753 56.7962 47.25
      vertex 2.48065 56.9597 47.25
      vertex -1.23749 57.0003 45.6667
    endloop
  endfacet
  facet normal 0.211879 -0.0138873 -0.977197
    outer loop
      vertex 5.62933 66.7748 47.25
      vertex 12.8654 65.7651 48.8333
      vertex 4.9753 56.7962 47.25
    endloop
  endfacet
  facet normal 0.243197 -0.0428801 -0.969029
    outer loop
      vertex 12.8654 65.7651 48.8333
      vertex 11.129 55.917 48.8333
      vertex 4.9753 56.7962 47.25
    endloop
  endfacet
  facet normal 0.0645218 0.984457 0.163344
    outer loop
      vertex 10.4034 66.1992 48.8333
      vertex 5.62933 66.7748 47.25
      vertex 3.13469 66.9383 47.25
    endloop
  endfacet
  facet normal 0.17131 0.971584 -0.16333
    outer loop
      vertex 10.4034 66.1992 48.8333
      vertex 12.8654 65.7651 48.8333
      vertex 5.62933 66.7748 47.25
    endloop
  endfacet
  facet normal -0.246421 0.0161515 0.969028
    outer loop
      vertex 8.66694 56.3511 48.8333
      vertex 3.13469 66.9383 47.25
      vertex 2.48065 56.9597 47.25
    endloop
  endfacet
  facet normal -0.209108 0.0368708 0.977197
    outer loop
      vertex 8.66694 56.3511 48.8333
      vertex 10.4034 66.1992 48.8333
      vertex 3.13469 66.9383 47.25
    endloop
  endfacet
  facet normal -0.0648704 -0.98978 -0.126996
    outer loop
      vertex 4.9753 56.7962 47.25
      vertex 8.66694 56.3511 48.8333
      vertex 2.48065 56.9597 47.25
    endloop
  endfacet
  facet normal -0.172232 -0.976839 0.126968
    outer loop
      vertex 11.129 55.917 48.8333
      vertex 8.66694 56.3511 48.8333
      vertex 4.9753 56.7962 47.25
    endloop
  endfacet
  facet normal 0.209119 -0.0368716 -0.977195
    outer loop
      vertex 12.8654 65.7651 48.8333
      vertex 19.9486 63.9736 50.4167
      vertex 11.129 55.917 48.8333
    endloop
  endfacet
  facet normal 0.237101 -0.0691088 -0.969024
    outer loop
      vertex 19.9486 63.9736 50.4167
      vertex 17.1503 54.3731 50.4167
      vertex 11.129 55.917 48.8333
    endloop
  endfacet
  facet normal 0.171308 0.971575 0.163387
    outer loop
      vertex 17.5485 64.6731 50.4167
      vertex 12.8654 65.7651 48.8333
      vertex 10.4034 66.1992 48.8333
    endloop
  endfacet
  facet normal 0.276052 0.947181 -0.16323
    outer loop
      vertex 17.5485 64.6731 50.4167
      vertex 19.9486 63.9736 50.4167
      vertex 12.8654 65.7651 48.8333
    endloop
  endfacet
  facet normal -0.243213 0.0428843 0.969025
    outer loop
      vertex 14.7502 55.0726 50.4167
      vertex 10.4034 66.1992 48.8333
      vertex 8.66694 56.3511 48.8333
    endloop
  endfacet
  facet normal -0.203861 0.0594203 0.977195
    outer loop
      vertex 14.7502 55.0726 50.4167
      vertex 17.5485 64.6731 50.4167
      vertex 10.4034 66.1992 48.8333
    endloop
  endfacet
  facet normal -0.172231 -0.97683 -0.127039
    outer loop
      vertex 11.129 55.917 48.8333
      vertex 14.7502 55.0726 50.4167
      vertex 8.66694 56.3511 48.8333
    endloop
  endfacet
  facet normal -0.277543 -0.952296 0.126892
    outer loop
      vertex 17.1503 54.3731 50.4167
      vertex 14.7502 55.0726 50.4167
      vertex 11.129 55.917 48.8333
    endloop
  endfacet
  facet normal 0.203851 -0.0594173 -0.977197
    outer loop
      vertex 19.9486 63.9736 50.4167
      vertex 26.7946 61.4216 52
      vertex 17.1503 54.3731 50.4167
    endloop
  endfacet
  facet normal 0.228152 -0.0945027 -0.969028
    outer loop
      vertex 26.7946 61.4216 52
      vertex 22.9678 52.1828 52
      vertex 17.1503 54.3731 50.4167
    endloop
  endfacet
  facet normal 0.276043 0.947147 0.163439
    outer loop
      vertex 24.4849 62.3783 52
      vertex 19.9486 63.9736 50.4167
      vertex 17.5485 64.6731 50.4167
    endloop
  endfacet
  facet normal 0.377543 0.911478 -0.163309
    outer loop
      vertex 24.4849 62.3783 52
      vertex 26.7946 61.4216 52
      vertex 19.9486 63.9736 50.4167
    endloop
  endfacet
  facet normal -0.237085 0.0691043 0.969028
    outer loop
      vertex 20.6581 53.1395 52
      vertex 17.5485 64.6731 50.4167
      vertex 14.7502 55.0726 50.4167
    endloop
  endfacet
  facet normal -0.196172 0.0812564 0.977197
    outer loop
      vertex 20.6581 53.1395 52
      vertex 24.4849 62.3783 52
      vertex 17.5485 64.6731 50.4167
    endloop
  endfacet
  facet normal -0.277537 -0.952275 -0.127065
    outer loop
      vertex 17.1503 54.3731 50.4167
      vertex 20.6581 53.1395 52
      vertex 14.7502 55.0726 50.4167
    endloop
  endfacet
  facet normal -0.379583 -0.916404 0.126967
    outer loop
      vertex 22.9678 52.1828 52
      vertex 20.6581 53.1395 52
      vertex 17.1503 54.3731 50.4167
    endloop
  endfacet
  facet normal 0.196169 -0.0812549 -0.977198
    outer loop
      vertex 26.7946 61.4216 52
      vertex 33.3222 58.1395 53.5833
      vertex 22.9678 52.1828 52
    endloop
  endfacet
  facet normal 0.216507 -0.118779 -0.969029
    outer loop
      vertex 33.3222 58.1395 53.5833
      vertex 28.5123 49.3722 53.5833
      vertex 22.9678 52.1828 52
    endloop
  endfacet
  facet normal 0.377538 0.911466 0.163383
    outer loop
      vertex 31.1303 59.3419 53.5833
      vertex 26.7946 61.4216 52
      vertex 24.4849 62.3783 52
    endloop
  endfacet
  facet normal 0.474505 0.864993 -0.163194
    outer loop
      vertex 31.1303 59.3419 53.5833
      vertex 33.3222 58.1395 53.5833
      vertex 26.7946 61.4216 52
    endloop
  endfacet
  facet normal -0.228154 0.0945037 0.969028
    outer loop
      vertex 26.3204 50.5747 53.5833
      vertex 24.4849 62.3783 52
      vertex 20.6581 53.1395 52
    endloop
  endfacet
  facet normal -0.186157 0.10213 0.977197
    outer loop
      vertex 26.3204 50.5747 53.5833
      vertex 31.1303 59.3419 53.5833
      vertex 24.4849 62.3783 52
    endloop
  endfacet
  facet normal -0.379582 -0.9164 -0.126999
    outer loop
      vertex 22.9678 52.1828 52
      vertex 26.3204 50.5747 53.5833
      vertex 20.6581 53.1395 52
    endloop
  endfacet
  facet normal -0.47709 -0.869634 0.126972
    outer loop
      vertex 28.5123 49.3722 53.5833
      vertex 26.3204 50.5747 53.5833
      vertex 22.9678 52.1828 52
    endloop
  endfacet
  facet normal 0.186169 -0.102136 -0.977195
    outer loop
      vertex 33.3222 58.1395 53.5833
      vertex 39.4536 54.1662 55.1667
      vertex 28.5123 49.3722 53.5833
    endloop
  endfacet
  facet normal 0.202302 -0.141654 -0.969024
    outer loop
      vertex 39.4536 54.1662 55.1667
      vertex 33.7178 45.9747 55.1667
      vertex 28.5123 49.3722 53.5833
    endloop
  endfacet
  facet normal 0.474484 0.864954 0.163461
    outer loop
      vertex 37.4057 55.6002 55.1667
      vertex 33.3222 58.1395 53.5833
      vertex 31.1303 59.3419 53.5833
    endloop
  endfacet
  facet normal 0.565883 0.808139 -0.163367
    outer loop
      vertex 37.4057 55.6002 55.1667
      vertex 39.4536 54.1662 55.1667
      vertex 33.3222 58.1395 53.5833
    endloop
  endfacet
  facet normal -0.216518 0.118787 0.969025
    outer loop
      vertex 31.6699 47.4086 55.1667
      vertex 31.1303 59.3419 53.5833
      vertex 26.3204 50.5747 53.5833
    endloop
  endfacet
  facet normal -0.173944 0.121796 0.977195
    outer loop
      vertex 31.6699 47.4086 55.1667
      vertex 37.4057 55.6002 55.1667
      vertex 31.1303 59.3419 53.5833
    endloop
  endfacet
  facet normal -0.477086 -0.869626 -0.127037
    outer loop
      vertex 28.5123 49.3722 53.5833
      vertex 31.6699 47.4086 55.1667
      vertex 26.3204 50.5747 53.5833
    endloop
  endfacet
  facet normal -0.568925 -0.81254 0.1269
    outer loop
      vertex 33.7178 45.9747 55.1667
      vertex 31.6699 47.4086 55.1667
      vertex 28.5123 49.3722 53.5833
    endloop
  endfacet
  facet normal 0.173933 -0.12179 -0.977197
    outer loop
      vertex 39.4536 54.1662 55.1667
      vertex 45.116 49.5491 56.75
      vertex 33.7178 45.9747 55.1667
    endloop
  endfacet
  facet normal 0.185667 -0.162827 -0.969028
    outer loop
      vertex 45.116 49.5491 56.75
      vertex 38.5225 42.0307 56.75
      vertex 33.7178 45.9747 55.1667
    endloop
  endfacet
  facet normal 0.565887 0.808145 0.163319
    outer loop
      vertex 43.2364 51.1974 56.75
      vertex 39.4536 54.1662 55.1667
      vertex 37.4057 55.6002 55.1667
    endloop
  endfacet
  facet normal 0.650484 0.741764 -0.163268
    outer loop
      vertex 43.2364 51.1974 56.75
      vertex 45.116 49.5491 56.75
      vertex 39.4536 54.1662 55.1667
    endloop
  endfacet
  facet normal -0.202291 0.141645 0.969028
    outer loop
      vertex 36.6429 43.6791 56.75
      vertex 37.4057 55.6002 55.1667
      vertex 31.6699 47.4086 55.1667
    endloop
  endfacet
  facet normal -0.159638 0.140001 0.977198
    outer loop
      vertex 43.2364 51.1974 56.75
      vertex 37.4057 55.6002 55.1667
      vertex 36.6429 43.6791 56.75
    endloop
  endfacet
  facet normal -0.568916 -0.812528 -0.127014
    outer loop
      vertex 33.7178 45.9747 55.1667
      vertex 36.6429 43.6791 56.75
      vertex 31.6699 47.4086 55.1667
    endloop
  endfacet
  facet normal -0.654012 -0.745742 0.127029
    outer loop
      vertex 38.5225 42.0307 56.75
      vertex 36.6429 43.6791 56.75
      vertex 33.7178 45.9747 55.1667
    endloop
  endfacet
  facet normal 0.159639 -0.140001 -0.977198
    outer loop
      vertex 45.116 49.5491 56.75
      vertex 50.2421 44.3429 58.3333
      vertex 38.5225 42.0307 56.75
    endloop
  endfacet
  facet normal 0.166835 -0.18207 -0.969029
    outer loop
      vertex 50.2421 44.3429 58.3333
      vertex 42.8693 37.587 58.3333
      vertex 38.5225 42.0307 56.75
    endloop
  endfacet
  facet normal 0.650466 0.741743 0.163435
    outer loop
      vertex 48.5531 46.1861 58.3333
      vertex 45.116 49.5491 56.75
      vertex 43.2364 51.1974 56.75
    endloop
  endfacet
  facet normal 0.727378 0.666526 -0.163293
    outer loop
      vertex 48.5531 46.1861 58.3333
      vertex 50.2421 44.3429 58.3333
      vertex 45.116 49.5491 56.75
    endloop
  endfacet
  facet normal -0.185664 0.162826 0.969029
    outer loop
      vertex 41.1803 39.4302 58.3333
      vertex 43.2364 51.1974 56.75
      vertex 36.6429 43.6791 56.75
    endloop
  endfacet
  facet normal -0.14345 0.156549 0.977197
    outer loop
      vertex 48.5531 46.1861 58.3333
      vertex 43.2364 51.1974 56.75
      vertex 41.1803 39.4302 58.3333
    endloop
  endfacet
  facet normal -0.654015 -0.745746 -0.126994
    outer loop
      vertex 38.5225 42.0307 56.75
      vertex 41.1803 39.4302 58.3333
      vertex 36.6429 43.6791 56.75
    endloop
  endfacet
  facet normal -0.731308 -0.670128 0.126952
    outer loop
      vertex 42.8693 37.587 58.3333
      vertex 41.1803 39.4302 58.3333
      vertex 38.5225 42.0307 56.75
    endloop
  endfacet
  facet normal 0.14346 -0.15656 -0.977194
    outer loop
      vertex 50.2421 44.3429 58.3333
      vertex 54.7709 38.6097 59.9167
      vertex 42.8693 37.587 58.3333
    endloop
  endfacet
  facet normal 0.146034 -0.199164 -0.969024
    outer loop
      vertex 54.7709 38.6097 59.9167
      vertex 46.7065 32.6966 59.9167
      vertex 42.8693 37.587 58.3333
    endloop
  endfacet
  facet normal 0.727374 0.666523 0.163322
    outer loop
      vertex 53.2927 40.6258 59.9167
      vertex 50.2421 44.3429 58.3333
      vertex 48.5531 46.1861 58.3333
    endloop
  endfacet
  facet normal 0.795616 0.583344 -0.16342
    outer loop
      vertex 53.2927 40.6258 59.9167
      vertex 54.7709 38.6097 59.9167
      vertex 50.2421 44.3429 58.3333
    endloop
  endfacet
  facet normal -0.166847 0.182082 0.969024
    outer loop
      vertex 45.2282 34.7127 59.9167
      vertex 48.5531 46.1861 58.3333
      vertex 41.1803 39.4302 58.3333
    endloop
  endfacet
  facet normal -0.125562 0.171246 0.977195
    outer loop
      vertex 53.2927 40.6258 59.9167
      vertex 48.5531 46.1861 58.3333
      vertex 45.2282 34.7127 59.9167
    endloop
  endfacet
  facet normal -0.731305 -0.670125 -0.126983
    outer loop
      vertex 42.8693 37.587 58.3333
      vertex 45.2282 34.7127 59.9167
      vertex 41.1803 39.4302 58.3333
    endloop
  endfacet
  facet normal -0.799912 -0.586533 0.126967
    outer loop
      vertex 46.7065 32.6966 59.9167
      vertex 45.2282 34.7127 59.9167
      vertex 42.8693 37.587 58.3333
    endloop
  endfacet
  facet normal 0.125555 -0.171235 -0.977197
    outer loop
      vertex 54.7709 38.6097 59.9167
      vertex 58.6487 32.4175 61.5
      vertex 46.7065 32.6966 59.9167
    endloop
  endfacet
  facet normal 0.123476 -0.213867 -0.969028
    outer loop
      vertex 58.6487 32.4175 61.5
      vertex 49.9884 27.4175 61.5
      vertex 46.7065 32.6966 59.9167
    endloop
  endfacet
  facet normal 0.795634 0.583357 0.163285
    outer loop
      vertex 57.3987 34.5825 61.5
      vertex 54.7709 38.6097 59.9167
      vertex 53.2927 40.6258 59.9167
    endloop
  endfacet
  facet normal 0.854393 0.493299 -0.163306
    outer loop
      vertex 57.3987 34.5825 61.5
      vertex 58.6487 32.4175 61.5
      vertex 54.7709 38.6097 59.9167
    endloop
  endfacet
  facet normal -0.146024 0.199152 0.969028
    outer loop
      vertex 48.7384 29.5825 61.5
      vertex 53.2927 40.6258 59.9167
      vertex 45.2282 34.7127 59.9167
    endloop
  endfacet
  facet normal -0.106166 0.183886 0.977197
    outer loop
      vertex 57.3987 34.5825 61.5
      vertex 53.2927 40.6258 59.9167
      vertex 48.7384 29.5825 61.5
    endloop
  endfacet
  facet normal -0.799902 -0.586526 -0.127064
    outer loop
      vertex 46.7065 32.6966 59.9167
      vertex 48.7384 29.5825 61.5
      vertex 45.2282 34.7127 59.9167
    endloop
  endfacet
  facet normal -0.859016 -0.495968 0.126913
    outer loop
      vertex 49.9884 27.4175 61.5
      vertex 48.7384 29.5825 61.5
      vertex 46.7065 32.6966 59.9167
    endloop
  endfacet
  facet normal 0.106166 -0.183886 -0.977197
    outer loop
      vertex 58.6487 32.4175 61.5
      vertex 61.8293 25.8399 63.0833
      vertex 49.9884 27.4175 61.5
    endloop
  endfacet
  facet normal 0.0994581 -0.226033 -0.969029
    outer loop
      vertex 61.8293 25.8399 63.0833
      vertex 52.6762 21.8124 63.0833
      vertex 49.9884 27.4175 61.5
    endloop
  endfacet
  facet normal 0.85438 0.493291 0.163397
    outer loop
      vertex 60.8224 28.1282 63.0833
      vertex 58.6487 32.4175 61.5
      vertex 57.3987 34.5825 61.5
    endloop
  endfacet
  facet normal 0.903021 0.397348 -0.163299
    outer loop
      vertex 60.8224 28.1282 63.0833
      vertex 61.8293 25.8399 63.0833
      vertex 58.6487 32.4175 61.5
    endloop
  endfacet
  facet normal -0.123475 0.213866 0.969028
    outer loop
      vertex 51.6693 24.1007 63.0833
      vertex 57.3987 34.5825 61.5
      vertex 48.7384 29.5825 61.5
    endloop
  endfacet
  facet normal -0.0855179 0.194352 0.977197
    outer loop
      vertex 60.8224 28.1282 63.0833
      vertex 57.3987 34.5825 61.5
      vertex 51.6693 24.1007 63.0833
    endloop
  endfacet
  facet normal -0.859005 -0.495961 -0.127015
    outer loop
      vertex 49.9884 27.4175 61.5
      vertex 51.6693 24.1007 63.0833
      vertex 48.7384 29.5825 61.5
    endloop
  endfacet
  facet normal -0.907899 -0.399495 0.126978
    outer loop
      vertex 52.6762 21.8124 63.0833
      vertex 51.6693 24.1007 63.0833
      vertex 49.9884 27.4175 61.5
    endloop
  endfacet
  facet normal 0.0855218 -0.194361 -0.977195
    outer loop
      vertex 61.8293 25.8399 63.0833
      vertex 64.2749 18.9551 64.6667
      vertex 52.6762 21.8124 63.0833
    endloop
  endfacet
  facet normal 0.0742629 -0.235537 -0.969024
    outer loop
      vertex 64.2749 18.9551 64.6667
      vertex 54.7377 15.9481 64.6667
      vertex 52.6762 21.8124 63.0833
    endloop
  endfacet
  facet normal 0.903015 0.397345 0.163342
    outer loop
      vertex 63.5232 21.3394 64.6667
      vertex 61.8293 25.8399 63.0833
      vertex 60.8224 28.1282 63.0833
    endloop
  endfacet
  facet normal 0.940902 0.296639 -0.163427
    outer loop
      vertex 63.5232 21.3394 64.6667
      vertex 64.2749 18.9551 64.6667
      vertex 61.8293 25.8399 63.0833
    endloop
  endfacet
  facet normal -0.0994652 0.22605 0.969024
    outer loop
      vertex 53.986 18.3324 64.6667
      vertex 60.8224 28.1282 63.0833
      vertex 51.6693 24.1007 63.0833
    endloop
  endfacet
  facet normal -0.0638516 0.202516 0.977195
    outer loop
      vertex 63.5232 21.3394 64.6667
      vertex 60.8224 28.1282 63.0833
      vertex 53.986 18.3324 64.6667
    endloop
  endfacet
  facet normal -0.907898 -0.399494 -0.126989
    outer loop
      vertex 52.6762 21.8124 63.0833
      vertex 53.986 18.3324 64.6667
      vertex 51.6693 24.1007 63.0833
    endloop
  endfacet
  facet normal -0.945996 -0.298245 0.127052
    outer loop
      vertex 54.7377 15.9481 64.6667
      vertex 53.986 18.3324 64.6667
      vertex 52.6762 21.8124 63.0833
    endloop
  endfacet
  facet normal 0.0638489 -0.202507 -0.977197
    outer loop
      vertex 64.2749 18.9551 64.6667
      vertex 65.9565 11.8451 66.25
      vertex 54.7377 15.9481 64.6667
    endloop
  endfacet
  facet normal 0.0481779 -0.242204 -0.969028
    outer loop
      vertex 65.9565 11.8451 66.25
      vertex 56.1486 9.89417 66.25
      vertex 54.7377 15.9481 64.6667
    endloop
  endfacet
  facet normal 0.940934 0.296649 0.163228
    outer loop
      vertex 65.4688 14.297 66.25
      vertex 64.2749 18.9551 64.6667
      vertex 63.5232 21.3394 64.6667
    endloop
  endfacet
  facet normal 0.967605 0.192463 -0.163399
    outer loop
      vertex 65.4688 14.297 66.25
      vertex 65.9565 11.8451 66.25
      vertex 64.2749 18.9551 64.6667
    endloop
  endfacet
  facet normal -0.0742573 0.235519 0.969029
    outer loop
      vertex 55.6609 12.3461 66.25
      vertex 63.5232 21.3394 64.6667
      vertex 53.986 18.3324 64.6667
    endloop
  endfacet
  facet normal -0.0414239 0.208253 0.977197
    outer loop
      vertex 65.4688 14.297 66.25
      vertex 63.5232 21.3394 64.6667
      vertex 55.6609 12.3461 66.25
    endloop
  endfacet
  facet normal -0.946013 -0.29825 -0.126911
    outer loop
      vertex 54.7377 15.9481 64.6667
      vertex 55.6609 12.3461 66.25
      vertex 53.986 18.3324 64.6667
    endloop
  endfacet
  facet normal -0.972841 -0.193502 0.127033
    outer loop
      vertex 56.1486 9.89417 66.25
      vertex 55.6609 12.3461 66.25
      vertex 54.7377 15.9481 64.6667
    endloop
  endfacet
  facet normal 0.0414243 -0.208252 -0.977198
    outer loop
      vertex 65.9565 11.8451 66.25
      vertex 66.854 4.59419 67.8333
      vertex 56.1486 9.89417 66.25
    endloop
  endfacet
  facet normal 0.0215231 -0.24601 -0.969028
    outer loop
      vertex 66.854 4.59419 67.8333
      vertex 56.892 3.72263 67.8333
      vertex 56.1486 9.89417 66.25
    endloop
  endfacet
  facet normal 0.967613 0.192465 0.163345
    outer loop
      vertex 66.6361 7.08468 67.8333
      vertex 65.9565 11.8451 66.25
      vertex 65.4688 14.297 66.25
    endloop
  endfacet
  facet normal 0.982819 0.0859896 -0.163315
    outer loop
      vertex 66.6361 7.08468 67.8333
      vertex 66.854 4.59419 67.8333
      vertex 65.9565 11.8451 66.25
    endloop
  endfacet
  facet normal -0.0481774 0.242206 0.969028
    outer loop
      vertex 56.6742 6.21312 67.8333
      vertex 65.4688 14.297 66.25
      vertex 55.6609 12.3461 66.25
    endloop
  endfacet
  facet normal -0.0185063 0.211526 0.977197
    outer loop
      vertex 66.6361 7.08468 67.8333
      vertex 65.4688 14.297 66.25
      vertex 56.6742 6.21312 67.8333
    endloop
  endfacet
  facet normal -0.972854 -0.193505 -0.126931
    outer loop
      vertex 56.1486 9.89417 66.25
      vertex 56.6742 6.21312 67.8333
      vertex 55.6609 12.3461 66.25
    endloop
  endfacet
  facet normal -0.988117 -0.0864134 0.127115
    outer loop
      vertex 56.892 3.72263 67.8333
      vertex 56.6742 6.21312 67.8333
      vertex 56.1486 9.89417 66.25
    endloop
  endfacet
  facet normal 0.0185071 -0.211538 -0.977195
    outer loop
      vertex 66.854 4.59419 67.8333
      vertex 66.9568 -2.7113 69.4167
      vertex 56.892 3.72263 67.8333
    endloop
  endfacet
  facet normal -0.00538755 -0.246906 -0.969024
    outer loop
      vertex 66.9568 -2.7113 69.4167
      vertex 56.9592 -2.49315 69.4167
      vertex 56.892 3.72263 67.8333
    endloop
  endfacet
  facet normal 0.982811 0.0859889 0.163366
    outer loop
      vertex 67.0113 -0.211894 69.4167
      vertex 66.854 4.59419 67.8333
      vertex 66.6361 7.08468 67.8333
    endloop
  endfacet
  facet normal 0.986347 -0.0215075 -0.163268
    outer loop
      vertex 67.0113 -0.211894 69.4167
      vertex 66.9568 -2.7113 69.4167
      vertex 66.854 4.59419 67.8333
    endloop
  endfacet
  facet normal -0.0215246 0.246025 0.969024
    outer loop
      vertex 57.0137 0.00625324 69.4167
      vertex 66.6361 7.08468 67.8333
      vertex 56.6742 6.21312 67.8333
    endloop
  endfacet
  facet normal 0.00463227 0.212295 0.977195
    outer loop
      vertex 67.0113 -0.211894 69.4167
      vertex 66.6361 7.08468 67.8333
      vertex 57.0137 0.00625324 69.4167
    endloop
  endfacet
  facet normal -0.988147 -0.0864161 -0.126877
    outer loop
      vertex 56.892 3.72263 67.8333
      vertex 57.0137 0.00625324 69.4167
      vertex 56.6742 6.21312 67.8333
    endloop
  endfacet
  facet normal -0.991671 0.0216236 0.126972
    outer loop
      vertex 56.9592 -2.49315 69.4167
      vertex 57.0137 0.00625324 69.4167
      vertex 56.892 3.72263 67.8333
    endloop
  endfacet
  facet normal -0.00463205 -0.212282 -0.977197
    outer loop
      vertex 66.9568 -2.7113 69.4167
      vertex 66.2636 -9.98456 71
      vertex 56.9592 -2.49315 69.4167
    endloop
  endfacet
  facet normal -0.0322335 -0.244837 -0.969028
    outer loop
      vertex 56.9592 -2.49315 69.4167
      vertex 66.2636 -9.98456 71
      vertex 56.3492 -8.6793 71
    endloop
  endfacet
  facet normal 0.98633 -0.0215071 0.163372
    outer loop
      vertex 66.9568 -2.7113 69.4167
      vertex 67.0113 -0.211894 69.4167
      vertex 66.59 -7.50595 71
    endloop
  endfacet
  facet normal 0.978106 -0.128804 -0.163455
    outer loop
      vertex 66.9568 -2.7113 69.4167
      vertex 66.59 -7.50595 71
      vertex 66.2636 -9.98456 71
    endloop
  endfacet
  facet normal 0.00538716 0.246891 0.969028
    outer loop
      vertex 67.0113 -0.211894 69.4167
      vertex 57.0137 0.00625324 69.4167
      vertex 56.6755 -6.20069 71
    endloop
  endfacet
  facet normal 0.0277149 0.210517 0.977197
    outer loop
      vertex 66.59 -7.50595 71
      vertex 67.0113 -0.211894 69.4167
      vertex 56.6755 -6.20069 71
    endloop
  endfacet
  facet normal -0.99166 0.0216234 -0.127054
    outer loop
      vertex 57.0137 0.00625324 69.4167
      vertex 56.9592 -2.49315 69.4167
      vertex 56.6755 -6.20069 71
    endloop
  endfacet
  facet normal -0.983424 0.129464 0.126948
    outer loop
      vertex 56.6755 -6.20069 71
      vertex 56.9592 -2.49315 69.4167
      vertex 56.3492 -8.6793 71
    endloop
  endfacet
  facet normal -0.0277152 -0.210517 -0.977197
    outer loop
      vertex 66.2636 -9.98456 71
      vertex 64.7828 -17.1391 72.5833
      vertex 56.3492 -8.6793 71
    endloop
  endfacet
  facet normal -0.0586951 -0.239873 -0.969028
    outer loop
      vertex 56.3492 -8.6793 71
      vertex 64.7828 -17.1391 72.5833
      vertex 55.0694 -14.7623 72.5833
    endloop
  endfacet
  facet normal 0.978143 -0.128808 0.16323
    outer loop
      vertex 66.2636 -9.98456 71
      vertex 66.59 -7.50595 71
      vertex 65.377 -14.7108 72.5833
    endloop
  endfacet
  facet normal 0.958294 -0.234493 -0.163358
    outer loop
      vertex 66.2636 -9.98456 71
      vertex 65.377 -14.7108 72.5833
      vertex 64.7828 -17.1391 72.5833
    endloop
  endfacet
  facet normal 0.0322334 0.244838 0.969028
    outer loop
      vertex 66.59 -7.50595 71
      vertex 56.6755 -6.20069 71
      vertex 55.6636 -12.3339 72.5833
    endloop
  endfacet
  facet normal 0.0504693 0.206247 0.977198
    outer loop
      vertex 65.377 -14.7108 72.5833
      vertex 66.59 -7.50595 71
      vertex 55.6636 -12.3339 72.5833
    endloop
  endfacet
  facet normal -0.983416 0.129463 -0.127009
    outer loop
      vertex 56.6755 -6.20069 71
      vertex 56.3492 -8.6793 71
      vertex 55.6636 -12.3339 72.5833
    endloop
  endfacet
  facet normal -0.963484 0.235753 0.126961
    outer loop
      vertex 55.6636 -12.3339 72.5833
      vertex 56.3492 -8.6793 71
      vertex 55.0694 -14.7623 72.5833
    endloop
  endfacet
  facet normal -0.0504702 -0.206259 -0.977195
    outer loop
      vertex 64.7828 -17.1391 72.5833
      vertex 62.5319 -24.09 74.1667
      vertex 55.0694 -14.7623 72.5833
    endloop
  endfacet
  facet normal -0.0844672 -0.232071 -0.969024
    outer loop
      vertex 55.0694 -14.7623 72.5833
      vertex 62.5319 -24.09 74.1667
      vertex 53.135 -20.6698 74.1667
    endloop
  endfacet
  facet normal 0.958296 -0.234493 0.163346
    outer loop
      vertex 64.7828 -17.1391 72.5833
      vertex 65.377 -14.7108 72.5833
      vertex 63.3869 -21.7407 74.1667
    endloop
  endfacet
  facet normal 0.927098 -0.337406 -0.163239
    outer loop
      vertex 64.7828 -17.1391 72.5833
      vertex 63.3869 -21.7407 74.1667
      vertex 62.5319 -24.09 74.1667
    endloop
  endfacet
  facet normal 0.0587012 0.239888 0.969024
    outer loop
      vertex 65.377 -14.7108 72.5833
      vertex 55.6636 -12.3339 72.5833
      vertex 53.99 -18.3205 74.1667
    endloop
  endfacet
  facet normal 0.0726272 0.199541 0.977194
    outer loop
      vertex 63.3869 -21.7407 74.1667
      vertex 65.377 -14.7108 72.5833
      vertex 53.99 -18.3205 74.1667
    endloop
  endfacet
  facet normal -0.963476 0.235751 -0.127022
    outer loop
      vertex 55.6636 -12.3339 72.5833
      vertex 55.0694 -14.7623 72.5833
      vertex 53.99 -18.3205 74.1667
    endloop
  endfacet
  facet normal -0.932106 0.339229 0.126897
    outer loop
      vertex 53.99 -18.3205 74.1667
      vertex 55.0694 -14.7623 72.5833
      vertex 53.135 -20.6698 74.1667
    endloop
  endfacet
  facet normal -0.0726228 -0.199529 -0.977197
    outer loop
      vertex 62.5319 -24.09 74.1667
      vertex 59.5376 -30.7544 75.75
      vertex 53.135 -20.6698 74.1667
    endloop
  endfacet
  facet normal -0.109225 -0.221485 -0.969028
    outer loop
      vertex 53.135 -20.6698 74.1667
      vertex 59.5376 -30.7544 75.75
      vertex 50.5689 -26.3315 75.75
    endloop
  endfacet
  facet normal 0.927064 -0.337394 0.163453
    outer loop
      vertex 62.5319 -24.09 74.1667
      vertex 63.3869 -21.7407 74.1667
      vertex 60.6433 -28.5123 75.75
    endloop
  endfacet
  facet normal 0.884825 -0.436355 -0.163337
    outer loop
      vertex 62.5319 -24.09 74.1667
      vertex 60.6433 -28.5123 75.75
      vertex 59.5376 -30.7544 75.75
    endloop
  endfacet
  facet normal 0.0844613 0.232055 0.969029
    outer loop
      vertex 63.3869 -21.7407 74.1667
      vertex 53.99 -18.3205 74.1667
      vertex 51.6746 -24.0894 75.75
    endloop
  endfacet
  facet normal 0.093912 0.190434 0.977198
    outer loop
      vertex 60.6433 -28.5123 75.75
      vertex 63.3869 -21.7407 74.1667
      vertex 51.6746 -24.0894 75.75
    endloop
  endfacet
  facet normal -0.932083 0.339221 -0.127086
    outer loop
      vertex 53.99 -18.3205 74.1667
      vertex 53.135 -20.6698 74.1667
      vertex 51.6746 -24.0894 75.75
    endloop
  endfacet
  facet normal -0.88961 0.438715 0.126976
    outer loop
      vertex 51.6746 -24.0894 75.75
      vertex 53.135 -20.6698 74.1667
      vertex 50.5689 -26.3315 75.75
    endloop
  endfacet
  facet normal -0.0939128 -0.190435 -0.977197
    outer loop
      vertex 59.5376 -30.7544 75.75
      vertex 55.8356 -37.0533 77.3333
      vertex 50.5689 -26.3315 75.75
    endloop
  endfacet
  facet normal -0.132686 -0.208275 -0.969028
    outer loop
      vertex 50.5689 -26.3315 75.75
      vertex 55.8356 -37.0533 77.3333
      vertex 47.4017 -31.6803 77.3333
    endloop
  endfacet
  facet normal 0.884832 -0.436358 0.16329
    outer loop
      vertex 59.5376 -30.7544 75.75
      vertex 60.6433 -28.5123 75.75
      vertex 57.1789 -34.9448 77.3333
    endloop
  endfacet
  facet normal 0.832048 -0.530088 -0.163411
    outer loop
      vertex 59.5376 -30.7544 75.75
      vertex 57.1789 -34.9448 77.3333
      vertex 55.8356 -37.0533 77.3333
    endloop
  endfacet
  facet normal 0.109225 0.221484 0.969028
    outer loop
      vertex 60.6433 -28.5123 75.75
      vertex 51.6746 -24.0894 75.75
      vertex 48.7449 -29.5718 77.3333
    endloop
  endfacet
  facet normal 0.114087 0.179083 0.977197
    outer loop
      vertex 57.1789 -34.9448 77.3333
      vertex 60.6433 -28.5123 75.75
      vertex 48.7449 -29.5718 77.3333
    endloop
  endfacet
  facet normal -0.889607 0.438713 -0.127001
    outer loop
      vertex 51.6746 -24.0894 75.75
      vertex 50.5689 -26.3315 75.75
      vertex 48.7449 -29.5718 77.3333
    endloop
  endfacet
  facet normal -0.836582 0.532937 0.126918
    outer loop
      vertex 48.7449 -29.5718 77.3333
      vertex 50.5689 -26.3315 75.75
      vertex 47.4017 -31.6803 77.3333
    endloop
  endfacet
  facet normal -0.114094 -0.179091 -0.977194
    outer loop
      vertex 55.8356 -37.0533 77.3333
      vertex 51.4699 -42.9117 78.9167
      vertex 47.4017 -31.6803 77.3333
    endloop
  endfacet
  facet normal -0.154579 -0.192604 -0.969025
    outer loop
      vertex 47.4017 -31.6803 77.3333
      vertex 51.4699 -42.9117 78.9167
      vertex 43.671 -36.6525 78.9167
    endloop
  endfacet
  facet normal 0.832066 -0.5301 0.163278
    outer loop
      vertex 55.8356 -37.0533 77.3333
      vertex 57.1789 -34.9448 77.3333
      vertex 53.0347 -40.962 78.9167
    endloop
  endfacet
  facet normal 0.769409 -0.617516 -0.16335
    outer loop
      vertex 55.8356 -37.0533 77.3333
      vertex 53.0347 -40.962 78.9167
      vertex 51.4699 -42.9117 78.9167
    endloop
  endfacet
  facet normal 0.132692 0.208287 0.969025
    outer loop
      vertex 57.1789 -34.9448 77.3333
      vertex 48.7449 -29.5718 77.3333
      vertex 45.2358 -34.7028 78.9167
    endloop
  endfacet
  facet normal 0.132911 0.165605 0.977195
    outer loop
      vertex 53.0347 -40.962 78.9167
      vertex 57.1789 -34.9448 77.3333
      vertex 45.2358 -34.7028 78.9167
    endloop
  endfacet
  facet normal -0.83657 0.532929 -0.127036
    outer loop
      vertex 48.7449 -29.5718 77.3333
      vertex 47.4017 -31.6803 77.3333
      vertex 45.2358 -34.7028 78.9167
    endloop
  endfacet
  facet normal -0.773571 0.620857 0.126981
    outer loop
      vertex 45.2358 -34.7028 78.9167
      vertex 47.4017 -31.6803 77.3333
      vertex 43.671 -36.6525 78.9167
    endloop
  endfacet
  facet normal -0.132903 -0.165596 -0.977197
    outer loop
      vertex 51.4699 -42.9117 78.9167
      vertex 46.4923 -48.26 80.5
      vertex 43.671 -36.6525 78.9167
    endloop
  endfacet
  facet normal -0.174619 -0.174621 -0.969028
    outer loop
      vertex 43.671 -36.6525 78.9167
      vertex 46.4923 -48.26 80.5
      vertex 39.4212 -41.189 80.5
    endloop
  endfacet
  facet normal 0.769408 -0.617515 0.16336
    outer loop
      vertex 51.4699 -42.9117 78.9167
      vertex 53.0347 -40.962 78.9167
      vertex 48.26 -46.4923 80.5
    endloop
  endfacet
  facet normal 0.697611 -0.697611 -0.163333
    outer loop
      vertex 51.4699 -42.9117 78.9167
      vertex 48.26 -46.4923 80.5
      vertex 46.4923 -48.26 80.5
    endloop
  endfacet
  facet normal 0.154572 0.192595 0.969028
    outer loop
      vertex 53.0347 -40.962 78.9167
      vertex 45.2358 -34.7028 78.9167
      vertex 41.189 -39.4212 80.5
    endloop
  endfacet
  facet normal 0.150142 0.150139 0.977198
    outer loop
      vertex 48.26 -46.4923 80.5
      vertex 53.0347 -40.962 78.9167
      vertex 41.189 -39.4212 80.5
    endloop
  endfacet
  facet normal -0.773572 0.620857 -0.126974
    outer loop
      vertex 45.2358 -34.7028 78.9167
      vertex 43.671 -36.6525 78.9167
      vertex 41.189 -39.4212 80.5
    endloop
  endfacet
  facet normal -0.701381 0.701381 0.127004
    outer loop
      vertex 41.189 -39.4212 80.5
      vertex 43.671 -36.6525 78.9167
      vertex 39.4212 -41.189 80.5
    endloop
  endfacet
  facet normal -0.150139 -0.150142 -0.977198
    outer loop
      vertex 46.4923 -48.26 80.5
      vertex 40.962 -53.0347 82.0833
      vertex 39.4212 -41.189 80.5
    endloop
  endfacet
  facet normal -0.192595 -0.154572 -0.969028
    outer loop
      vertex 39.4212 -41.189 80.5
      vertex 40.962 -53.0347 82.0833
      vertex 34.7028 -45.2358 82.0833
    endloop
  endfacet
  facet normal 0.697611 -0.697611 0.163333
    outer loop
      vertex 46.4923 -48.26 80.5
      vertex 48.26 -46.4923 80.5
      vertex 42.9117 -51.4699 82.0833
    endloop
  endfacet
  facet normal 0.617515 -0.769408 -0.16336
    outer loop
      vertex 46.4923 -48.26 80.5
      vertex 42.9117 -51.4699 82.0833
      vertex 40.962 -53.0347 82.0833
    endloop
  endfacet
  facet normal 0.174621 0.174619 0.969028
    outer loop
      vertex 48.26 -46.4923 80.5
      vertex 41.189 -39.4212 80.5
      vertex 36.6525 -43.671 82.0833
    endloop
  endfacet
  facet normal 0.165596 0.132903 0.977197
    outer loop
      vertex 42.9117 -51.4699 82.0833
      vertex 48.26 -46.4923 80.5
      vertex 36.6525 -43.671 82.0833
    endloop
  endfacet
  facet normal -0.701381 0.701381 -0.127004
    outer loop
      vertex 41.189 -39.4212 80.5
      vertex 39.4212 -41.189 80.5
      vertex 36.6525 -43.671 82.0833
    endloop
  endfacet
  facet normal -0.620857 0.773572 0.126974
    outer loop
      vertex 36.6525 -43.671 82.0833
      vertex 39.4212 -41.189 80.5
      vertex 34.7028 -45.2358 82.0833
    endloop
  endfacet
  facet normal -0.165605 -0.132911 -0.977195
    outer loop
      vertex 40.962 -53.0347 82.0833
      vertex 34.9448 -57.1789 83.6667
      vertex 34.7028 -45.2358 82.0833
    endloop
  endfacet
  facet normal -0.208287 -0.132692 -0.969025
    outer loop
      vertex 34.7028 -45.2358 82.0833
      vertex 34.9448 -57.1789 83.6667
      vertex 29.5718 -48.7449 83.6667
    endloop
  endfacet
  facet normal 0.617516 -0.769409 0.16335
    outer loop
      vertex 40.962 -53.0347 82.0833
      vertex 42.9117 -51.4699 82.0833
      vertex 37.0533 -55.8356 83.6667
    endloop
  endfacet
  facet normal 0.5301 -0.832066 -0.163278
    outer loop
      vertex 40.962 -53.0347 82.0833
      vertex 37.0533 -55.8356 83.6667
      vertex 34.9448 -57.1789 83.6667
    endloop
  endfacet
  facet normal 0.192604 0.154579 0.969025
    outer loop
      vertex 42.9117 -51.4699 82.0833
      vertex 36.6525 -43.671 82.0833
      vertex 31.6803 -47.4017 83.6667
    endloop
  endfacet
  facet normal 0.179091 0.114094 0.977194
    outer loop
      vertex 37.0533 -55.8356 83.6667
      vertex 42.9117 -51.4699 82.0833
      vertex 31.6803 -47.4017 83.6667
    endloop
  endfacet
  facet normal -0.620857 0.773571 -0.126981
    outer loop
      vertex 36.6525 -43.671 82.0833
      vertex 34.7028 -45.2358 82.0833
      vertex 31.6803 -47.4017 83.6667
    endloop
  endfacet
  facet normal -0.532929 0.83657 0.127036
    outer loop
      vertex 31.6803 -47.4017 83.6667
      vertex 34.7028 -45.2358 82.0833
      vertex 29.5718 -48.7449 83.6667
    endloop
  endfacet
  facet normal -0.179083 -0.114087 -0.977197
    outer loop
      vertex 29.5718 -48.7449 83.6667
      vertex 34.9448 -57.1789 83.6667
      vertex 28.5123 -60.6433 85.25
    endloop
  endfacet
  facet normal -0.221484 -0.109225 -0.969028
    outer loop
      vertex 29.5718 -48.7449 83.6667
      vertex 28.5123 -60.6433 85.25
      vertex 24.0894 -51.6746 85.25
    endloop
  endfacet
  facet normal 0.530088 -0.832048 0.163411
    outer loop
      vertex 34.9448 -57.1789 83.6667
      vertex 37.0533 -55.8356 83.6667
      vertex 30.7544 -59.5376 85.25
    endloop
  endfacet
  facet normal 0.436358 -0.884832 -0.16329
    outer loop
      vertex 34.9448 -57.1789 83.6667
      vertex 30.7544 -59.5376 85.25
      vertex 28.5123 -60.6433 85.25
    endloop
  endfacet
  facet normal 0.208275 0.132686 0.969028
    outer loop
      vertex 37.0533 -55.8356 83.6667
      vertex 31.6803 -47.4017 83.6667
      vertex 26.3315 -50.5689 85.25
    endloop
  endfacet
  facet normal 0.190435 0.0939128 0.977197
    outer loop
      vertex 30.7544 -59.5376 85.25
      vertex 37.0533 -55.8356 83.6667
      vertex 26.3315 -50.5689 85.25
    endloop
  endfacet
  facet normal -0.532937 0.836582 -0.126918
    outer loop
      vertex 31.6803 -47.4017 83.6667
      vertex 29.5718 -48.7449 83.6667
      vertex 26.3315 -50.5689 85.25
    endloop
  endfacet
  facet normal -0.438713 0.889607 0.127001
    outer loop
      vertex 26.3315 -50.5689 85.25
      vertex 29.5718 -48.7449 83.6667
      vertex 24.0894 -51.6746 85.25
    endloop
  endfacet
  facet normal -0.190434 -0.093912 -0.977198
    outer loop
      vertex 24.0894 -51.6746 85.25
      vertex 28.5123 -60.6433 85.25
      vertex 21.7407 -63.3869 86.8333
    endloop
  endfacet
  facet normal -0.232055 -0.0844613 -0.969029
    outer loop
      vertex 24.0894 -51.6746 85.25
      vertex 21.7407 -63.3869 86.8333
      vertex 18.3205 -53.99 86.8333
    endloop
  endfacet
  facet normal 0.436355 -0.884825 0.163337
    outer loop
      vertex 28.5123 -60.6433 85.25
      vertex 30.7544 -59.5376 85.25
      vertex 24.09 -62.5319 86.8333
    endloop
  endfacet
  facet normal 0.337394 -0.927064 -0.163453
    outer loop
      vertex 28.5123 -60.6433 85.25
      vertex 24.09 -62.5319 86.8333
      vertex 21.7407 -63.3869 86.8333
    endloop
  endfacet
  facet normal 0.221485 0.109225 0.969028
    outer loop
      vertex 30.7544 -59.5376 85.25
      vertex 26.3315 -50.5689 85.25
      vertex 20.6698 -53.135 86.8333
    endloop
  endfacet
  facet normal 0.199529 0.0726228 0.977197
    outer loop
      vertex 24.09 -62.5319 86.8333
      vertex 30.7544 -59.5376 85.25
      vertex 20.6698 -53.135 86.8333
    endloop
  endfacet
  facet normal -0.438715 0.88961 -0.126976
    outer loop
      vertex 26.3315 -50.5689 85.25
      vertex 24.0894 -51.6746 85.25
      vertex 20.6698 -53.135 86.8333
    endloop
  endfacet
  facet normal -0.339221 0.932083 0.127086
    outer loop
      vertex 20.6698 -53.135 86.8333
      vertex 24.0894 -51.6746 85.25
      vertex 18.3205 -53.99 86.8333
    endloop
  endfacet
  facet normal -0.199541 -0.0726272 -0.977194
    outer loop
      vertex 18.3205 -53.99 86.8333
      vertex 21.7407 -63.3869 86.8333
      vertex 14.7108 -65.377 88.4167
    endloop
  endfacet
  facet normal -0.239888 -0.0587012 -0.969024
    outer loop
      vertex 18.3205 -53.99 86.8333
      vertex 14.7108 -65.377 88.4167
      vertex 12.3339 -55.6636 88.4167
    endloop
  endfacet
  facet normal 0.337406 -0.927098 0.163239
    outer loop
      vertex 21.7407 -63.3869 86.8333
      vertex 24.09 -62.5319 86.8333
      vertex 17.1391 -64.7828 88.4167
    endloop
  endfacet
  facet normal 0.234493 -0.958296 -0.163346
    outer loop
      vertex 21.7407 -63.3869 86.8333
      vertex 17.1391 -64.7828 88.4167
      vertex 14.7108 -65.377 88.4167
    endloop
  endfacet
  facet normal 0.232071 0.0844672 0.969024
    outer loop
      vertex 24.09 -62.5319 86.8333
      vertex 20.6698 -53.135 86.8333
      vertex 14.7623 -55.0694 88.4167
    endloop
  endfacet
  facet normal 0.206259 0.0504702 0.977195
    outer loop
      vertex 17.1391 -64.7828 88.4167
      vertex 24.09 -62.5319 86.8333
      vertex 14.7623 -55.0694 88.4167
    endloop
  endfacet
  facet normal -0.339229 0.932106 -0.126897
    outer loop
      vertex 20.6698 -53.135 86.8333
      vertex 18.3205 -53.99 86.8333
      vertex 14.7623 -55.0694 88.4167
    endloop
  endfacet
  facet normal -0.235751 0.963476 0.127022
    outer loop
      vertex 14.7623 -55.0694 88.4167
      vertex 18.3205 -53.99 86.8333
      vertex 12.3339 -55.6636 88.4167
    endloop
  endfacet
  facet normal -0.206247 -0.0504693 -0.977198
    outer loop
      vertex 12.3339 -55.6636 88.4167
      vertex 14.7108 -65.377 88.4167
      vertex 7.50595 -66.59 90
    endloop
  endfacet
  facet normal -0.244838 -0.0322334 -0.969028
    outer loop
      vertex 12.3339 -55.6636 88.4167
      vertex 7.50595 -66.59 90
      vertex 6.20069 -56.6755 90
    endloop
  endfacet
  facet normal 0.234493 -0.958294 0.163358
    outer loop
      vertex 14.7108 -65.377 88.4167
      vertex 17.1391 -64.7828 88.4167
      vertex 9.98456 -66.2636 90
    endloop
  endfacet
  facet normal 0.128808 -0.978143 -0.16323
    outer loop
      vertex 14.7108 -65.377 88.4167
      vertex 9.98456 -66.2636 90
      vertex 7.50595 -66.59 90
    endloop
  endfacet
  facet normal 0.239873 0.0586951 0.969028
    outer loop
      vertex 17.1391 -64.7828 88.4167
      vertex 14.7623 -55.0694 88.4167
      vertex 8.6793 -56.3492 90
    endloop
  endfacet
  facet normal 0.210517 0.0277152 0.977197
    outer loop
      vertex 9.98456 -66.2636 90
      vertex 17.1391 -64.7828 88.4167
      vertex 8.6793 -56.3492 90
    endloop
  endfacet
  facet normal -0.235753 0.963484 -0.126961
    outer loop
      vertex 14.7623 -55.0694 88.4167
      vertex 12.3339 -55.6636 88.4167
      vertex 8.6793 -56.3492 90
    endloop
  endfacet
  facet normal -0.129463 0.983416 0.127009
    outer loop
      vertex 8.6793 -56.3492 90
      vertex 12.3339 -55.6636 88.4167
      vertex 6.20069 -56.6755 90
    endloop
  endfacet
  facet normal -0.210517 -0.0277149 -0.977197
    outer loop
      vertex 6.20069 -56.6755 90
      vertex 7.50595 -66.59 90
      vertex 0.211894 -67.0113 91.5833
    endloop
  endfacet
  facet normal -0.246891 -0.00538716 -0.969028
    outer loop
      vertex 6.20069 -56.6755 90
      vertex 0.211894 -67.0113 91.5833
      vertex -0.00625324 -57.0137 91.5833
    endloop
  endfacet
  facet normal 0.128804 -0.978106 0.163455
    outer loop
      vertex 7.50595 -66.59 90
      vertex 9.98456 -66.2636 90
      vertex 2.7113 -66.9568 91.5833
    endloop
  endfacet
  facet normal 0.0215071 -0.98633 -0.163372
    outer loop
      vertex 7.50595 -66.59 90
      vertex 2.7113 -66.9568 91.5833
      vertex 0.211894 -67.0113 91.5833
    endloop
  endfacet
  facet normal 0.244837 0.0322335 0.969028
    outer loop
      vertex 9.98456 -66.2636 90
      vertex 8.6793 -56.3492 90
      vertex 2.49315 -56.9592 91.5833
    endloop
  endfacet
  facet normal 0.212282 0.00463205 0.977197
    outer loop
      vertex 2.7113 -66.9568 91.5833
      vertex 9.98456 -66.2636 90
      vertex 2.49315 -56.9592 91.5833
    endloop
  endfacet
  facet normal -0.129464 0.983424 -0.126948
    outer loop
      vertex 8.6793 -56.3492 90
      vertex 6.20069 -56.6755 90
      vertex 2.49315 -56.9592 91.5833
    endloop
  endfacet
  facet normal -0.0216234 0.99166 0.127054
    outer loop
      vertex 2.49315 -56.9592 91.5833
      vertex 6.20069 -56.6755 90
      vertex -0.00625324 -57.0137 91.5833
    endloop
  endfacet
  facet normal -0.212295 -0.00463227 -0.977195
    outer loop
      vertex -0.00625324 -57.0137 91.5833
      vertex 0.211894 -67.0113 91.5833
      vertex -7.08468 -66.6361 93.1667
    endloop
  endfacet
  facet normal -0.246025 0.0215246 -0.969024
    outer loop
      vertex -6.21312 -56.6742 93.1667
      vertex -0.00625324 -57.0137 91.5833
      vertex -7.08468 -66.6361 93.1667
    endloop
  endfacet
  facet normal 0.0215075 -0.986347 0.163268
    outer loop
      vertex 0.211894 -67.0113 91.5833
      vertex 2.7113 -66.9568 91.5833
      vertex -4.59419 -66.854 93.1667
    endloop
  endfacet
  facet normal -0.0859889 -0.982811 -0.163366
    outer loop
      vertex 0.211894 -67.0113 91.5833
      vertex -4.59419 -66.854 93.1667
      vertex -7.08468 -66.6361 93.1667
    endloop
  endfacet
  facet normal 0.246906 0.00538755 0.969024
    outer loop
      vertex 2.7113 -66.9568 91.5833
      vertex 2.49315 -56.9592 91.5833
      vertex -3.72263 -56.892 93.1667
    endloop
  endfacet
  facet normal 0.211538 -0.0185071 0.977195
    outer loop
      vertex 2.7113 -66.9568 91.5833
      vertex -3.72263 -56.892 93.1667
      vertex -4.59419 -66.854 93.1667
    endloop
  endfacet
  facet normal -0.0216236 0.991671 -0.126972
    outer loop
      vertex 2.49315 -56.9592 91.5833
      vertex -0.00625324 -57.0137 91.5833
      vertex -3.72263 -56.892 93.1667
    endloop
  endfacet
  facet normal 0.0864161 0.988147 0.126877
    outer loop
      vertex -3.72263 -56.892 93.1667
      vertex -0.00625324 -57.0137 91.5833
      vertex -6.21312 -56.6742 93.1667
    endloop
  endfacet
  facet normal -0.211526 0.0185063 -0.977197
    outer loop
      vertex -6.21312 -56.6742 93.1667
      vertex -7.08468 -66.6361 93.1667
      vertex -14.297 -65.4688 94.75
    endloop
  endfacet
  facet normal -0.242206 0.0481774 -0.969028
    outer loop
      vertex -12.3461 -55.6609 94.75
      vertex -6.21312 -56.6742 93.1667
      vertex -14.297 -65.4688 94.75
    endloop
  endfacet
  facet normal -0.0859896 -0.982819 0.163315
    outer loop
      vertex -7.08468 -66.6361 93.1667
      vertex -4.59419 -66.854 93.1667
      vertex -11.8451 -65.9565 94.75
    endloop
  endfacet
  facet normal -0.192465 -0.967613 -0.163345
    outer loop
      vertex -7.08468 -66.6361 93.1667
      vertex -11.8451 -65.9565 94.75
      vertex -14.297 -65.4688 94.75
    endloop
  endfacet
  facet normal 0.24601 -0.0215231 0.969028
    outer loop
      vertex -4.59419 -66.854 93.1667
      vertex -3.72263 -56.892 93.1667
      vertex -9.89417 -56.1486 94.75
    endloop
  endfacet
  facet normal 0.208252 -0.0414243 0.977198
    outer loop
      vertex -4.59419 -66.854 93.1667
      vertex -9.89417 -56.1486 94.75
      vertex -11.8451 -65.9565 94.75
    endloop
  endfacet
  facet normal 0.0864134 0.988117 -0.127115
    outer loop
      vertex -3.72263 -56.892 93.1667
      vertex -6.21312 -56.6742 93.1667
      vertex -9.89417 -56.1486 94.75
    endloop
  endfacet
  facet normal 0.193505 0.972854 0.126931
    outer loop
      vertex -9.89417 -56.1486 94.75
      vertex -6.21312 -56.6742 93.1667
      vertex -12.3461 -55.6609 94.75
    endloop
  endfacet
  facet normal -0.208253 0.0414239 -0.977197
    outer loop
      vertex -12.3461 -55.6609 94.75
      vertex -14.297 -65.4688 94.75
      vertex -21.3394 -63.5232 96.3333
    endloop
  endfacet
  facet normal -0.235519 0.0742573 -0.969029
    outer loop
      vertex -18.3324 -53.986 96.3333
      vertex -12.3461 -55.6609 94.75
      vertex -21.3394 -63.5232 96.3333
    endloop
  endfacet
  facet normal -0.192463 -0.967605 0.163399
    outer loop
      vertex -14.297 -65.4688 94.75
      vertex -11.8451 -65.9565 94.75
      vertex -18.9551 -64.2749 96.3333
    endloop
  endfacet
  facet normal -0.296649 -0.940934 -0.163228
    outer loop
      vertex -14.297 -65.4688 94.75
      vertex -18.9551 -64.2749 96.3333
      vertex -21.3394 -63.5232 96.3333
    endloop
  endfacet
  facet normal 0.242204 -0.0481779 0.969028
    outer loop
      vertex -11.8451 -65.9565 94.75
      vertex -9.89417 -56.1486 94.75
      vertex -15.9481 -54.7377 96.3333
    endloop
  endfacet
  facet normal 0.202507 -0.0638489 0.977197
    outer loop
      vertex -11.8451 -65.9565 94.75
      vertex -15.9481 -54.7377 96.3333
      vertex -18.9551 -64.2749 96.3333
    endloop
  endfacet
  facet normal 0.193502 0.972841 -0.127033
    outer loop
      vertex -9.89417 -56.1486 94.75
      vertex -12.3461 -55.6609 94.75
      vertex -15.9481 -54.7377 96.3333
    endloop
  endfacet
  facet normal 0.29825 0.946013 0.126911
    outer loop
      vertex -15.9481 -54.7377 96.3333
      vertex -12.3461 -55.6609 94.75
      vertex -18.3324 -53.986 96.3333
    endloop
  endfacet
  facet normal -0.202516 0.0638516 -0.977195
    outer loop
      vertex -18.3324 -53.986 96.3333
      vertex -21.3394 -63.5232 96.3333
      vertex -28.1282 -60.8224 97.9167
    endloop
  endfacet
  facet normal -0.22605 0.0994652 -0.969024
    outer loop
      vertex -24.1007 -51.6693 97.9167
      vertex -18.3324 -53.986 96.3333
      vertex -28.1282 -60.8224 97.9167
    endloop
  endfacet
  facet normal -0.296639 -0.940902 0.163427
    outer loop
      vertex -21.3394 -63.5232 96.3333
      vertex -18.9551 -64.2749 96.3333
      vertex -25.8399 -61.8293 97.9167
    endloop
  endfacet
  facet normal -0.397345 -0.903015 -0.163342
    outer loop
      vertex -21.3394 -63.5232 96.3333
      vertex -25.8399 -61.8293 97.9167
      vertex -28.1282 -60.8224 97.9167
    endloop
  endfacet
  facet normal 0.235537 -0.0742629 0.969024
    outer loop
      vertex -18.9551 -64.2749 96.3333
      vertex -15.9481 -54.7377 96.3333
      vertex -21.8124 -52.6762 97.9167
    endloop
  endfacet
  facet normal 0.194361 -0.0855218 0.977195
    outer loop
      vertex -18.9551 -64.2749 96.3333
      vertex -21.8124 -52.6762 97.9167
      vertex -25.8399 -61.8293 97.9167
    endloop
  endfacet
  facet normal 0.298245 0.945996 -0.127052
    outer loop
      vertex -15.9481 -54.7377 96.3333
      vertex -18.3324 -53.986 96.3333
      vertex -21.8124 -52.6762 97.9167
    endloop
  endfacet
  facet normal 0.399494 0.907898 0.126989
    outer loop
      vertex -21.8124 -52.6762 97.9167
      vertex -18.3324 -53.986 96.3333
      vertex -24.1007 -51.6693 97.9167
    endloop
  endfacet
  facet normal -0.194352 0.0855179 -0.977197
    outer loop
      vertex -24.1007 -51.6693 97.9167
      vertex -28.1282 -60.8224 97.9167
      vertex -34.5825 -57.3987 99.5
    endloop
  endfacet
  facet normal -0.213866 0.123475 -0.969028
    outer loop
      vertex -29.5825 -48.7384 99.5
      vertex -24.1007 -51.6693 97.9167
      vertex -34.5825 -57.3987 99.5
    endloop
  endfacet
  facet normal -0.397348 -0.903021 0.163299
    outer loop
      vertex -28.1282 -60.8224 97.9167
      vertex -25.8399 -61.8293 97.9167
      vertex -32.4175 -58.6487 99.5
    endloop
  endfacet
  facet normal -0.493291 -0.85438 -0.163397
    outer loop
      vertex -28.1282 -60.8224 97.9167
      vertex -32.4175 -58.6487 99.5
      vertex -34.5825 -57.3987 99.5
    endloop
  endfacet
  facet normal 0.226033 -0.0994581 0.969029
    outer loop
      vertex -25.8399 -61.8293 97.9167
      vertex -21.8124 -52.6762 97.9167
      vertex -27.4175 -49.9884 99.5
    endloop
  endfacet
  facet normal 0.183886 -0.106166 0.977197
    outer loop
      vertex -25.8399 -61.8293 97.9167
      vertex -27.4175 -49.9884 99.5
      vertex -32.4175 -58.6487 99.5
    endloop
  endfacet
  facet normal 0.399495 0.907899 -0.126978
    outer loop
      vertex -21.8124 -52.6762 97.9167
      vertex -24.1007 -51.6693 97.9167
      vertex -27.4175 -49.9884 99.5
    endloop
  endfacet
  facet normal 0.495961 0.859005 0.127015
    outer loop
      vertex -27.4175 -49.9884 99.5
      vertex -24.1007 -51.6693 97.9167
      vertex -29.5825 -48.7384 99.5
    endloop
  endfacet
endsolid OpenSCAD_Model
