solid OpenSCAD_Model
  facet normal -0.999047 -0.043639 0
    outer loop
      vertex 114 0 142
      vertex 113.566 9.93575 146.6
      vertex 113.566 9.93575 142
    endloop
  endfacet
  facet normal -0.999047 -0.043639 0
    outer loop
      vertex 113.566 9.93575 146.6
      vertex 114 0 142
      vertex 114 0 146.6
    endloop
  endfacet
  facet normal 0.999047 -0.043639 0
    outer loop
      vertex -114 0 146.6
      vertex -113.566 9.93575 142
      vertex -113.566 9.93575 146.6
    endloop
  endfacet
  facet normal 0.999047 -0.043639 0
    outer loop
      vertex -113.566 9.93575 142
      vertex -114 0 146.6
      vertex -114 0 142
    endloop
  endfacet
  facet normal -0.043639 -0.999047 0
    outer loop
      vertex 0 114 142
      vertex 9.93575 113.566 146.6
      vertex 0 114 146.6
    endloop
  endfacet
  facet normal -0.043639 -0.999047 -0
    outer loop
      vertex 9.93575 113.566 146.6
      vertex 0 114 142
      vertex 9.93575 113.566 142
    endloop
  endfacet
  facet normal -0.67559 -0.737278 0
    outer loop
      vertex 73.2778 87.3291 142
      vertex 80.6102 80.6102 146.6
      vertex 73.2778 87.3291 146.6
    endloop
  endfacet
  facet normal -0.67559 -0.737278 -0
    outer loop
      vertex 80.6102 80.6102 146.6
      vertex 73.2778 87.3291 142
      vertex 80.6102 80.6102 142
    endloop
  endfacet
  facet normal 0.67559 -0.737278 0
    outer loop
      vertex -80.6102 80.6102 142
      vertex -73.2778 87.3291 146.6
      vertex -80.6102 80.6102 146.6
    endloop
  endfacet
  facet normal 0.67559 -0.737278 0
    outer loop
      vertex -73.2778 87.3291 146.6
      vertex -80.6102 80.6102 142
      vertex -73.2778 87.3291 142
    endloop
  endfacet
  facet normal 0.382694 -0.923875 0
    outer loop
      vertex -48.1785 103.319 142
      vertex -38.9903 107.125 146.6
      vertex -48.1785 103.319 146.6
    endloop
  endfacet
  facet normal 0.382694 -0.923875 0
    outer loop
      vertex -38.9903 107.125 146.6
      vertex -48.1785 103.319 142
      vertex -38.9903 107.125 142
    endloop
  endfacet
  facet normal -0.887014 -0.461742 0
    outer loop
      vertex 103.319 48.1785 142
      vertex 98.7269 57 146.6
      vertex 98.7269 57 142
    endloop
  endfacet
  facet normal -0.887014 -0.461742 0
    outer loop
      vertex 98.7269 57 146.6
      vertex 103.319 48.1785 142
      vertex 103.319 48.1785 146.6
    endloop
  endfacet
  facet normal -0.382694 -0.923875 0
    outer loop
      vertex 38.9903 107.125 142
      vertex 48.1785 103.319 146.6
      vertex 38.9903 107.125 146.6
    endloop
  endfacet
  facet normal -0.382694 -0.923875 -0
    outer loop
      vertex 48.1785 103.319 146.6
      vertex 38.9903 107.125 142
      vertex 48.1785 103.319 142
    endloop
  endfacet
  facet normal -0.537303 -0.843389 0
    outer loop
      vertex 57 98.7269 142
      vertex 65.3877 93.3833 146.6
      vertex 57 98.7269 146.6
    endloop
  endfacet
  facet normal -0.537303 -0.843389 -0
    outer loop
      vertex 65.3877 93.3833 146.6
      vertex 57 98.7269 142
      vertex 65.3877 93.3833 142
    endloop
  endfacet
  facet normal 0.887014 -0.461742 0
    outer loop
      vertex -103.319 48.1785 146.6
      vertex -98.7269 57 142
      vertex -98.7269 57 146.6
    endloop
  endfacet
  facet normal 0.887014 -0.461742 0
    outer loop
      vertex -98.7269 57 142
      vertex -103.319 48.1785 146.6
      vertex -103.319 48.1785 142
    endloop
  endfacet
  facet normal 0.130515 -0.991446 0
    outer loop
      vertex -19.7959 112.268 142
      vertex -9.93575 113.566 146.6
      vertex -19.7959 112.268 146.6
    endloop
  endfacet
  facet normal 0.130515 -0.991446 0
    outer loop
      vertex -9.93575 113.566 146.6
      vertex -19.7959 112.268 142
      vertex -9.93575 113.566 142
    endloop
  endfacet
  facet normal -0.976308 0.216387 0
    outer loop
      vertex 110.116 -29.5054 142
      vertex 112.268 -19.7959 146.6
      vertex 112.268 -19.7959 142
    endloop
  endfacet
  facet normal -0.976308 0.216387 0
    outer loop
      vertex 112.268 -19.7959 146.6
      vertex 110.116 -29.5054 142
      vertex 110.116 -29.5054 146.6
    endloop
  endfacet
  facet normal -0.976308 -0.216387 0
    outer loop
      vertex 112.268 19.7959 142
      vertex 110.116 29.5054 146.6
      vertex 110.116 29.5054 142
    endloop
  endfacet
  facet normal -0.976308 -0.216387 0
    outer loop
      vertex 110.116 29.5054 146.6
      vertex 112.268 19.7959 142
      vertex 112.268 19.7959 146.6
    endloop
  endfacet
  facet normal -0.991446 -0.130515 0
    outer loop
      vertex 113.566 9.93575 142
      vertex 112.268 19.7959 146.6
      vertex 112.268 19.7959 142
    endloop
  endfacet
  facet normal -0.991446 -0.130515 0
    outer loop
      vertex 112.268 19.7959 146.6
      vertex 113.566 9.93575 142
      vertex 113.566 9.93575 146.6
    endloop
  endfacet
  facet normal -0.793358 -0.608756 0
    outer loop
      vertex 93.3833 65.3877 142
      vertex 87.3291 73.2778 146.6
      vertex 87.3291 73.2778 142
    endloop
  endfacet
  facet normal -0.793358 -0.608756 0
    outer loop
      vertex 87.3291 73.2778 146.6
      vertex 93.3833 65.3877 142
      vertex 93.3833 65.3877 146.6
    endloop
  endfacet
  facet normal -0.737278 -0.67559 0
    outer loop
      vertex 87.3291 73.2778 142
      vertex 80.6102 80.6102 146.6
      vertex 80.6102 80.6102 142
    endloop
  endfacet
  facet normal -0.737278 -0.67559 0
    outer loop
      vertex 80.6102 80.6102 146.6
      vertex 87.3291 73.2778 142
      vertex 87.3291 73.2778 146.6
    endloop
  endfacet
  facet normal -0.843389 -0.537303 0
    outer loop
      vertex 98.7269 57 142
      vertex 93.3833 65.3877 146.6
      vertex 93.3833 65.3877 142
    endloop
  endfacet
  facet normal -0.843389 -0.537303 0
    outer loop
      vertex 93.3833 65.3877 146.6
      vertex 98.7269 57 142
      vertex 98.7269 57 146.6
    endloop
  endfacet
  facet normal -0.216387 -0.976308 0
    outer loop
      vertex 19.7959 112.268 142
      vertex 29.5054 110.116 146.6
      vertex 19.7959 112.268 146.6
    endloop
  endfacet
  facet normal -0.216387 -0.976308 -0
    outer loop
      vertex 29.5054 110.116 146.6
      vertex 19.7959 112.268 142
      vertex 29.5054 110.116 142
    endloop
  endfacet
  facet normal -0.300744 -0.953705 0
    outer loop
      vertex 29.5054 110.116 142
      vertex 38.9903 107.125 146.6
      vertex 29.5054 110.116 146.6
    endloop
  endfacet
  facet normal -0.300744 -0.953705 -0
    outer loop
      vertex 38.9903 107.125 146.6
      vertex 29.5054 110.116 142
      vertex 38.9903 107.125 142
    endloop
  endfacet
  facet normal -0.130515 -0.991446 0
    outer loop
      vertex 9.93575 113.566 142
      vertex 19.7959 112.268 146.6
      vertex 9.93575 113.566 146.6
    endloop
  endfacet
  facet normal -0.130515 -0.991446 -0
    outer loop
      vertex 19.7959 112.268 146.6
      vertex 9.93575 113.566 142
      vertex 19.7959 112.268 142
    endloop
  endfacet
  facet normal -0.461742 -0.887014 0
    outer loop
      vertex 48.1785 103.319 142
      vertex 57 98.7269 146.6
      vertex 48.1785 103.319 146.6
    endloop
  endfacet
  facet normal -0.461742 -0.887014 -0
    outer loop
      vertex 57 98.7269 146.6
      vertex 48.1785 103.319 142
      vertex 57 98.7269 142
    endloop
  endfacet
  facet normal -0.608756 -0.793358 0
    outer loop
      vertex 65.3877 93.3833 142
      vertex 73.2778 87.3291 146.6
      vertex 65.3877 93.3833 146.6
    endloop
  endfacet
  facet normal -0.608756 -0.793358 -0
    outer loop
      vertex 73.2778 87.3291 146.6
      vertex 65.3877 93.3833 142
      vertex 73.2778 87.3291 142
    endloop
  endfacet
  facet normal 0.976308 -0.216387 0
    outer loop
      vertex -112.268 19.7959 146.6
      vertex -110.116 29.5054 142
      vertex -110.116 29.5054 146.6
    endloop
  endfacet
  facet normal 0.976308 -0.216387 0
    outer loop
      vertex -110.116 29.5054 142
      vertex -112.268 19.7959 146.6
      vertex -112.268 19.7959 142
    endloop
  endfacet
  facet normal 0.793358 -0.608756 0
    outer loop
      vertex -93.3833 65.3877 146.6
      vertex -87.3291 73.2778 142
      vertex -87.3291 73.2778 146.6
    endloop
  endfacet
  facet normal 0.793358 -0.608756 0
    outer loop
      vertex -87.3291 73.2778 142
      vertex -93.3833 65.3877 146.6
      vertex -93.3833 65.3877 142
    endloop
  endfacet
  facet normal 0.737278 -0.67559 0
    outer loop
      vertex -87.3291 73.2778 146.6
      vertex -80.6102 80.6102 142
      vertex -80.6102 80.6102 146.6
    endloop
  endfacet
  facet normal 0.737278 -0.67559 0
    outer loop
      vertex -80.6102 80.6102 142
      vertex -87.3291 73.2778 146.6
      vertex -87.3291 73.2778 142
    endloop
  endfacet
  facet normal 0.843389 -0.537303 0
    outer loop
      vertex -98.7269 57 146.6
      vertex -93.3833 65.3877 142
      vertex -93.3833 65.3877 146.6
    endloop
  endfacet
  facet normal 0.843389 -0.537303 0
    outer loop
      vertex -93.3833 65.3877 142
      vertex -98.7269 57 146.6
      vertex -98.7269 57 142
    endloop
  endfacet
  facet normal 0.991446 -0.130515 0
    outer loop
      vertex -113.566 9.93575 146.6
      vertex -112.268 19.7959 142
      vertex -112.268 19.7959 146.6
    endloop
  endfacet
  facet normal 0.991446 -0.130515 0
    outer loop
      vertex -112.268 19.7959 142
      vertex -113.566 9.93575 146.6
      vertex -113.566 9.93575 142
    endloop
  endfacet
  facet normal 0.537303 -0.843389 0
    outer loop
      vertex -65.3877 93.3833 142
      vertex -57 98.7269 146.6
      vertex -65.3877 93.3833 146.6
    endloop
  endfacet
  facet normal 0.537303 -0.843389 0
    outer loop
      vertex -57 98.7269 146.6
      vertex -65.3877 93.3833 142
      vertex -57 98.7269 142
    endloop
  endfacet
  facet normal 0.461742 -0.887014 0
    outer loop
      vertex -57 98.7269 142
      vertex -48.1785 103.319 146.6
      vertex -57 98.7269 146.6
    endloop
  endfacet
  facet normal 0.461742 -0.887014 0
    outer loop
      vertex -48.1785 103.319 146.6
      vertex -57 98.7269 142
      vertex -48.1785 103.319 142
    endloop
  endfacet
  facet normal 0.608756 -0.793358 0
    outer loop
      vertex -73.2778 87.3291 142
      vertex -65.3877 93.3833 146.6
      vertex -73.2778 87.3291 146.6
    endloop
  endfacet
  facet normal 0.608756 -0.793358 0
    outer loop
      vertex -65.3877 93.3833 146.6
      vertex -73.2778 87.3291 142
      vertex -65.3877 93.3833 142
    endloop
  endfacet
  facet normal 0.216387 -0.976308 0
    outer loop
      vertex -29.5054 110.116 142
      vertex -19.7959 112.268 146.6
      vertex -29.5054 110.116 146.6
    endloop
  endfacet
  facet normal 0.216387 -0.976308 0
    outer loop
      vertex -19.7959 112.268 146.6
      vertex -29.5054 110.116 142
      vertex -19.7959 112.268 142
    endloop
  endfacet
  facet normal 0.043639 -0.999047 0
    outer loop
      vertex -9.93575 113.566 142
      vertex 0 114 146.6
      vertex -9.93575 113.566 146.6
    endloop
  endfacet
  facet normal 0.043639 -0.999047 0
    outer loop
      vertex 0 114 146.6
      vertex -9.93575 113.566 142
      vertex 0 114 142
    endloop
  endfacet
  facet normal -0.999047 0.043639 0
    outer loop
      vertex 113.566 -9.93575 142
      vertex 114 0 146.6
      vertex 114 0 142
    endloop
  endfacet
  facet normal -0.999047 0.043639 0
    outer loop
      vertex 114 0 146.6
      vertex 113.566 -9.93575 142
      vertex 113.566 -9.93575 146.6
    endloop
  endfacet
  facet normal -0.043639 0.999047 0
    outer loop
      vertex 9.93575 -113.566 142
      vertex 0 -114 146.6
      vertex 9.93575 -113.566 146.6
    endloop
  endfacet
  facet normal -0.043639 0.999047 0
    outer loop
      vertex 0 -114 146.6
      vertex 9.93575 -113.566 142
      vertex 0 -114 142
    endloop
  endfacet
  facet normal -0.216387 0.976308 0
    outer loop
      vertex 29.5054 -110.116 142
      vertex 19.7959 -112.268 146.6
      vertex 29.5054 -110.116 146.6
    endloop
  endfacet
  facet normal -0.216387 0.976308 0
    outer loop
      vertex 19.7959 -112.268 146.6
      vertex 29.5054 -110.116 142
      vertex 19.7959 -112.268 142
    endloop
  endfacet
  facet normal -0.67559 0.737278 0
    outer loop
      vertex 80.6102 -80.6102 142
      vertex 73.2778 -87.3291 146.6
      vertex 80.6102 -80.6102 146.6
    endloop
  endfacet
  facet normal -0.67559 0.737278 0
    outer loop
      vertex 73.2778 -87.3291 146.6
      vertex 80.6102 -80.6102 142
      vertex 73.2778 -87.3291 142
    endloop
  endfacet
  facet normal -0.461742 0.887014 0
    outer loop
      vertex 57 -98.7269 142
      vertex 48.1785 -103.319 146.6
      vertex 57 -98.7269 146.6
    endloop
  endfacet
  facet normal -0.461742 0.887014 0
    outer loop
      vertex 48.1785 -103.319 146.6
      vertex 57 -98.7269 142
      vertex 48.1785 -103.319 142
    endloop
  endfacet
  facet normal -0.793358 0.608756 0
    outer loop
      vertex 87.3291 -73.2778 142
      vertex 93.3833 -65.3877 146.6
      vertex 93.3833 -65.3877 142
    endloop
  endfacet
  facet normal -0.793358 0.608756 0
    outer loop
      vertex 93.3833 -65.3877 146.6
      vertex 87.3291 -73.2778 142
      vertex 87.3291 -73.2778 146.6
    endloop
  endfacet
  facet normal -0.887014 0.461742 0
    outer loop
      vertex 98.7269 -57 142
      vertex 103.319 -48.1785 146.6
      vertex 103.319 -48.1785 142
    endloop
  endfacet
  facet normal -0.887014 0.461742 0
    outer loop
      vertex 103.319 -48.1785 146.6
      vertex 98.7269 -57 142
      vertex 98.7269 -57 146.6
    endloop
  endfacet
  facet normal 0.67559 0.737278 -0
    outer loop
      vertex -73.2778 -87.3291 142
      vertex -80.6102 -80.6102 146.6
      vertex -73.2778 -87.3291 146.6
    endloop
  endfacet
  facet normal 0.67559 0.737278 0
    outer loop
      vertex -80.6102 -80.6102 146.6
      vertex -73.2778 -87.3291 142
      vertex -80.6102 -80.6102 142
    endloop
  endfacet
  facet normal 0.537303 0.843389 -0
    outer loop
      vertex -57 -98.7269 142
      vertex -65.3877 -93.3833 146.6
      vertex -57 -98.7269 146.6
    endloop
  endfacet
  facet normal 0.537303 0.843389 0
    outer loop
      vertex -65.3877 -93.3833 146.6
      vertex -57 -98.7269 142
      vertex -65.3877 -93.3833 142
    endloop
  endfacet
  facet normal 0.130515 0.991446 -0
    outer loop
      vertex -9.93575 -113.566 142
      vertex -19.7959 -112.268 146.6
      vertex -9.93575 -113.566 146.6
    endloop
  endfacet
  facet normal 0.130515 0.991446 0
    outer loop
      vertex -19.7959 -112.268 146.6
      vertex -9.93575 -113.566 142
      vertex -19.7959 -112.268 142
    endloop
  endfacet
  facet normal 0.887014 0.461742 0
    outer loop
      vertex -98.7269 -57 146.6
      vertex -103.319 -48.1785 142
      vertex -103.319 -48.1785 146.6
    endloop
  endfacet
  facet normal 0.887014 0.461742 0
    outer loop
      vertex -103.319 -48.1785 142
      vertex -98.7269 -57 146.6
      vertex -98.7269 -57 142
    endloop
  endfacet
  facet normal 0.793358 0.608756 0
    outer loop
      vertex -87.3291 -73.2778 146.6
      vertex -93.3833 -65.3877 142
      vertex -93.3833 -65.3877 146.6
    endloop
  endfacet
  facet normal 0.793358 0.608756 0
    outer loop
      vertex -93.3833 -65.3877 142
      vertex -87.3291 -73.2778 146.6
      vertex -87.3291 -73.2778 142
    endloop
  endfacet
  facet normal 0.976308 0.216387 0
    outer loop
      vertex -110.116 -29.5054 146.6
      vertex -112.268 -19.7959 142
      vertex -112.268 -19.7959 146.6
    endloop
  endfacet
  facet normal 0.976308 0.216387 0
    outer loop
      vertex -112.268 -19.7959 142
      vertex -110.116 -29.5054 146.6
      vertex -110.116 -29.5054 142
    endloop
  endfacet
  facet normal 0.999047 0.043639 0
    outer loop
      vertex -113.566 -9.93575 146.6
      vertex -114 0 142
      vertex -114 0 146.6
    endloop
  endfacet
  facet normal 0.999047 0.043639 0
    outer loop
      vertex -114 0 142
      vertex -113.566 -9.93575 146.6
      vertex -113.566 -9.93575 142
    endloop
  endfacet
  facet normal -0.923875 -0.382694 0
    outer loop
      vertex 107.125 38.9903 142
      vertex 103.319 48.1785 146.6
      vertex 103.319 48.1785 142
    endloop
  endfacet
  facet normal -0.923875 -0.382694 0
    outer loop
      vertex 103.319 48.1785 146.6
      vertex 107.125 38.9903 142
      vertex 107.125 38.9903 146.6
    endloop
  endfacet
  facet normal -0.953705 -0.300744 0
    outer loop
      vertex 110.116 29.5054 142
      vertex 107.125 38.9903 146.6
      vertex 107.125 38.9903 142
    endloop
  endfacet
  facet normal -0.953705 -0.300744 0
    outer loop
      vertex 107.125 38.9903 146.6
      vertex 110.116 29.5054 142
      vertex 110.116 29.5054 146.6
    endloop
  endfacet
  facet normal 0.953705 -0.300744 0
    outer loop
      vertex -110.116 29.5054 146.6
      vertex -107.125 38.9903 142
      vertex -107.125 38.9903 146.6
    endloop
  endfacet
  facet normal 0.953705 -0.300744 0
    outer loop
      vertex -107.125 38.9903 142
      vertex -110.116 29.5054 146.6
      vertex -110.116 29.5054 142
    endloop
  endfacet
  facet normal 0.923875 -0.382694 0
    outer loop
      vertex -107.125 38.9903 146.6
      vertex -103.319 48.1785 142
      vertex -103.319 48.1785 146.6
    endloop
  endfacet
  facet normal 0.923875 -0.382694 0
    outer loop
      vertex -103.319 48.1785 142
      vertex -107.125 38.9903 146.6
      vertex -107.125 38.9903 142
    endloop
  endfacet
  facet normal 0.300744 -0.953705 0
    outer loop
      vertex -38.9903 107.125 142
      vertex -29.5054 110.116 146.6
      vertex -38.9903 107.125 146.6
    endloop
  endfacet
  facet normal 0.300744 -0.953705 0
    outer loop
      vertex -29.5054 110.116 146.6
      vertex -38.9903 107.125 142
      vertex -29.5054 110.116 142
    endloop
  endfacet
  facet normal -0.130515 0.991446 0
    outer loop
      vertex 19.7959 -112.268 142
      vertex 9.93575 -113.566 146.6
      vertex 19.7959 -112.268 146.6
    endloop
  endfacet
  facet normal -0.130515 0.991446 0
    outer loop
      vertex 9.93575 -113.566 146.6
      vertex 19.7959 -112.268 142
      vertex 9.93575 -113.566 142
    endloop
  endfacet
  facet normal -0.300744 0.953705 0
    outer loop
      vertex 38.9903 -107.125 142
      vertex 29.5054 -110.116 146.6
      vertex 38.9903 -107.125 146.6
    endloop
  endfacet
  facet normal -0.300744 0.953705 0
    outer loop
      vertex 29.5054 -110.116 146.6
      vertex 38.9903 -107.125 142
      vertex 29.5054 -110.116 142
    endloop
  endfacet
  facet normal -0.737278 0.67559 0
    outer loop
      vertex 80.6102 -80.6102 142
      vertex 87.3291 -73.2778 146.6
      vertex 87.3291 -73.2778 142
    endloop
  endfacet
  facet normal -0.737278 0.67559 0
    outer loop
      vertex 87.3291 -73.2778 146.6
      vertex 80.6102 -80.6102 142
      vertex 80.6102 -80.6102 146.6
    endloop
  endfacet
  facet normal -0.537303 0.843389 0
    outer loop
      vertex 65.3877 -93.3833 142
      vertex 57 -98.7269 146.6
      vertex 65.3877 -93.3833 146.6
    endloop
  endfacet
  facet normal -0.537303 0.843389 0
    outer loop
      vertex 57 -98.7269 146.6
      vertex 65.3877 -93.3833 142
      vertex 57 -98.7269 142
    endloop
  endfacet
  facet normal -0.843389 0.537303 0
    outer loop
      vertex 93.3833 -65.3877 142
      vertex 98.7269 -57 146.6
      vertex 98.7269 -57 142
    endloop
  endfacet
  facet normal -0.843389 0.537303 0
    outer loop
      vertex 98.7269 -57 146.6
      vertex 93.3833 -65.3877 142
      vertex 93.3833 -65.3877 146.6
    endloop
  endfacet
  facet normal -0.923875 0.382694 0
    outer loop
      vertex 103.319 -48.1785 142
      vertex 107.125 -38.9903 146.6
      vertex 107.125 -38.9903 142
    endloop
  endfacet
  facet normal -0.923875 0.382694 0
    outer loop
      vertex 107.125 -38.9903 146.6
      vertex 103.319 -48.1785 142
      vertex 103.319 -48.1785 146.6
    endloop
  endfacet
  facet normal -0.991446 0.130515 0
    outer loop
      vertex 112.268 -19.7959 142
      vertex 113.566 -9.93575 146.6
      vertex 113.566 -9.93575 142
    endloop
  endfacet
  facet normal -0.991446 0.130515 0
    outer loop
      vertex 113.566 -9.93575 146.6
      vertex 112.268 -19.7959 142
      vertex 112.268 -19.7959 146.6
    endloop
  endfacet
  facet normal 0.608756 0.793358 -0
    outer loop
      vertex -65.3877 -93.3833 142
      vertex -73.2778 -87.3291 146.6
      vertex -65.3877 -93.3833 146.6
    endloop
  endfacet
  facet normal 0.608756 0.793358 0
    outer loop
      vertex -73.2778 -87.3291 146.6
      vertex -65.3877 -93.3833 142
      vertex -73.2778 -87.3291 142
    endloop
  endfacet
  facet normal 0.461742 0.887014 -0
    outer loop
      vertex -48.1785 -103.319 142
      vertex -57 -98.7269 146.6
      vertex -48.1785 -103.319 146.6
    endloop
  endfacet
  facet normal 0.461742 0.887014 0
    outer loop
      vertex -57 -98.7269 146.6
      vertex -48.1785 -103.319 142
      vertex -57 -98.7269 142
    endloop
  endfacet
  facet normal 0.382694 0.923875 -0
    outer loop
      vertex -38.9903 -107.125 142
      vertex -48.1785 -103.319 146.6
      vertex -38.9903 -107.125 146.6
    endloop
  endfacet
  facet normal 0.382694 0.923875 0
    outer loop
      vertex -48.1785 -103.319 146.6
      vertex -38.9903 -107.125 142
      vertex -48.1785 -103.319 142
    endloop
  endfacet
  facet normal 0.216387 0.976308 -0
    outer loop
      vertex -19.7959 -112.268 142
      vertex -29.5054 -110.116 146.6
      vertex -19.7959 -112.268 146.6
    endloop
  endfacet
  facet normal 0.216387 0.976308 0
    outer loop
      vertex -29.5054 -110.116 146.6
      vertex -19.7959 -112.268 142
      vertex -29.5054 -110.116 142
    endloop
  endfacet
  facet normal 0.043639 0.999047 -0
    outer loop
      vertex 0 -114 142
      vertex -9.93575 -113.566 146.6
      vertex 0 -114 146.6
    endloop
  endfacet
  facet normal 0.043639 0.999047 0
    outer loop
      vertex -9.93575 -113.566 146.6
      vertex 0 -114 142
      vertex -9.93575 -113.566 142
    endloop
  endfacet
  facet normal 0.843389 0.537303 0
    outer loop
      vertex -93.3833 -65.3877 146.6
      vertex -98.7269 -57 142
      vertex -98.7269 -57 146.6
    endloop
  endfacet
  facet normal 0.843389 0.537303 0
    outer loop
      vertex -98.7269 -57 142
      vertex -93.3833 -65.3877 146.6
      vertex -93.3833 -65.3877 142
    endloop
  endfacet
  facet normal 0.737278 0.67559 0
    outer loop
      vertex -80.6102 -80.6102 146.6
      vertex -87.3291 -73.2778 142
      vertex -87.3291 -73.2778 146.6
    endloop
  endfacet
  facet normal 0.737278 0.67559 0
    outer loop
      vertex -87.3291 -73.2778 142
      vertex -80.6102 -80.6102 146.6
      vertex -80.6102 -80.6102 142
    endloop
  endfacet
  facet normal 0.953705 0.300744 0
    outer loop
      vertex -107.125 -38.9903 146.6
      vertex -110.116 -29.5054 142
      vertex -110.116 -29.5054 146.6
    endloop
  endfacet
  facet normal 0.953705 0.300744 0
    outer loop
      vertex -110.116 -29.5054 142
      vertex -107.125 -38.9903 146.6
      vertex -107.125 -38.9903 142
    endloop
  endfacet
  facet normal 0.991446 0.130515 0
    outer loop
      vertex -112.268 -19.7959 146.6
      vertex -113.566 -9.93575 142
      vertex -113.566 -9.93575 146.6
    endloop
  endfacet
  facet normal 0.991446 0.130515 0
    outer loop
      vertex -113.566 -9.93575 142
      vertex -112.268 -19.7959 146.6
      vertex -112.268 -19.7959 142
    endloop
  endfacet
  facet normal 0 0 -1
    outer loop
      vertex 106 0 146.6
      vertex 114 0 146.6
      vertex 113.566 -9.93575 146.6
    endloop
  endfacet
  facet normal 0 0 -1
    outer loop
      vertex 105.597 -9.23851 146.6
      vertex 113.566 -9.93575 146.6
      vertex 112.268 -19.7959 146.6
    endloop
  endfacet
  facet normal 0 0 -1
    outer loop
      vertex 114 0 146.6
      vertex 106 0 146.6
      vertex 113.566 9.93575 146.6
    endloop
  endfacet
  facet normal 0 0 -1
    outer loop
      vertex 104.39 -18.4067 146.6
      vertex 112.268 -19.7959 146.6
      vertex 110.116 -29.5054 146.6
    endloop
  endfacet
  facet normal 0 0 -1
    outer loop
      vertex 105.597 9.23851 146.6
      vertex 113.566 9.93575 146.6
      vertex 106 0 146.6
    endloop
  endfacet
  facet normal 0 0 -1
    outer loop
      vertex 102.388 -27.4348 146.6
      vertex 110.116 -29.5054 146.6
      vertex 107.125 -38.9903 146.6
    endloop
  endfacet
  facet normal -0 0 -1
    outer loop
      vertex 113.566 9.93575 146.6
      vertex 105.597 9.23851 146.6
      vertex 112.268 19.7959 146.6
    endloop
  endfacet
  facet normal 0 0 -1
    outer loop
      vertex 104.39 18.4067 146.6
      vertex 112.268 19.7959 146.6
      vertex 105.597 9.23851 146.6
    endloop
  endfacet
  facet normal 0 0 -1
    outer loop
      vertex 113.566 -9.93575 146.6
      vertex 105.597 -9.23851 146.6
      vertex 106 0 146.6
    endloop
  endfacet
  facet normal 0 0 -1
    outer loop
      vertex 112.268 -19.7959 146.6
      vertex 104.39 -18.4067 146.6
      vertex 105.597 -9.23851 146.6
    endloop
  endfacet
  facet normal 0 0 -1
    outer loop
      vertex 99.6074 -36.2541 146.6
      vertex 107.125 -38.9903 146.6
      vertex 103.319 -48.1785 146.6
    endloop
  endfacet
  facet normal 0 0 -1
    outer loop
      vertex 110.116 -29.5054 146.6
      vertex 102.388 -27.4348 146.6
      vertex 104.39 -18.4067 146.6
    endloop
  endfacet
  facet normal 0 0 -1
    outer loop
      vertex 107.125 -38.9903 146.6
      vertex 99.6074 -36.2541 146.6
      vertex 102.388 -27.4348 146.6
    endloop
  endfacet
  facet normal 0 0 -1
    outer loop
      vertex 96.0686 -44.7975 146.6
      vertex 103.319 -48.1785 146.6
      vertex 98.7269 -57 146.6
    endloop
  endfacet
  facet normal 0 0 -1
    outer loop
      vertex 103.319 -48.1785 146.6
      vertex 96.0686 -44.7975 146.6
      vertex 99.6074 -36.2541 146.6
    endloop
  endfacet
  facet normal 0 0 -1
    outer loop
      vertex 91.7987 -53 146.6
      vertex 98.7269 -57 146.6
      vertex 93.3833 -65.3877 146.6
    endloop
  endfacet
  facet normal 0 0 -1
    outer loop
      vertex 98.7269 -57 146.6
      vertex 91.7987 -53 146.6
      vertex 96.0686 -44.7975 146.6
    endloop
  endfacet
  facet normal 0 0 -1
    outer loop
      vertex 86.8301 -60.7991 146.6
      vertex 93.3833 -65.3877 146.6
      vertex 87.3291 -73.2778 146.6
    endloop
  endfacet
  facet normal 0 0 -1
    outer loop
      vertex 93.3833 -65.3877 146.6
      vertex 86.8301 -60.7991 146.6
      vertex 91.7987 -53 146.6
    endloop
  endfacet
  facet normal 0 0 -1
    outer loop
      vertex 87.3291 -73.2778 146.6
      vertex 81.2007 -68.1355 146.6
      vertex 86.8301 -60.7991 146.6
    endloop
  endfacet
  facet normal 0 0 -1
    outer loop
      vertex 80.6102 -80.6102 146.6
      vertex 81.2007 -68.1355 146.6
      vertex 87.3291 -73.2778 146.6
    endloop
  endfacet
  facet normal 0 0 -1
    outer loop
      vertex 80.6102 -80.6102 146.6
      vertex 74.9533 -74.9533 146.6
      vertex 81.2007 -68.1355 146.6
    endloop
  endfacet
  facet normal 0 0 -1
    outer loop
      vertex 73.2778 -87.3291 146.6
      vertex 74.9533 -74.9533 146.6
      vertex 80.6102 -80.6102 146.6
    endloop
  endfacet
  facet normal 0 0 -1
    outer loop
      vertex 73.2778 -87.3291 146.6
      vertex 68.1355 -81.2007 146.6
      vertex 74.9533 -74.9533 146.6
    endloop
  endfacet
  facet normal 0 0 -1
    outer loop
      vertex 65.3877 -93.3833 146.6
      vertex 68.1355 -81.2007 146.6
      vertex 73.2778 -87.3291 146.6
    endloop
  endfacet
  facet normal 0 0 -1
    outer loop
      vertex 65.3877 -93.3833 146.6
      vertex 60.7991 -86.8301 146.6
      vertex 68.1355 -81.2007 146.6
    endloop
  endfacet
  facet normal 0 0 -1
    outer loop
      vertex 57 -98.7269 146.6
      vertex 60.7991 -86.8301 146.6
      vertex 65.3877 -93.3833 146.6
    endloop
  endfacet
  facet normal 0 0 -1
    outer loop
      vertex 57 -98.7269 146.6
      vertex 53 -91.7987 146.6
      vertex 60.7991 -86.8301 146.6
    endloop
  endfacet
  facet normal 0 0 -1
    outer loop
      vertex 48.1785 -103.319 146.6
      vertex 53 -91.7987 146.6
      vertex 57 -98.7269 146.6
    endloop
  endfacet
  facet normal 0 0 -1
    outer loop
      vertex 48.1785 -103.319 146.6
      vertex 44.7975 -96.0686 146.6
      vertex 53 -91.7987 146.6
    endloop
  endfacet
  facet normal 0 0 -1
    outer loop
      vertex 38.9903 -107.125 146.6
      vertex 44.7975 -96.0686 146.6
      vertex 48.1785 -103.319 146.6
    endloop
  endfacet
  facet normal 0 0 -1
    outer loop
      vertex 38.9903 -107.125 146.6
      vertex 36.2541 -99.6074 146.6
      vertex 44.7975 -96.0686 146.6
    endloop
  endfacet
  facet normal 0 0 -1
    outer loop
      vertex 29.5054 -110.116 146.6
      vertex 36.2541 -99.6074 146.6
      vertex 38.9903 -107.125 146.6
    endloop
  endfacet
  facet normal 0 0 -1
    outer loop
      vertex 29.5054 -110.116 146.6
      vertex 27.4348 -102.388 146.6
      vertex 36.2541 -99.6074 146.6
    endloop
  endfacet
  facet normal 0 0 -1
    outer loop
      vertex 19.7959 -112.268 146.6
      vertex 27.4348 -102.388 146.6
      vertex 29.5054 -110.116 146.6
    endloop
  endfacet
  facet normal 0 0 -1
    outer loop
      vertex 19.7959 -112.268 146.6
      vertex 18.4067 -104.39 146.6
      vertex 27.4348 -102.388 146.6
    endloop
  endfacet
  facet normal 0 0 -1
    outer loop
      vertex 9.93575 -113.566 146.6
      vertex 18.4067 -104.39 146.6
      vertex 19.7959 -112.268 146.6
    endloop
  endfacet
  facet normal 0 0 -1
    outer loop
      vertex 9.93575 -113.566 146.6
      vertex 9.23851 -105.597 146.6
      vertex 18.4067 -104.39 146.6
    endloop
  endfacet
  facet normal 0 0 -1
    outer loop
      vertex 0 -114 146.6
      vertex 9.23851 -105.597 146.6
      vertex 9.93575 -113.566 146.6
    endloop
  endfacet
  facet normal 0 0 -1
    outer loop
      vertex 0 -114 146.6
      vertex 0 -106 146.6
      vertex 9.23851 -105.597 146.6
    endloop
  endfacet
  facet normal 0 0 -1
    outer loop
      vertex 0 -114 146.6
      vertex -9.23851 -105.597 146.6
      vertex 0 -106 146.6
    endloop
  endfacet
  facet normal 0 0 -1
    outer loop
      vertex -9.93575 -113.566 146.6
      vertex -9.23851 -105.597 146.6
      vertex 0 -114 146.6
    endloop
  endfacet
  facet normal 0 0 -1
    outer loop
      vertex -9.93575 -113.566 146.6
      vertex -18.4067 -104.39 146.6
      vertex -9.23851 -105.597 146.6
    endloop
  endfacet
  facet normal 0 0 -1
    outer loop
      vertex -19.7959 -112.268 146.6
      vertex -18.4067 -104.39 146.6
      vertex -9.93575 -113.566 146.6
    endloop
  endfacet
  facet normal 0 0 -1
    outer loop
      vertex -19.7959 -112.268 146.6
      vertex -27.4348 -102.388 146.6
      vertex -18.4067 -104.39 146.6
    endloop
  endfacet
  facet normal 0 0 -1
    outer loop
      vertex -29.5054 -110.116 146.6
      vertex -27.4348 -102.388 146.6
      vertex -19.7959 -112.268 146.6
    endloop
  endfacet
  facet normal 0 0 -1
    outer loop
      vertex -29.5054 -110.116 146.6
      vertex -36.2541 -99.6074 146.6
      vertex -27.4348 -102.388 146.6
    endloop
  endfacet
  facet normal 0 0 -1
    outer loop
      vertex -38.9903 -107.125 146.6
      vertex -36.2541 -99.6074 146.6
      vertex -29.5054 -110.116 146.6
    endloop
  endfacet
  facet normal 0 0 -1
    outer loop
      vertex -38.9903 -107.125 146.6
      vertex -44.7975 -96.0686 146.6
      vertex -36.2541 -99.6074 146.6
    endloop
  endfacet
  facet normal 0 0 -1
    outer loop
      vertex -48.1785 -103.319 146.6
      vertex -44.7975 -96.0686 146.6
      vertex -38.9903 -107.125 146.6
    endloop
  endfacet
  facet normal 0 0 -1
    outer loop
      vertex -48.1785 -103.319 146.6
      vertex -53 -91.7987 146.6
      vertex -44.7975 -96.0686 146.6
    endloop
  endfacet
  facet normal 0 0 -1
    outer loop
      vertex -57 -98.7269 146.6
      vertex -53 -91.7987 146.6
      vertex -48.1785 -103.319 146.6
    endloop
  endfacet
  facet normal 0 0 -1
    outer loop
      vertex -57 -98.7269 146.6
      vertex -60.7991 -86.8301 146.6
      vertex -53 -91.7987 146.6
    endloop
  endfacet
  facet normal 0 0 -1
    outer loop
      vertex -65.3877 -93.3833 146.6
      vertex -60.7991 -86.8301 146.6
      vertex -57 -98.7269 146.6
    endloop
  endfacet
  facet normal 0 0 -1
    outer loop
      vertex -65.3877 -93.3833 146.6
      vertex -68.1355 -81.2007 146.6
      vertex -60.7991 -86.8301 146.6
    endloop
  endfacet
  facet normal 0 0 -1
    outer loop
      vertex -73.2778 -87.3291 146.6
      vertex -68.1355 -81.2007 146.6
      vertex -65.3877 -93.3833 146.6
    endloop
  endfacet
  facet normal 0 0 -1
    outer loop
      vertex -73.2778 -87.3291 146.6
      vertex -74.9533 -74.9533 146.6
      vertex -68.1355 -81.2007 146.6
    endloop
  endfacet
  facet normal 0 0 -1
    outer loop
      vertex -80.6102 -80.6102 146.6
      vertex -74.9533 -74.9533 146.6
      vertex -73.2778 -87.3291 146.6
    endloop
  endfacet
  facet normal 0 0 -1
    outer loop
      vertex -80.6102 -80.6102 146.6
      vertex -81.2007 -68.1355 146.6
      vertex -74.9533 -74.9533 146.6
    endloop
  endfacet
  facet normal 0 0 -1
    outer loop
      vertex -87.3291 -73.2778 146.6
      vertex -81.2007 -68.1355 146.6
      vertex -80.6102 -80.6102 146.6
    endloop
  endfacet
  facet normal -0 0 -1
    outer loop
      vertex -81.2007 -68.1355 146.6
      vertex -87.3291 -73.2778 146.6
      vertex -86.8301 -60.7991 146.6
    endloop
  endfacet
  facet normal 0 0 -1
    outer loop
      vertex -93.3833 -65.3877 146.6
      vertex -86.8301 -60.7991 146.6
      vertex -87.3291 -73.2778 146.6
    endloop
  endfacet
  facet normal -0 0 -1
    outer loop
      vertex -86.8301 -60.7991 146.6
      vertex -93.3833 -65.3877 146.6
      vertex -91.7987 -53 146.6
    endloop
  endfacet
  facet normal 0 0 -1
    outer loop
      vertex -98.7269 -57 146.6
      vertex -91.7987 -53 146.6
      vertex -93.3833 -65.3877 146.6
    endloop
  endfacet
  facet normal -0 0 -1
    outer loop
      vertex -91.7987 -53 146.6
      vertex -98.7269 -57 146.6
      vertex -96.0686 -44.7975 146.6
    endloop
  endfacet
  facet normal 0 0 -1
    outer loop
      vertex -103.319 -48.1785 146.6
      vertex -96.0686 -44.7975 146.6
      vertex -98.7269 -57 146.6
    endloop
  endfacet
  facet normal -0 0 -1
    outer loop
      vertex -96.0686 -44.7975 146.6
      vertex -103.319 -48.1785 146.6
      vertex -99.6074 -36.2541 146.6
    endloop
  endfacet
  facet normal 0 0 -1
    outer loop
      vertex -107.125 -38.9903 146.6
      vertex -99.6074 -36.2541 146.6
      vertex -103.319 -48.1785 146.6
    endloop
  endfacet
  facet normal -0 0 -1
    outer loop
      vertex -99.6074 -36.2541 146.6
      vertex -107.125 -38.9903 146.6
      vertex -102.388 -27.4348 146.6
    endloop
  endfacet
  facet normal 0 0 -1
    outer loop
      vertex -110.116 -29.5054 146.6
      vertex -102.388 -27.4348 146.6
      vertex -107.125 -38.9903 146.6
    endloop
  endfacet
  facet normal 0 0 -1
    outer loop
      vertex -112.268 -19.7959 146.6
      vertex -104.39 -18.4067 146.6
      vertex -110.116 -29.5054 146.6
    endloop
  endfacet
  facet normal -0 0 -1
    outer loop
      vertex -102.388 -27.4348 146.6
      vertex -110.116 -29.5054 146.6
      vertex -104.39 -18.4067 146.6
    endloop
  endfacet
  facet normal -0 0 -1
    outer loop
      vertex 112.268 19.7959 146.6
      vertex 104.39 18.4067 146.6
      vertex 110.116 29.5054 146.6
    endloop
  endfacet
  facet normal 0 0 -1
    outer loop
      vertex 102.388 27.4348 146.6
      vertex 110.116 29.5054 146.6
      vertex 104.39 18.4067 146.6
    endloop
  endfacet
  facet normal -0 0 -1
    outer loop
      vertex 110.116 29.5054 146.6
      vertex 102.388 27.4348 146.6
      vertex 107.125 38.9903 146.6
    endloop
  endfacet
  facet normal 0 0 -1
    outer loop
      vertex 99.6074 36.2541 146.6
      vertex 107.125 38.9903 146.6
      vertex 102.388 27.4348 146.6
    endloop
  endfacet
  facet normal -0 0 -1
    outer loop
      vertex 107.125 38.9903 146.6
      vertex 99.6074 36.2541 146.6
      vertex 103.319 48.1785 146.6
    endloop
  endfacet
  facet normal 0 0 -1
    outer loop
      vertex 96.0686 44.7975 146.6
      vertex 103.319 48.1785 146.6
      vertex 99.6074 36.2541 146.6
    endloop
  endfacet
  facet normal -0 0 -1
    outer loop
      vertex 103.319 48.1785 146.6
      vertex 96.0686 44.7975 146.6
      vertex 98.7269 57 146.6
    endloop
  endfacet
  facet normal 0 0 -1
    outer loop
      vertex 91.7987 53 146.6
      vertex 98.7269 57 146.6
      vertex 96.0686 44.7975 146.6
    endloop
  endfacet
  facet normal -0 0 -1
    outer loop
      vertex 98.7269 57 146.6
      vertex 91.7987 53 146.6
      vertex 93.3833 65.3877 146.6
    endloop
  endfacet
  facet normal 0 0 -1
    outer loop
      vertex 86.8301 60.7991 146.6
      vertex 93.3833 65.3877 146.6
      vertex 91.7987 53 146.6
    endloop
  endfacet
  facet normal -0 0 -1
    outer loop
      vertex 93.3833 65.3877 146.6
      vertex 86.8301 60.7991 146.6
      vertex 87.3291 73.2778 146.6
    endloop
  endfacet
  facet normal 0 0 -1
    outer loop
      vertex 81.2007 68.1355 146.6
      vertex 87.3291 73.2778 146.6
      vertex 86.8301 60.7991 146.6
    endloop
  endfacet
  facet normal 0 0 -1
    outer loop
      vertex 81.2007 68.1355 146.6
      vertex 80.6102 80.6102 146.6
      vertex 87.3291 73.2778 146.6
    endloop
  endfacet
  facet normal 0 0 -1
    outer loop
      vertex 74.9533 74.9533 146.6
      vertex 80.6102 80.6102 146.6
      vertex 81.2007 68.1355 146.6
    endloop
  endfacet
  facet normal 0 0 -1
    outer loop
      vertex 74.9533 74.9533 146.6
      vertex 73.2778 87.3291 146.6
      vertex 80.6102 80.6102 146.6
    endloop
  endfacet
  facet normal 0 0 -1
    outer loop
      vertex 68.1355 81.2007 146.6
      vertex 73.2778 87.3291 146.6
      vertex 74.9533 74.9533 146.6
    endloop
  endfacet
  facet normal 0 0 -1
    outer loop
      vertex 68.1355 81.2007 146.6
      vertex 65.3877 93.3833 146.6
      vertex 73.2778 87.3291 146.6
    endloop
  endfacet
  facet normal 0 0 -1
    outer loop
      vertex 60.7991 86.8301 146.6
      vertex 65.3877 93.3833 146.6
      vertex 68.1355 81.2007 146.6
    endloop
  endfacet
  facet normal 0 0 -1
    outer loop
      vertex 60.7991 86.8301 146.6
      vertex 57 98.7269 146.6
      vertex 65.3877 93.3833 146.6
    endloop
  endfacet
  facet normal 0 0 -1
    outer loop
      vertex 53 91.7987 146.6
      vertex 57 98.7269 146.6
      vertex 60.7991 86.8301 146.6
    endloop
  endfacet
  facet normal 0 0 -1
    outer loop
      vertex 53 91.7987 146.6
      vertex 48.1785 103.319 146.6
      vertex 57 98.7269 146.6
    endloop
  endfacet
  facet normal 0 0 -1
    outer loop
      vertex 44.7975 96.0686 146.6
      vertex 48.1785 103.319 146.6
      vertex 53 91.7987 146.6
    endloop
  endfacet
  facet normal 0 0 -1
    outer loop
      vertex 44.7975 96.0686 146.6
      vertex 38.9903 107.125 146.6
      vertex 48.1785 103.319 146.6
    endloop
  endfacet
  facet normal 0 0 -1
    outer loop
      vertex 36.2541 99.6074 146.6
      vertex 38.9903 107.125 146.6
      vertex 44.7975 96.0686 146.6
    endloop
  endfacet
  facet normal 0 0 -1
    outer loop
      vertex 36.2541 99.6074 146.6
      vertex 29.5054 110.116 146.6
      vertex 38.9903 107.125 146.6
    endloop
  endfacet
  facet normal 0 0 -1
    outer loop
      vertex 27.4348 102.388 146.6
      vertex 29.5054 110.116 146.6
      vertex 36.2541 99.6074 146.6
    endloop
  endfacet
  facet normal 0 0 -1
    outer loop
      vertex 27.4348 102.388 146.6
      vertex 19.7959 112.268 146.6
      vertex 29.5054 110.116 146.6
    endloop
  endfacet
  facet normal 0 0 -1
    outer loop
      vertex 18.4067 104.39 146.6
      vertex 19.7959 112.268 146.6
      vertex 27.4348 102.388 146.6
    endloop
  endfacet
  facet normal 0 0 -1
    outer loop
      vertex 18.4067 104.39 146.6
      vertex 9.93575 113.566 146.6
      vertex 19.7959 112.268 146.6
    endloop
  endfacet
  facet normal 0 0 -1
    outer loop
      vertex 9.23851 105.597 146.6
      vertex 9.93575 113.566 146.6
      vertex 18.4067 104.39 146.6
    endloop
  endfacet
  facet normal 0 0 -1
    outer loop
      vertex 0 106 146.6
      vertex 9.93575 113.566 146.6
      vertex 9.23851 105.597 146.6
    endloop
  endfacet
  facet normal 0 0 -1
    outer loop
      vertex 0 106 146.6
      vertex 0 114 146.6
      vertex 9.93575 113.566 146.6
    endloop
  endfacet
  facet normal 0 0 -1
    outer loop
      vertex -9.23851 105.597 146.6
      vertex 0 114 146.6
      vertex 0 106 146.6
    endloop
  endfacet
  facet normal 0 0 -1
    outer loop
      vertex -9.23851 105.597 146.6
      vertex -9.93575 113.566 146.6
      vertex 0 114 146.6
    endloop
  endfacet
  facet normal 0 0 -1
    outer loop
      vertex -18.4067 104.39 146.6
      vertex -9.93575 113.566 146.6
      vertex -9.23851 105.597 146.6
    endloop
  endfacet
  facet normal 0 0 -1
    outer loop
      vertex -18.4067 104.39 146.6
      vertex -19.7959 112.268 146.6
      vertex -9.93575 113.566 146.6
    endloop
  endfacet
  facet normal 0 0 -1
    outer loop
      vertex -27.4348 102.388 146.6
      vertex -19.7959 112.268 146.6
      vertex -18.4067 104.39 146.6
    endloop
  endfacet
  facet normal 0 0 -1
    outer loop
      vertex -27.4348 102.388 146.6
      vertex -29.5054 110.116 146.6
      vertex -19.7959 112.268 146.6
    endloop
  endfacet
  facet normal 0 0 -1
    outer loop
      vertex -36.2541 99.6074 146.6
      vertex -29.5054 110.116 146.6
      vertex -27.4348 102.388 146.6
    endloop
  endfacet
  facet normal 0 0 -1
    outer loop
      vertex -36.2541 99.6074 146.6
      vertex -38.9903 107.125 146.6
      vertex -29.5054 110.116 146.6
    endloop
  endfacet
  facet normal 0 0 -1
    outer loop
      vertex -44.7975 96.0686 146.6
      vertex -38.9903 107.125 146.6
      vertex -36.2541 99.6074 146.6
    endloop
  endfacet
  facet normal 0 0 -1
    outer loop
      vertex -44.7975 96.0686 146.6
      vertex -48.1785 103.319 146.6
      vertex -38.9903 107.125 146.6
    endloop
  endfacet
  facet normal 0 0 -1
    outer loop
      vertex -53 91.7987 146.6
      vertex -48.1785 103.319 146.6
      vertex -44.7975 96.0686 146.6
    endloop
  endfacet
  facet normal 0 0 -1
    outer loop
      vertex -53 91.7987 146.6
      vertex -57 98.7269 146.6
      vertex -48.1785 103.319 146.6
    endloop
  endfacet
  facet normal 0 0 -1
    outer loop
      vertex -60.7991 86.8301 146.6
      vertex -57 98.7269 146.6
      vertex -53 91.7987 146.6
    endloop
  endfacet
  facet normal 0 0 -1
    outer loop
      vertex -60.7991 86.8301 146.6
      vertex -65.3877 93.3833 146.6
      vertex -57 98.7269 146.6
    endloop
  endfacet
  facet normal 0 0 -1
    outer loop
      vertex -68.1355 81.2007 146.6
      vertex -65.3877 93.3833 146.6
      vertex -60.7991 86.8301 146.6
    endloop
  endfacet
  facet normal 0 0 -1
    outer loop
      vertex -68.1355 81.2007 146.6
      vertex -73.2778 87.3291 146.6
      vertex -65.3877 93.3833 146.6
    endloop
  endfacet
  facet normal 0 0 -1
    outer loop
      vertex -74.9533 74.9533 146.6
      vertex -73.2778 87.3291 146.6
      vertex -68.1355 81.2007 146.6
    endloop
  endfacet
  facet normal 0 0 -1
    outer loop
      vertex -74.9533 74.9533 146.6
      vertex -80.6102 80.6102 146.6
      vertex -73.2778 87.3291 146.6
    endloop
  endfacet
  facet normal 0 0 -1
    outer loop
      vertex -81.2007 68.1355 146.6
      vertex -80.6102 80.6102 146.6
      vertex -74.9533 74.9533 146.6
    endloop
  endfacet
  facet normal 0 0 -1
    outer loop
      vertex -87.3291 73.2778 146.6
      vertex -81.2007 68.1355 146.6
      vertex -86.8301 60.7991 146.6
    endloop
  endfacet
  facet normal 0 0 -1
    outer loop
      vertex -81.2007 68.1355 146.6
      vertex -87.3291 73.2778 146.6
      vertex -80.6102 80.6102 146.6
    endloop
  endfacet
  facet normal 0 0 -1
    outer loop
      vertex -93.3833 65.3877 146.6
      vertex -86.8301 60.7991 146.6
      vertex -91.7987 53 146.6
    endloop
  endfacet
  facet normal 0 0 -1
    outer loop
      vertex -86.8301 60.7991 146.6
      vertex -93.3833 65.3877 146.6
      vertex -87.3291 73.2778 146.6
    endloop
  endfacet
  facet normal 0 0 -1
    outer loop
      vertex -98.7269 57 146.6
      vertex -91.7987 53 146.6
      vertex -96.0686 44.7975 146.6
    endloop
  endfacet
  facet normal 0 0 -1
    outer loop
      vertex -91.7987 53 146.6
      vertex -98.7269 57 146.6
      vertex -93.3833 65.3877 146.6
    endloop
  endfacet
  facet normal 0 0 -1
    outer loop
      vertex -103.319 48.1785 146.6
      vertex -96.0686 44.7975 146.6
      vertex -99.6074 36.2541 146.6
    endloop
  endfacet
  facet normal 0 0 -1
    outer loop
      vertex -107.125 38.9903 146.6
      vertex -99.6074 36.2541 146.6
      vertex -102.388 27.4348 146.6
    endloop
  endfacet
  facet normal 0 0 -1
    outer loop
      vertex -96.0686 44.7975 146.6
      vertex -103.319 48.1785 146.6
      vertex -98.7269 57 146.6
    endloop
  endfacet
  facet normal 0 0 -1
    outer loop
      vertex -110.116 29.5054 146.6
      vertex -102.388 27.4348 146.6
      vertex -104.39 18.4067 146.6
    endloop
  endfacet
  facet normal 0 0 -1
    outer loop
      vertex -112.268 19.7959 146.6
      vertex -104.39 18.4067 146.6
      vertex -105.597 9.23851 146.6
    endloop
  endfacet
  facet normal 0 0 -1
    outer loop
      vertex -99.6074 36.2541 146.6
      vertex -107.125 38.9903 146.6
      vertex -103.319 48.1785 146.6
    endloop
  endfacet
  facet normal 0 0 -1
    outer loop
      vertex -113.566 9.93575 146.6
      vertex -105.597 9.23851 146.6
      vertex -106 0 146.6
    endloop
  endfacet
  facet normal -0 0 -1
    outer loop
      vertex -104.39 -18.4067 146.6
      vertex -112.268 -19.7959 146.6
      vertex -105.597 -9.23851 146.6
    endloop
  endfacet
  facet normal 0 0 -1
    outer loop
      vertex -113.566 -9.93575 146.6
      vertex -105.597 -9.23851 146.6
      vertex -112.268 -19.7959 146.6
    endloop
  endfacet
  facet normal 0 0 -1
    outer loop
      vertex -102.388 27.4348 146.6
      vertex -110.116 29.5054 146.6
      vertex -107.125 38.9903 146.6
    endloop
  endfacet
  facet normal -0 0 -1
    outer loop
      vertex -105.597 -9.23851 146.6
      vertex -113.566 -9.93575 146.6
      vertex -106 0 146.6
    endloop
  endfacet
  facet normal 0 0 -1
    outer loop
      vertex -104.39 18.4067 146.6
      vertex -112.268 19.7959 146.6
      vertex -110.116 29.5054 146.6
    endloop
  endfacet
  facet normal 0 0 -1
    outer loop
      vertex -114 0 146.6
      vertex -106 0 146.6
      vertex -113.566 -9.93575 146.6
    endloop
  endfacet
  facet normal 0 0 -1
    outer loop
      vertex -105.597 9.23851 146.6
      vertex -113.566 9.93575 146.6
      vertex -112.268 19.7959 146.6
    endloop
  endfacet
  facet normal 0 0 -1
    outer loop
      vertex -106 0 146.6
      vertex -114 0 146.6
      vertex -113.566 9.93575 146.6
    endloop
  endfacet
  facet normal -0.382694 0.923875 0
    outer loop
      vertex 48.1785 -103.319 142
      vertex 38.9903 -107.125 146.6
      vertex 48.1785 -103.319 146.6
    endloop
  endfacet
  facet normal -0.382694 0.923875 0
    outer loop
      vertex 38.9903 -107.125 146.6
      vertex 48.1785 -103.319 142
      vertex 38.9903 -107.125 142
    endloop
  endfacet
  facet normal -0.608756 0.793358 0
    outer loop
      vertex 73.2778 -87.3291 142
      vertex 65.3877 -93.3833 146.6
      vertex 73.2778 -87.3291 146.6
    endloop
  endfacet
  facet normal -0.608756 0.793358 0
    outer loop
      vertex 65.3877 -93.3833 146.6
      vertex 73.2778 -87.3291 142
      vertex 65.3877 -93.3833 142
    endloop
  endfacet
  facet normal -0.953705 0.300744 0
    outer loop
      vertex 107.125 -38.9903 142
      vertex 110.116 -29.5054 146.6
      vertex 110.116 -29.5054 142
    endloop
  endfacet
  facet normal -0.953705 0.300744 0
    outer loop
      vertex 110.116 -29.5054 146.6
      vertex 107.125 -38.9903 142
      vertex 107.125 -38.9903 146.6
    endloop
  endfacet
  facet normal 0.300744 0.953705 -0
    outer loop
      vertex -29.5054 -110.116 142
      vertex -38.9903 -107.125 146.6
      vertex -29.5054 -110.116 146.6
    endloop
  endfacet
  facet normal 0.300744 0.953705 0
    outer loop
      vertex -38.9903 -107.125 146.6
      vertex -29.5054 -110.116 142
      vertex -38.9903 -107.125 142
    endloop
  endfacet
  facet normal 0.923875 0.382694 0
    outer loop
      vertex -103.319 -48.1785 146.6
      vertex -107.125 -38.9903 142
      vertex -107.125 -38.9903 146.6
    endloop
  endfacet
  facet normal 0.923875 0.382694 0
    outer loop
      vertex -107.125 -38.9903 142
      vertex -103.319 -48.1785 146.6
      vertex -103.319 -48.1785 142
    endloop
  endfacet
  facet normal 0.99905 0.0435803 0
    outer loop
      vertex 106 0 146.6
      vertex 105.597 9.23851 142
      vertex 105.597 9.23851 146.6
    endloop
  endfacet
  facet normal 0.99905 0.0435803 0
    outer loop
      vertex 105.597 9.23851 142
      vertex 106 0 146.6
      vertex 106 0 142
    endloop
  endfacet
  facet normal -0.99905 0.0435803 0
    outer loop
      vertex -106 0 142
      vertex -105.597 9.23851 146.6
      vertex -105.597 9.23851 142
    endloop
  endfacet
  facet normal -0.99905 0.0435803 0
    outer loop
      vertex -105.597 9.23851 146.6
      vertex -106 0 142
      vertex -106 0 146.6
    endloop
  endfacet
  facet normal 0.0435803 0.99905 -0
    outer loop
      vertex 9.23851 105.597 142
      vertex 0 106 146.6
      vertex 9.23851 105.597 146.6
    endloop
  endfacet
  facet normal 0.0435803 0.99905 0
    outer loop
      vertex 0 106 146.6
      vertex 9.23851 105.597 142
      vertex 0 106 142
    endloop
  endfacet
  facet normal -0.0435803 -0.99905 0
    outer loop
      vertex -9.23851 -105.597 142
      vertex 0 -106 146.6
      vertex -9.23851 -105.597 146.6
    endloop
  endfacet
  facet normal -0.0435803 -0.99905 -0
    outer loop
      vertex 0 -106 146.6
      vertex -9.23851 -105.597 142
      vertex 0 -106 142
    endloop
  endfacet
  facet normal 0.737275 0.675592 0
    outer loop
      vertex 81.2007 68.1355 146.6
      vertex 74.9533 74.9533 142
      vertex 74.9533 74.9533 146.6
    endloop
  endfacet
  facet normal 0.737275 0.675592 0
    outer loop
      vertex 74.9533 74.9533 142
      vertex 81.2007 68.1355 146.6
      vertex 81.2007 68.1355 142
    endloop
  endfacet
  facet normal -0.675592 0.737275 0
    outer loop
      vertex -68.1355 81.2007 142
      vertex -74.9533 74.9533 146.6
      vertex -68.1355 81.2007 146.6
    endloop
  endfacet
  facet normal -0.675592 0.737275 0
    outer loop
      vertex -74.9533 74.9533 146.6
      vertex -68.1355 81.2007 142
      vertex -74.9533 74.9533 142
    endloop
  endfacet
  facet normal -0.300695 0.953721 0
    outer loop
      vertex -27.4348 102.388 142
      vertex -36.2541 99.6074 146.6
      vertex -27.4348 102.388 146.6
    endloop
  endfacet
  facet normal -0.300695 0.953721 0
    outer loop
      vertex -36.2541 99.6074 146.6
      vertex -27.4348 102.388 142
      vertex -36.2541 99.6074 142
    endloop
  endfacet
  facet normal 0.923879 0.382684 0
    outer loop
      vertex 99.6074 36.2541 146.6
      vertex 96.0686 44.7975 142
      vertex 96.0686 44.7975 146.6
    endloop
  endfacet
  facet normal 0.923879 0.382684 0
    outer loop
      vertex 96.0686 44.7975 142
      vertex 99.6074 36.2541 146.6
      vertex 99.6074 36.2541 142
    endloop
  endfacet
  facet normal 0.382684 0.923879 -0
    outer loop
      vertex 44.7975 96.0686 142
      vertex 36.2541 99.6074 146.6
      vertex 44.7975 96.0686 146.6
    endloop
  endfacet
  facet normal 0.382684 0.923879 0
    outer loop
      vertex 36.2541 99.6074 146.6
      vertex 44.7975 96.0686 142
      vertex 36.2541 99.6074 142
    endloop
  endfacet
  facet normal 0.537302 0.84339 -0
    outer loop
      vertex 60.7991 86.8301 142
      vertex 53 91.7987 146.6
      vertex 60.7991 86.8301 146.6
    endloop
  endfacet
  facet normal 0.537302 0.84339 0
    outer loop
      vertex 53 91.7987 146.6
      vertex 60.7991 86.8301 142
      vertex 53 91.7987 142
    endloop
  endfacet
  facet normal -0.923879 0.382684 0
    outer loop
      vertex -99.6074 36.2541 142
      vertex -96.0686 44.7975 146.6
      vertex -96.0686 44.7975 142
    endloop
  endfacet
  facet normal -0.923879 0.382684 0
    outer loop
      vertex -96.0686 44.7975 146.6
      vertex -99.6074 36.2541 142
      vertex -99.6074 36.2541 146.6
    endloop
  endfacet
  facet normal -0.130525 0.991445 0
    outer loop
      vertex -9.23851 105.597 142
      vertex -18.4067 104.39 146.6
      vertex -9.23851 105.597 146.6
    endloop
  endfacet
  facet normal -0.130525 0.991445 0
    outer loop
      vertex -18.4067 104.39 146.6
      vertex -9.23851 105.597 142
      vertex -18.4067 104.39 142
    endloop
  endfacet
  facet normal 0.923879 -0.382684 0
    outer loop
      vertex 96.0686 -44.7975 146.6
      vertex 99.6074 -36.2541 142
      vertex 99.6074 -36.2541 146.6
    endloop
  endfacet
  facet normal 0.923879 -0.382684 0
    outer loop
      vertex 99.6074 -36.2541 142
      vertex 96.0686 -44.7975 146.6
      vertex 96.0686 -44.7975 142
    endloop
  endfacet
  facet normal -0.737275 -0.675592 0
    outer loop
      vertex -74.9533 -74.9533 142
      vertex -81.2007 -68.1355 146.6
      vertex -81.2007 -68.1355 142
    endloop
  endfacet
  facet normal -0.737275 -0.675592 0
    outer loop
      vertex -81.2007 -68.1355 146.6
      vertex -74.9533 -74.9533 142
      vertex -74.9533 -74.9533 146.6
    endloop
  endfacet
  facet normal -0.953721 -0.300695 0
    outer loop
      vertex -99.6074 -36.2541 142
      vertex -102.388 -27.4348 146.6
      vertex -102.388 -27.4348 142
    endloop
  endfacet
  facet normal -0.953721 -0.300695 0
    outer loop
      vertex -102.388 -27.4348 146.6
      vertex -99.6074 -36.2541 142
      vertex -99.6074 -36.2541 146.6
    endloop
  endfacet
  facet normal 0.976284 0.216493 0
    outer loop
      vertex 104.39 18.4067 146.6
      vertex 102.388 27.4348 142
      vertex 102.388 27.4348 146.6
    endloop
  endfacet
  facet normal 0.976284 0.216493 0
    outer loop
      vertex 102.388 27.4348 142
      vertex 104.39 18.4067 146.6
      vertex 104.39 18.4067 142
    endloop
  endfacet
  facet normal 0.991445 0.130525 0
    outer loop
      vertex 105.597 9.23851 146.6
      vertex 104.39 18.4067 142
      vertex 104.39 18.4067 146.6
    endloop
  endfacet
  facet normal 0.991445 0.130525 0
    outer loop
      vertex 104.39 18.4067 142
      vertex 105.597 9.23851 146.6
      vertex 105.597 9.23851 142
    endloop
  endfacet
  facet normal 0.953721 0.300695 0
    outer loop
      vertex 102.388 27.4348 146.6
      vertex 99.6074 36.2541 142
      vertex 99.6074 36.2541 146.6
    endloop
  endfacet
  facet normal 0.953721 0.300695 0
    outer loop
      vertex 99.6074 36.2541 142
      vertex 102.388 27.4348 146.6
      vertex 102.388 27.4348 142
    endloop
  endfacet
  facet normal 0.84339 0.537302 0
    outer loop
      vertex 91.7987 53 146.6
      vertex 86.8301 60.7991 142
      vertex 86.8301 60.7991 146.6
    endloop
  endfacet
  facet normal 0.84339 0.537302 0
    outer loop
      vertex 86.8301 60.7991 142
      vertex 91.7987 53 146.6
      vertex 91.7987 53 142
    endloop
  endfacet
  facet normal 0.793354 0.60876 0
    outer loop
      vertex 86.8301 60.7991 146.6
      vertex 81.2007 68.1355 142
      vertex 81.2007 68.1355 146.6
    endloop
  endfacet
  facet normal 0.793354 0.60876 0
    outer loop
      vertex 81.2007 68.1355 142
      vertex 86.8301 60.7991 146.6
      vertex 86.8301 60.7991 142
    endloop
  endfacet
  facet normal 0.887013 0.461744 0
    outer loop
      vertex 96.0686 44.7975 146.6
      vertex 91.7987 53 142
      vertex 91.7987 53 146.6
    endloop
  endfacet
  facet normal 0.887013 0.461744 0
    outer loop
      vertex 91.7987 53 142
      vertex 96.0686 44.7975 146.6
      vertex 96.0686 44.7975 142
    endloop
  endfacet
  facet normal 0.216493 0.976284 -0
    outer loop
      vertex 27.4348 102.388 142
      vertex 18.4067 104.39 146.6
      vertex 27.4348 102.388 146.6
    endloop
  endfacet
  facet normal 0.216493 0.976284 0
    outer loop
      vertex 18.4067 104.39 146.6
      vertex 27.4348 102.388 142
      vertex 18.4067 104.39 142
    endloop
  endfacet
  facet normal 0.300695 0.953721 -0
    outer loop
      vertex 36.2541 99.6074 142
      vertex 27.4348 102.388 146.6
      vertex 36.2541 99.6074 146.6
    endloop
  endfacet
  facet normal 0.300695 0.953721 0
    outer loop
      vertex 27.4348 102.388 146.6
      vertex 36.2541 99.6074 142
      vertex 27.4348 102.388 142
    endloop
  endfacet
  facet normal 0.130525 0.991445 -0
    outer loop
      vertex 18.4067 104.39 142
      vertex 9.23851 105.597 146.6
      vertex 18.4067 104.39 146.6
    endloop
  endfacet
  facet normal 0.130525 0.991445 0
    outer loop
      vertex 9.23851 105.597 146.6
      vertex 18.4067 104.39 142
      vertex 9.23851 105.597 142
    endloop
  endfacet
  facet normal 0.461744 0.887013 -0
    outer loop
      vertex 53 91.7987 142
      vertex 44.7975 96.0686 146.6
      vertex 53 91.7987 146.6
    endloop
  endfacet
  facet normal 0.461744 0.887013 0
    outer loop
      vertex 44.7975 96.0686 146.6
      vertex 53 91.7987 142
      vertex 44.7975 96.0686 142
    endloop
  endfacet
  facet normal 0.675592 0.737275 -0
    outer loop
      vertex 74.9533 74.9533 142
      vertex 68.1355 81.2007 146.6
      vertex 74.9533 74.9533 146.6
    endloop
  endfacet
  facet normal 0.675592 0.737275 0
    outer loop
      vertex 68.1355 81.2007 146.6
      vertex 74.9533 74.9533 142
      vertex 68.1355 81.2007 142
    endloop
  endfacet
  facet normal -0.976284 0.216493 0
    outer loop
      vertex -104.39 18.4067 142
      vertex -102.388 27.4348 146.6
      vertex -102.388 27.4348 142
    endloop
  endfacet
  facet normal -0.976284 0.216493 0
    outer loop
      vertex -102.388 27.4348 146.6
      vertex -104.39 18.4067 142
      vertex -104.39 18.4067 146.6
    endloop
  endfacet
  facet normal -0.793354 0.60876 0
    outer loop
      vertex -86.8301 60.7991 142
      vertex -81.2007 68.1355 146.6
      vertex -81.2007 68.1355 142
    endloop
  endfacet
  facet normal -0.793354 0.60876 0
    outer loop
      vertex -81.2007 68.1355 146.6
      vertex -86.8301 60.7991 142
      vertex -86.8301 60.7991 146.6
    endloop
  endfacet
  facet normal -0.737275 0.675592 0
    outer loop
      vertex -81.2007 68.1355 142
      vertex -74.9533 74.9533 146.6
      vertex -74.9533 74.9533 142
    endloop
  endfacet
  facet normal -0.737275 0.675592 0
    outer loop
      vertex -74.9533 74.9533 146.6
      vertex -81.2007 68.1355 142
      vertex -81.2007 68.1355 146.6
    endloop
  endfacet
  facet normal -0.887013 0.461744 0
    outer loop
      vertex -96.0686 44.7975 142
      vertex -91.7987 53 146.6
      vertex -91.7987 53 142
    endloop
  endfacet
  facet normal -0.887013 0.461744 0
    outer loop
      vertex -91.7987 53 146.6
      vertex -96.0686 44.7975 142
      vertex -96.0686 44.7975 146.6
    endloop
  endfacet
  facet normal -0.953721 0.300695 0
    outer loop
      vertex -102.388 27.4348 142
      vertex -99.6074 36.2541 146.6
      vertex -99.6074 36.2541 142
    endloop
  endfacet
  facet normal -0.953721 0.300695 0
    outer loop
      vertex -99.6074 36.2541 146.6
      vertex -102.388 27.4348 142
      vertex -102.388 27.4348 146.6
    endloop
  endfacet
  facet normal -0.991445 0.130525 0
    outer loop
      vertex -105.597 9.23851 142
      vertex -104.39 18.4067 146.6
      vertex -104.39 18.4067 142
    endloop
  endfacet
  facet normal -0.991445 0.130525 0
    outer loop
      vertex -104.39 18.4067 146.6
      vertex -105.597 9.23851 142
      vertex -105.597 9.23851 146.6
    endloop
  endfacet
  facet normal -0.461744 0.887013 0
    outer loop
      vertex -44.7975 96.0686 142
      vertex -53 91.7987 146.6
      vertex -44.7975 96.0686 146.6
    endloop
  endfacet
  facet normal -0.461744 0.887013 0
    outer loop
      vertex -53 91.7987 146.6
      vertex -44.7975 96.0686 142
      vertex -53 91.7987 142
    endloop
  endfacet
  facet normal -0.382684 0.923879 0
    outer loop
      vertex -36.2541 99.6074 142
      vertex -44.7975 96.0686 146.6
      vertex -36.2541 99.6074 146.6
    endloop
  endfacet
  facet normal -0.382684 0.923879 0
    outer loop
      vertex -44.7975 96.0686 146.6
      vertex -36.2541 99.6074 142
      vertex -44.7975 96.0686 142
    endloop
  endfacet
  facet normal -0.60876 0.793354 0
    outer loop
      vertex -60.7991 86.8301 142
      vertex -68.1355 81.2007 146.6
      vertex -60.7991 86.8301 146.6
    endloop
  endfacet
  facet normal -0.60876 0.793354 0
    outer loop
      vertex -68.1355 81.2007 146.6
      vertex -60.7991 86.8301 142
      vertex -68.1355 81.2007 142
    endloop
  endfacet
  facet normal -0.216493 0.976284 0
    outer loop
      vertex -18.4067 104.39 142
      vertex -27.4348 102.388 146.6
      vertex -18.4067 104.39 146.6
    endloop
  endfacet
  facet normal -0.216493 0.976284 0
    outer loop
      vertex -27.4348 102.388 146.6
      vertex -18.4067 104.39 142
      vertex -27.4348 102.388 142
    endloop
  endfacet
  facet normal -0.0435803 0.99905 0
    outer loop
      vertex 0 106 142
      vertex -9.23851 105.597 146.6
      vertex 0 106 146.6
    endloop
  endfacet
  facet normal -0.0435803 0.99905 0
    outer loop
      vertex -9.23851 105.597 146.6
      vertex 0 106 142
      vertex -9.23851 105.597 142
    endloop
  endfacet
  facet normal 0.0435803 -0.99905 0
    outer loop
      vertex 0 -106 142
      vertex 9.23851 -105.597 146.6
      vertex 0 -106 146.6
    endloop
  endfacet
  facet normal 0.0435803 -0.99905 0
    outer loop
      vertex 9.23851 -105.597 146.6
      vertex 0 -106 142
      vertex 9.23851 -105.597 142
    endloop
  endfacet
  facet normal 0.216493 -0.976284 0
    outer loop
      vertex 18.4067 -104.39 142
      vertex 27.4348 -102.388 146.6
      vertex 18.4067 -104.39 146.6
    endloop
  endfacet
  facet normal 0.216493 -0.976284 0
    outer loop
      vertex 27.4348 -102.388 146.6
      vertex 18.4067 -104.39 142
      vertex 27.4348 -102.388 142
    endloop
  endfacet
  facet normal 0.382684 -0.923879 0
    outer loop
      vertex 36.2541 -99.6074 142
      vertex 44.7975 -96.0686 146.6
      vertex 36.2541 -99.6074 146.6
    endloop
  endfacet
  facet normal 0.382684 -0.923879 0
    outer loop
      vertex 44.7975 -96.0686 146.6
      vertex 36.2541 -99.6074 142
      vertex 44.7975 -96.0686 142
    endloop
  endfacet
  facet normal 0.793354 -0.60876 0
    outer loop
      vertex 81.2007 -68.1355 146.6
      vertex 86.8301 -60.7991 142
      vertex 86.8301 -60.7991 146.6
    endloop
  endfacet
  facet normal 0.793354 -0.60876 0
    outer loop
      vertex 86.8301 -60.7991 142
      vertex 81.2007 -68.1355 146.6
      vertex 81.2007 -68.1355 142
    endloop
  endfacet
  facet normal 0.737275 -0.675592 0
    outer loop
      vertex 74.9533 -74.9533 146.6
      vertex 81.2007 -68.1355 142
      vertex 81.2007 -68.1355 146.6
    endloop
  endfacet
  facet normal 0.737275 -0.675592 0
    outer loop
      vertex 81.2007 -68.1355 142
      vertex 74.9533 -74.9533 146.6
      vertex 74.9533 -74.9533 142
    endloop
  endfacet
  facet normal 0.887013 -0.461744 0
    outer loop
      vertex 91.7987 -53 146.6
      vertex 96.0686 -44.7975 142
      vertex 96.0686 -44.7975 146.6
    endloop
  endfacet
  facet normal 0.887013 -0.461744 0
    outer loop
      vertex 96.0686 -44.7975 142
      vertex 91.7987 -53 146.6
      vertex 91.7987 -53 142
    endloop
  endfacet
  facet normal 0.99905 -0.0435803 0
    outer loop
      vertex 105.597 -9.23851 146.6
      vertex 106 0 142
      vertex 106 0 146.6
    endloop
  endfacet
  facet normal 0.99905 -0.0435803 0
    outer loop
      vertex 106 0 142
      vertex 105.597 -9.23851 146.6
      vertex 105.597 -9.23851 142
    endloop
  endfacet
  facet normal -0.60876 -0.793354 0
    outer loop
      vertex -68.1355 -81.2007 142
      vertex -60.7991 -86.8301 146.6
      vertex -68.1355 -81.2007 146.6
    endloop
  endfacet
  facet normal -0.60876 -0.793354 -0
    outer loop
      vertex -60.7991 -86.8301 146.6
      vertex -68.1355 -81.2007 142
      vertex -60.7991 -86.8301 142
    endloop
  endfacet
  facet normal -0.675592 -0.737275 0
    outer loop
      vertex -74.9533 -74.9533 142
      vertex -68.1355 -81.2007 146.6
      vertex -74.9533 -74.9533 146.6
    endloop
  endfacet
  facet normal -0.675592 -0.737275 -0
    outer loop
      vertex -68.1355 -81.2007 146.6
      vertex -74.9533 -74.9533 142
      vertex -68.1355 -81.2007 142
    endloop
  endfacet
  facet normal -0.461744 -0.887013 0
    outer loop
      vertex -53 -91.7987 142
      vertex -44.7975 -96.0686 146.6
      vertex -53 -91.7987 146.6
    endloop
  endfacet
  facet normal -0.461744 -0.887013 -0
    outer loop
      vertex -44.7975 -96.0686 146.6
      vertex -53 -91.7987 142
      vertex -44.7975 -96.0686 142
    endloop
  endfacet
  facet normal -0.300695 -0.953721 0
    outer loop
      vertex -36.2541 -99.6074 142
      vertex -27.4348 -102.388 146.6
      vertex -36.2541 -99.6074 146.6
    endloop
  endfacet
  facet normal -0.300695 -0.953721 -0
    outer loop
      vertex -27.4348 -102.388 146.6
      vertex -36.2541 -99.6074 142
      vertex -27.4348 -102.388 142
    endloop
  endfacet
  facet normal -0.130525 -0.991445 0
    outer loop
      vertex -18.4067 -104.39 142
      vertex -9.23851 -105.597 146.6
      vertex -18.4067 -104.39 146.6
    endloop
  endfacet
  facet normal -0.130525 -0.991445 -0
    outer loop
      vertex -9.23851 -105.597 146.6
      vertex -18.4067 -104.39 142
      vertex -9.23851 -105.597 142
    endloop
  endfacet
  facet normal -0.887013 -0.461744 0
    outer loop
      vertex -91.7987 -53 142
      vertex -96.0686 -44.7975 146.6
      vertex -96.0686 -44.7975 142
    endloop
  endfacet
  facet normal -0.887013 -0.461744 0
    outer loop
      vertex -96.0686 -44.7975 146.6
      vertex -91.7987 -53 142
      vertex -91.7987 -53 146.6
    endloop
  endfacet
  facet normal -0.923879 -0.382684 0
    outer loop
      vertex -96.0686 -44.7975 142
      vertex -99.6074 -36.2541 146.6
      vertex -99.6074 -36.2541 142
    endloop
  endfacet
  facet normal -0.923879 -0.382684 0
    outer loop
      vertex -99.6074 -36.2541 146.6
      vertex -96.0686 -44.7975 142
      vertex -96.0686 -44.7975 146.6
    endloop
  endfacet
  facet normal -0.99905 -0.0435803 0
    outer loop
      vertex -105.597 -9.23851 142
      vertex -106 0 146.6
      vertex -106 0 142
    endloop
  endfacet
  facet normal -0.99905 -0.0435803 0
    outer loop
      vertex -106 0 146.6
      vertex -105.597 -9.23851 142
      vertex -105.597 -9.23851 146.6
    endloop
  endfacet
  facet normal -0.976284 -0.216493 0
    outer loop
      vertex -102.388 -27.4348 142
      vertex -104.39 -18.4067 146.6
      vertex -104.39 -18.4067 142
    endloop
  endfacet
  facet normal -0.976284 -0.216493 0
    outer loop
      vertex -104.39 -18.4067 146.6
      vertex -102.388 -27.4348 142
      vertex -102.388 -27.4348 146.6
    endloop
  endfacet
  facet normal -0.84339 0.537302 0
    outer loop
      vertex -91.7987 53 142
      vertex -86.8301 60.7991 146.6
      vertex -86.8301 60.7991 142
    endloop
  endfacet
  facet normal -0.84339 0.537302 0
    outer loop
      vertex -86.8301 60.7991 146.6
      vertex -91.7987 53 142
      vertex -91.7987 53 146.6
    endloop
  endfacet
  facet normal 0.130525 -0.991445 0
    outer loop
      vertex 9.23851 -105.597 142
      vertex 18.4067 -104.39 146.6
      vertex 9.23851 -105.597 146.6
    endloop
  endfacet
  facet normal 0.130525 -0.991445 0
    outer loop
      vertex 18.4067 -104.39 146.6
      vertex 9.23851 -105.597 142
      vertex 18.4067 -104.39 142
    endloop
  endfacet
  facet normal 0.300695 -0.953721 0
    outer loop
      vertex 27.4348 -102.388 142
      vertex 36.2541 -99.6074 146.6
      vertex 27.4348 -102.388 146.6
    endloop
  endfacet
  facet normal 0.300695 -0.953721 0
    outer loop
      vertex 36.2541 -99.6074 146.6
      vertex 27.4348 -102.388 142
      vertex 36.2541 -99.6074 142
    endloop
  endfacet
  facet normal 0.675592 -0.737275 0
    outer loop
      vertex 68.1355 -81.2007 142
      vertex 74.9533 -74.9533 146.6
      vertex 68.1355 -81.2007 146.6
    endloop
  endfacet
  facet normal 0.675592 -0.737275 0
    outer loop
      vertex 74.9533 -74.9533 146.6
      vertex 68.1355 -81.2007 142
      vertex 74.9533 -74.9533 142
    endloop
  endfacet
  facet normal 0.537302 -0.84339 0
    outer loop
      vertex 53 -91.7987 142
      vertex 60.7991 -86.8301 146.6
      vertex 53 -91.7987 146.6
    endloop
  endfacet
  facet normal 0.537302 -0.84339 0
    outer loop
      vertex 60.7991 -86.8301 146.6
      vertex 53 -91.7987 142
      vertex 60.7991 -86.8301 142
    endloop
  endfacet
  facet normal 0.60876 -0.793354 0
    outer loop
      vertex 60.7991 -86.8301 142
      vertex 68.1355 -81.2007 146.6
      vertex 60.7991 -86.8301 146.6
    endloop
  endfacet
  facet normal 0.60876 -0.793354 0
    outer loop
      vertex 68.1355 -81.2007 146.6
      vertex 60.7991 -86.8301 142
      vertex 68.1355 -81.2007 142
    endloop
  endfacet
  facet normal 0.461744 -0.887013 0
    outer loop
      vertex 44.7975 -96.0686 142
      vertex 53 -91.7987 146.6
      vertex 44.7975 -96.0686 146.6
    endloop
  endfacet
  facet normal 0.461744 -0.887013 0
    outer loop
      vertex 53 -91.7987 146.6
      vertex 44.7975 -96.0686 142
      vertex 53 -91.7987 142
    endloop
  endfacet
  facet normal 0.976284 -0.216493 0
    outer loop
      vertex 102.388 -27.4348 146.6
      vertex 104.39 -18.4067 142
      vertex 104.39 -18.4067 146.6
    endloop
  endfacet
  facet normal 0.976284 -0.216493 0
    outer loop
      vertex 104.39 -18.4067 142
      vertex 102.388 -27.4348 146.6
      vertex 102.388 -27.4348 142
    endloop
  endfacet
  facet normal 0.953721 -0.300695 0
    outer loop
      vertex 99.6074 -36.2541 146.6
      vertex 102.388 -27.4348 142
      vertex 102.388 -27.4348 146.6
    endloop
  endfacet
  facet normal 0.953721 -0.300695 0
    outer loop
      vertex 102.388 -27.4348 142
      vertex 99.6074 -36.2541 146.6
      vertex 99.6074 -36.2541 142
    endloop
  endfacet
  facet normal 0.991445 -0.130525 0
    outer loop
      vertex 104.39 -18.4067 146.6
      vertex 105.597 -9.23851 142
      vertex 105.597 -9.23851 146.6
    endloop
  endfacet
  facet normal 0.991445 -0.130525 0
    outer loop
      vertex 105.597 -9.23851 142
      vertex 104.39 -18.4067 146.6
      vertex 104.39 -18.4067 142
    endloop
  endfacet
  facet normal -0.382684 -0.923879 0
    outer loop
      vertex -44.7975 -96.0686 142
      vertex -36.2541 -99.6074 146.6
      vertex -44.7975 -96.0686 146.6
    endloop
  endfacet
  facet normal -0.382684 -0.923879 -0
    outer loop
      vertex -36.2541 -99.6074 146.6
      vertex -44.7975 -96.0686 142
      vertex -36.2541 -99.6074 142
    endloop
  endfacet
  facet normal -0.216493 -0.976284 0
    outer loop
      vertex -27.4348 -102.388 142
      vertex -18.4067 -104.39 146.6
      vertex -27.4348 -102.388 146.6
    endloop
  endfacet
  facet normal -0.216493 -0.976284 -0
    outer loop
      vertex -18.4067 -104.39 146.6
      vertex -27.4348 -102.388 142
      vertex -18.4067 -104.39 142
    endloop
  endfacet
  facet normal -0.84339 -0.537302 0
    outer loop
      vertex -86.8301 -60.7991 142
      vertex -91.7987 -53 146.6
      vertex -91.7987 -53 142
    endloop
  endfacet
  facet normal -0.84339 -0.537302 0
    outer loop
      vertex -91.7987 -53 146.6
      vertex -86.8301 -60.7991 142
      vertex -86.8301 -60.7991 146.6
    endloop
  endfacet
  facet normal -0.991445 -0.130525 0
    outer loop
      vertex -104.39 -18.4067 142
      vertex -105.597 -9.23851 146.6
      vertex -105.597 -9.23851 142
    endloop
  endfacet
  facet normal -0.991445 -0.130525 0
    outer loop
      vertex -105.597 -9.23851 146.6
      vertex -104.39 -18.4067 142
      vertex -104.39 -18.4067 146.6
    endloop
  endfacet
  facet normal 0.60876 0.793354 -0
    outer loop
      vertex 68.1355 81.2007 142
      vertex 60.7991 86.8301 146.6
      vertex 68.1355 81.2007 146.6
    endloop
  endfacet
  facet normal 0.60876 0.793354 0
    outer loop
      vertex 60.7991 86.8301 146.6
      vertex 68.1355 81.2007 142
      vertex 60.7991 86.8301 142
    endloop
  endfacet
  facet normal -0.537302 0.84339 0
    outer loop
      vertex -53 91.7987 142
      vertex -60.7991 86.8301 146.6
      vertex -53 91.7987 146.6
    endloop
  endfacet
  facet normal -0.537302 0.84339 0
    outer loop
      vertex -60.7991 86.8301 146.6
      vertex -53 91.7987 142
      vertex -60.7991 86.8301 142
    endloop
  endfacet
  facet normal 0.84339 -0.537302 0
    outer loop
      vertex 86.8301 -60.7991 146.6
      vertex 91.7987 -53 142
      vertex 91.7987 -53 146.6
    endloop
  endfacet
  facet normal 0.84339 -0.537302 0
    outer loop
      vertex 91.7987 -53 142
      vertex 86.8301 -60.7991 146.6
      vertex 86.8301 -60.7991 142
    endloop
  endfacet
  facet normal -0.537302 -0.84339 0
    outer loop
      vertex -60.7991 -86.8301 142
      vertex -53 -91.7987 146.6
      vertex -60.7991 -86.8301 146.6
    endloop
  endfacet
  facet normal -0.537302 -0.84339 -0
    outer loop
      vertex -53 -91.7987 146.6
      vertex -60.7991 -86.8301 142
      vertex -53 -91.7987 142
    endloop
  endfacet
  facet normal -0.793354 -0.60876 0
    outer loop
      vertex -81.2007 -68.1355 142
      vertex -86.8301 -60.7991 146.6
      vertex -86.8301 -60.7991 142
    endloop
  endfacet
  facet normal -0.793354 -0.60876 0
    outer loop
      vertex -86.8301 -60.7991 146.6
      vertex -81.2007 -68.1355 142
      vertex -81.2007 -68.1355 146.6
    endloop
  endfacet
  facet normal 0.675586 0.737281 -0
    outer loop
      vertex 83.4386 83.4386 142
      vertex 75.8489 90.3932 160
      vertex 83.4386 83.4386 160
    endloop
  endfacet
  facet normal 0.675586 0.737281 0
    outer loop
      vertex 75.8489 90.3932 160
      vertex 83.4386 83.4386 142
      vertex 75.8489 90.3932 142
    endloop
  endfacet
  facet normal 0.608762 0.793353 -0
    outer loop
      vertex 75.8489 90.3932 142
      vertex 67.682 96.6599 160
      vertex 75.8489 90.3932 160
    endloop
  endfacet
  facet normal 0.608762 0.793353 0
    outer loop
      vertex 67.682 96.6599 160
      vertex 75.8489 90.3932 142
      vertex 67.682 96.6599 142
    endloop
  endfacet
  facet normal -0.382732 0.92386 0
    outer loop
      vertex -40.3584 110.884 142
      vertex -49.869 106.944 160
      vertex -40.3584 110.884 160
    endloop
  endfacet
  facet normal -0.382732 0.92386 0
    outer loop
      vertex -49.869 106.944 160
      vertex -40.3584 110.884 142
      vertex -49.869 106.944 142
    endloop
  endfacet
  facet normal -0.887023 0.461726 0
    outer loop
      vertex -106.944 49.869 142
      vertex -102.191 59 160
      vertex -102.191 59 142
    endloop
  endfacet
  facet normal -0.887023 0.461726 0
    outer loop
      vertex -102.191 59 160
      vertex -106.944 49.869 142
      vertex -106.944 49.869 160
    endloop
  endfacet
  facet normal -0.887023 -0.461726 0
    outer loop
      vertex -102.191 -59 142
      vertex -106.944 -49.869 160
      vertex -106.944 -49.869 142
    endloop
  endfacet
  facet normal -0.887023 -0.461726 0
    outer loop
      vertex -106.944 -49.869 160
      vertex -102.191 -59 142
      vertex -102.191 -59 160
    endloop
  endfacet
  facet normal 0.976297 0.216435 0
    outer loop
      vertex 116.207 20.4905 160
      vertex 113.979 30.5406 142
      vertex 113.979 30.5406 160
    endloop
  endfacet
  facet normal 0.976297 0.216435 0
    outer loop
      vertex 113.979 30.5406 142
      vertex 116.207 20.4905 160
      vertex 116.207 20.4905 142
    endloop
  endfacet
  facet normal 0.953732 0.300658 0
    outer loop
      vertex 113.979 30.5406 160
      vertex 110.884 40.3584 142
      vertex 110.884 40.3584 160
    endloop
  endfacet
  facet normal 0.953732 0.300658 0
    outer loop
      vertex 110.884 40.3584 142
      vertex 113.979 30.5406 160
      vertex 113.979 30.5406 142
    endloop
  endfacet
  facet normal 0.793353 0.608762 0
    outer loop
      vertex 96.6599 67.682 160
      vertex 90.3932 75.8489 142
      vertex 90.3932 75.8489 160
    endloop
  endfacet
  facet normal 0.793353 0.608762 0
    outer loop
      vertex 90.3932 75.8489 142
      vertex 96.6599 67.682 160
      vertex 96.6599 67.682 142
    endloop
  endfacet
  facet normal 0.537303 0.843389 -0
    outer loop
      vertex 67.682 96.6599 142
      vertex 59 102.191 160
      vertex 67.682 96.6599 160
    endloop
  endfacet
  facet normal 0.537303 0.843389 0
    outer loop
      vertex 59 102.191 160
      vertex 67.682 96.6599 142
      vertex 59 102.191 142
    endloop
  endfacet
  facet normal -0.608762 0.793353 0
    outer loop
      vertex -67.682 96.6599 142
      vertex -75.8489 90.3932 160
      vertex -67.682 96.6599 160
    endloop
  endfacet
  facet normal -0.608762 0.793353 0
    outer loop
      vertex -75.8489 90.3932 160
      vertex -67.682 96.6599 142
      vertex -75.8489 90.3932 142
    endloop
  endfacet
  facet normal 0.216435 -0.976297 0
    outer loop
      vertex 20.4905 -116.207 142
      vertex 30.5406 -113.979 160
      vertex 20.4905 -116.207 160
    endloop
  endfacet
  facet normal 0.216435 -0.976297 0
    outer loop
      vertex 30.5406 -113.979 160
      vertex 20.4905 -116.207 142
      vertex 30.5406 -113.979 142
    endloop
  endfacet
  facet normal 0.675586 -0.737281 0
    outer loop
      vertex 75.8489 -90.3932 142
      vertex 83.4386 -83.4386 160
      vertex 75.8489 -90.3932 160
    endloop
  endfacet
  facet normal 0.675586 -0.737281 0
    outer loop
      vertex 83.4386 -83.4386 160
      vertex 75.8489 -90.3932 142
      vertex 83.4386 -83.4386 142
    endloop
  endfacet
  facet normal -0.0436168 -0.999048 0
    outer loop
      vertex -10.2844 -117.551 142
      vertex 0 -118 160
      vertex -10.2844 -117.551 160
    endloop
  endfacet
  facet normal -0.0436168 -0.999048 -0
    outer loop
      vertex 0 -118 160
      vertex -10.2844 -117.551 142
      vertex 0 -118 142
    endloop
  endfacet
  facet normal -0.537303 -0.843389 0
    outer loop
      vertex -67.682 -96.6599 142
      vertex -59 -102.191 160
      vertex -67.682 -96.6599 160
    endloop
  endfacet
  facet normal -0.537303 -0.843389 -0
    outer loop
      vertex -59 -102.191 160
      vertex -67.682 -96.6599 142
      vertex -59 -102.191 142
    endloop
  endfacet
  facet normal 0.92386 0.382732 0
    outer loop
      vertex 110.884 40.3584 160
      vertex 106.944 49.869 142
      vertex 106.944 49.869 160
    endloop
  endfacet
  facet normal 0.92386 0.382732 0
    outer loop
      vertex 106.944 49.869 142
      vertex 110.884 40.3584 160
      vertex 110.884 40.3584 142
    endloop
  endfacet
  facet normal 0.887023 0.461726 0
    outer loop
      vertex 106.944 49.869 160
      vertex 102.191 59 142
      vertex 102.191 59 160
    endloop
  endfacet
  facet normal 0.887023 0.461726 0
    outer loop
      vertex 102.191 59 142
      vertex 106.944 49.869 160
      vertex 106.944 49.869 142
    endloop
  endfacet
  facet normal 0.843389 0.537303 0
    outer loop
      vertex 102.191 59 160
      vertex 96.6599 67.682 142
      vertex 96.6599 67.682 160
    endloop
  endfacet
  facet normal 0.843389 0.537303 0
    outer loop
      vertex 96.6599 67.682 142
      vertex 102.191 59 160
      vertex 102.191 59 142
    endloop
  endfacet
  facet normal 0.737281 0.675586 0
    outer loop
      vertex 90.3932 75.8489 160
      vertex 83.4386 83.4386 142
      vertex 83.4386 83.4386 160
    endloop
  endfacet
  facet normal 0.737281 0.675586 0
    outer loop
      vertex 83.4386 83.4386 142
      vertex 90.3932 75.8489 160
      vertex 90.3932 75.8489 142
    endloop
  endfacet
  facet normal 0.0436168 0.999048 -0
    outer loop
      vertex 10.2844 117.551 142
      vertex 0 118 160
      vertex 10.2844 117.551 160
    endloop
  endfacet
  facet normal 0.0436168 0.999048 0
    outer loop
      vertex 0 118 160
      vertex 10.2844 117.551 142
      vertex 0 118 142
    endloop
  endfacet
  facet normal 0.216435 0.976297 -0
    outer loop
      vertex 30.5406 113.979 142
      vertex 20.4905 116.207 160
      vertex 30.5406 113.979 160
    endloop
  endfacet
  facet normal 0.216435 0.976297 0
    outer loop
      vertex 20.4905 116.207 160
      vertex 30.5406 113.979 142
      vertex 20.4905 116.207 142
    endloop
  endfacet
  facet normal 0.461726 0.887023 -0
    outer loop
      vertex 59 102.191 142
      vertex 49.869 106.944 160
      vertex 59 102.191 160
    endloop
  endfacet
  facet normal 0.461726 0.887023 0
    outer loop
      vertex 49.869 106.944 160
      vertex 59 102.191 142
      vertex 49.869 106.944 142
    endloop
  endfacet
  facet normal 0.382732 0.92386 -0
    outer loop
      vertex 49.869 106.944 142
      vertex 40.3584 110.884 160
      vertex 49.869 106.944 160
    endloop
  endfacet
  facet normal 0.382732 0.92386 0
    outer loop
      vertex 40.3584 110.884 160
      vertex 49.869 106.944 142
      vertex 40.3584 110.884 142
    endloop
  endfacet
  facet normal 0.130559 0.991441 -0
    outer loop
      vertex 20.4905 116.207 142
      vertex 10.2844 117.551 160
      vertex 20.4905 116.207 160
    endloop
  endfacet
  facet normal 0.130559 0.991441 0
    outer loop
      vertex 10.2844 117.551 160
      vertex 20.4905 116.207 142
      vertex 10.2844 117.551 142
    endloop
  endfacet
  facet normal -0.999048 0.0436168 0
    outer loop
      vertex -118 0 142
      vertex -117.551 10.2844 160
      vertex -117.551 10.2844 142
    endloop
  endfacet
  facet normal -0.999048 0.0436168 0
    outer loop
      vertex -117.551 10.2844 160
      vertex -118 0 142
      vertex -118 0 160
    endloop
  endfacet
  facet normal -0.976297 0.216435 0
    outer loop
      vertex -116.207 20.4905 142
      vertex -113.979 30.5406 160
      vertex -113.979 30.5406 142
    endloop
  endfacet
  facet normal -0.976297 0.216435 0
    outer loop
      vertex -113.979 30.5406 160
      vertex -116.207 20.4905 142
      vertex -116.207 20.4905 160
    endloop
  endfacet
  facet normal -0.92386 0.382732 0
    outer loop
      vertex -110.884 40.3584 142
      vertex -106.944 49.869 160
      vertex -106.944 49.869 142
    endloop
  endfacet
  facet normal -0.92386 0.382732 0
    outer loop
      vertex -106.944 49.869 160
      vertex -110.884 40.3584 142
      vertex -110.884 40.3584 160
    endloop
  endfacet
  facet normal -0.991441 0.130559 0
    outer loop
      vertex -117.551 10.2844 142
      vertex -116.207 20.4905 160
      vertex -116.207 20.4905 142
    endloop
  endfacet
  facet normal -0.991441 0.130559 0
    outer loop
      vertex -116.207 20.4905 160
      vertex -117.551 10.2844 142
      vertex -117.551 10.2844 160
    endloop
  endfacet
  facet normal -0.737281 0.675586 0
    outer loop
      vertex -90.3932 75.8489 142
      vertex -83.4386 83.4386 160
      vertex -83.4386 83.4386 142
    endloop
  endfacet
  facet normal -0.737281 0.675586 0
    outer loop
      vertex -83.4386 83.4386 160
      vertex -90.3932 75.8489 142
      vertex -90.3932 75.8489 160
    endloop
  endfacet
  facet normal -0.793353 0.608762 0
    outer loop
      vertex -96.6599 67.682 142
      vertex -90.3932 75.8489 160
      vertex -90.3932 75.8489 142
    endloop
  endfacet
  facet normal -0.793353 0.608762 0
    outer loop
      vertex -90.3932 75.8489 160
      vertex -96.6599 67.682 142
      vertex -96.6599 67.682 160
    endloop
  endfacet
  facet normal -0.0436168 0.999048 0
    outer loop
      vertex 0 118 142
      vertex -10.2844 117.551 160
      vertex 0 118 160
    endloop
  endfacet
  facet normal -0.0436168 0.999048 0
    outer loop
      vertex -10.2844 117.551 160
      vertex 0 118 142
      vertex -10.2844 117.551 142
    endloop
  endfacet
  facet normal -0.300658 0.953732 0
    outer loop
      vertex -30.5406 113.979 142
      vertex -40.3584 110.884 160
      vertex -30.5406 113.979 160
    endloop
  endfacet
  facet normal -0.300658 0.953732 0
    outer loop
      vertex -40.3584 110.884 160
      vertex -30.5406 113.979 142
      vertex -40.3584 110.884 142
    endloop
  endfacet
  facet normal -0.130559 0.991441 0
    outer loop
      vertex -10.2844 117.551 142
      vertex -20.4905 116.207 160
      vertex -10.2844 117.551 160
    endloop
  endfacet
  facet normal -0.130559 0.991441 0
    outer loop
      vertex -20.4905 116.207 160
      vertex -10.2844 117.551 142
      vertex -20.4905 116.207 142
    endloop
  endfacet
  facet normal -0.461726 0.887023 0
    outer loop
      vertex -49.869 106.944 142
      vertex -59 102.191 160
      vertex -49.869 106.944 160
    endloop
  endfacet
  facet normal -0.461726 0.887023 0
    outer loop
      vertex -59 102.191 160
      vertex -49.869 106.944 142
      vertex -59 102.191 142
    endloop
  endfacet
  facet normal -0.537303 0.843389 0
    outer loop
      vertex -59 102.191 142
      vertex -67.682 96.6599 160
      vertex -59 102.191 160
    endloop
  endfacet
  facet normal -0.537303 0.843389 0
    outer loop
      vertex -67.682 96.6599 160
      vertex -59 102.191 142
      vertex -67.682 96.6599 142
    endloop
  endfacet
  facet normal -0.675586 0.737281 0
    outer loop
      vertex -75.8489 90.3932 142
      vertex -83.4386 83.4386 160
      vertex -75.8489 90.3932 160
    endloop
  endfacet
  facet normal -0.675586 0.737281 0
    outer loop
      vertex -83.4386 83.4386 160
      vertex -75.8489 90.3932 142
      vertex -83.4386 83.4386 142
    endloop
  endfacet
  facet normal 0.999048 0.0436168 0
    outer loop
      vertex 118 0 160
      vertex 117.551 10.2844 142
      vertex 117.551 10.2844 160
    endloop
  endfacet
  facet normal 0.999048 0.0436168 0
    outer loop
      vertex 117.551 10.2844 142
      vertex 118 0 160
      vertex 118 0 142
    endloop
  endfacet
  facet normal 0.0436168 -0.999048 0
    outer loop
      vertex 0 -118 142
      vertex 10.2844 -117.551 160
      vertex 0 -118 160
    endloop
  endfacet
  facet normal 0.0436168 -0.999048 0
    outer loop
      vertex 10.2844 -117.551 160
      vertex 0 -118 142
      vertex 10.2844 -117.551 142
    endloop
  endfacet
  facet normal 0.130559 -0.991441 0
    outer loop
      vertex 10.2844 -117.551 142
      vertex 20.4905 -116.207 160
      vertex 10.2844 -117.551 160
    endloop
  endfacet
  facet normal 0.130559 -0.991441 0
    outer loop
      vertex 20.4905 -116.207 160
      vertex 10.2844 -117.551 142
      vertex 20.4905 -116.207 142
    endloop
  endfacet
  facet normal 0.461726 -0.887023 0
    outer loop
      vertex 49.869 -106.944 142
      vertex 59 -102.191 160
      vertex 49.869 -106.944 160
    endloop
  endfacet
  facet normal 0.461726 -0.887023 0
    outer loop
      vertex 59 -102.191 160
      vertex 49.869 -106.944 142
      vertex 59 -102.191 142
    endloop
  endfacet
  facet normal 0.608762 -0.793353 0
    outer loop
      vertex 67.682 -96.6599 142
      vertex 75.8489 -90.3932 160
      vertex 67.682 -96.6599 160
    endloop
  endfacet
  facet normal 0.608762 -0.793353 0
    outer loop
      vertex 75.8489 -90.3932 160
      vertex 67.682 -96.6599 142
      vertex 75.8489 -90.3932 142
    endloop
  endfacet
  facet normal -0.382732 -0.92386 0
    outer loop
      vertex -49.869 -106.944 142
      vertex -40.3584 -110.884 160
      vertex -49.869 -106.944 160
    endloop
  endfacet
  facet normal -0.382732 -0.92386 -0
    outer loop
      vertex -40.3584 -110.884 160
      vertex -49.869 -106.944 142
      vertex -40.3584 -110.884 142
    endloop
  endfacet
  facet normal -0.130559 -0.991441 0
    outer loop
      vertex -20.4905 -116.207 142
      vertex -10.2844 -117.551 160
      vertex -20.4905 -116.207 160
    endloop
  endfacet
  facet normal -0.130559 -0.991441 -0
    outer loop
      vertex -10.2844 -117.551 160
      vertex -20.4905 -116.207 142
      vertex -10.2844 -117.551 142
    endloop
  endfacet
  facet normal -0.461726 -0.887023 0
    outer loop
      vertex -59 -102.191 142
      vertex -49.869 -106.944 160
      vertex -59 -102.191 160
    endloop
  endfacet
  facet normal -0.461726 -0.887023 -0
    outer loop
      vertex -49.869 -106.944 160
      vertex -59 -102.191 142
      vertex -49.869 -106.944 142
    endloop
  endfacet
  facet normal -0.675586 -0.737281 0
    outer loop
      vertex -83.4386 -83.4386 142
      vertex -75.8489 -90.3932 160
      vertex -83.4386 -83.4386 160
    endloop
  endfacet
  facet normal -0.675586 -0.737281 -0
    outer loop
      vertex -75.8489 -90.3932 160
      vertex -83.4386 -83.4386 142
      vertex -75.8489 -90.3932 142
    endloop
  endfacet
  facet normal -0.999048 -0.0436168 0
    outer loop
      vertex -117.551 -10.2844 142
      vertex -118 0 160
      vertex -118 0 142
    endloop
  endfacet
  facet normal -0.999048 -0.0436168 0
    outer loop
      vertex -118 0 160
      vertex -117.551 -10.2844 142
      vertex -117.551 -10.2844 160
    endloop
  endfacet
  facet normal 0 0 -1
    outer loop
      vertex 114 0 142
      vertex 118 0 142
      vertex 117.551 -10.2844 142
    endloop
  endfacet
  facet normal 0 0 -1
    outer loop
      vertex 113.566 -9.93575 142
      vertex 117.551 -10.2844 142
      vertex 116.207 -20.4905 142
    endloop
  endfacet
  facet normal 0 0 -1
    outer loop
      vertex 118 0 142
      vertex 114 0 142
      vertex 117.551 10.2844 142
    endloop
  endfacet
  facet normal 0 0 -1
    outer loop
      vertex 113.566 9.93575 142
      vertex 117.551 10.2844 142
      vertex 114 0 142
    endloop
  endfacet
  facet normal 0 0 -1
    outer loop
      vertex 112.268 -19.7959 142
      vertex 116.207 -20.4905 142
      vertex 113.979 -30.5406 142
    endloop
  endfacet
  facet normal 0 0 -1
    outer loop
      vertex 117.551 -10.2844 142
      vertex 113.566 -9.93575 142
      vertex 114 0 142
    endloop
  endfacet
  facet normal 0 0 -1
    outer loop
      vertex 116.207 -20.4905 142
      vertex 112.268 -19.7959 142
      vertex 113.566 -9.93575 142
    endloop
  endfacet
  facet normal 0 0 -1
    outer loop
      vertex 110.116 -29.5054 142
      vertex 113.979 -30.5406 142
      vertex 110.884 -40.3584 142
    endloop
  endfacet
  facet normal 0 0 -1
    outer loop
      vertex 113.979 -30.5406 142
      vertex 110.116 -29.5054 142
      vertex 112.268 -19.7959 142
    endloop
  endfacet
  facet normal 0 0 -1
    outer loop
      vertex 110.884 -40.3584 142
      vertex 107.125 -38.9903 142
      vertex 110.116 -29.5054 142
    endloop
  endfacet
  facet normal 0 0 -1
    outer loop
      vertex 106.944 -49.869 142
      vertex 107.125 -38.9903 142
      vertex 110.884 -40.3584 142
    endloop
  endfacet
  facet normal 0 0 -1
    outer loop
      vertex 106.944 -49.869 142
      vertex 103.319 -48.1785 142
      vertex 107.125 -38.9903 142
    endloop
  endfacet
  facet normal 0 0 -1
    outer loop
      vertex 102.191 -59 142
      vertex 103.319 -48.1785 142
      vertex 106.944 -49.869 142
    endloop
  endfacet
  facet normal 0 0 -1
    outer loop
      vertex 102.191 -59 142
      vertex 98.7269 -57 142
      vertex 103.319 -48.1785 142
    endloop
  endfacet
  facet normal 0 0 -1
    outer loop
      vertex 96.6599 -67.682 142
      vertex 98.7269 -57 142
      vertex 102.191 -59 142
    endloop
  endfacet
  facet normal 0 0 -1
    outer loop
      vertex 96.6599 -67.682 142
      vertex 93.3833 -65.3877 142
      vertex 98.7269 -57 142
    endloop
  endfacet
  facet normal 0 0 -1
    outer loop
      vertex 90.3932 -75.8489 142
      vertex 93.3833 -65.3877 142
      vertex 96.6599 -67.682 142
    endloop
  endfacet
  facet normal 0 0 -1
    outer loop
      vertex 90.3932 -75.8489 142
      vertex 87.3291 -73.2778 142
      vertex 93.3833 -65.3877 142
    endloop
  endfacet
  facet normal 0 0 -1
    outer loop
      vertex 83.4386 -83.4386 142
      vertex 87.3291 -73.2778 142
      vertex 90.3932 -75.8489 142
    endloop
  endfacet
  facet normal 0 0 -1
    outer loop
      vertex 83.4386 -83.4386 142
      vertex 80.6102 -80.6102 142
      vertex 87.3291 -73.2778 142
    endloop
  endfacet
  facet normal 0 0 -1
    outer loop
      vertex 75.8489 -90.3932 142
      vertex 80.6102 -80.6102 142
      vertex 83.4386 -83.4386 142
    endloop
  endfacet
  facet normal 0 0 -1
    outer loop
      vertex 75.8489 -90.3932 142
      vertex 73.2778 -87.3291 142
      vertex 80.6102 -80.6102 142
    endloop
  endfacet
  facet normal 0 0 -1
    outer loop
      vertex 67.682 -96.6599 142
      vertex 73.2778 -87.3291 142
      vertex 75.8489 -90.3932 142
    endloop
  endfacet
  facet normal 0 0 -1
    outer loop
      vertex 67.682 -96.6599 142
      vertex 65.3877 -93.3833 142
      vertex 73.2778 -87.3291 142
    endloop
  endfacet
  facet normal 0 0 -1
    outer loop
      vertex 59 -102.191 142
      vertex 65.3877 -93.3833 142
      vertex 67.682 -96.6599 142
    endloop
  endfacet
  facet normal 0 0 -1
    outer loop
      vertex 59 -102.191 142
      vertex 57 -98.7269 142
      vertex 65.3877 -93.3833 142
    endloop
  endfacet
  facet normal 0 0 -1
    outer loop
      vertex 49.869 -106.944 142
      vertex 57 -98.7269 142
      vertex 59 -102.191 142
    endloop
  endfacet
  facet normal 0 0 -1
    outer loop
      vertex 49.869 -106.944 142
      vertex 48.1785 -103.319 142
      vertex 57 -98.7269 142
    endloop
  endfacet
  facet normal 0 0 -1
    outer loop
      vertex 40.3584 -110.884 142
      vertex 48.1785 -103.319 142
      vertex 49.869 -106.944 142
    endloop
  endfacet
  facet normal 0 0 -1
    outer loop
      vertex 40.3584 -110.884 142
      vertex 38.9903 -107.125 142
      vertex 48.1785 -103.319 142
    endloop
  endfacet
  facet normal 0 0 -1
    outer loop
      vertex 30.5406 -113.979 142
      vertex 38.9903 -107.125 142
      vertex 40.3584 -110.884 142
    endloop
  endfacet
  facet normal 0 0 -1
    outer loop
      vertex 30.5406 -113.979 142
      vertex 29.5054 -110.116 142
      vertex 38.9903 -107.125 142
    endloop
  endfacet
  facet normal 0 0 -1
    outer loop
      vertex 20.4905 -116.207 142
      vertex 29.5054 -110.116 142
      vertex 30.5406 -113.979 142
    endloop
  endfacet
  facet normal 0 0 -1
    outer loop
      vertex 20.4905 -116.207 142
      vertex 19.7959 -112.268 142
      vertex 29.5054 -110.116 142
    endloop
  endfacet
  facet normal 0 0 -1
    outer loop
      vertex 10.2844 -117.551 142
      vertex 19.7959 -112.268 142
      vertex 20.4905 -116.207 142
    endloop
  endfacet
  facet normal 0 0 -1
    outer loop
      vertex 10.2844 -117.551 142
      vertex 9.93575 -113.566 142
      vertex 19.7959 -112.268 142
    endloop
  endfacet
  facet normal 0 0 -1
    outer loop
      vertex 0 -118 142
      vertex 9.93575 -113.566 142
      vertex 10.2844 -117.551 142
    endloop
  endfacet
  facet normal 0 0 -1
    outer loop
      vertex 0 -118 142
      vertex 0 -114 142
      vertex 9.93575 -113.566 142
    endloop
  endfacet
  facet normal 0 0 -1
    outer loop
      vertex 0 -118 142
      vertex -9.93575 -113.566 142
      vertex 0 -114 142
    endloop
  endfacet
  facet normal 0 0 -1
    outer loop
      vertex -10.2844 -117.551 142
      vertex -9.93575 -113.566 142
      vertex 0 -118 142
    endloop
  endfacet
  facet normal 0 0 -1
    outer loop
      vertex -10.2844 -117.551 142
      vertex -19.7959 -112.268 142
      vertex -9.93575 -113.566 142
    endloop
  endfacet
  facet normal 0 0 -1
    outer loop
      vertex -20.4905 -116.207 142
      vertex -19.7959 -112.268 142
      vertex -10.2844 -117.551 142
    endloop
  endfacet
  facet normal 0 0 -1
    outer loop
      vertex -20.4905 -116.207 142
      vertex -29.5054 -110.116 142
      vertex -19.7959 -112.268 142
    endloop
  endfacet
  facet normal 0 0 -1
    outer loop
      vertex -30.5406 -113.979 142
      vertex -29.5054 -110.116 142
      vertex -20.4905 -116.207 142
    endloop
  endfacet
  facet normal 0 0 -1
    outer loop
      vertex -30.5406 -113.979 142
      vertex -38.9903 -107.125 142
      vertex -29.5054 -110.116 142
    endloop
  endfacet
  facet normal 0 0 -1
    outer loop
      vertex -40.3584 -110.884 142
      vertex -38.9903 -107.125 142
      vertex -30.5406 -113.979 142
    endloop
  endfacet
  facet normal 0 0 -1
    outer loop
      vertex -40.3584 -110.884 142
      vertex -48.1785 -103.319 142
      vertex -38.9903 -107.125 142
    endloop
  endfacet
  facet normal 0 0 -1
    outer loop
      vertex -49.869 -106.944 142
      vertex -48.1785 -103.319 142
      vertex -40.3584 -110.884 142
    endloop
  endfacet
  facet normal 0 0 -1
    outer loop
      vertex -49.869 -106.944 142
      vertex -57 -98.7269 142
      vertex -48.1785 -103.319 142
    endloop
  endfacet
  facet normal 0 0 -1
    outer loop
      vertex -59 -102.191 142
      vertex -57 -98.7269 142
      vertex -49.869 -106.944 142
    endloop
  endfacet
  facet normal 0 0 -1
    outer loop
      vertex -59 -102.191 142
      vertex -65.3877 -93.3833 142
      vertex -57 -98.7269 142
    endloop
  endfacet
  facet normal 0 0 -1
    outer loop
      vertex -67.682 -96.6599 142
      vertex -65.3877 -93.3833 142
      vertex -59 -102.191 142
    endloop
  endfacet
  facet normal 0 0 -1
    outer loop
      vertex -67.682 -96.6599 142
      vertex -73.2778 -87.3291 142
      vertex -65.3877 -93.3833 142
    endloop
  endfacet
  facet normal 0 0 -1
    outer loop
      vertex -75.8489 -90.3932 142
      vertex -73.2778 -87.3291 142
      vertex -67.682 -96.6599 142
    endloop
  endfacet
  facet normal 0 0 -1
    outer loop
      vertex -75.8489 -90.3932 142
      vertex -80.6102 -80.6102 142
      vertex -73.2778 -87.3291 142
    endloop
  endfacet
  facet normal 0 0 -1
    outer loop
      vertex -83.4386 -83.4386 142
      vertex -80.6102 -80.6102 142
      vertex -75.8489 -90.3932 142
    endloop
  endfacet
  facet normal 0 0 -1
    outer loop
      vertex -83.4386 -83.4386 142
      vertex -87.3291 -73.2778 142
      vertex -80.6102 -80.6102 142
    endloop
  endfacet
  facet normal 0 0 -1
    outer loop
      vertex -90.3932 -75.8489 142
      vertex -87.3291 -73.2778 142
      vertex -83.4386 -83.4386 142
    endloop
  endfacet
  facet normal 0 0 -1
    outer loop
      vertex -90.3932 -75.8489 142
      vertex -93.3833 -65.3877 142
      vertex -87.3291 -73.2778 142
    endloop
  endfacet
  facet normal 0 0 -1
    outer loop
      vertex -96.6599 -67.682 142
      vertex -93.3833 -65.3877 142
      vertex -90.3932 -75.8489 142
    endloop
  endfacet
  facet normal 0 0 -1
    outer loop
      vertex -96.6599 -67.682 142
      vertex -98.7269 -57 142
      vertex -93.3833 -65.3877 142
    endloop
  endfacet
  facet normal 0 0 -1
    outer loop
      vertex -102.191 -59 142
      vertex -98.7269 -57 142
      vertex -96.6599 -67.682 142
    endloop
  endfacet
  facet normal 0 0 -1
    outer loop
      vertex -102.191 -59 142
      vertex -103.319 -48.1785 142
      vertex -98.7269 -57 142
    endloop
  endfacet
  facet normal 0 0 -1
    outer loop
      vertex -106.944 -49.869 142
      vertex -103.319 -48.1785 142
      vertex -102.191 -59 142
    endloop
  endfacet
  facet normal 0 0 -1
    outer loop
      vertex -106.944 -49.869 142
      vertex -107.125 -38.9903 142
      vertex -103.319 -48.1785 142
    endloop
  endfacet
  facet normal 0 0 -1
    outer loop
      vertex -110.884 -40.3584 142
      vertex -107.125 -38.9903 142
      vertex -106.944 -49.869 142
    endloop
  endfacet
  facet normal -0 0 -1
    outer loop
      vertex -107.125 -38.9903 142
      vertex -110.884 -40.3584 142
      vertex -110.116 -29.5054 142
    endloop
  endfacet
  facet normal 0 0 -1
    outer loop
      vertex -113.979 -30.5406 142
      vertex -110.116 -29.5054 142
      vertex -110.884 -40.3584 142
    endloop
  endfacet
  facet normal -0 0 -1
    outer loop
      vertex -110.116 -29.5054 142
      vertex -113.979 -30.5406 142
      vertex -112.268 -19.7959 142
    endloop
  endfacet
  facet normal 0 0 -1
    outer loop
      vertex -116.207 -20.4905 142
      vertex -112.268 -19.7959 142
      vertex -113.979 -30.5406 142
    endloop
  endfacet
  facet normal -0 0 -1
    outer loop
      vertex -112.268 -19.7959 142
      vertex -116.207 -20.4905 142
      vertex -113.566 -9.93575 142
    endloop
  endfacet
  facet normal 0 0 -1
    outer loop
      vertex -117.551 -10.2844 142
      vertex -113.566 -9.93575 142
      vertex -116.207 -20.4905 142
    endloop
  endfacet
  facet normal -0 0 -1
    outer loop
      vertex 117.551 10.2844 142
      vertex 113.566 9.93575 142
      vertex 116.207 20.4905 142
    endloop
  endfacet
  facet normal 0 0 -1
    outer loop
      vertex 112.268 19.7959 142
      vertex 116.207 20.4905 142
      vertex 113.566 9.93575 142
    endloop
  endfacet
  facet normal -0 0 -1
    outer loop
      vertex 116.207 20.4905 142
      vertex 112.268 19.7959 142
      vertex 113.979 30.5406 142
    endloop
  endfacet
  facet normal 0 0 -1
    outer loop
      vertex 110.116 29.5054 142
      vertex 113.979 30.5406 142
      vertex 112.268 19.7959 142
    endloop
  endfacet
  facet normal -0 0 -1
    outer loop
      vertex 113.979 30.5406 142
      vertex 110.116 29.5054 142
      vertex 110.884 40.3584 142
    endloop
  endfacet
  facet normal 0 0 -1
    outer loop
      vertex 107.125 38.9903 142
      vertex 110.884 40.3584 142
      vertex 110.116 29.5054 142
    endloop
  endfacet
  facet normal 0 0 -1
    outer loop
      vertex 107.125 38.9903 142
      vertex 106.944 49.869 142
      vertex 110.884 40.3584 142
    endloop
  endfacet
  facet normal 0 0 -1
    outer loop
      vertex 103.319 48.1785 142
      vertex 106.944 49.869 142
      vertex 107.125 38.9903 142
    endloop
  endfacet
  facet normal 0 0 -1
    outer loop
      vertex 103.319 48.1785 142
      vertex 102.191 59 142
      vertex 106.944 49.869 142
    endloop
  endfacet
  facet normal 0 0 -1
    outer loop
      vertex 98.7269 57 142
      vertex 102.191 59 142
      vertex 103.319 48.1785 142
    endloop
  endfacet
  facet normal 0 0 -1
    outer loop
      vertex 98.7269 57 142
      vertex 96.6599 67.682 142
      vertex 102.191 59 142
    endloop
  endfacet
  facet normal 0 0 -1
    outer loop
      vertex 93.3833 65.3877 142
      vertex 96.6599 67.682 142
      vertex 98.7269 57 142
    endloop
  endfacet
  facet normal 0 0 -1
    outer loop
      vertex 93.3833 65.3877 142
      vertex 90.3932 75.8489 142
      vertex 96.6599 67.682 142
    endloop
  endfacet
  facet normal 0 0 -1
    outer loop
      vertex 87.3291 73.2778 142
      vertex 90.3932 75.8489 142
      vertex 93.3833 65.3877 142
    endloop
  endfacet
  facet normal 0 0 -1
    outer loop
      vertex 87.3291 73.2778 142
      vertex 83.4386 83.4386 142
      vertex 90.3932 75.8489 142
    endloop
  endfacet
  facet normal 0 0 -1
    outer loop
      vertex 80.6102 80.6102 142
      vertex 83.4386 83.4386 142
      vertex 87.3291 73.2778 142
    endloop
  endfacet
  facet normal 0 0 -1
    outer loop
      vertex 80.6102 80.6102 142
      vertex 75.8489 90.3932 142
      vertex 83.4386 83.4386 142
    endloop
  endfacet
  facet normal 0 0 -1
    outer loop
      vertex 73.2778 87.3291 142
      vertex 75.8489 90.3932 142
      vertex 80.6102 80.6102 142
    endloop
  endfacet
  facet normal 0 0 -1
    outer loop
      vertex 73.2778 87.3291 142
      vertex 67.682 96.6599 142
      vertex 75.8489 90.3932 142
    endloop
  endfacet
  facet normal 0 0 -1
    outer loop
      vertex 65.3877 93.3833 142
      vertex 67.682 96.6599 142
      vertex 73.2778 87.3291 142
    endloop
  endfacet
  facet normal 0 0 -1
    outer loop
      vertex 65.3877 93.3833 142
      vertex 59 102.191 142
      vertex 67.682 96.6599 142
    endloop
  endfacet
  facet normal 0 0 -1
    outer loop
      vertex 57 98.7269 142
      vertex 59 102.191 142
      vertex 65.3877 93.3833 142
    endloop
  endfacet
  facet normal 0 0 -1
    outer loop
      vertex 57 98.7269 142
      vertex 49.869 106.944 142
      vertex 59 102.191 142
    endloop
  endfacet
  facet normal 0 0 -1
    outer loop
      vertex 48.1785 103.319 142
      vertex 49.869 106.944 142
      vertex 57 98.7269 142
    endloop
  endfacet
  facet normal 0 0 -1
    outer loop
      vertex 48.1785 103.319 142
      vertex 40.3584 110.884 142
      vertex 49.869 106.944 142
    endloop
  endfacet
  facet normal 0 0 -1
    outer loop
      vertex 38.9903 107.125 142
      vertex 40.3584 110.884 142
      vertex 48.1785 103.319 142
    endloop
  endfacet
  facet normal 0 0 -1
    outer loop
      vertex 38.9903 107.125 142
      vertex 30.5406 113.979 142
      vertex 40.3584 110.884 142
    endloop
  endfacet
  facet normal 0 0 -1
    outer loop
      vertex 29.5054 110.116 142
      vertex 30.5406 113.979 142
      vertex 38.9903 107.125 142
    endloop
  endfacet
  facet normal 0 0 -1
    outer loop
      vertex 29.5054 110.116 142
      vertex 20.4905 116.207 142
      vertex 30.5406 113.979 142
    endloop
  endfacet
  facet normal 0 0 -1
    outer loop
      vertex 19.7959 112.268 142
      vertex 20.4905 116.207 142
      vertex 29.5054 110.116 142
    endloop
  endfacet
  facet normal 0 0 -1
    outer loop
      vertex 19.7959 112.268 142
      vertex 10.2844 117.551 142
      vertex 20.4905 116.207 142
    endloop
  endfacet
  facet normal 0 0 -1
    outer loop
      vertex 9.93575 113.566 142
      vertex 10.2844 117.551 142
      vertex 19.7959 112.268 142
    endloop
  endfacet
  facet normal 0 0 -1
    outer loop
      vertex 0 114 142
      vertex 10.2844 117.551 142
      vertex 9.93575 113.566 142
    endloop
  endfacet
  facet normal 0 0 -1
    outer loop
      vertex 0 114 142
      vertex 0 118 142
      vertex 10.2844 117.551 142
    endloop
  endfacet
  facet normal 0 0 -1
    outer loop
      vertex -9.93575 113.566 142
      vertex 0 118 142
      vertex 0 114 142
    endloop
  endfacet
  facet normal 0 0 -1
    outer loop
      vertex -9.93575 113.566 142
      vertex -10.2844 117.551 142
      vertex 0 118 142
    endloop
  endfacet
  facet normal 0 0 -1
    outer loop
      vertex -19.7959 112.268 142
      vertex -10.2844 117.551 142
      vertex -9.93575 113.566 142
    endloop
  endfacet
  facet normal 0 0 -1
    outer loop
      vertex -19.7959 112.268 142
      vertex -20.4905 116.207 142
      vertex -10.2844 117.551 142
    endloop
  endfacet
  facet normal 0 0 -1
    outer loop
      vertex -29.5054 110.116 142
      vertex -20.4905 116.207 142
      vertex -19.7959 112.268 142
    endloop
  endfacet
  facet normal 0 0 -1
    outer loop
      vertex -29.5054 110.116 142
      vertex -30.5406 113.979 142
      vertex -20.4905 116.207 142
    endloop
  endfacet
  facet normal 0 0 -1
    outer loop
      vertex -38.9903 107.125 142
      vertex -30.5406 113.979 142
      vertex -29.5054 110.116 142
    endloop
  endfacet
  facet normal 0 0 -1
    outer loop
      vertex -38.9903 107.125 142
      vertex -40.3584 110.884 142
      vertex -30.5406 113.979 142
    endloop
  endfacet
  facet normal 0 0 -1
    outer loop
      vertex -48.1785 103.319 142
      vertex -40.3584 110.884 142
      vertex -38.9903 107.125 142
    endloop
  endfacet
  facet normal 0 0 -1
    outer loop
      vertex -48.1785 103.319 142
      vertex -49.869 106.944 142
      vertex -40.3584 110.884 142
    endloop
  endfacet
  facet normal 0 0 -1
    outer loop
      vertex -57 98.7269 142
      vertex -49.869 106.944 142
      vertex -48.1785 103.319 142
    endloop
  endfacet
  facet normal 0 0 -1
    outer loop
      vertex -57 98.7269 142
      vertex -59 102.191 142
      vertex -49.869 106.944 142
    endloop
  endfacet
  facet normal 0 0 -1
    outer loop
      vertex -65.3877 93.3833 142
      vertex -59 102.191 142
      vertex -57 98.7269 142
    endloop
  endfacet
  facet normal 0 0 -1
    outer loop
      vertex -65.3877 93.3833 142
      vertex -67.682 96.6599 142
      vertex -59 102.191 142
    endloop
  endfacet
  facet normal 0 0 -1
    outer loop
      vertex -73.2778 87.3291 142
      vertex -67.682 96.6599 142
      vertex -65.3877 93.3833 142
    endloop
  endfacet
  facet normal 0 0 -1
    outer loop
      vertex -73.2778 87.3291 142
      vertex -75.8489 90.3932 142
      vertex -67.682 96.6599 142
    endloop
  endfacet
  facet normal 0 0 -1
    outer loop
      vertex -80.6102 80.6102 142
      vertex -75.8489 90.3932 142
      vertex -73.2778 87.3291 142
    endloop
  endfacet
  facet normal 0 0 -1
    outer loop
      vertex -80.6102 80.6102 142
      vertex -83.4386 83.4386 142
      vertex -75.8489 90.3932 142
    endloop
  endfacet
  facet normal 0 0 -1
    outer loop
      vertex -87.3291 73.2778 142
      vertex -83.4386 83.4386 142
      vertex -80.6102 80.6102 142
    endloop
  endfacet
  facet normal 0 0 -1
    outer loop
      vertex -87.3291 73.2778 142
      vertex -90.3932 75.8489 142
      vertex -83.4386 83.4386 142
    endloop
  endfacet
  facet normal 0 0 -1
    outer loop
      vertex -93.3833 65.3877 142
      vertex -90.3932 75.8489 142
      vertex -87.3291 73.2778 142
    endloop
  endfacet
  facet normal 0 0 -1
    outer loop
      vertex -93.3833 65.3877 142
      vertex -96.6599 67.682 142
      vertex -90.3932 75.8489 142
    endloop
  endfacet
  facet normal 0 0 -1
    outer loop
      vertex -98.7269 57 142
      vertex -96.6599 67.682 142
      vertex -93.3833 65.3877 142
    endloop
  endfacet
  facet normal 0 0 -1
    outer loop
      vertex -98.7269 57 142
      vertex -102.191 59 142
      vertex -96.6599 67.682 142
    endloop
  endfacet
  facet normal 0 0 -1
    outer loop
      vertex -103.319 48.1785 142
      vertex -102.191 59 142
      vertex -98.7269 57 142
    endloop
  endfacet
  facet normal 0 0 -1
    outer loop
      vertex -103.319 48.1785 142
      vertex -106.944 49.869 142
      vertex -102.191 59 142
    endloop
  endfacet
  facet normal 0 0 -1
    outer loop
      vertex -107.125 38.9903 142
      vertex -106.944 49.869 142
      vertex -103.319 48.1785 142
    endloop
  endfacet
  facet normal 0 0 -1
    outer loop
      vertex -110.884 40.3584 142
      vertex -107.125 38.9903 142
      vertex -110.116 29.5054 142
    endloop
  endfacet
  facet normal 0 0 -1
    outer loop
      vertex -107.125 38.9903 142
      vertex -110.884 40.3584 142
      vertex -106.944 49.869 142
    endloop
  endfacet
  facet normal 0 0 -1
    outer loop
      vertex -113.979 30.5406 142
      vertex -110.116 29.5054 142
      vertex -112.268 19.7959 142
    endloop
  endfacet
  facet normal 0 0 -1
    outer loop
      vertex -116.207 20.4905 142
      vertex -112.268 19.7959 142
      vertex -113.566 9.93575 142
    endloop
  endfacet
  facet normal 0 0 -1
    outer loop
      vertex -110.116 29.5054 142
      vertex -113.979 30.5406 142
      vertex -110.884 40.3584 142
    endloop
  endfacet
  facet normal 0 0 -1
    outer loop
      vertex -117.551 10.2844 142
      vertex -113.566 9.93575 142
      vertex -114 0 142
    endloop
  endfacet
  facet normal -0 0 -1
    outer loop
      vertex -113.566 -9.93575 142
      vertex -117.551 -10.2844 142
      vertex -114 0 142
    endloop
  endfacet
  facet normal 0 0 -1
    outer loop
      vertex -112.268 19.7959 142
      vertex -116.207 20.4905 142
      vertex -113.979 30.5406 142
    endloop
  endfacet
  facet normal 0 0 -1
    outer loop
      vertex -118 0 142
      vertex -114 0 142
      vertex -117.551 -10.2844 142
    endloop
  endfacet
  facet normal 0 0 -1
    outer loop
      vertex -113.566 9.93575 142
      vertex -117.551 10.2844 142
      vertex -116.207 20.4905 142
    endloop
  endfacet
  facet normal 0 0 -1
    outer loop
      vertex -114 0 142
      vertex -118 0 142
      vertex -117.551 10.2844 142
    endloop
  endfacet
  facet normal 0 0 -1
    outer loop
      vertex 90 0 142
      vertex 106 0 142
      vertex 105.597 -9.23851 142
    endloop
  endfacet
  facet normal 0 0 -1
    outer loop
      vertex 89.6575 -7.84402 142
      vertex 105.597 -9.23851 142
      vertex 104.39 -18.4067 142
    endloop
  endfacet
  facet normal 0 0 -1
    outer loop
      vertex 106 0 142
      vertex 90 0 142
      vertex 105.597 9.23851 142
    endloop
  endfacet
  facet normal 0 0 -1
    outer loop
      vertex 88.6327 -15.6283 142
      vertex 104.39 -18.4067 142
      vertex 102.388 -27.4348 142
    endloop
  endfacet
  facet normal 0 0 -1
    outer loop
      vertex 89.6575 7.84402 142
      vertex 105.597 9.23851 142
      vertex 90 0 142
    endloop
  endfacet
  facet normal 0 0 -1
    outer loop
      vertex 86.9333 -23.2937 142
      vertex 102.388 -27.4348 142
      vertex 99.6074 -36.2541 142
    endloop
  endfacet
  facet normal -0 0 -1
    outer loop
      vertex 105.597 9.23851 142
      vertex 89.6575 7.84402 142
      vertex 104.39 18.4067 142
    endloop
  endfacet
  facet normal 0 0 -1
    outer loop
      vertex 84.5723 -30.7818 142
      vertex 99.6074 -36.2541 142
      vertex 96.0686 -44.7975 142
    endloop
  endfacet
  facet normal 0 0 -1
    outer loop
      vertex 88.6327 15.6283 142
      vertex 104.39 18.4067 142
      vertex 89.6575 7.84402 142
    endloop
  endfacet
  facet normal 0 0 -1
    outer loop
      vertex 81.5677 -38.0356 142
      vertex 96.0686 -44.7975 142
      vertex 91.7987 -53 142
    endloop
  endfacet
  facet normal -0 0 -1
    outer loop
      vertex 104.39 18.4067 142
      vertex 88.6327 15.6283 142
      vertex 102.388 27.4348 142
    endloop
  endfacet
  facet normal 0 0 -1
    outer loop
      vertex 86.9333 23.2937 142
      vertex 102.388 27.4348 142
      vertex 88.6327 15.6283 142
    endloop
  endfacet
  facet normal 0 0 -1
    outer loop
      vertex 105.597 -9.23851 142
      vertex 89.6575 -7.84402 142
      vertex 90 0 142
    endloop
  endfacet
  facet normal 0 0 -1
    outer loop
      vertex 104.39 -18.4067 142
      vertex 88.6327 -15.6283 142
      vertex 89.6575 -7.84402 142
    endloop
  endfacet
  facet normal 0 0 -1
    outer loop
      vertex 102.388 -27.4348 142
      vertex 86.9333 -23.2937 142
      vertex 88.6327 -15.6283 142
    endloop
  endfacet
  facet normal 0 0 -1
    outer loop
      vertex 77.9423 -45 142
      vertex 91.7987 -53 142
      vertex 86.8301 -60.7991 142
    endloop
  endfacet
  facet normal 0 0 -1
    outer loop
      vertex 99.6074 -36.2541 142
      vertex 84.5723 -30.7818 142
      vertex 86.9333 -23.2937 142
    endloop
  endfacet
  facet normal 0 0 -1
    outer loop
      vertex 96.0686 -44.7975 142
      vertex 81.5677 -38.0356 142
      vertex 84.5723 -30.7818 142
    endloop
  endfacet
  facet normal 0 0 -1
    outer loop
      vertex 73.7237 -51.6219 142
      vertex 86.8301 -60.7991 142
      vertex 81.2007 -68.1355 142
    endloop
  endfacet
  facet normal 0 0 -1
    outer loop
      vertex 91.7987 -53 142
      vertex 77.9423 -45 142
      vertex 81.5677 -38.0356 142
    endloop
  endfacet
  facet normal 0 0 -1
    outer loop
      vertex 68.944 -57.8509 142
      vertex 81.2007 -68.1355 142
      vertex 74.9533 -74.9533 142
    endloop
  endfacet
  facet normal 0 0 -1
    outer loop
      vertex 86.8301 -60.7991 142
      vertex 73.7237 -51.6219 142
      vertex 77.9423 -45 142
    endloop
  endfacet
  facet normal 0 0 -1
    outer loop
      vertex 81.2007 -68.1355 142
      vertex 68.944 -57.8509 142
      vertex 73.7237 -51.6219 142
    endloop
  endfacet
  facet normal 0 0 -1
    outer loop
      vertex 63.6396 -63.6396 142
      vertex 74.9533 -74.9533 142
      vertex 68.1355 -81.2007 142
    endloop
  endfacet
  facet normal 0 0 -1
    outer loop
      vertex 74.9533 -74.9533 142
      vertex 63.6396 -63.6396 142
      vertex 68.944 -57.8509 142
    endloop
  endfacet
  facet normal 0 0 -1
    outer loop
      vertex 57.8509 -68.944 142
      vertex 68.1355 -81.2007 142
      vertex 60.7991 -86.8301 142
    endloop
  endfacet
  facet normal 0 0 -1
    outer loop
      vertex 68.1355 -81.2007 142
      vertex 57.8509 -68.944 142
      vertex 63.6396 -63.6396 142
    endloop
  endfacet
  facet normal 0 0 -1
    outer loop
      vertex 51.6219 -73.7237 142
      vertex 60.7991 -86.8301 142
      vertex 53 -91.7987 142
    endloop
  endfacet
  facet normal 0 0 -1
    outer loop
      vertex 60.7991 -86.8301 142
      vertex 51.6219 -73.7237 142
      vertex 57.8509 -68.944 142
    endloop
  endfacet
  facet normal 0 0 -1
    outer loop
      vertex 53 -91.7987 142
      vertex 45 -77.9423 142
      vertex 51.6219 -73.7237 142
    endloop
  endfacet
  facet normal 0 0 -1
    outer loop
      vertex 44.7975 -96.0686 142
      vertex 45 -77.9423 142
      vertex 53 -91.7987 142
    endloop
  endfacet
  facet normal 0 0 -1
    outer loop
      vertex 44.7975 -96.0686 142
      vertex 38.0356 -81.5677 142
      vertex 45 -77.9423 142
    endloop
  endfacet
  facet normal 0 0 -1
    outer loop
      vertex 36.2541 -99.6074 142
      vertex 38.0356 -81.5677 142
      vertex 44.7975 -96.0686 142
    endloop
  endfacet
  facet normal 0 0 -1
    outer loop
      vertex 36.2541 -99.6074 142
      vertex 30.7818 -84.5723 142
      vertex 38.0356 -81.5677 142
    endloop
  endfacet
  facet normal 0 0 -1
    outer loop
      vertex 27.4348 -102.388 142
      vertex 30.7818 -84.5723 142
      vertex 36.2541 -99.6074 142
    endloop
  endfacet
  facet normal 0 0 -1
    outer loop
      vertex 27.4348 -102.388 142
      vertex 23.2937 -86.9333 142
      vertex 30.7818 -84.5723 142
    endloop
  endfacet
  facet normal 0 0 -1
    outer loop
      vertex 18.4067 -104.39 142
      vertex 23.2937 -86.9333 142
      vertex 27.4348 -102.388 142
    endloop
  endfacet
  facet normal 0 0 -1
    outer loop
      vertex 18.4067 -104.39 142
      vertex 15.6283 -88.6327 142
      vertex 23.2937 -86.9333 142
    endloop
  endfacet
  facet normal 0 0 -1
    outer loop
      vertex 9.23851 -105.597 142
      vertex 15.6283 -88.6327 142
      vertex 18.4067 -104.39 142
    endloop
  endfacet
  facet normal 0 0 -1
    outer loop
      vertex 9.23851 -105.597 142
      vertex 7.84402 -89.6575 142
      vertex 15.6283 -88.6327 142
    endloop
  endfacet
  facet normal 0 0 -1
    outer loop
      vertex 0 -106 142
      vertex 7.84402 -89.6575 142
      vertex 9.23851 -105.597 142
    endloop
  endfacet
  facet normal 0 0 -1
    outer loop
      vertex 0 -106 142
      vertex 0 -90 142
      vertex 7.84402 -89.6575 142
    endloop
  endfacet
  facet normal 0 0 -1
    outer loop
      vertex 0 -106 142
      vertex -7.84402 -89.6575 142
      vertex 0 -90 142
    endloop
  endfacet
  facet normal 0 0 -1
    outer loop
      vertex -9.23851 -105.597 142
      vertex -7.84402 -89.6575 142
      vertex 0 -106 142
    endloop
  endfacet
  facet normal 0 0 -1
    outer loop
      vertex -9.23851 -105.597 142
      vertex -15.6283 -88.6327 142
      vertex -7.84402 -89.6575 142
    endloop
  endfacet
  facet normal 0 0 -1
    outer loop
      vertex -18.4067 -104.39 142
      vertex -15.6283 -88.6327 142
      vertex -9.23851 -105.597 142
    endloop
  endfacet
  facet normal 0 0 -1
    outer loop
      vertex -18.4067 -104.39 142
      vertex -23.2937 -86.9333 142
      vertex -15.6283 -88.6327 142
    endloop
  endfacet
  facet normal 0 0 -1
    outer loop
      vertex -27.4348 -102.388 142
      vertex -23.2937 -86.9333 142
      vertex -18.4067 -104.39 142
    endloop
  endfacet
  facet normal 0 0 -1
    outer loop
      vertex -27.4348 -102.388 142
      vertex -30.7818 -84.5723 142
      vertex -23.2937 -86.9333 142
    endloop
  endfacet
  facet normal 0 0 -1
    outer loop
      vertex -36.2541 -99.6074 142
      vertex -30.7818 -84.5723 142
      vertex -27.4348 -102.388 142
    endloop
  endfacet
  facet normal 0 0 -1
    outer loop
      vertex -36.2541 -99.6074 142
      vertex -38.0356 -81.5677 142
      vertex -30.7818 -84.5723 142
    endloop
  endfacet
  facet normal 0 0 -1
    outer loop
      vertex -44.7975 -96.0686 142
      vertex -38.0356 -81.5677 142
      vertex -36.2541 -99.6074 142
    endloop
  endfacet
  facet normal 0 0 -1
    outer loop
      vertex -44.7975 -96.0686 142
      vertex -45 -77.9423 142
      vertex -38.0356 -81.5677 142
    endloop
  endfacet
  facet normal 0 0 -1
    outer loop
      vertex -53 -91.7987 142
      vertex -45 -77.9423 142
      vertex -44.7975 -96.0686 142
    endloop
  endfacet
  facet normal -0 0 -1
    outer loop
      vertex -45 -77.9423 142
      vertex -53 -91.7987 142
      vertex -51.6219 -73.7237 142
    endloop
  endfacet
  facet normal 0 0 -1
    outer loop
      vertex -60.7991 -86.8301 142
      vertex -51.6219 -73.7237 142
      vertex -53 -91.7987 142
    endloop
  endfacet
  facet normal -0 0 -1
    outer loop
      vertex -51.6219 -73.7237 142
      vertex -60.7991 -86.8301 142
      vertex -57.8509 -68.944 142
    endloop
  endfacet
  facet normal 0 0 -1
    outer loop
      vertex -68.1355 -81.2007 142
      vertex -57.8509 -68.944 142
      vertex -60.7991 -86.8301 142
    endloop
  endfacet
  facet normal -0 0 -1
    outer loop
      vertex -57.8509 -68.944 142
      vertex -68.1355 -81.2007 142
      vertex -63.6396 -63.6396 142
    endloop
  endfacet
  facet normal 0 0 -1
    outer loop
      vertex -74.9533 -74.9533 142
      vertex -63.6396 -63.6396 142
      vertex -68.1355 -81.2007 142
    endloop
  endfacet
  facet normal -0 0 -1
    outer loop
      vertex -63.6396 -63.6396 142
      vertex -74.9533 -74.9533 142
      vertex -68.944 -57.8509 142
    endloop
  endfacet
  facet normal 0 0 -1
    outer loop
      vertex -81.2007 -68.1355 142
      vertex -68.944 -57.8509 142
      vertex -74.9533 -74.9533 142
    endloop
  endfacet
  facet normal -0 0 -1
    outer loop
      vertex -68.944 -57.8509 142
      vertex -81.2007 -68.1355 142
      vertex -73.7237 -51.6219 142
    endloop
  endfacet
  facet normal 0 0 -1
    outer loop
      vertex -86.8301 -60.7991 142
      vertex -73.7237 -51.6219 142
      vertex -81.2007 -68.1355 142
    endloop
  endfacet
  facet normal -0 0 -1
    outer loop
      vertex -73.7237 -51.6219 142
      vertex -86.8301 -60.7991 142
      vertex -77.9423 -45 142
    endloop
  endfacet
  facet normal 0 0 -1
    outer loop
      vertex -91.7987 -53 142
      vertex -77.9423 -45 142
      vertex -86.8301 -60.7991 142
    endloop
  endfacet
  facet normal -0 0 -1
    outer loop
      vertex -77.9423 -45 142
      vertex -91.7987 -53 142
      vertex -81.5677 -38.0356 142
    endloop
  endfacet
  facet normal 0 0 -1
    outer loop
      vertex -96.0686 -44.7975 142
      vertex -81.5677 -38.0356 142
      vertex -91.7987 -53 142
    endloop
  endfacet
  facet normal -0 0 -1
    outer loop
      vertex -81.5677 -38.0356 142
      vertex -96.0686 -44.7975 142
      vertex -84.5723 -30.7818 142
    endloop
  endfacet
  facet normal 0 0 -1
    outer loop
      vertex -99.6074 -36.2541 142
      vertex -84.5723 -30.7818 142
      vertex -96.0686 -44.7975 142
    endloop
  endfacet
  facet normal 0 0 -1
    outer loop
      vertex -102.388 -27.4348 142
      vertex -86.9333 -23.2937 142
      vertex -99.6074 -36.2541 142
    endloop
  endfacet
  facet normal -0 0 -1
    outer loop
      vertex -84.5723 -30.7818 142
      vertex -99.6074 -36.2541 142
      vertex -86.9333 -23.2937 142
    endloop
  endfacet
  facet normal -0 0 -1
    outer loop
      vertex 102.388 27.4348 142
      vertex 86.9333 23.2937 142
      vertex 99.6074 36.2541 142
    endloop
  endfacet
  facet normal 0 0 -1
    outer loop
      vertex 84.5723 30.7818 142
      vertex 99.6074 36.2541 142
      vertex 86.9333 23.2937 142
    endloop
  endfacet
  facet normal -0 0 -1
    outer loop
      vertex 99.6074 36.2541 142
      vertex 84.5723 30.7818 142
      vertex 96.0686 44.7975 142
    endloop
  endfacet
  facet normal 0 0 -1
    outer loop
      vertex 81.5677 38.0356 142
      vertex 96.0686 44.7975 142
      vertex 84.5723 30.7818 142
    endloop
  endfacet
  facet normal -0 0 -1
    outer loop
      vertex 96.0686 44.7975 142
      vertex 81.5677 38.0356 142
      vertex 91.7987 53 142
    endloop
  endfacet
  facet normal 0 0 -1
    outer loop
      vertex 77.9423 45 142
      vertex 91.7987 53 142
      vertex 81.5677 38.0356 142
    endloop
  endfacet
  facet normal -0 0 -1
    outer loop
      vertex 91.7987 53 142
      vertex 77.9423 45 142
      vertex 86.8301 60.7991 142
    endloop
  endfacet
  facet normal 0 0 -1
    outer loop
      vertex 73.7237 51.6219 142
      vertex 86.8301 60.7991 142
      vertex 77.9423 45 142
    endloop
  endfacet
  facet normal -0 0 -1
    outer loop
      vertex 86.8301 60.7991 142
      vertex 73.7237 51.6219 142
      vertex 81.2007 68.1355 142
    endloop
  endfacet
  facet normal 0 0 -1
    outer loop
      vertex 68.944 57.8509 142
      vertex 81.2007 68.1355 142
      vertex 73.7237 51.6219 142
    endloop
  endfacet
  facet normal -0 0 -1
    outer loop
      vertex 81.2007 68.1355 142
      vertex 68.944 57.8509 142
      vertex 74.9533 74.9533 142
    endloop
  endfacet
  facet normal 0 0 -1
    outer loop
      vertex 63.6396 63.6396 142
      vertex 74.9533 74.9533 142
      vertex 68.944 57.8509 142
    endloop
  endfacet
  facet normal -0 0 -1
    outer loop
      vertex 74.9533 74.9533 142
      vertex 63.6396 63.6396 142
      vertex 68.1355 81.2007 142
    endloop
  endfacet
  facet normal 0 0 -1
    outer loop
      vertex 57.8509 68.944 142
      vertex 68.1355 81.2007 142
      vertex 63.6396 63.6396 142
    endloop
  endfacet
  facet normal -0 0 -1
    outer loop
      vertex 68.1355 81.2007 142
      vertex 57.8509 68.944 142
      vertex 60.7991 86.8301 142
    endloop
  endfacet
  facet normal 0 0 -1
    outer loop
      vertex 51.6219 73.7237 142
      vertex 60.7991 86.8301 142
      vertex 57.8509 68.944 142
    endloop
  endfacet
  facet normal -0 0 -1
    outer loop
      vertex 60.7991 86.8301 142
      vertex 51.6219 73.7237 142
      vertex 53 91.7987 142
    endloop
  endfacet
  facet normal 0 0 -1
    outer loop
      vertex 45 77.9423 142
      vertex 53 91.7987 142
      vertex 51.6219 73.7237 142
    endloop
  endfacet
  facet normal 0 0 -1
    outer loop
      vertex 45 77.9423 142
      vertex 44.7975 96.0686 142
      vertex 53 91.7987 142
    endloop
  endfacet
  facet normal 0 0 -1
    outer loop
      vertex 38.0356 81.5677 142
      vertex 44.7975 96.0686 142
      vertex 45 77.9423 142
    endloop
  endfacet
  facet normal 0 0 -1
    outer loop
      vertex 38.0356 81.5677 142
      vertex 36.2541 99.6074 142
      vertex 44.7975 96.0686 142
    endloop
  endfacet
  facet normal 0 0 -1
    outer loop
      vertex 30.7818 84.5723 142
      vertex 36.2541 99.6074 142
      vertex 38.0356 81.5677 142
    endloop
  endfacet
  facet normal 0 0 -1
    outer loop
      vertex 30.7818 84.5723 142
      vertex 27.4348 102.388 142
      vertex 36.2541 99.6074 142
    endloop
  endfacet
  facet normal 0 0 -1
    outer loop
      vertex 23.2937 86.9333 142
      vertex 27.4348 102.388 142
      vertex 30.7818 84.5723 142
    endloop
  endfacet
  facet normal 0 0 -1
    outer loop
      vertex 23.2937 86.9333 142
      vertex 18.4067 104.39 142
      vertex 27.4348 102.388 142
    endloop
  endfacet
  facet normal 0 0 -1
    outer loop
      vertex 15.6283 88.6327 142
      vertex 18.4067 104.39 142
      vertex 23.2937 86.9333 142
    endloop
  endfacet
  facet normal 0 0 -1
    outer loop
      vertex 15.6283 88.6327 142
      vertex 9.23851 105.597 142
      vertex 18.4067 104.39 142
    endloop
  endfacet
  facet normal 0 0 -1
    outer loop
      vertex 7.84402 89.6575 142
      vertex 9.23851 105.597 142
      vertex 15.6283 88.6327 142
    endloop
  endfacet
  facet normal 0 0 -1
    outer loop
      vertex 0 90 142
      vertex 9.23851 105.597 142
      vertex 7.84402 89.6575 142
    endloop
  endfacet
  facet normal 0 0 -1
    outer loop
      vertex 0 90 142
      vertex 0 106 142
      vertex 9.23851 105.597 142
    endloop
  endfacet
  facet normal 0 0 -1
    outer loop
      vertex -7.84402 89.6575 142
      vertex 0 106 142
      vertex 0 90 142
    endloop
  endfacet
  facet normal 0 0 -1
    outer loop
      vertex -7.84402 89.6575 142
      vertex -9.23851 105.597 142
      vertex 0 106 142
    endloop
  endfacet
  facet normal 0 0 -1
    outer loop
      vertex -15.6283 88.6327 142
      vertex -9.23851 105.597 142
      vertex -7.84402 89.6575 142
    endloop
  endfacet
  facet normal 0 0 -1
    outer loop
      vertex -15.6283 88.6327 142
      vertex -18.4067 104.39 142
      vertex -9.23851 105.597 142
    endloop
  endfacet
  facet normal 0 0 -1
    outer loop
      vertex -23.2937 86.9333 142
      vertex -18.4067 104.39 142
      vertex -15.6283 88.6327 142
    endloop
  endfacet
  facet normal 0 0 -1
    outer loop
      vertex -23.2937 86.9333 142
      vertex -27.4348 102.388 142
      vertex -18.4067 104.39 142
    endloop
  endfacet
  facet normal 0 0 -1
    outer loop
      vertex -30.7818 84.5723 142
      vertex -27.4348 102.388 142
      vertex -23.2937 86.9333 142
    endloop
  endfacet
  facet normal 0 0 -1
    outer loop
      vertex -30.7818 84.5723 142
      vertex -36.2541 99.6074 142
      vertex -27.4348 102.388 142
    endloop
  endfacet
  facet normal 0 0 -1
    outer loop
      vertex -38.0356 81.5677 142
      vertex -36.2541 99.6074 142
      vertex -30.7818 84.5723 142
    endloop
  endfacet
  facet normal 0 0 -1
    outer loop
      vertex -38.0356 81.5677 142
      vertex -44.7975 96.0686 142
      vertex -36.2541 99.6074 142
    endloop
  endfacet
  facet normal 0 0 -1
    outer loop
      vertex -45 77.9423 142
      vertex -44.7975 96.0686 142
      vertex -38.0356 81.5677 142
    endloop
  endfacet
  facet normal 0 0 -1
    outer loop
      vertex -53 91.7987 142
      vertex -45 77.9423 142
      vertex -51.6219 73.7237 142
    endloop
  endfacet
  facet normal 0 0 -1
    outer loop
      vertex -45 77.9423 142
      vertex -53 91.7987 142
      vertex -44.7975 96.0686 142
    endloop
  endfacet
  facet normal 0 0 -1
    outer loop
      vertex -60.7991 86.8301 142
      vertex -51.6219 73.7237 142
      vertex -57.8509 68.944 142
    endloop
  endfacet
  facet normal 0 0 -1
    outer loop
      vertex -51.6219 73.7237 142
      vertex -60.7991 86.8301 142
      vertex -53 91.7987 142
    endloop
  endfacet
  facet normal 0 0 -1
    outer loop
      vertex -68.1355 81.2007 142
      vertex -57.8509 68.944 142
      vertex -63.6396 63.6396 142
    endloop
  endfacet
  facet normal 0 0 -1
    outer loop
      vertex -57.8509 68.944 142
      vertex -68.1355 81.2007 142
      vertex -60.7991 86.8301 142
    endloop
  endfacet
  facet normal 0 0 -1
    outer loop
      vertex -74.9533 74.9533 142
      vertex -63.6396 63.6396 142
      vertex -68.944 57.8509 142
    endloop
  endfacet
  facet normal 0 0 -1
    outer loop
      vertex -81.2007 68.1355 142
      vertex -68.944 57.8509 142
      vertex -73.7237 51.6219 142
    endloop
  endfacet
  facet normal 0 0 -1
    outer loop
      vertex -63.6396 63.6396 142
      vertex -74.9533 74.9533 142
      vertex -68.1355 81.2007 142
    endloop
  endfacet
  facet normal 0 0 -1
    outer loop
      vertex -86.8301 60.7991 142
      vertex -73.7237 51.6219 142
      vertex -77.9423 45 142
    endloop
  endfacet
  facet normal 0 0 -1
    outer loop
      vertex -68.944 57.8509 142
      vertex -81.2007 68.1355 142
      vertex -74.9533 74.9533 142
    endloop
  endfacet
  facet normal 0 0 -1
    outer loop
      vertex -91.7987 53 142
      vertex -77.9423 45 142
      vertex -81.5677 38.0356 142
    endloop
  endfacet
  facet normal 0 0 -1
    outer loop
      vertex -96.0686 44.7975 142
      vertex -81.5677 38.0356 142
      vertex -84.5723 30.7818 142
    endloop
  endfacet
  facet normal 0 0 -1
    outer loop
      vertex -73.7237 51.6219 142
      vertex -86.8301 60.7991 142
      vertex -81.2007 68.1355 142
    endloop
  endfacet
  facet normal 0 0 -1
    outer loop
      vertex -99.6074 36.2541 142
      vertex -84.5723 30.7818 142
      vertex -86.9333 23.2937 142
    endloop
  endfacet
  facet normal 0 0 -1
    outer loop
      vertex -102.388 27.4348 142
      vertex -86.9333 23.2937 142
      vertex -88.6327 15.6283 142
    endloop
  endfacet
  facet normal 0 0 -1
    outer loop
      vertex -104.39 18.4067 142
      vertex -88.6327 15.6283 142
      vertex -89.6575 7.84402 142
    endloop
  endfacet
  facet normal 0 0 -1
    outer loop
      vertex -77.9423 45 142
      vertex -91.7987 53 142
      vertex -86.8301 60.7991 142
    endloop
  endfacet
  facet normal 0 0 -1
    outer loop
      vertex -105.597 9.23851 142
      vertex -89.6575 7.84402 142
      vertex -90 0 142
    endloop
  endfacet
  facet normal -0 0 -1
    outer loop
      vertex -86.9333 -23.2937 142
      vertex -102.388 -27.4348 142
      vertex -88.6327 -15.6283 142
    endloop
  endfacet
  facet normal 0 0 -1
    outer loop
      vertex -104.39 -18.4067 142
      vertex -88.6327 -15.6283 142
      vertex -102.388 -27.4348 142
    endloop
  endfacet
  facet normal 0 0 -1
    outer loop
      vertex -81.5677 38.0356 142
      vertex -96.0686 44.7975 142
      vertex -91.7987 53 142
    endloop
  endfacet
  facet normal -0 0 -1
    outer loop
      vertex -88.6327 -15.6283 142
      vertex -104.39 -18.4067 142
      vertex -89.6575 -7.84402 142
    endloop
  endfacet
  facet normal 0 0 -1
    outer loop
      vertex -84.5723 30.7818 142
      vertex -99.6074 36.2541 142
      vertex -96.0686 44.7975 142
    endloop
  endfacet
  facet normal 0 0 -1
    outer loop
      vertex -105.597 -9.23851 142
      vertex -89.6575 -7.84402 142
      vertex -104.39 -18.4067 142
    endloop
  endfacet
  facet normal 0 0 -1
    outer loop
      vertex -86.9333 23.2937 142
      vertex -102.388 27.4348 142
      vertex -99.6074 36.2541 142
    endloop
  endfacet
  facet normal -0 0 -1
    outer loop
      vertex -89.6575 -7.84402 142
      vertex -105.597 -9.23851 142
      vertex -90 0 142
    endloop
  endfacet
  facet normal 0 0 -1
    outer loop
      vertex -88.6327 15.6283 142
      vertex -104.39 18.4067 142
      vertex -102.388 27.4348 142
    endloop
  endfacet
  facet normal 0 0 -1
    outer loop
      vertex -106 0 142
      vertex -90 0 142
      vertex -105.597 -9.23851 142
    endloop
  endfacet
  facet normal 0 0 -1
    outer loop
      vertex -89.6575 7.84402 142
      vertex -105.597 9.23851 142
      vertex -104.39 18.4067 142
    endloop
  endfacet
  facet normal 0 0 -1
    outer loop
      vertex -90 0 142
      vertex -106 0 142
      vertex -105.597 9.23851 142
    endloop
  endfacet
  facet normal -0.793353 -0.608762 0
    outer loop
      vertex -90.3932 -75.8489 142
      vertex -96.6599 -67.682 160
      vertex -96.6599 -67.682 142
    endloop
  endfacet
  facet normal -0.793353 -0.608762 0
    outer loop
      vertex -96.6599 -67.682 160
      vertex -90.3932 -75.8489 142
      vertex -90.3932 -75.8489 160
    endloop
  endfacet
  facet normal 0.991441 0.130559 0
    outer loop
      vertex 117.551 10.2844 160
      vertex 116.207 20.4905 142
      vertex 116.207 20.4905 160
    endloop
  endfacet
  facet normal 0.991441 0.130559 0
    outer loop
      vertex 116.207 20.4905 142
      vertex 117.551 10.2844 160
      vertex 117.551 10.2844 142
    endloop
  endfacet
  facet normal 0.300658 0.953732 -0
    outer loop
      vertex 40.3584 110.884 142
      vertex 30.5406 113.979 160
      vertex 40.3584 110.884 160
    endloop
  endfacet
  facet normal 0.300658 0.953732 0
    outer loop
      vertex 30.5406 113.979 160
      vertex 40.3584 110.884 142
      vertex 30.5406 113.979 142
    endloop
  endfacet
  facet normal 0 0 1
    outer loop
      vertex 117.551 10.2844 160
      vertex 117.551 -10.2844 160
      vertex 118 0 160
    endloop
  endfacet
  facet normal 0 0 1
    outer loop
      vertex 116.207 20.4905 160
      vertex 117.551 -10.2844 160
      vertex 117.551 10.2844 160
    endloop
  endfacet
  facet normal 0 0 1
    outer loop
      vertex 116.207 20.4905 160
      vertex 116.207 -20.4905 160
      vertex 117.551 -10.2844 160
    endloop
  endfacet
  facet normal 0 0 1
    outer loop
      vertex 113.979 30.5406 160
      vertex 116.207 -20.4905 160
      vertex 116.207 20.4905 160
    endloop
  endfacet
  facet normal 0 0 1
    outer loop
      vertex 113.979 30.5406 160
      vertex 113.979 -30.5406 160
      vertex 116.207 -20.4905 160
    endloop
  endfacet
  facet normal 0 0 1
    outer loop
      vertex 110.884 40.3584 160
      vertex 113.979 -30.5406 160
      vertex 113.979 30.5406 160
    endloop
  endfacet
  facet normal 0 0 1
    outer loop
      vertex 110.884 40.3584 160
      vertex 110.884 -40.3584 160
      vertex 113.979 -30.5406 160
    endloop
  endfacet
  facet normal 0 0 1
    outer loop
      vertex 106.944 49.869 160
      vertex 110.884 -40.3584 160
      vertex 110.884 40.3584 160
    endloop
  endfacet
  facet normal 0 0 1
    outer loop
      vertex 106.944 49.869 160
      vertex 106.944 -49.869 160
      vertex 110.884 -40.3584 160
    endloop
  endfacet
  facet normal 0 0 1
    outer loop
      vertex 102.191 59 160
      vertex 106.944 -49.869 160
      vertex 106.944 49.869 160
    endloop
  endfacet
  facet normal 0 0 1
    outer loop
      vertex 102.191 59 160
      vertex 102.191 -59 160
      vertex 106.944 -49.869 160
    endloop
  endfacet
  facet normal 0 0 1
    outer loop
      vertex 96.6599 67.682 160
      vertex 102.191 -59 160
      vertex 102.191 59 160
    endloop
  endfacet
  facet normal 0 0 1
    outer loop
      vertex 96.6599 67.682 160
      vertex 96.6599 -67.682 160
      vertex 102.191 -59 160
    endloop
  endfacet
  facet normal 0 0 1
    outer loop
      vertex 90.3932 75.8489 160
      vertex 96.6599 -67.682 160
      vertex 96.6599 67.682 160
    endloop
  endfacet
  facet normal 0 0 1
    outer loop
      vertex 90.3932 75.8489 160
      vertex 90.3932 -75.8489 160
      vertex 96.6599 -67.682 160
    endloop
  endfacet
  facet normal 0 0 1
    outer loop
      vertex 83.4386 83.4386 160
      vertex 90.3932 -75.8489 160
      vertex 90.3932 75.8489 160
    endloop
  endfacet
  facet normal 0 0 1
    outer loop
      vertex 83.4386 83.4386 160
      vertex 83.4386 -83.4386 160
      vertex 90.3932 -75.8489 160
    endloop
  endfacet
  facet normal 0 0 1
    outer loop
      vertex 75.8489 90.3932 160
      vertex 83.4386 -83.4386 160
      vertex 83.4386 83.4386 160
    endloop
  endfacet
  facet normal 0 0 1
    outer loop
      vertex 75.8489 90.3932 160
      vertex 75.8489 -90.3932 160
      vertex 83.4386 -83.4386 160
    endloop
  endfacet
  facet normal 0 0 1
    outer loop
      vertex 67.682 96.6599 160
      vertex 75.8489 -90.3932 160
      vertex 75.8489 90.3932 160
    endloop
  endfacet
  facet normal 0 0 1
    outer loop
      vertex 67.682 96.6599 160
      vertex 67.682 -96.6599 160
      vertex 75.8489 -90.3932 160
    endloop
  endfacet
  facet normal 0 0 1
    outer loop
      vertex 59 102.191 160
      vertex 67.682 -96.6599 160
      vertex 67.682 96.6599 160
    endloop
  endfacet
  facet normal 0 0 1
    outer loop
      vertex 59 102.191 160
      vertex 59 -102.191 160
      vertex 67.682 -96.6599 160
    endloop
  endfacet
  facet normal 0 0 1
    outer loop
      vertex 49.869 106.944 160
      vertex 59 -102.191 160
      vertex 59 102.191 160
    endloop
  endfacet
  facet normal 0 0 1
    outer loop
      vertex 49.869 106.944 160
      vertex 49.869 -106.944 160
      vertex 59 -102.191 160
    endloop
  endfacet
  facet normal 0 0 1
    outer loop
      vertex 40.3584 110.884 160
      vertex 49.869 -106.944 160
      vertex 49.869 106.944 160
    endloop
  endfacet
  facet normal 0 0 1
    outer loop
      vertex 40.3584 110.884 160
      vertex 40.3584 -110.884 160
      vertex 49.869 -106.944 160
    endloop
  endfacet
  facet normal 0 0 1
    outer loop
      vertex 30.5406 113.979 160
      vertex 40.3584 -110.884 160
      vertex 40.3584 110.884 160
    endloop
  endfacet
  facet normal 0 0 1
    outer loop
      vertex 30.5406 113.979 160
      vertex 30.5406 -113.979 160
      vertex 40.3584 -110.884 160
    endloop
  endfacet
  facet normal 0 0 1
    outer loop
      vertex 20.4905 116.207 160
      vertex 30.5406 -113.979 160
      vertex 30.5406 113.979 160
    endloop
  endfacet
  facet normal 0 0 1
    outer loop
      vertex 20.4905 116.207 160
      vertex 20.4905 -116.207 160
      vertex 30.5406 -113.979 160
    endloop
  endfacet
  facet normal 0 0 1
    outer loop
      vertex 10.2844 117.551 160
      vertex 20.4905 -116.207 160
      vertex 20.4905 116.207 160
    endloop
  endfacet
  facet normal 0 0 1
    outer loop
      vertex 10.2844 117.551 160
      vertex 10.2844 -117.551 160
      vertex 20.4905 -116.207 160
    endloop
  endfacet
  facet normal 0 0 1
    outer loop
      vertex 0 118 160
      vertex 10.2844 -117.551 160
      vertex 10.2844 117.551 160
    endloop
  endfacet
  facet normal 0 0 1
    outer loop
      vertex 0 118 160
      vertex 0 -118 160
      vertex 10.2844 -117.551 160
    endloop
  endfacet
  facet normal -0 0 1
    outer loop
      vertex -10.2844 117.551 160
      vertex 0 -118 160
      vertex 0 118 160
    endloop
  endfacet
  facet normal 0 0 1
    outer loop
      vertex -10.2844 117.551 160
      vertex -10.2844 -117.551 160
      vertex 0 -118 160
    endloop
  endfacet
  facet normal -0 0 1
    outer loop
      vertex -20.4905 116.207 160
      vertex -10.2844 -117.551 160
      vertex -10.2844 117.551 160
    endloop
  endfacet
  facet normal 0 0 1
    outer loop
      vertex -20.4905 116.207 160
      vertex -20.4905 -116.207 160
      vertex -10.2844 -117.551 160
    endloop
  endfacet
  facet normal -0 0 1
    outer loop
      vertex -30.5406 113.979 160
      vertex -20.4905 -116.207 160
      vertex -20.4905 116.207 160
    endloop
  endfacet
  facet normal 0 0 1
    outer loop
      vertex -30.5406 113.979 160
      vertex -30.5406 -113.979 160
      vertex -20.4905 -116.207 160
    endloop
  endfacet
  facet normal -0 0 1
    outer loop
      vertex -40.3584 110.884 160
      vertex -30.5406 -113.979 160
      vertex -30.5406 113.979 160
    endloop
  endfacet
  facet normal 0 0 1
    outer loop
      vertex -40.3584 110.884 160
      vertex -40.3584 -110.884 160
      vertex -30.5406 -113.979 160
    endloop
  endfacet
  facet normal -0 0 1
    outer loop
      vertex -49.869 106.944 160
      vertex -40.3584 -110.884 160
      vertex -40.3584 110.884 160
    endloop
  endfacet
  facet normal 0 0 1
    outer loop
      vertex -49.869 106.944 160
      vertex -49.869 -106.944 160
      vertex -40.3584 -110.884 160
    endloop
  endfacet
  facet normal -0 0 1
    outer loop
      vertex -59 102.191 160
      vertex -49.869 -106.944 160
      vertex -49.869 106.944 160
    endloop
  endfacet
  facet normal 0 0 1
    outer loop
      vertex -59 102.191 160
      vertex -59 -102.191 160
      vertex -49.869 -106.944 160
    endloop
  endfacet
  facet normal -0 0 1
    outer loop
      vertex -67.682 96.6599 160
      vertex -59 -102.191 160
      vertex -59 102.191 160
    endloop
  endfacet
  facet normal 0 0 1
    outer loop
      vertex -67.682 96.6599 160
      vertex -67.682 -96.6599 160
      vertex -59 -102.191 160
    endloop
  endfacet
  facet normal -0 0 1
    outer loop
      vertex -75.8489 90.3932 160
      vertex -67.682 -96.6599 160
      vertex -67.682 96.6599 160
    endloop
  endfacet
  facet normal 0 0 1
    outer loop
      vertex -75.8489 90.3932 160
      vertex -75.8489 -90.3932 160
      vertex -67.682 -96.6599 160
    endloop
  endfacet
  facet normal -0 0 1
    outer loop
      vertex -83.4386 83.4386 160
      vertex -75.8489 -90.3932 160
      vertex -75.8489 90.3932 160
    endloop
  endfacet
  facet normal 0 0 1
    outer loop
      vertex -83.4386 83.4386 160
      vertex -83.4386 -83.4386 160
      vertex -75.8489 -90.3932 160
    endloop
  endfacet
  facet normal -0 0 1
    outer loop
      vertex -90.3932 75.8489 160
      vertex -83.4386 -83.4386 160
      vertex -83.4386 83.4386 160
    endloop
  endfacet
  facet normal 0 0 1
    outer loop
      vertex -90.3932 75.8489 160
      vertex -90.3932 -75.8489 160
      vertex -83.4386 -83.4386 160
    endloop
  endfacet
  facet normal -0 0 1
    outer loop
      vertex -96.6599 67.682 160
      vertex -90.3932 -75.8489 160
      vertex -90.3932 75.8489 160
    endloop
  endfacet
  facet normal 0 0 1
    outer loop
      vertex -96.6599 67.682 160
      vertex -96.6599 -67.682 160
      vertex -90.3932 -75.8489 160
    endloop
  endfacet
  facet normal -0 0 1
    outer loop
      vertex -102.191 59 160
      vertex -96.6599 -67.682 160
      vertex -96.6599 67.682 160
    endloop
  endfacet
  facet normal 0 0 1
    outer loop
      vertex -102.191 59 160
      vertex -102.191 -59 160
      vertex -96.6599 -67.682 160
    endloop
  endfacet
  facet normal -0 0 1
    outer loop
      vertex -106.944 49.869 160
      vertex -102.191 -59 160
      vertex -102.191 59 160
    endloop
  endfacet
  facet normal 0 0 1
    outer loop
      vertex -106.944 49.869 160
      vertex -106.944 -49.869 160
      vertex -102.191 -59 160
    endloop
  endfacet
  facet normal -0 0 1
    outer loop
      vertex -110.884 40.3584 160
      vertex -106.944 -49.869 160
      vertex -106.944 49.869 160
    endloop
  endfacet
  facet normal 0 0 1
    outer loop
      vertex -110.884 40.3584 160
      vertex -110.884 -40.3584 160
      vertex -106.944 -49.869 160
    endloop
  endfacet
  facet normal -0 0 1
    outer loop
      vertex -113.979 30.5406 160
      vertex -110.884 -40.3584 160
      vertex -110.884 40.3584 160
    endloop
  endfacet
  facet normal 0 0 1
    outer loop
      vertex -113.979 30.5406 160
      vertex -113.979 -30.5406 160
      vertex -110.884 -40.3584 160
    endloop
  endfacet
  facet normal -0 0 1
    outer loop
      vertex -116.207 20.4905 160
      vertex -113.979 -30.5406 160
      vertex -113.979 30.5406 160
    endloop
  endfacet
  facet normal 0 0 1
    outer loop
      vertex -116.207 20.4905 160
      vertex -116.207 -20.4905 160
      vertex -113.979 -30.5406 160
    endloop
  endfacet
  facet normal -0 0 1
    outer loop
      vertex -117.551 10.2844 160
      vertex -116.207 -20.4905 160
      vertex -116.207 20.4905 160
    endloop
  endfacet
  facet normal 0 0 1
    outer loop
      vertex -117.551 10.2844 160
      vertex -117.551 -10.2844 160
      vertex -116.207 -20.4905 160
    endloop
  endfacet
  facet normal 0 -0 1
    outer loop
      vertex -117.551 -10.2844 160
      vertex -117.551 10.2844 160
      vertex -118 0 160
    endloop
  endfacet
  facet normal -0.953732 0.300658 0
    outer loop
      vertex -113.979 30.5406 142
      vertex -110.884 40.3584 160
      vertex -110.884 40.3584 142
    endloop
  endfacet
  facet normal -0.953732 0.300658 0
    outer loop
      vertex -110.884 40.3584 160
      vertex -113.979 30.5406 142
      vertex -113.979 30.5406 160
    endloop
  endfacet
  facet normal -0.843389 0.537303 0
    outer loop
      vertex -102.191 59 142
      vertex -96.6599 67.682 160
      vertex -96.6599 67.682 142
    endloop
  endfacet
  facet normal -0.843389 0.537303 0
    outer loop
      vertex -96.6599 67.682 160
      vertex -102.191 59 142
      vertex -102.191 59 160
    endloop
  endfacet
  facet normal -0.216435 0.976297 0
    outer loop
      vertex -20.4905 116.207 142
      vertex -30.5406 113.979 160
      vertex -20.4905 116.207 160
    endloop
  endfacet
  facet normal -0.216435 0.976297 0
    outer loop
      vertex -30.5406 113.979 160
      vertex -20.4905 116.207 142
      vertex -30.5406 113.979 142
    endloop
  endfacet
  facet normal 0.991441 -0.130559 0
    outer loop
      vertex 116.207 -20.4905 160
      vertex 117.551 -10.2844 142
      vertex 117.551 -10.2844 160
    endloop
  endfacet
  facet normal 0.991441 -0.130559 0
    outer loop
      vertex 117.551 -10.2844 142
      vertex 116.207 -20.4905 160
      vertex 116.207 -20.4905 142
    endloop
  endfacet
  facet normal 0.976297 -0.216435 0
    outer loop
      vertex 113.979 -30.5406 160
      vertex 116.207 -20.4905 142
      vertex 116.207 -20.4905 160
    endloop
  endfacet
  facet normal 0.976297 -0.216435 0
    outer loop
      vertex 116.207 -20.4905 142
      vertex 113.979 -30.5406 160
      vertex 113.979 -30.5406 142
    endloop
  endfacet
  facet normal 0.953732 -0.300658 0
    outer loop
      vertex 110.884 -40.3584 160
      vertex 113.979 -30.5406 142
      vertex 113.979 -30.5406 160
    endloop
  endfacet
  facet normal 0.953732 -0.300658 0
    outer loop
      vertex 113.979 -30.5406 142
      vertex 110.884 -40.3584 160
      vertex 110.884 -40.3584 142
    endloop
  endfacet
  facet normal 0.92386 -0.382732 0
    outer loop
      vertex 106.944 -49.869 160
      vertex 110.884 -40.3584 142
      vertex 110.884 -40.3584 160
    endloop
  endfacet
  facet normal 0.92386 -0.382732 0
    outer loop
      vertex 110.884 -40.3584 142
      vertex 106.944 -49.869 160
      vertex 106.944 -49.869 142
    endloop
  endfacet
  facet normal 0.382732 -0.92386 0
    outer loop
      vertex 40.3584 -110.884 142
      vertex 49.869 -106.944 160
      vertex 40.3584 -110.884 160
    endloop
  endfacet
  facet normal 0.382732 -0.92386 0
    outer loop
      vertex 49.869 -106.944 160
      vertex 40.3584 -110.884 142
      vertex 49.869 -106.944 142
    endloop
  endfacet
  facet normal 0.537303 -0.843389 0
    outer loop
      vertex 59 -102.191 142
      vertex 67.682 -96.6599 160
      vertex 59 -102.191 160
    endloop
  endfacet
  facet normal 0.537303 -0.843389 0
    outer loop
      vertex 67.682 -96.6599 160
      vertex 59 -102.191 142
      vertex 67.682 -96.6599 142
    endloop
  endfacet
  facet normal -0.300658 -0.953732 0
    outer loop
      vertex -40.3584 -110.884 142
      vertex -30.5406 -113.979 160
      vertex -40.3584 -110.884 160
    endloop
  endfacet
  facet normal -0.300658 -0.953732 -0
    outer loop
      vertex -30.5406 -113.979 160
      vertex -40.3584 -110.884 142
      vertex -30.5406 -113.979 142
    endloop
  endfacet
  facet normal -0.608762 -0.793353 0
    outer loop
      vertex -75.8489 -90.3932 142
      vertex -67.682 -96.6599 160
      vertex -75.8489 -90.3932 160
    endloop
  endfacet
  facet normal -0.608762 -0.793353 -0
    outer loop
      vertex -67.682 -96.6599 160
      vertex -75.8489 -90.3932 142
      vertex -67.682 -96.6599 142
    endloop
  endfacet
  facet normal -0.991441 -0.130559 0
    outer loop
      vertex -116.207 -20.4905 142
      vertex -117.551 -10.2844 160
      vertex -117.551 -10.2844 142
    endloop
  endfacet
  facet normal -0.991441 -0.130559 0
    outer loop
      vertex -117.551 -10.2844 160
      vertex -116.207 -20.4905 142
      vertex -116.207 -20.4905 160
    endloop
  endfacet
  facet normal -0.92386 -0.382732 0
    outer loop
      vertex -106.944 -49.869 142
      vertex -110.884 -40.3584 160
      vertex -110.884 -40.3584 142
    endloop
  endfacet
  facet normal -0.92386 -0.382732 0
    outer loop
      vertex -110.884 -40.3584 160
      vertex -106.944 -49.869 142
      vertex -106.944 -49.869 160
    endloop
  endfacet
  facet normal -0.976297 -0.216435 0
    outer loop
      vertex -113.979 -30.5406 142
      vertex -116.207 -20.4905 160
      vertex -116.207 -20.4905 142
    endloop
  endfacet
  facet normal -0.976297 -0.216435 0
    outer loop
      vertex -116.207 -20.4905 160
      vertex -113.979 -30.5406 142
      vertex -113.979 -30.5406 160
    endloop
  endfacet
  facet normal -0.843389 -0.537303 0
    outer loop
      vertex -96.6599 -67.682 142
      vertex -102.191 -59 160
      vertex -102.191 -59 142
    endloop
  endfacet
  facet normal -0.843389 -0.537303 0
    outer loop
      vertex -102.191 -59 160
      vertex -96.6599 -67.682 142
      vertex -96.6599 -67.682 160
    endloop
  endfacet
  facet normal -0.737281 -0.675586 0
    outer loop
      vertex -83.4386 -83.4386 142
      vertex -90.3932 -75.8489 160
      vertex -90.3932 -75.8489 142
    endloop
  endfacet
  facet normal -0.737281 -0.675586 0
    outer loop
      vertex -90.3932 -75.8489 160
      vertex -83.4386 -83.4386 142
      vertex -83.4386 -83.4386 160
    endloop
  endfacet
  facet normal 0.999048 -0.0436168 0
    outer loop
      vertex 117.551 -10.2844 160
      vertex 118 0 142
      vertex 118 0 160
    endloop
  endfacet
  facet normal 0.999048 -0.0436168 0
    outer loop
      vertex 118 0 142
      vertex 117.551 -10.2844 160
      vertex 117.551 -10.2844 142
    endloop
  endfacet
  facet normal 0.843389 -0.537303 0
    outer loop
      vertex 96.6599 -67.682 160
      vertex 102.191 -59 142
      vertex 102.191 -59 160
    endloop
  endfacet
  facet normal 0.843389 -0.537303 0
    outer loop
      vertex 102.191 -59 142
      vertex 96.6599 -67.682 160
      vertex 96.6599 -67.682 142
    endloop
  endfacet
  facet normal 0.887023 -0.461726 0
    outer loop
      vertex 102.191 -59 160
      vertex 106.944 -49.869 142
      vertex 106.944 -49.869 160
    endloop
  endfacet
  facet normal 0.887023 -0.461726 0
    outer loop
      vertex 106.944 -49.869 142
      vertex 102.191 -59 160
      vertex 102.191 -59 142
    endloop
  endfacet
  facet normal 0.300658 -0.953732 0
    outer loop
      vertex 30.5406 -113.979 142
      vertex 40.3584 -110.884 160
      vertex 30.5406 -113.979 160
    endloop
  endfacet
  facet normal 0.300658 -0.953732 0
    outer loop
      vertex 40.3584 -110.884 160
      vertex 30.5406 -113.979 142
      vertex 40.3584 -110.884 142
    endloop
  endfacet
  facet normal -0.216435 -0.976297 0
    outer loop
      vertex -30.5406 -113.979 142
      vertex -20.4905 -116.207 160
      vertex -30.5406 -113.979 160
    endloop
  endfacet
  facet normal -0.216435 -0.976297 -0
    outer loop
      vertex -20.4905 -116.207 160
      vertex -30.5406 -113.979 142
      vertex -20.4905 -116.207 142
    endloop
  endfacet
  facet normal -0.953732 -0.300658 0
    outer loop
      vertex -110.884 -40.3584 142
      vertex -113.979 -30.5406 160
      vertex -113.979 -30.5406 142
    endloop
  endfacet
  facet normal -0.953732 -0.300658 0
    outer loop
      vertex -113.979 -30.5406 160
      vertex -110.884 -40.3584 142
      vertex -110.884 -40.3584 160
    endloop
  endfacet
  facet normal 0.793353 -0.608762 0
    outer loop
      vertex 90.3932 -75.8489 160
      vertex 96.6599 -67.682 142
      vertex 96.6599 -67.682 160
    endloop
  endfacet
  facet normal 0.793353 -0.608762 0
    outer loop
      vertex 96.6599 -67.682 142
      vertex 90.3932 -75.8489 160
      vertex 90.3932 -75.8489 142
    endloop
  endfacet
  facet normal 0.737281 -0.675586 0
    outer loop
      vertex 83.4386 -83.4386 160
      vertex 90.3932 -75.8489 142
      vertex 90.3932 -75.8489 160
    endloop
  endfacet
  facet normal 0.737281 -0.675586 0
    outer loop
      vertex 90.3932 -75.8489 142
      vertex 83.4386 -83.4386 160
      vertex 83.4386 -83.4386 142
    endloop
  endfacet
  facet normal -0.999048 -0.0436223 0
    outer loop
      vertex 90 0 142
      vertex 89.6575 7.84402 150
      vertex 89.6575 7.84402 142
    endloop
  endfacet
  facet normal -0.999048 -0.0436223 0
    outer loop
      vertex 89.6575 7.84402 150
      vertex 90 0 142
      vertex 90 0 150
    endloop
  endfacet
  facet normal 0.999048 -0.0436223 0
    outer loop
      vertex -90 0 150
      vertex -89.6575 7.84402 142
      vertex -89.6575 7.84402 150
    endloop
  endfacet
  facet normal 0.999048 -0.0436223 0
    outer loop
      vertex -89.6575 7.84402 142
      vertex -90 0 150
      vertex -90 0 142
    endloop
  endfacet
  facet normal -0.0436223 -0.999048 0
    outer loop
      vertex 0 90 142
      vertex 7.84402 89.6575 150
      vertex 0 90 150
    endloop
  endfacet
  facet normal -0.0436223 -0.999048 -0
    outer loop
      vertex 7.84402 89.6575 150
      vertex 0 90 142
      vertex 7.84402 89.6575 142
    endloop
  endfacet
  facet normal 0.737275 0.675593 0
    outer loop
      vertex -63.6396 -63.6396 150
      vertex -68.944 -57.8509 142
      vertex -68.944 -57.8509 150
    endloop
  endfacet
  facet normal 0.737275 0.675593 0
    outer loop
      vertex -68.944 -57.8509 142
      vertex -63.6396 -63.6396 150
      vertex -63.6396 -63.6396 142
    endloop
  endfacet
  facet normal -0.737275 -0.675593 0
    outer loop
      vertex 68.944 57.8509 142
      vertex 63.6396 63.6396 150
      vertex 63.6396 63.6396 142
    endloop
  endfacet
  facet normal -0.737275 -0.675593 0
    outer loop
      vertex 63.6396 63.6396 150
      vertex 68.944 57.8509 142
      vertex 68.944 57.8509 150
    endloop
  endfacet
  facet normal 0.675593 -0.737275 0
    outer loop
      vertex -63.6396 63.6396 142
      vertex -57.8509 68.944 150
      vertex -63.6396 63.6396 150
    endloop
  endfacet
  facet normal 0.675593 -0.737275 0
    outer loop
      vertex -57.8509 68.944 150
      vertex -63.6396 63.6396 142
      vertex -57.8509 68.944 142
    endloop
  endfacet
  facet normal 0.300707 -0.953717 0
    outer loop
      vertex -30.7818 84.5723 142
      vertex -23.2937 86.9333 150
      vertex -30.7818 84.5723 150
    endloop
  endfacet
  facet normal 0.300707 -0.953717 0
    outer loop
      vertex -23.2937 86.9333 150
      vertex -30.7818 84.5723 142
      vertex -23.2937 86.9333 142
    endloop
  endfacet
  facet normal -0.923881 -0.382681 0
    outer loop
      vertex 84.5723 30.7818 142
      vertex 81.5677 38.0356 150
      vertex 81.5677 38.0356 142
    endloop
  endfacet
  facet normal -0.923881 -0.382681 0
    outer loop
      vertex 81.5677 38.0356 150
      vertex 84.5723 30.7818 142
      vertex 84.5723 30.7818 150
    endloop
  endfacet
  facet normal -0.382681 -0.923881 0
    outer loop
      vertex 30.7818 84.5723 142
      vertex 38.0356 81.5677 150
      vertex 30.7818 84.5723 150
    endloop
  endfacet
  facet normal -0.382681 -0.923881 -0
    outer loop
      vertex 38.0356 81.5677 150
      vertex 30.7818 84.5723 142
      vertex 38.0356 81.5677 142
    endloop
  endfacet
  facet normal -0.537298 -0.843392 0
    outer loop
      vertex 45 77.9423 142
      vertex 51.6219 73.7237 150
      vertex 45 77.9423 150
    endloop
  endfacet
  facet normal -0.537298 -0.843392 -0
    outer loop
      vertex 51.6219 73.7237 150
      vertex 45 77.9423 142
      vertex 51.6219 73.7237 142
    endloop
  endfacet
  facet normal 0.923881 -0.382681 0
    outer loop
      vertex -84.5723 30.7818 150
      vertex -81.5677 38.0356 142
      vertex -81.5677 38.0356 150
    endloop
  endfacet
  facet normal 0.923881 -0.382681 0
    outer loop
      vertex -81.5677 38.0356 142
      vertex -84.5723 30.7818 150
      vertex -84.5723 30.7818 142
    endloop
  endfacet
  facet normal 0.130524 -0.991445 0
    outer loop
      vertex -15.6283 88.6327 142
      vertex -7.84402 89.6575 150
      vertex -15.6283 88.6327 150
    endloop
  endfacet
  facet normal 0.130524 -0.991445 0
    outer loop
      vertex -7.84402 89.6575 150
      vertex -15.6283 88.6327 142
      vertex -7.84402 89.6575 142
    endloop
  endfacet
  facet normal -0.953717 0.300707 0
    outer loop
      vertex 84.5723 -30.7818 142
      vertex 86.9333 -23.2937 150
      vertex 86.9333 -23.2937 142
    endloop
  endfacet
  facet normal -0.953717 0.300707 0
    outer loop
      vertex 86.9333 -23.2937 150
      vertex 84.5723 -30.7818 142
      vertex 84.5723 -30.7818 150
    endloop
  endfacet
  facet normal -0.976295 -0.216442 0
    outer loop
      vertex 88.6327 15.6283 142
      vertex 86.9333 23.2937 150
      vertex 86.9333 23.2937 142
    endloop
  endfacet
  facet normal -0.976295 -0.216442 0
    outer loop
      vertex 86.9333 23.2937 150
      vertex 88.6327 15.6283 142
      vertex 88.6327 15.6283 150
    endloop
  endfacet
  facet normal -0.991445 -0.130524 0
    outer loop
      vertex 89.6575 7.84402 142
      vertex 88.6327 15.6283 150
      vertex 88.6327 15.6283 142
    endloop
  endfacet
  facet normal -0.991445 -0.130524 0
    outer loop
      vertex 88.6327 15.6283 150
      vertex 89.6575 7.84402 142
      vertex 89.6575 7.84402 150
    endloop
  endfacet
  facet normal -0.953717 -0.300707 0
    outer loop
      vertex 86.9333 23.2937 142
      vertex 84.5723 30.7818 150
      vertex 84.5723 30.7818 142
    endloop
  endfacet
  facet normal -0.953717 -0.300707 0
    outer loop
      vertex 84.5723 30.7818 150
      vertex 86.9333 23.2937 142
      vertex 86.9333 23.2937 150
    endloop
  endfacet
  facet normal -0.843392 -0.537298 0
    outer loop
      vertex 77.9423 45 142
      vertex 73.7237 51.6219 150
      vertex 73.7237 51.6219 142
    endloop
  endfacet
  facet normal -0.843392 -0.537298 0
    outer loop
      vertex 73.7237 51.6219 150
      vertex 77.9423 45 142
      vertex 77.9423 45 150
    endloop
  endfacet
  facet normal -0.793352 -0.608763 0
    outer loop
      vertex 73.7237 51.6219 142
      vertex 68.944 57.8509 150
      vertex 68.944 57.8509 142
    endloop
  endfacet
  facet normal -0.793352 -0.608763 0
    outer loop
      vertex 68.944 57.8509 150
      vertex 73.7237 51.6219 142
      vertex 73.7237 51.6219 150
    endloop
  endfacet
  facet normal -0.887013 -0.461745 0
    outer loop
      vertex 81.5677 38.0356 142
      vertex 77.9423 45 150
      vertex 77.9423 45 142
    endloop
  endfacet
  facet normal -0.887013 -0.461745 0
    outer loop
      vertex 77.9423 45 150
      vertex 81.5677 38.0356 142
      vertex 81.5677 38.0356 150
    endloop
  endfacet
  facet normal -0.216442 -0.976295 0
    outer loop
      vertex 15.6283 88.6327 142
      vertex 23.2937 86.9333 150
      vertex 15.6283 88.6327 150
    endloop
  endfacet
  facet normal -0.216442 -0.976295 -0
    outer loop
      vertex 23.2937 86.9333 150
      vertex 15.6283 88.6327 142
      vertex 23.2937 86.9333 142
    endloop
  endfacet
  facet normal -0.300707 -0.953717 0
    outer loop
      vertex 23.2937 86.9333 142
      vertex 30.7818 84.5723 150
      vertex 23.2937 86.9333 150
    endloop
  endfacet
  facet normal -0.300707 -0.953717 -0
    outer loop
      vertex 30.7818 84.5723 150
      vertex 23.2937 86.9333 142
      vertex 30.7818 84.5723 142
    endloop
  endfacet
  facet normal -0.130524 -0.991445 0
    outer loop
      vertex 7.84402 89.6575 142
      vertex 15.6283 88.6327 150
      vertex 7.84402 89.6575 150
    endloop
  endfacet
  facet normal -0.130524 -0.991445 -0
    outer loop
      vertex 15.6283 88.6327 150
      vertex 7.84402 89.6575 142
      vertex 15.6283 88.6327 142
    endloop
  endfacet
  facet normal -0.461745 -0.887013 0
    outer loop
      vertex 38.0356 81.5677 142
      vertex 45 77.9423 150
      vertex 38.0356 81.5677 150
    endloop
  endfacet
  facet normal -0.461745 -0.887013 -0
    outer loop
      vertex 45 77.9423 150
      vertex 38.0356 81.5677 142
      vertex 45 77.9423 142
    endloop
  endfacet
  facet normal -0.608763 -0.793352 0
    outer loop
      vertex 51.6219 73.7237 142
      vertex 57.8509 68.944 150
      vertex 51.6219 73.7237 150
    endloop
  endfacet
  facet normal -0.608763 -0.793352 -0
    outer loop
      vertex 57.8509 68.944 150
      vertex 51.6219 73.7237 142
      vertex 57.8509 68.944 142
    endloop
  endfacet
  facet normal 0.976295 -0.216442 0
    outer loop
      vertex -88.6327 15.6283 150
      vertex -86.9333 23.2937 142
      vertex -86.9333 23.2937 150
    endloop
  endfacet
  facet normal 0.976295 -0.216442 0
    outer loop
      vertex -86.9333 23.2937 142
      vertex -88.6327 15.6283 150
      vertex -88.6327 15.6283 142
    endloop
  endfacet
  facet normal 0.843392 -0.537298 0
    outer loop
      vertex -77.9423 45 150
      vertex -73.7237 51.6219 142
      vertex -73.7237 51.6219 150
    endloop
  endfacet
  facet normal 0.843392 -0.537298 0
    outer loop
      vertex -73.7237 51.6219 142
      vertex -77.9423 45 150
      vertex -77.9423 45 142
    endloop
  endfacet
  facet normal 0.887013 -0.461745 0
    outer loop
      vertex -81.5677 38.0356 150
      vertex -77.9423 45 142
      vertex -77.9423 45 150
    endloop
  endfacet
  facet normal 0.887013 -0.461745 0
    outer loop
      vertex -77.9423 45 142
      vertex -81.5677 38.0356 150
      vertex -81.5677 38.0356 142
    endloop
  endfacet
  facet normal 0.953717 -0.300707 0
    outer loop
      vertex -86.9333 23.2937 150
      vertex -84.5723 30.7818 142
      vertex -84.5723 30.7818 150
    endloop
  endfacet
  facet normal 0.953717 -0.300707 0
    outer loop
      vertex -84.5723 30.7818 142
      vertex -86.9333 23.2937 150
      vertex -86.9333 23.2937 142
    endloop
  endfacet
  facet normal 0.991445 -0.130524 0
    outer loop
      vertex -89.6575 7.84402 150
      vertex -88.6327 15.6283 142
      vertex -88.6327 15.6283 150
    endloop
  endfacet
  facet normal 0.991445 -0.130524 0
    outer loop
      vertex -88.6327 15.6283 142
      vertex -89.6575 7.84402 150
      vertex -89.6575 7.84402 142
    endloop
  endfacet
  facet normal 0 0 -1
    outer loop
      vertex 89.6575 -7.84402 150
      vertex 89.6575 7.84402 150
      vertex 90 0 150
    endloop
  endfacet
  facet normal 0 0 -1
    outer loop
      vertex 88.6327 -15.6283 150
      vertex 89.6575 7.84402 150
      vertex 89.6575 -7.84402 150
    endloop
  endfacet
  facet normal 0 0 -1
    outer loop
      vertex 88.6327 -15.6283 150
      vertex 88.6327 15.6283 150
      vertex 89.6575 7.84402 150
    endloop
  endfacet
  facet normal 0 0 -1
    outer loop
      vertex 86.9333 -23.2937 150
      vertex 88.6327 15.6283 150
      vertex 88.6327 -15.6283 150
    endloop
  endfacet
  facet normal 0 0 -1
    outer loop
      vertex 86.9333 -23.2937 150
      vertex 86.9333 23.2937 150
      vertex 88.6327 15.6283 150
    endloop
  endfacet
  facet normal 0 0 -1
    outer loop
      vertex 84.5723 -30.7818 150
      vertex 86.9333 23.2937 150
      vertex 86.9333 -23.2937 150
    endloop
  endfacet
  facet normal 0 0 -1
    outer loop
      vertex 84.5723 -30.7818 150
      vertex 84.5723 30.7818 150
      vertex 86.9333 23.2937 150
    endloop
  endfacet
  facet normal 0 0 -1
    outer loop
      vertex 81.5677 -38.0356 150
      vertex 84.5723 30.7818 150
      vertex 84.5723 -30.7818 150
    endloop
  endfacet
  facet normal 0 0 -1
    outer loop
      vertex 81.5677 -38.0356 150
      vertex 81.5677 38.0356 150
      vertex 84.5723 30.7818 150
    endloop
  endfacet
  facet normal 0 0 -1
    outer loop
      vertex 77.9423 -45 150
      vertex 81.5677 38.0356 150
      vertex 81.5677 -38.0356 150
    endloop
  endfacet
  facet normal 0 0 -1
    outer loop
      vertex 77.9423 -45 150
      vertex 77.9423 45 150
      vertex 81.5677 38.0356 150
    endloop
  endfacet
  facet normal 0 0 -1
    outer loop
      vertex 73.7237 -51.6219 150
      vertex 77.9423 45 150
      vertex 77.9423 -45 150
    endloop
  endfacet
  facet normal 0 0 -1
    outer loop
      vertex 73.7237 -51.6219 150
      vertex 73.7237 51.6219 150
      vertex 77.9423 45 150
    endloop
  endfacet
  facet normal 0 0 -1
    outer loop
      vertex 68.944 -57.8509 150
      vertex 73.7237 51.6219 150
      vertex 73.7237 -51.6219 150
    endloop
  endfacet
  facet normal 0 0 -1
    outer loop
      vertex 68.944 -57.8509 150
      vertex 68.944 57.8509 150
      vertex 73.7237 51.6219 150
    endloop
  endfacet
  facet normal 0 0 -1
    outer loop
      vertex 63.6396 -63.6396 150
      vertex 68.944 57.8509 150
      vertex 68.944 -57.8509 150
    endloop
  endfacet
  facet normal 0 0 -1
    outer loop
      vertex 63.6396 -63.6396 150
      vertex 63.6396 63.6396 150
      vertex 68.944 57.8509 150
    endloop
  endfacet
  facet normal 0 0 -1
    outer loop
      vertex 57.8509 -68.944 150
      vertex 63.6396 63.6396 150
      vertex 63.6396 -63.6396 150
    endloop
  endfacet
  facet normal 0 0 -1
    outer loop
      vertex 57.8509 -68.944 150
      vertex 57.8509 68.944 150
      vertex 63.6396 63.6396 150
    endloop
  endfacet
  facet normal 0 0 -1
    outer loop
      vertex 51.6219 -73.7237 150
      vertex 57.8509 68.944 150
      vertex 57.8509 -68.944 150
    endloop
  endfacet
  facet normal 0 0 -1
    outer loop
      vertex 51.6219 -73.7237 150
      vertex 51.6219 73.7237 150
      vertex 57.8509 68.944 150
    endloop
  endfacet
  facet normal 0 0 -1
    outer loop
      vertex 45 -77.9423 150
      vertex 51.6219 73.7237 150
      vertex 51.6219 -73.7237 150
    endloop
  endfacet
  facet normal 0 0 -1
    outer loop
      vertex 45 -77.9423 150
      vertex 45 77.9423 150
      vertex 51.6219 73.7237 150
    endloop
  endfacet
  facet normal 0 0 -1
    outer loop
      vertex 38.0356 -81.5677 150
      vertex 45 77.9423 150
      vertex 45 -77.9423 150
    endloop
  endfacet
  facet normal 0 0 -1
    outer loop
      vertex 38.0356 -81.5677 150
      vertex 38.0356 81.5677 150
      vertex 45 77.9423 150
    endloop
  endfacet
  facet normal 0 0 -1
    outer loop
      vertex 30.7818 -84.5723 150
      vertex 38.0356 81.5677 150
      vertex 38.0356 -81.5677 150
    endloop
  endfacet
  facet normal 0 0 -1
    outer loop
      vertex 30.7818 -84.5723 150
      vertex 30.7818 84.5723 150
      vertex 38.0356 81.5677 150
    endloop
  endfacet
  facet normal 0 0 -1
    outer loop
      vertex 23.2937 -86.9333 150
      vertex 30.7818 84.5723 150
      vertex 30.7818 -84.5723 150
    endloop
  endfacet
  facet normal 0 0 -1
    outer loop
      vertex 23.2937 -86.9333 150
      vertex 23.2937 86.9333 150
      vertex 30.7818 84.5723 150
    endloop
  endfacet
  facet normal 0 0 -1
    outer loop
      vertex 15.6283 -88.6327 150
      vertex 23.2937 86.9333 150
      vertex 23.2937 -86.9333 150
    endloop
  endfacet
  facet normal 0 0 -1
    outer loop
      vertex 15.6283 -88.6327 150
      vertex 15.6283 88.6327 150
      vertex 23.2937 86.9333 150
    endloop
  endfacet
  facet normal 0 0 -1
    outer loop
      vertex 7.84402 -89.6575 150
      vertex 15.6283 88.6327 150
      vertex 15.6283 -88.6327 150
    endloop
  endfacet
  facet normal 0 0 -1
    outer loop
      vertex 7.84402 -89.6575 150
      vertex 7.84402 89.6575 150
      vertex 15.6283 88.6327 150
    endloop
  endfacet
  facet normal 0 0 -1
    outer loop
      vertex 0 -90 150
      vertex 7.84402 89.6575 150
      vertex 7.84402 -89.6575 150
    endloop
  endfacet
  facet normal 0 0 -1
    outer loop
      vertex 0 -90 150
      vertex 0 90 150
      vertex 7.84402 89.6575 150
    endloop
  endfacet
  facet normal 0 0 -1
    outer loop
      vertex -7.84402 -89.6575 150
      vertex 0 90 150
      vertex 0 -90 150
    endloop
  endfacet
  facet normal 0 0 -1
    outer loop
      vertex -7.84402 -89.6575 150
      vertex -7.84402 89.6575 150
      vertex 0 90 150
    endloop
  endfacet
  facet normal 0 0 -1
    outer loop
      vertex -15.6283 -88.6327 150
      vertex -7.84402 89.6575 150
      vertex -7.84402 -89.6575 150
    endloop
  endfacet
  facet normal 0 0 -1
    outer loop
      vertex -15.6283 -88.6327 150
      vertex -15.6283 88.6327 150
      vertex -7.84402 89.6575 150
    endloop
  endfacet
  facet normal 0 0 -1
    outer loop
      vertex -23.2937 -86.9333 150
      vertex -15.6283 88.6327 150
      vertex -15.6283 -88.6327 150
    endloop
  endfacet
  facet normal 0 0 -1
    outer loop
      vertex -23.2937 -86.9333 150
      vertex -23.2937 86.9333 150
      vertex -15.6283 88.6327 150
    endloop
  endfacet
  facet normal 0 0 -1
    outer loop
      vertex -30.7818 -84.5723 150
      vertex -23.2937 86.9333 150
      vertex -23.2937 -86.9333 150
    endloop
  endfacet
  facet normal 0 0 -1
    outer loop
      vertex -30.7818 -84.5723 150
      vertex -30.7818 84.5723 150
      vertex -23.2937 86.9333 150
    endloop
  endfacet
  facet normal 0 0 -1
    outer loop
      vertex -38.0356 -81.5677 150
      vertex -30.7818 84.5723 150
      vertex -30.7818 -84.5723 150
    endloop
  endfacet
  facet normal 0 0 -1
    outer loop
      vertex -38.0356 -81.5677 150
      vertex -38.0356 81.5677 150
      vertex -30.7818 84.5723 150
    endloop
  endfacet
  facet normal 0 0 -1
    outer loop
      vertex -45 -77.9423 150
      vertex -38.0356 81.5677 150
      vertex -38.0356 -81.5677 150
    endloop
  endfacet
  facet normal 0 0 -1
    outer loop
      vertex -45 -77.9423 150
      vertex -45 77.9423 150
      vertex -38.0356 81.5677 150
    endloop
  endfacet
  facet normal 0 0 -1
    outer loop
      vertex -51.6219 -73.7237 150
      vertex -45 77.9423 150
      vertex -45 -77.9423 150
    endloop
  endfacet
  facet normal 0 0 -1
    outer loop
      vertex -51.6219 -73.7237 150
      vertex -51.6219 73.7237 150
      vertex -45 77.9423 150
    endloop
  endfacet
  facet normal 0 0 -1
    outer loop
      vertex -57.8509 -68.944 150
      vertex -51.6219 73.7237 150
      vertex -51.6219 -73.7237 150
    endloop
  endfacet
  facet normal 0 0 -1
    outer loop
      vertex -57.8509 -68.944 150
      vertex -57.8509 68.944 150
      vertex -51.6219 73.7237 150
    endloop
  endfacet
  facet normal 0 0 -1
    outer loop
      vertex -63.6396 -63.6396 150
      vertex -57.8509 68.944 150
      vertex -57.8509 -68.944 150
    endloop
  endfacet
  facet normal 0 0 -1
    outer loop
      vertex -63.6396 -63.6396 150
      vertex -63.6396 63.6396 150
      vertex -57.8509 68.944 150
    endloop
  endfacet
  facet normal 0 0 -1
    outer loop
      vertex -68.944 -57.8509 150
      vertex -63.6396 63.6396 150
      vertex -63.6396 -63.6396 150
    endloop
  endfacet
  facet normal 0 0 -1
    outer loop
      vertex -68.944 -57.8509 150
      vertex -68.944 57.8509 150
      vertex -63.6396 63.6396 150
    endloop
  endfacet
  facet normal 0 0 -1
    outer loop
      vertex -73.7237 -51.6219 150
      vertex -68.944 57.8509 150
      vertex -68.944 -57.8509 150
    endloop
  endfacet
  facet normal 0 0 -1
    outer loop
      vertex -73.7237 -51.6219 150
      vertex -73.7237 51.6219 150
      vertex -68.944 57.8509 150
    endloop
  endfacet
  facet normal 0 0 -1
    outer loop
      vertex -77.9423 -45 150
      vertex -73.7237 51.6219 150
      vertex -73.7237 -51.6219 150
    endloop
  endfacet
  facet normal 0 0 -1
    outer loop
      vertex -77.9423 -45 150
      vertex -77.9423 45 150
      vertex -73.7237 51.6219 150
    endloop
  endfacet
  facet normal 0 0 -1
    outer loop
      vertex -81.5677 -38.0356 150
      vertex -77.9423 45 150
      vertex -77.9423 -45 150
    endloop
  endfacet
  facet normal 0 0 -1
    outer loop
      vertex -81.5677 -38.0356 150
      vertex -81.5677 38.0356 150
      vertex -77.9423 45 150
    endloop
  endfacet
  facet normal 0 0 -1
    outer loop
      vertex -84.5723 -30.7818 150
      vertex -81.5677 38.0356 150
      vertex -81.5677 -38.0356 150
    endloop
  endfacet
  facet normal 0 0 -1
    outer loop
      vertex -84.5723 -30.7818 150
      vertex -84.5723 30.7818 150
      vertex -81.5677 38.0356 150
    endloop
  endfacet
  facet normal 0 0 -1
    outer loop
      vertex -86.9333 -23.2937 150
      vertex -84.5723 30.7818 150
      vertex -84.5723 -30.7818 150
    endloop
  endfacet
  facet normal 0 0 -1
    outer loop
      vertex -86.9333 -23.2937 150
      vertex -86.9333 23.2937 150
      vertex -84.5723 30.7818 150
    endloop
  endfacet
  facet normal 0 0 -1
    outer loop
      vertex -88.6327 -15.6283 150
      vertex -86.9333 23.2937 150
      vertex -86.9333 -23.2937 150
    endloop
  endfacet
  facet normal 0 0 -1
    outer loop
      vertex -88.6327 -15.6283 150
      vertex -88.6327 15.6283 150
      vertex -86.9333 23.2937 150
    endloop
  endfacet
  facet normal 0 0 -1
    outer loop
      vertex -89.6575 -7.84402 150
      vertex -88.6327 15.6283 150
      vertex -88.6327 -15.6283 150
    endloop
  endfacet
  facet normal 0 0 -1
    outer loop
      vertex -89.6575 -7.84402 150
      vertex -89.6575 7.84402 150
      vertex -88.6327 15.6283 150
    endloop
  endfacet
  facet normal 0 -0 -1
    outer loop
      vertex -89.6575 7.84402 150
      vertex -89.6575 -7.84402 150
      vertex -90 0 150
    endloop
  endfacet
  facet normal 0.461745 -0.887013 0
    outer loop
      vertex -45 77.9423 142
      vertex -38.0356 81.5677 150
      vertex -45 77.9423 150
    endloop
  endfacet
  facet normal 0.461745 -0.887013 0
    outer loop
      vertex -38.0356 81.5677 150
      vertex -45 77.9423 142
      vertex -38.0356 81.5677 142
    endloop
  endfacet
  facet normal 0.382681 -0.923881 0
    outer loop
      vertex -38.0356 81.5677 142
      vertex -30.7818 84.5723 150
      vertex -38.0356 81.5677 150
    endloop
  endfacet
  facet normal 0.382681 -0.923881 0
    outer loop
      vertex -30.7818 84.5723 150
      vertex -38.0356 81.5677 142
      vertex -30.7818 84.5723 142
    endloop
  endfacet
  facet normal 0.537298 -0.843392 0
    outer loop
      vertex -51.6219 73.7237 142
      vertex -45 77.9423 150
      vertex -51.6219 73.7237 150
    endloop
  endfacet
  facet normal 0.537298 -0.843392 0
    outer loop
      vertex -45 77.9423 150
      vertex -51.6219 73.7237 142
      vertex -45 77.9423 142
    endloop
  endfacet
  facet normal 0.216442 -0.976295 0
    outer loop
      vertex -23.2937 86.9333 142
      vertex -15.6283 88.6327 150
      vertex -23.2937 86.9333 150
    endloop
  endfacet
  facet normal 0.216442 -0.976295 0
    outer loop
      vertex -15.6283 88.6327 150
      vertex -23.2937 86.9333 142
      vertex -15.6283 88.6327 142
    endloop
  endfacet
  facet normal 0.0436223 -0.999048 0
    outer loop
      vertex -7.84402 89.6575 142
      vertex 0 90 150
      vertex -7.84402 89.6575 150
    endloop
  endfacet
  facet normal 0.0436223 -0.999048 0
    outer loop
      vertex 0 90 150
      vertex -7.84402 89.6575 142
      vertex 0 90 142
    endloop
  endfacet
  facet normal -0.0436223 0.999048 0
    outer loop
      vertex 7.84402 -89.6575 142
      vertex 0 -90 150
      vertex 7.84402 -89.6575 150
    endloop
  endfacet
  facet normal -0.0436223 0.999048 0
    outer loop
      vertex 0 -90 150
      vertex 7.84402 -89.6575 142
      vertex 0 -90 142
    endloop
  endfacet
  facet normal -0.216442 0.976295 0
    outer loop
      vertex 23.2937 -86.9333 142
      vertex 15.6283 -88.6327 150
      vertex 23.2937 -86.9333 150
    endloop
  endfacet
  facet normal -0.216442 0.976295 0
    outer loop
      vertex 15.6283 -88.6327 150
      vertex 23.2937 -86.9333 142
      vertex 15.6283 -88.6327 142
    endloop
  endfacet
  facet normal -0.537298 0.843392 0
    outer loop
      vertex 51.6219 -73.7237 142
      vertex 45 -77.9423 150
      vertex 51.6219 -73.7237 150
    endloop
  endfacet
  facet normal -0.537298 0.843392 0
    outer loop
      vertex 45 -77.9423 150
      vertex 51.6219 -73.7237 142
      vertex 45 -77.9423 142
    endloop
  endfacet
  facet normal -0.382681 0.923881 0
    outer loop
      vertex 38.0356 -81.5677 142
      vertex 30.7818 -84.5723 150
      vertex 38.0356 -81.5677 150
    endloop
  endfacet
  facet normal -0.382681 0.923881 0
    outer loop
      vertex 30.7818 -84.5723 150
      vertex 38.0356 -81.5677 142
      vertex 30.7818 -84.5723 142
    endloop
  endfacet
  facet normal -0.887013 0.461745 0
    outer loop
      vertex 77.9423 -45 142
      vertex 81.5677 -38.0356 150
      vertex 81.5677 -38.0356 142
    endloop
  endfacet
  facet normal -0.887013 0.461745 0
    outer loop
      vertex 81.5677 -38.0356 150
      vertex 77.9423 -45 142
      vertex 77.9423 -45 150
    endloop
  endfacet
  facet normal 0.461745 0.887013 -0
    outer loop
      vertex -38.0356 -81.5677 142
      vertex -45 -77.9423 150
      vertex -38.0356 -81.5677 150
    endloop
  endfacet
  facet normal 0.461745 0.887013 0
    outer loop
      vertex -45 -77.9423 150
      vertex -38.0356 -81.5677 142
      vertex -45 -77.9423 142
    endloop
  endfacet
  facet normal 0.300707 0.953717 -0
    outer loop
      vertex -23.2937 -86.9333 142
      vertex -30.7818 -84.5723 150
      vertex -23.2937 -86.9333 150
    endloop
  endfacet
  facet normal 0.300707 0.953717 0
    outer loop
      vertex -30.7818 -84.5723 150
      vertex -23.2937 -86.9333 142
      vertex -30.7818 -84.5723 142
    endloop
  endfacet
  facet normal 0.130524 0.991445 -0
    outer loop
      vertex -7.84402 -89.6575 142
      vertex -15.6283 -88.6327 150
      vertex -7.84402 -89.6575 150
    endloop
  endfacet
  facet normal 0.130524 0.991445 0
    outer loop
      vertex -15.6283 -88.6327 150
      vertex -7.84402 -89.6575 142
      vertex -15.6283 -88.6327 142
    endloop
  endfacet
  facet normal 0.923881 0.382681 0
    outer loop
      vertex -81.5677 -38.0356 150
      vertex -84.5723 -30.7818 142
      vertex -84.5723 -30.7818 150
    endloop
  endfacet
  facet normal 0.923881 0.382681 0
    outer loop
      vertex -84.5723 -30.7818 142
      vertex -81.5677 -38.0356 150
      vertex -81.5677 -38.0356 142
    endloop
  endfacet
  facet normal 0.843392 0.537298 0
    outer loop
      vertex -73.7237 -51.6219 150
      vertex -77.9423 -45 142
      vertex -77.9423 -45 150
    endloop
  endfacet
  facet normal 0.843392 0.537298 0
    outer loop
      vertex -77.9423 -45 142
      vertex -73.7237 -51.6219 150
      vertex -73.7237 -51.6219 142
    endloop
  endfacet
  facet normal 0.976295 0.216442 0
    outer loop
      vertex -86.9333 -23.2937 150
      vertex -88.6327 -15.6283 142
      vertex -88.6327 -15.6283 150
    endloop
  endfacet
  facet normal 0.976295 0.216442 0
    outer loop
      vertex -88.6327 -15.6283 142
      vertex -86.9333 -23.2937 150
      vertex -86.9333 -23.2937 142
    endloop
  endfacet
  facet normal 0.999048 0.0436223 0
    outer loop
      vertex -89.6575 -7.84402 150
      vertex -90 0 142
      vertex -90 0 150
    endloop
  endfacet
  facet normal 0.999048 0.0436223 0
    outer loop
      vertex -90 0 142
      vertex -89.6575 -7.84402 150
      vertex -89.6575 -7.84402 142
    endloop
  endfacet
  facet normal -0.675593 -0.737275 0
    outer loop
      vertex 57.8509 68.944 142
      vertex 63.6396 63.6396 150
      vertex 57.8509 68.944 150
    endloop
  endfacet
  facet normal -0.675593 -0.737275 -0
    outer loop
      vertex 63.6396 63.6396 150
      vertex 57.8509 68.944 142
      vertex 63.6396 63.6396 142
    endloop
  endfacet
  facet normal 0.793352 -0.608763 0
    outer loop
      vertex -73.7237 51.6219 150
      vertex -68.944 57.8509 142
      vertex -68.944 57.8509 150
    endloop
  endfacet
  facet normal 0.793352 -0.608763 0
    outer loop
      vertex -68.944 57.8509 142
      vertex -73.7237 51.6219 150
      vertex -73.7237 51.6219 142
    endloop
  endfacet
  facet normal 0.737275 -0.675593 0
    outer loop
      vertex -68.944 57.8509 150
      vertex -63.6396 63.6396 142
      vertex -63.6396 63.6396 150
    endloop
  endfacet
  facet normal 0.737275 -0.675593 0
    outer loop
      vertex -63.6396 63.6396 142
      vertex -68.944 57.8509 150
      vertex -68.944 57.8509 142
    endloop
  endfacet
  facet normal 0.608763 -0.793352 0
    outer loop
      vertex -57.8509 68.944 142
      vertex -51.6219 73.7237 150
      vertex -57.8509 68.944 150
    endloop
  endfacet
  facet normal 0.608763 -0.793352 0
    outer loop
      vertex -51.6219 73.7237 150
      vertex -57.8509 68.944 142
      vertex -51.6219 73.7237 142
    endloop
  endfacet
  facet normal -0.999048 0.0436223 0
    outer loop
      vertex 89.6575 -7.84402 142
      vertex 90 0 150
      vertex 90 0 142
    endloop
  endfacet
  facet normal -0.999048 0.0436223 0
    outer loop
      vertex 90 0 150
      vertex 89.6575 -7.84402 142
      vertex 89.6575 -7.84402 150
    endloop
  endfacet
  facet normal -0.130524 0.991445 0
    outer loop
      vertex 15.6283 -88.6327 142
      vertex 7.84402 -89.6575 150
      vertex 15.6283 -88.6327 150
    endloop
  endfacet
  facet normal -0.130524 0.991445 0
    outer loop
      vertex 7.84402 -89.6575 150
      vertex 15.6283 -88.6327 142
      vertex 7.84402 -89.6575 142
    endloop
  endfacet
  facet normal -0.300707 0.953717 0
    outer loop
      vertex 30.7818 -84.5723 142
      vertex 23.2937 -86.9333 150
      vertex 30.7818 -84.5723 150
    endloop
  endfacet
  facet normal -0.300707 0.953717 0
    outer loop
      vertex 23.2937 -86.9333 150
      vertex 30.7818 -84.5723 142
      vertex 23.2937 -86.9333 142
    endloop
  endfacet
  facet normal -0.608763 0.793352 0
    outer loop
      vertex 57.8509 -68.944 142
      vertex 51.6219 -73.7237 150
      vertex 57.8509 -68.944 150
    endloop
  endfacet
  facet normal -0.608763 0.793352 0
    outer loop
      vertex 51.6219 -73.7237 150
      vertex 57.8509 -68.944 142
      vertex 51.6219 -73.7237 142
    endloop
  endfacet
  facet normal -0.461745 0.887013 0
    outer loop
      vertex 45 -77.9423 142
      vertex 38.0356 -81.5677 150
      vertex 45 -77.9423 150
    endloop
  endfacet
  facet normal -0.461745 0.887013 0
    outer loop
      vertex 38.0356 -81.5677 150
      vertex 45 -77.9423 142
      vertex 38.0356 -81.5677 142
    endloop
  endfacet
  facet normal -0.737275 0.675593 0
    outer loop
      vertex 63.6396 -63.6396 142
      vertex 68.944 -57.8509 150
      vertex 68.944 -57.8509 142
    endloop
  endfacet
  facet normal -0.737275 0.675593 0
    outer loop
      vertex 68.944 -57.8509 150
      vertex 63.6396 -63.6396 142
      vertex 63.6396 -63.6396 150
    endloop
  endfacet
  facet normal -0.843392 0.537298 0
    outer loop
      vertex 73.7237 -51.6219 142
      vertex 77.9423 -45 150
      vertex 77.9423 -45 142
    endloop
  endfacet
  facet normal -0.843392 0.537298 0
    outer loop
      vertex 77.9423 -45 150
      vertex 73.7237 -51.6219 142
      vertex 73.7237 -51.6219 150
    endloop
  endfacet
  facet normal -0.923881 0.382681 0
    outer loop
      vertex 81.5677 -38.0356 142
      vertex 84.5723 -30.7818 150
      vertex 84.5723 -30.7818 142
    endloop
  endfacet
  facet normal -0.923881 0.382681 0
    outer loop
      vertex 84.5723 -30.7818 150
      vertex 81.5677 -38.0356 142
      vertex 81.5677 -38.0356 150
    endloop
  endfacet
  facet normal -0.976295 0.216442 0
    outer loop
      vertex 86.9333 -23.2937 142
      vertex 88.6327 -15.6283 150
      vertex 88.6327 -15.6283 142
    endloop
  endfacet
  facet normal -0.976295 0.216442 0
    outer loop
      vertex 88.6327 -15.6283 150
      vertex 86.9333 -23.2937 142
      vertex 86.9333 -23.2937 150
    endloop
  endfacet
  facet normal -0.991445 0.130524 0
    outer loop
      vertex 88.6327 -15.6283 142
      vertex 89.6575 -7.84402 150
      vertex 89.6575 -7.84402 142
    endloop
  endfacet
  facet normal -0.991445 0.130524 0
    outer loop
      vertex 89.6575 -7.84402 150
      vertex 88.6327 -15.6283 142
      vertex 88.6327 -15.6283 150
    endloop
  endfacet
  facet normal 0.675593 0.737275 -0
    outer loop
      vertex -57.8509 -68.944 142
      vertex -63.6396 -63.6396 150
      vertex -57.8509 -68.944 150
    endloop
  endfacet
  facet normal 0.675593 0.737275 0
    outer loop
      vertex -63.6396 -63.6396 150
      vertex -57.8509 -68.944 142
      vertex -63.6396 -63.6396 142
    endloop
  endfacet
  facet normal 0.537298 0.843392 -0
    outer loop
      vertex -45 -77.9423 142
      vertex -51.6219 -73.7237 150
      vertex -45 -77.9423 150
    endloop
  endfacet
  facet normal 0.537298 0.843392 0
    outer loop
      vertex -51.6219 -73.7237 150
      vertex -45 -77.9423 142
      vertex -51.6219 -73.7237 142
    endloop
  endfacet
  facet normal 0.382681 0.923881 -0
    outer loop
      vertex -30.7818 -84.5723 142
      vertex -38.0356 -81.5677 150
      vertex -30.7818 -84.5723 150
    endloop
  endfacet
  facet normal 0.382681 0.923881 0
    outer loop
      vertex -38.0356 -81.5677 150
      vertex -30.7818 -84.5723 142
      vertex -38.0356 -81.5677 142
    endloop
  endfacet
  facet normal 0.216442 0.976295 -0
    outer loop
      vertex -15.6283 -88.6327 142
      vertex -23.2937 -86.9333 150
      vertex -15.6283 -88.6327 150
    endloop
  endfacet
  facet normal 0.216442 0.976295 0
    outer loop
      vertex -23.2937 -86.9333 150
      vertex -15.6283 -88.6327 142
      vertex -23.2937 -86.9333 142
    endloop
  endfacet
  facet normal 0.0436223 0.999048 -0
    outer loop
      vertex 0 -90 142
      vertex -7.84402 -89.6575 150
      vertex 0 -90 150
    endloop
  endfacet
  facet normal 0.0436223 0.999048 0
    outer loop
      vertex -7.84402 -89.6575 150
      vertex 0 -90 142
      vertex -7.84402 -89.6575 142
    endloop
  endfacet
  facet normal 0.887013 0.461745 0
    outer loop
      vertex -77.9423 -45 150
      vertex -81.5677 -38.0356 142
      vertex -81.5677 -38.0356 150
    endloop
  endfacet
  facet normal 0.887013 0.461745 0
    outer loop
      vertex -81.5677 -38.0356 142
      vertex -77.9423 -45 150
      vertex -77.9423 -45 142
    endloop
  endfacet
  facet normal 0.793352 0.608763 0
    outer loop
      vertex -68.944 -57.8509 150
      vertex -73.7237 -51.6219 142
      vertex -73.7237 -51.6219 150
    endloop
  endfacet
  facet normal 0.793352 0.608763 0
    outer loop
      vertex -73.7237 -51.6219 142
      vertex -68.944 -57.8509 150
      vertex -68.944 -57.8509 142
    endloop
  endfacet
  facet normal 0.953717 0.300707 0
    outer loop
      vertex -84.5723 -30.7818 150
      vertex -86.9333 -23.2937 142
      vertex -86.9333 -23.2937 150
    endloop
  endfacet
  facet normal 0.953717 0.300707 0
    outer loop
      vertex -86.9333 -23.2937 142
      vertex -84.5723 -30.7818 150
      vertex -84.5723 -30.7818 142
    endloop
  endfacet
  facet normal 0.991445 0.130524 0
    outer loop
      vertex -88.6327 -15.6283 150
      vertex -89.6575 -7.84402 142
      vertex -89.6575 -7.84402 150
    endloop
  endfacet
  facet normal 0.991445 0.130524 0
    outer loop
      vertex -89.6575 -7.84402 142
      vertex -88.6327 -15.6283 150
      vertex -88.6327 -15.6283 142
    endloop
  endfacet
  facet normal -0.675593 0.737275 0
    outer loop
      vertex 63.6396 -63.6396 142
      vertex 57.8509 -68.944 150
      vertex 63.6396 -63.6396 150
    endloop
  endfacet
  facet normal -0.675593 0.737275 0
    outer loop
      vertex 57.8509 -68.944 150
      vertex 63.6396 -63.6396 142
      vertex 57.8509 -68.944 142
    endloop
  endfacet
  facet normal -0.793352 0.608763 0
    outer loop
      vertex 68.944 -57.8509 142
      vertex 73.7237 -51.6219 150
      vertex 73.7237 -51.6219 142
    endloop
  endfacet
  facet normal -0.793352 0.608763 0
    outer loop
      vertex 73.7237 -51.6219 150
      vertex 68.944 -57.8509 142
      vertex 68.944 -57.8509 150
    endloop
  endfacet
  facet normal 0.608763 0.793352 -0
    outer loop
      vertex -51.6219 -73.7237 142
      vertex -57.8509 -68.944 150
      vertex -51.6219 -73.7237 150
    endloop
  endfacet
  facet normal 0.608763 0.793352 0
    outer loop
      vertex -57.8509 -68.944 150
      vertex -51.6219 -73.7237 142
      vertex -57.8509 -68.944 142
    endloop
  endfacet
endsolid OpenSCAD_Model
